count,sku,name,web_name,slug,price,price_unit,currency_symbol,image_url,ingredients,dosage_form,brand,specification,category_names,category_slugs,is_active,is_publish,search_scoring,product_ranking,link,category,skip_count
1,00046935,NƯỚC SÚC MIỆNG CHLOR-RINSE PLUS PEARLIE WHITE 250ML,Nước Súc Miệng Pearlie White Chlor-Rinse Plus (250ml),cham-soc-ca-nhan/nuoc-suc-mieng-sat-khuan-ngua-viem-nuou-chlor-rinse-plus-pearlie-white-250-ml.html,175000.0,Chai,đ,https://cdn.nhathuoclongchau.com.vn/unsafe/https://cms-prod.s3-sgn09.fptcloud.com/DSC_01900_6fe44907dd.jpg,"Aqua , Sorbitol , Glycerin , Polysorbate 20 , Potassium acesulfanem , Chlohexidin digluconate , Potassium sorbate , Xylitol , Allantoin , Menthol , Tocopheryl acetate , Aloes (aloe barbadensis) , Thymol , Cetylpyridinium chloride , Flavor , Lonicera Caprifolium Extract , Chamomilla Recutita Flower extract , Salvia officinalis leaf extract , Commiphora myrrha resin ",,PEARLIE WHITE,Chai,Chăm sóc cá nhân | Chăm sóc răng miệng | Nước súc miệng,cham-soc-ca-nhan | cham-soc-ca-nhan/cham-soc-rang-mieng | cham-soc-ca-nhan/nuoc-suc-mieng,True,True,110,0,https://nhathuoclongchau.com.vn/cham-soc-ca-nhan/nuoc-suc-mieng-sat-khuan-ngua-viem-nuou-chlor-rinse-plus-pearlie-white-250-ml.html,cham-soc-ca-nhan,0
2,00046934,NƯỚC SÚC MIỆNG PEARLIE WHITE FLUORINZE CHAI 750ML,Nước súc miệng Pearlie White Fluorinze Anti-Bacterial Fluoride (750ml),cham-soc-ca-nhan/nuoc-suc-mieng-khang-khuan-pearlie-white-fluorinze-chai-750-ml.html,165000.0,Chai,đ,https://cdn.nhathuoclongchau.com.vn/unsafe/https://cms-prod.s3-sgn09.fptcloud.com/IMG_6448_6765877a03.jpg,"Aqua , Polysorbate 20 , Glycerin , Sodium benzoate , Potassium acesulfanem , Flavor , Sodium fluoride , Xylitol , Cetylpyridinium chloride , Menthol , Tocopheryl acetate , Anthemis Nobilis Flower , Potassium Chloride , Melaleuca Alternifolia Leaf Oil , Thymol ",,PEARLIE WHITE,Chai,Chăm sóc cá nhân | Chăm sóc răng miệng | Nước súc miệng,cham-soc-ca-nhan | cham-soc-ca-nhan/cham-soc-rang-mieng | cham-soc-ca-nhan/nuoc-suc-mieng,True,True,110,0,https://nhathuoclongchau.com.vn/cham-soc-ca-nhan/nuoc-suc-mieng-khang-khuan-pearlie-white-fluorinze-chai-750-ml.html,cham-soc-ca-nhan,0
3,00046517,TRÀ THẢO DƯỢC KAMIGAN 290ML KHÔNG ĐƯỜNG,Trà Thảo Dược Kamigan Không Đường (290ml),cham-soc-ca-nhan/tra-thao-duoc-kamigan-290-ml-khong-duong.html,10000.0,Chai,đ,https://cdn.nhathuoclongchau.com.vn/unsafe/https://cms-prod.s3-sgn09.fptcloud.com/DSC_09470_86949a83ba.jpg,"Nước ion hóa , Cúc hoa , Actiso , Rau đắng đất , Arginine , Ô Long , Isomalt ",,KAMIGAN,Thùng 24 Chai,Chăm sóc cá nhân | Thực phẩm - Đồ uống,cham-soc-ca-nhan | cham-soc-ca-nhan/thuc-pham-do-uong,True,True,110,0,https://nhathuoclongchau.com.vn/cham-soc-ca-nhan/tra-thao-duoc-kamigan-290-ml-khong-duong.html,cham-soc-ca-nhan,0
4,00046516,TRÀ THẢO DƯỢC KAMIGAN 290ML,Trà Thảo Dược Kamigan (290ml),cham-soc-ca-nhan/tra-thao-duoc-kamigan-290-ml.html,10000.0,Chai,đ,https://cdn.nhathuoclongchau.com.vn/unsafe/https://cms-prod.s3-sgn09.fptcloud.com/DSC_09434_a0e28e9168.jpg,"Nước ion hóa , Cúc hoa , Actiso , Rau đắng đất , Arginine , Ô Long , Đường mía ",,KAMIGAN,Thùng 24 Chai,Chăm sóc cá nhân | Thực phẩm - Đồ uống,cham-soc-ca-nhan | cham-soc-ca-nhan/thuc-pham-do-uong,True,True,110,0,https://nhathuoclongchau.com.vn/cham-soc-ca-nhan/tra-thao-duoc-kamigan-290-ml.html,cham-soc-ca-nhan,0
5,00046407,BỘT ĐIỆN GIẢI VỊ CHANH DÂY KAMIZOL SPORTS DRINK POWDER 5 GÓI X 25G,Bột Điện Giải Vị Chanh Dây Kamizol Sports Drink Powder (5 gói x 25g),cham-soc-ca-nhan/bot-dien-giai-vi-chanh-day-kamizol-sport-drink-powder-5-goi-x-25-g.html,40000.0,Hộp,đ,https://cdn.nhathuoclongchau.com.vn/unsafe/https://cms-prod.s3-sgn09.fptcloud.com/DSC_06452_66c43d8446.jpg,"Năng lượng , Carbohydrate , Protein , Lipid , Natri clorid , Kali clorid , Magie citrate , Kẽm Gluconat , Glucose , Vitamin C , L-Carnitine ",Bột,KAMIZOL,Hộp 5 Gói,Chăm sóc cá nhân | Thực phẩm - Đồ uống,cham-soc-ca-nhan | cham-soc-ca-nhan/thuc-pham-do-uong,True,True,110,0,https://nhathuoclongchau.com.vn/cham-soc-ca-nhan/bot-dien-giai-vi-chanh-day-kamizol-sport-drink-powder-5-goi-x-25-g.html,cham-soc-ca-nhan,0
6,00043051,NƯỚC YẾN SÀO CAO CẤP NUNEST ĐÔNG TRÙNG HẠ THẢO 15% YẾN 6 HŨ X 70ML,Nước Yến Sào Cao Cấp Nunest Đông Trùng Hạ Thảo 15% Yến (6 hũ x 70ml),cham-soc-ca-nhan/nuoc-yen-sao-cao-cap-nunest-dong-trung-ha-thao-15-yen-6-hu-x-70-ml.html,295000.0,Lốc,đ,https://cdn.nhathuoclongchau.com.vn/unsafe/https://cms-prod.s3-sgn09.fptcloud.com/DSC_08495_8950475c57.jpg,"Nước , Yến sào chưng sẵn , Sucrose , Đường phèn , Canxi lactat , Đông trùng hạ thảo 11.2mg/ml, Chất ổn định , Collagen peptide , Collagen type II , Hương tổng hợp , Chất bảo quản , Vitamin K2 ",,Nunest,Lốc 6 Hũ,Chăm sóc cá nhân | Thực phẩm - Đồ uống | Nước Yến,cham-soc-ca-nhan | cham-soc-ca-nhan/thuc-pham-do-uong | cham-soc-ca-nhan/nuoc-yen,True,True,110,0,https://nhathuoclongchau.com.vn/cham-soc-ca-nhan/nuoc-yen-sao-cao-cap-nunest-dong-trung-ha-thao-15-yen-6-hu-x-70-ml.html,cham-soc-ca-nhan,0
7,00043050,NƯỚC YẾN SÀO CAO CẤP NUNEST RELAX ĐÔNG TRÙNG HẠ THẢO 5% YẾN 6 CHAI X 185ML,Nước Yến Sào Cao Cấp Nunest Relax Đông Trùng Hạ Thảo 5% Yến (6 chai x 185ml),cham-soc-ca-nhan/nuoc-yen-sao-cao-cap-nunest-relax-dong-trung-ha-thao-5-yen-6-chai-x-185-ml.html,195000.0,Lốc,đ,https://cdn.nhathuoclongchau.com.vn/unsafe/https://cms-prod.s3-sgn09.fptcloud.com/DSC_08470_b70a6edf67.jpg,"Nước , Yến sào chưng sẵn , Sucrose , Canxi lactat , Chất ổn định , Đông trùng hạ thảo 3.8mg/ml, Hương tổng hợp , Collagen peptide , đạm sữa thủy phân lactium , Chất tạo ngọt tự nhiên ",,Nunest,Lốc 6 Chai,Chăm sóc cá nhân | Thực phẩm - Đồ uống | Nước Yến,cham-soc-ca-nhan | cham-soc-ca-nhan/thuc-pham-do-uong | cham-soc-ca-nhan/nuoc-yen,True,True,110,0,https://nhathuoclongchau.com.vn/cham-soc-ca-nhan/nuoc-yen-sao-cao-cap-nunest-relax-dong-trung-ha-thao-5-yen-6-chai-x-185-ml.html,cham-soc-ca-nhan,0
8,00041326,"DUNG DỊCH VỆ SINH PHỤ NỮ DẠNG BỌT NATURAL FEMININE LÁ TRẦU KHÔNG KHÁNG KHUẨN, VỆ SINH NHẸ NHÀNG 160ML","Dung dịch vệ sinh phụ nữ dạng bọt Natural Feminine Lá Trầu Không kháng khuẩn, vệ sinh nhẹ nhàng (160ml)",cham-soc-ca-nhan/dung-dich-ve-sinh-phu-nu-dang-bot-natural-feminine-la-trau-khong-160-ml.html,135000.0,Hộp,đ,https://cdn.nhathuoclongchau.com.vn/unsafe/https://cms-prod.s3-sgn09.fptcloud.com/DSC_09216_2e1435be0a.png,"Water , Cocamido Propyl Belaine , Disodium Laureth Sulfosuccinate , Decyl glucoside , Polyquaternium-7 , Sodium benzoate , Piper Betle (Leaf) Extract , Fragrance , Aloe barbadensis leaf extract , Glycerin , Panthenol , Camellia Sinensis Leaf Extract , Rosa Centifolia Flower Extract , Prunus Mume Fruit Extract , Centella Asiatica Extract , Undaria Pinnatifida Extract , Lactic Acid , Citric Acid , Sodium Citrate , Sodium Chloride , Gluconolactone , Disodium EDTA , Niacinamide , Euglena Gracilis Polysaccharide , Hydrolyzed Collagen , Menthol , Tocopherol acetate ",,Natural Feminine,Hộp x 160ml,Chăm sóc cá nhân | Vệ sinh cá nhân | Dung dịch vệ sinh phụ nữ,cham-soc-ca-nhan | cham-soc-ca-nhan/ve-sinh-ca-nhan | cham-soc-ca-nhan/dung-dich-ve-sinh-phu-nu,True,True,110,0,https://nhathuoclongchau.com.vn/cham-soc-ca-nhan/dung-dich-ve-sinh-phu-nu-dang-bot-natural-feminine-la-trau-khong-160-ml.html,cham-soc-ca-nhan,0
9,00041252,TRÀ THẢO DƯỢC CÀ GAI LEO KAMI TEA 20 TÚI LỌC X 2G,Trà Thảo Dược Cà Gai Leo Kami Tea (20 túi lọc x 2g),cham-soc-ca-nhan/tra-thao-duoc-ca-gai-leo-kami-tea-20-tui-loc-x-2-g.html,60000.0,Hộp,đ,https://cdn.nhathuoclongchau.com.vn/unsafe/https://cms-prod.s3-sgn09.fptcloud.com/DSC_00495_f1cb115454.jpg,"Cà gai leo 1.45g, Nhân trần 0.4g, Cỏ ngọt 0.14g, Kẽm Gluconat 10mg",,KAMI TEA,Hộp 20 Túi,Chăm sóc cá nhân | Thực phẩm - Đồ uống | Trà thảo dược,cham-soc-ca-nhan | cham-soc-ca-nhan/thuc-pham-do-uong | cham-soc-ca-nhan/tra,True,True,110,0,https://nhathuoclongchau.com.vn/cham-soc-ca-nhan/tra-thao-duoc-ca-gai-leo-kami-tea-20-tui-loc-x-2-g.html,cham-soc-ca-nhan,0
10,00040810,"BAO CAO SU OKAMOTO CROWN KÍCH CỠ NHỎ, SIÊU MỎNG VÀ MỀM MẠI HỘP 10 CÁI","Bao cao su Okamoto Crown kích cỡ nhỏ, siêu mỏng, mềm mại dùng để phòng tránh thai và ngăn ngừa HIV (10 cái)",cham-soc-ca-nhan/bao-cao-su-okamoto-crown-kich-co-nho-sieu-mong-va-mem-mai-hop-10-cai.html,205000.0,Hộp,đ,https://cdn.nhathuoclongchau.com.vn/unsafe/https://cms-prod.s3-sgn09.fptcloud.com/DSC_09728_0364c338ed.jpg,Cao su thiên nhiên ,,OKAMOTO,Hộp 10 Cái,Chăm sóc cá nhân | Hỗ trợ tình dục | Bao cao su,cham-soc-ca-nhan | cham-soc-ca-nhan/ho-tro-tinh-duc | cham-soc-ca-nhan/bao-cao-su,True,True,110,0,https://nhathuoclongchau.com.vn/cham-soc-ca-nhan/bao-cao-su-okamoto-crown-kich-co-nho-sieu-mong-va-mem-mai-hop-10-cai.html,cham-soc-ca-nhan,0
11,00040582,DẦU HÚNG CHANH LÁBEBÉ 30ML,Dầu Húng Chanh Hỗ Trợ Lợi Phế Trừ Đờm Giảm Ho Labebé (30ml),cham-soc-ca-nhan/dau-hung-chanh-ho-tro-loi-phe-tru-dom-giam-ho-labebe-30-ml.html,180000.0,Hộp,đ,https://cdn.nhathuoclongchau.com.vn/unsafe/https://cms-prod.s3-sgn09.fptcloud.com/DSC_09754_782bfebbbf.jpg,"Nước tinh khiết , Đường phèn , Bột nước ép cô đặc quả cơm cháy 20mg, Kẽm Gluconat 0.5mg, Tinh dầu húng chanh 0.1mg, Tinh dầu quế 0.05mg, Tinh dầu bạc hà 0.05mg, Tinh dầu gừng 0.03mg",,LÁBEBÉ,Hộp x 30ml,Chăm sóc cá nhân | Tinh dầu các loại,cham-soc-ca-nhan | cham-soc-ca-nhan/tinh-dau-cac-loai,True,True,110,0,https://nhathuoclongchau.com.vn/cham-soc-ca-nhan/dau-hung-chanh-ho-tro-loi-phe-tru-dom-giam-ho-labebe-30-ml.html,cham-soc-ca-nhan,0
12,00040432,"CAO ĐUỔI MUỖI CHO BÉ, GIẢM SƯNG TẤY DO CÔN TRÙNG ĐỐT OLA PAPI 20G","Cao Đuổi Muỗi Cho Bé, Giảm Sưng Tấy Do Côn Trùng Đốt Ola Papi (20g)",cham-soc-ca-nhan/cao-duoi-muoi-cho-be-giam-sung-tay-do-con-trung-dot-ola-papi-20-g.html,95000.0,Hộp,đ,https://cdn.nhathuoclongchau.com.vn/unsafe/https://cms-prod.s3-sgn09.fptcloud.com/DSC_03285_e2a2c34ff1.jpg,"Tinh dầu tràm , Tinh dầu Sả chanh , Vaseline dưỡng da chiết xuất từ thiên nhiên ",Cao,OLA PAPI,Hộp,Chăm sóc cá nhân | Đồ dùng gia đình | Chống muỗi & côn trùng,cham-soc-ca-nhan | cham-soc-ca-nhan/do-dung-gia-dinh | cham-soc-ca-nhan/chong-muoi-con-trung,True,True,110,0,https://nhathuoclongchau.com.vn/cham-soc-ca-nhan/cao-duoi-muoi-cho-be-giam-sung-tay-do-con-trung-dot-ola-papi-20-g.html,cham-soc-ca-nhan,0
13,00038128,BỘT THANH NHIỆT DATINO HEAT-RELIEVING DRINK POWDER 10 GÓI X 8G,Bột Thanh Nhiệt Datino Heat-Relieving Drink Powder (10 gói x 8g),cham-soc-ca-nhan/bot-thanh-nhiet-datino-heat-relieving-drink-powder-10-goi-x-8-g.html,42000.0,Hộp,đ,https://cdn.nhathuoclongchau.com.vn/unsafe/https://cms-prod.s3-sgn09.fptcloud.com/DSC_07314_820bccb99a.png,"Bí đao (Hạt và Vỏ) , chiết xuất atiso , Chiết xuất hoa Cúc , Rau má , Mía lau , Hạt chia ",,Datino,Hộp 10 Gói,Chăm sóc cá nhân | Thực phẩm - Đồ uống,cham-soc-ca-nhan | cham-soc-ca-nhan/thuc-pham-do-uong,True,True,110,0,https://nhathuoclongchau.com.vn/cham-soc-ca-nhan/bot-thanh-nhiet-datino-heat-relieving-drink-powder-10-goi-x-8-g.html,cham-soc-ca-nhan,0
14,00503158,"BCS SAGAMI CLASSIC SIÊU MỎNG NHIỀU GEL BÔI TRƠN, MÀU DA, KHÔNG MÙI 12 CÁI","Bao cao su Sagami Classic siêu mỏng, nhiều chất bôi trơn, không mùi (12 cái)",cham-soc-ca-nhan/bcs-sagami-classic-sieu-mong-nhieu-gel-boi-tron-mau-da-khong-mui-12-cai-37460.html,148000.0,Hộp,đ,https://cdn.nhathuoclongchau.com.vn/unsafe/https://cms-prod.s3-sgn09.fptcloud.com/00503158_bcs_sagami_classic_sieu_mong_nhieu_gel_boi_tron_mau_da_khong_mui_12_cai_1445_63d7_large_84cbe583d1.jpg,Cao su tinh chế ,,SAGAMI,Hộp 12 Cái,Chăm sóc cá nhân | Hỗ trợ tình dục | Bao cao su,cham-soc-ca-nhan | cham-soc-ca-nhan/ho-tro-tinh-duc | cham-soc-ca-nhan/bao-cao-su,True,True,110,0,https://nhathuoclongchau.com.vn/cham-soc-ca-nhan/bcs-sagami-classic-sieu-mong-nhieu-gel-boi-tron-mau-da-khong-mui-12-cai-37460.html,cham-soc-ca-nhan,0
15,00503128,"BCS SAGAMI LOVE ME GOLD SIÊU MỎNG, TRƠN, KHÔNG MÀU KHÔNG MÙI 10 CÁI","Bao cao su Sagami Love Me Gold siêu mỏng, trơn, không màu không mùi (10 cái)",cham-soc-ca-nhan/bcs-sagami-love-me-gold-sieu-mong-tron-khong-mau-khong-mui-10-cai-37423.html,90000.0,Hộp,đ,https://cdn.nhathuoclongchau.com.vn/unsafe/https://cms-prod.s3-sgn09.fptcloud.com/00503128_bao_cao_su_sagami_love_me_gold_vay_tu_y_te_ha_noi_hop_10_cai_6824_63d7_large_7280123f66.jpg,Cao su tinh chế ,,SAGAMI,Hộp 10 Cái,Chăm sóc cá nhân | Hỗ trợ tình dục | Bao cao su,cham-soc-ca-nhan | cham-soc-ca-nhan/ho-tro-tinh-duc | cham-soc-ca-nhan/bao-cao-su,True,True,110,0,https://nhathuoclongchau.com.vn/cham-soc-ca-nhan/bcs-sagami-love-me-gold-sieu-mong-tron-khong-mau-khong-mui-10-cai-37423.html,cham-soc-ca-nhan,0
16,00503116,BÔNG TẨY TRANG TRÒN KAMICARE 120 MIẾNG,"Bông tẩy trang tròn KamiCare Cotton Pads thấm hút tốt giúp sạch bụi bẩn, tẩy tế bào chết trên da (120 miếng)",cham-soc-ca-nhan/bong-tay-trang-tron-kamicare-120-mieng-37419.html,33000.0,Túi,đ,https://cdn.nhathuoclongchau.com.vn/unsafe/https://cms-prod.s3-sgn09.fptcloud.com/00503116_bong_tay_trang_tron_kamicare_120_mieng_9336_642c_large_dd9d9ee6ee.jpg,Bông tự nhiên 100%,,KamiCARE,Túi,Chăm sóc cá nhân | Hàng tổng hợp,cham-soc-ca-nhan | cham-soc-ca-nhan/hang-tong-hop,True,True,110,0,https://nhathuoclongchau.com.vn/cham-soc-ca-nhan/bong-tay-trang-tron-kamicare-120-mieng-37419.html,cham-soc-ca-nhan,0
17,00503115,TĂM BÔNG SƠ SINH KAMICARE HỘP TRÒN 200 QUE - ĐẦU BÔNG SIÊU NHỎ,Tăm bông kháng khuẩn KamiCare hộp tròn dành cho trẻ em từ sơ sinh (200 que) ,cham-soc-ca-nhan/tam-bong-so-sinh-kamicare-hop-tron-200-que---dau-bong-sieu-nho-37420.html,38000.0,Hộp,đ,https://cdn.nhathuoclongchau.com.vn/unsafe/https://cms-prod.s3-sgn09.fptcloud.com/00503115_tam_bong_so_sinh_kamicare_hop_tron_200_que_dau_bong_sieu_nho_9562_642c_large_ece19e4a73.jpg,"Giấy , Chitosan , Polyvinyl alcohol , Bông Cotton 100%",,KamiCARE,Hộp,Chăm sóc cá nhân | Vệ sinh cá nhân | Vệ sinh tai,cham-soc-ca-nhan | cham-soc-ca-nhan/ve-sinh-ca-nhan | cham-soc-ca-nhan/ve-sinh-tai,True,True,110,0,https://nhathuoclongchau.com.vn/cham-soc-ca-nhan/tam-bong-so-sinh-kamicare-hop-tron-200-que---dau-bong-sieu-nho-37420.html,cham-soc-ca-nhan,0
18,00503114,TĂM BÔNG TRẺ EM KAMICARE HỘP TRÒN 160 QUE - 1 ĐẦU XOẮN 1 ĐẦU THƯỜNG,"Tăm bông kháng khuẩn KamiCare dành cho trẻ em 1 đầu xoắn 1 đầu thường vệ sinh tai, mũi (160 chiếc)",cham-soc-ca-nhan/tam-bong-tre-em-kamicare-hop-tron-160-que---1-dau-xoan-1-dau-thuong-37421.html,32000.0,Hộp,đ,https://cdn.nhathuoclongchau.com.vn/unsafe/https://cms-prod.s3-sgn09.fptcloud.com/00503114_tam_bong_tre_em_kamicare_hop_tron_160_que_1_dau_xoan_1_dau_thuong_1958_642c_large_f9db5145e5.jpg,"Chitosan , Polyvinyl alcohol , Bông Cotton 100%, Giấy ",,KamiCARE,Hộp,Chăm sóc cá nhân | Vệ sinh cá nhân | Vệ sinh tai,cham-soc-ca-nhan | cham-soc-ca-nhan/ve-sinh-ca-nhan | cham-soc-ca-nhan/ve-sinh-tai,True,True,110,0,https://nhathuoclongchau.com.vn/cham-soc-ca-nhan/tam-bong-tre-em-kamicare-hop-tron-160-que---1-dau-xoan-1-dau-thuong-37421.html,cham-soc-ca-nhan,0
19,00503113,TĂM BÔNG NGƯỜI LỚN KAMICARE HỘP TRÒN 200 QUE - 1 ĐẦU XOẮN 1 ĐẦU THƯỜNG,"Tăm bông kháng khuẩn KamiCare vệ sinh tai, mũi (200 que)",cham-soc-ca-nhan/tam-bong-nguoi-lon-kamicare-hop-tron-200-que---1-dau-xoan-1-dau-thuong-37422.html,32000.0,Hộp,đ,https://cdn.nhathuoclongchau.com.vn/unsafe/https://cms-prod.s3-sgn09.fptcloud.com/00503113_tam_bong_nguoi_lon_kamicare_hop_tron_200_que_1_dau_xoan_1_dau_thuong_3392_642c_large_07148a35bd.jpg,"Chitosan , Polyvinyl alcohol , Bông Cotton 100%, Giấy ",,KamiCARE,Hộp,Chăm sóc cá nhân | Vệ sinh cá nhân | Vệ sinh tai,cham-soc-ca-nhan | cham-soc-ca-nhan/ve-sinh-ca-nhan | cham-soc-ca-nhan/ve-sinh-tai,True,True,110,0,https://nhathuoclongchau.com.vn/cham-soc-ca-nhan/tam-bong-nguoi-lon-kamicare-hop-tron-200-que---1-dau-xoan-1-dau-thuong-37422.html,cham-soc-ca-nhan,0
20,00502988,NƯỚC UỐNG ION KIỀM KAMI-ION PH9+ 350ML,Nước Uống Ion Kiềm Kami-Ion pH9+ (350ml),cham-soc-ca-nhan/nuoc-uong-ion-kiem-kami-ion-ph9-350ml-37285.html,7000.0,Chai,đ,https://cdn.nhathuoclongchau.com.vn/unsafe/https://cms-prod.s3-sgn09.fptcloud.com/00502988_nuoc_uong_ion_kiem_kami_ion_ph9_350ml_2213_63aa_large_5a1f764dcd.jpg,"Tổng chất rắn hòa tan (TDS) , Sodium (Na+) , Bicarbonate , Potassium (K+) , Magnesium , Iodide , Calcium (Ca+) ",,KAMI ION,Thùng 24 Chai x 350ml,Chăm sóc cá nhân | Thực phẩm - Đồ uống | Nước uống không gas,cham-soc-ca-nhan | cham-soc-ca-nhan/thuc-pham-do-uong | cham-soc-ca-nhan/nuoc-uong-khong-gas,True,True,110,0,https://nhathuoclongchau.com.vn/cham-soc-ca-nhan/nuoc-uong-ion-kiem-kami-ion-ph9-350ml-37285.html,cham-soc-ca-nhan,0
21,00502818,TRÀ GỪNG SẢ PREMIUM LADOPHAR 20 TÚI LỌC X 2G,Trà Gừng Sả Premium Ladophar (20 túi lọc x 2g),cham-soc-ca-nhan/tra-gung-sa-premium-ladophar-20-tui-loc-x-2g-37130.html,36000.0,Hộp,đ,https://cdn.nhathuoclongchau.com.vn/unsafe/https://cms-prod.s3-sgn09.fptcloud.com/00502818_tra_gung_sa_premium_ladophar_20_tui_loc_x_2g_2228_6389_large_6579f9f32a.jpg,"Sả 0.64g, Gừng 0.7g",,Ladophar,Hộp 20 Gói x 2g,Chăm sóc cá nhân | Thực phẩm - Đồ uống | Trà thảo dược,cham-soc-ca-nhan | cham-soc-ca-nhan/thuc-pham-do-uong | cham-soc-ca-nhan/tra,True,True,110,0,https://nhathuoclongchau.com.vn/cham-soc-ca-nhan/tra-gung-sa-premium-ladophar-20-tui-loc-x-2g-37130.html,cham-soc-ca-nhan,0
22,00502817,TRÀ ACTISÔ PREMIUM LADOPHAR 20 TÚI LỌC X 2G,Trà Actisô Premium Ladophar (20 túi lọc x 2g),cham-soc-ca-nhan/tra-actiso-premium-ladophar-20-tui-loc-x-2g-37131.html,35000.0,Hộp,đ,https://cdn.nhathuoclongchau.com.vn/unsafe/https://cms-prod.s3-sgn09.fptcloud.com/00502817_tra_actiso_premium_ladophar_20_tui_loc_x_2g_8390_6389_large_dda086c780.jpg,"Cao đặc Actisô 0.04g, Bột cỏ ngọt 0.31g, Bột Actisô 1.65g",,Ladophar,Hộp 20 Gói x 2g,Chăm sóc cá nhân | Thực phẩm - Đồ uống | Trà thảo dược,cham-soc-ca-nhan | cham-soc-ca-nhan/thuc-pham-do-uong | cham-soc-ca-nhan/tra,True,True,110,0,https://nhathuoclongchau.com.vn/cham-soc-ca-nhan/tra-actiso-premium-ladophar-20-tui-loc-x-2g-37131.html,cham-soc-ca-nhan,0
23,00502536,VIÊN NGHỆ MẬT ONG ROYAL HONEY 250G,Viên Nghệ Mật Ong Royal Honey (250g),cham-soc-ca-nhan/vien-nghe-mat-ong-royal-honey-250g-36795.html,61500.0,Chai,đ,https://cdn.nhathuoclongchau.com.vn/unsafe/https://cms-prod.s3-sgn09.fptcloud.com/00502536_vien_nghe_mat_ong_royal_honey_250g_9512_637e_large_7ef79609f0.jpg,"Mật ong 27%, Sữa ong chúa 3%, Nghệ 70%",,Royal Honey,Chai x 250g,Chăm sóc cá nhân | Thực phẩm - Đồ uống,cham-soc-ca-nhan | cham-soc-ca-nhan/thuc-pham-do-uong,True,True,110,0,https://nhathuoclongchau.com.vn/cham-soc-ca-nhan/vien-nghe-mat-ong-royal-honey-250g-36795.html,cham-soc-ca-nhan,0
24,00502533,MẬT ONG HOA RỪNG TÂY BẮC ROYAL HONEY 730G,Mật Ong Hoa Rừng Tây Bắc Royal Honey (730g),cham-soc-ca-nhan/mat-ong-hoa-rung-tay-bac-royal-honey-730g-36798.html,130000.0,Chai,đ,https://cdn.nhathuoclongchau.com.vn/unsafe/https://cms-prod.s3-sgn09.fptcloud.com/QAG_05552_9b05652546.png,Mật ong ,,Royal Honey,Chai x 730g,Chăm sóc cá nhân | Thực phẩm - Đồ uống,cham-soc-ca-nhan | cham-soc-ca-nhan/thuc-pham-do-uong,True,True,110,0,https://nhathuoclongchau.com.vn/cham-soc-ca-nhan/mat-ong-hoa-rung-tay-bac-royal-honey-730g-36798.html,cham-soc-ca-nhan,0
25,00502499,NƯỚC BÙ ĐIỆN GIẢI KAMIZOL VỊ DÂU 250ML,Nước Bù Điện Giải Kamizol Vị Dâu (250ml),cham-soc-ca-nhan/nuoc-bu-dien-giai-kamizol-vi-dau-250ml-36747.html,10500.0,Chai,đ,https://cdn.nhathuoclongchau.com.vn/unsafe/https://cms-prod.s3-sgn09.fptcloud.com/IMG_5070_6305b0aa87.jpg,"Vitamin B3 2.5mg, Nước ion hóa , Natri clorid 190mg, Kali clorid 70mg, L-Carnitine 15mg, Vitamin B6 1mg, Sucralose , Kẽm Gluconat 5mg, Axit citric , Natri citrat , Glucose , Hương dâu tổng hợp , Nước tinh khiết , Vitamin C 20mg",,KAMIZOL,Thùng 24 Chai x 250ml,Chăm sóc cá nhân | Thực phẩm - Đồ uống | Nước uống không gas,cham-soc-ca-nhan | cham-soc-ca-nhan/thuc-pham-do-uong | cham-soc-ca-nhan/nuoc-uong-khong-gas,True,True,110,0,https://nhathuoclongchau.com.vn/cham-soc-ca-nhan/nuoc-bu-dien-giai-kamizol-vi-dau-250ml-36747.html,cham-soc-ca-nhan,0
26,00502498,NƯỚC BÙ ĐIỆN GIẢI KAMIZOL VỊ CHANH 250ML,Nước Bù Điện Giải Kamizol Vị Chanh (250ml),cham-soc-ca-nhan/nuoc-bu-dien-giai-kamizol-vi-chanh-250ml-36748.html,10500.0,Chai,đ,https://cdn.nhathuoclongchau.com.vn/unsafe/https://cms-prod.s3-sgn09.fptcloud.com/IMG_5077_cc650f0dc4.jpg,"Vitamin B3 2.5mg, Nước ion hóa , Natri clorid 190mg, Kali clorid 70mg, L-Carnitine 15mg, Vitamin B6 1mg, Sucralose , Kẽm Gluconat 5mg, Axit citric , Natri citrat , Glucose , Hương chanh , Nước tinh khiết , Vitamin C 20mg",,KAMIZOL,Thùng 24 Chai x 250ml,Chăm sóc cá nhân | Thực phẩm - Đồ uống | Nước uống không gas,cham-soc-ca-nhan | cham-soc-ca-nhan/thuc-pham-do-uong | cham-soc-ca-nhan/nuoc-uong-khong-gas,True,True,110,0,https://nhathuoclongchau.com.vn/cham-soc-ca-nhan/nuoc-bu-dien-giai-kamizol-vi-chanh-250ml-36748.html,cham-soc-ca-nhan,0
27,00502497,NƯỚC BÙ ĐIỆN GIẢI KAMIZOL VỊ CAM 250ML,Nước Bù Điện Giải Kamizol Vị Cam (250ml),cham-soc-ca-nhan/nuoc-bu-dien-giai-kamizol-vi-cam-250ml-36749.html,10500.0,Chai,đ,https://cdn.nhathuoclongchau.com.vn/unsafe/https://cms-prod.s3-sgn09.fptcloud.com/IMG_5064_7c5c85e337.jpg,"Vitamin B3 2.5mg, Nước ion hóa , Natri clorid 190mg, Kali clorid 70mg, L-Carnitine 15mg, Vitamin B6 1mg, Sucralose , Kẽm Gluconat 5mg, Acid citric , Natri citrat , Glucose , Hương cam , Nước tinh khiết , Vitamin C 20mg",,KAMIZOL,Thùng 24 Chai x 250ml,Chăm sóc cá nhân | Thực phẩm - Đồ uống | Nước uống không gas,cham-soc-ca-nhan | cham-soc-ca-nhan/thuc-pham-do-uong | cham-soc-ca-nhan/nuoc-uong-khong-gas,True,True,110,0,https://nhathuoclongchau.com.vn/cham-soc-ca-nhan/nuoc-bu-dien-giai-kamizol-vi-cam-250ml-36749.html,cham-soc-ca-nhan,0
28,00501564,CAO ỐNG ACTISÔ LADOPHAR 10 ỐNG X 10ML,Cao Ống Actisô Ladophar (10 ống x 10ml),cham-soc-ca-nhan/cao-ong-actiso-ladophar-10-ong-x-10ml-35715.html,42000.0,Hộp,đ,https://cdn.nhathuoclongchau.com.vn/unsafe/https://cms-prod.s3-sgn09.fptcloud.com/00501564_cao_ong_ladoactiso_10_ong_x_10ml_8732_6389_large_19490192fd.jpg,Cao đặc Actisô 0.2g,,Ladophar,Hộp 10 Ống x 10ml,Chăm sóc cá nhân | Thực phẩm - Đồ uống,cham-soc-ca-nhan | cham-soc-ca-nhan/thuc-pham-do-uong,True,True,110,0,https://nhathuoclongchau.com.vn/cham-soc-ca-nhan/cao-ong-actiso-ladophar-10-ong-x-10ml-35715.html,cham-soc-ca-nhan,0
29,00501076,DUNG DỊCH VỆ SINH PHỤ NỮ FEMFRESH INTIMA SKIN CARE SOOTHING WASH HỔ TRỢ ĐIỀU TRỊ VIÊM NHIỄM PHỤ KHOA 250ML,Dung dịch vệ sinh phụ nữ Femfresh Intima Skin Care Soothing Wash hỗ trợ điều trị viêm nhiễm phụ khoa (250ml),cham-soc-ca-nhan/dung-dich-ve-sinh-phu-nu-femfresh-intima-skin-care-soothing-wash-250ml-35225.html,198000.0,Chai,đ,https://cdn.nhathuoclongchau.com.vn/unsafe/https://cms-prod.s3-sgn09.fptcloud.com/00501076_dung_dich_ve_sinh_phu_nu_femfresh_intima_skin_care_soothing_wash_250ml_3516_63ab_large_93c7ce8547.jpg,"Dichlorobenzyl alcohol , Aqua/ Water , Sodium Laureth Sulfate , Sodium Chloride , Glycol Distearate , Cocamidopropyl betaine , Triethyl citrate , Parfum , Laureth-4 , Glycerin , Polyquaternium-39 , Calendula Officinalis Flower Extract , Lactic Acid , Lonicera Japonica Extract , Polassium Sorbate , Sodium hydroxide , Lactobacillus , Sodium lactate , Alpha-glucan- Oligosaccharide , Centaurea Cyanus Flower Extract , Sodium benzoate , Maltodextrin , Butylene glycol , Polymnia Sonchifolia Root Juice , Aloe barbadensis leaf extract , Citric Acid , Vaccinium macrocarpon fruit extract ",Dung dịch,Church & Dwight,Chai x 250ml,Chăm sóc cá nhân | Vệ sinh cá nhân | Dung dịch vệ sinh phụ nữ,cham-soc-ca-nhan | cham-soc-ca-nhan/ve-sinh-ca-nhan | cham-soc-ca-nhan/dung-dich-ve-sinh-phu-nu,True,True,110,0,https://nhathuoclongchau.com.vn/cham-soc-ca-nhan/dung-dich-ve-sinh-phu-nu-femfresh-intima-skin-care-soothing-wash-250ml-35225.html,cham-soc-ca-nhan,0
30,00501073,DUNG DỊCH VỆ SINH PHỤ NỮ FEMFRESH INTIMA SKIN CARE DAILY WASH GIÚP LÀM SẠCH KHỬ KHUẨN HÀNG NGÀY 250ML,Dung dịch vệ sinh phụ nữ Femfresh Intima Skin Care Daily Wash giúp làm sạch khử khuẩn hàng ngày (250ml),cham-soc-ca-nhan/dung-dich-ve-sinh-phu-nu-femfresh-intima-skin-care-daily-wash-250ml-35226.html,186000.0,Chai,đ,https://cdn.nhathuoclongchau.com.vn/unsafe/https://cms-prod.s3-sgn09.fptcloud.com/00501073_dung_dich_ve_sinh_phu_nu_femfresh_intima_skin_care_daily_wash_250ml_1952_63db_large_d6461f1d9c.jpg,"Aqua/ Water , Sodium Laureth Sulfate , Sodium Chloride , Cocamidopropyl betaine , Calendula Officinalis Flower Extract , Aloe barbadensis leaf extract , Glycerin , Dichlorobenzyl alcohol , Maltodextrin , Lactic Acid , Sodium hydroxide , Sodium benzoate , Potassium sorbate , Triethyl citrate , Parfum , Sodium lactate , Orange 4 (CI 15510) , Linalool , Polyquaternium-39 , Limonene , CI 14720 ",Dung dịch,Church & Dwight,Chai x 250ml,Chăm sóc cá nhân | Vệ sinh cá nhân | Dung dịch vệ sinh phụ nữ,cham-soc-ca-nhan | cham-soc-ca-nhan/ve-sinh-ca-nhan | cham-soc-ca-nhan/dung-dich-ve-sinh-phu-nu,True,True,110,0,https://nhathuoclongchau.com.vn/cham-soc-ca-nhan/dung-dich-ve-sinh-phu-nu-femfresh-intima-skin-care-daily-wash-250ml-35226.html,cham-soc-ca-nhan,0
31,00500698,NƯỚC YẾN SÀO CHO TRẺ EM HƯƠNG VANI GREENBABI 4 HŨ X72G,Nước Yến Sào Cho Trẻ Em Hương Vani Greenbabi (4 hũ x 72g),thuc-pham-chuc-nang/yen-sao-cho-tre-em-greenbabi-huong-vani-4-hu-x-72g-34821.html,164000.0,Hộp,đ,https://cdn.nhathuoclongchau.com.vn/unsafe/https://cms-prod.s3-sgn09.fptcloud.com/DSC_00064_c76d5666a8.jpg,"Nước (aqua) , Sợi yến 20%, Đường phèn , Chất làm dày , Taurine , Chất ổn định , Hương vani giống tự nhiên , Prebiotics ",,Greenbird,Hộp 4 Hũ,Chăm sóc cá nhân | Thực phẩm - Đồ uống | Nước Yến,cham-soc-ca-nhan | cham-soc-ca-nhan/thuc-pham-do-uong | cham-soc-ca-nhan/nuoc-yen,True,True,110,0,https://nhathuoclongchau.com.vn/thuc-pham-chuc-nang/yen-sao-cho-tre-em-greenbabi-huong-vani-4-hu-x-72g-34821.html,cham-soc-ca-nhan,0
32,00500287,TINH DẦU VỎ BƯỞI XỊT DƯỠNG TÓC THẢO NGUYÊN 100ML,"Tinh dầu vỏ bưởi dưỡng tóc Thảo Nguyên kích thích mọc tóc, ngừa rụng tóc (100ml)",cham-soc-ca-nhan/tinh-dau-vo-buoi-duong-toc-thao-nguyen-100ml-34411.html,149000.0,Chai,đ,https://cdn.nhathuoclongchau.com.vn/unsafe/https://cms-prod.s3-sgn09.fptcloud.com/00500287_tinh_dau_vo_buoi_duong_toc_thao_nguyen_100ml_8652_6294_large_6f04c06f47.jpg,Limonene ,,Thảo Nguyên,Chai,Chăm sóc cá nhân | Tinh dầu các loại,cham-soc-ca-nhan | cham-soc-ca-nhan/tinh-dau-cac-loai,True,True,110,0,https://nhathuoclongchau.com.vn/cham-soc-ca-nhan/tinh-dau-vo-buoi-duong-toc-thao-nguyen-100ml-34411.html,cham-soc-ca-nhan,0
33,00500214,BCS GEL MÁT LẠNH TĂNG CẢM XÚC S52 SAFEFIT FREEZER MAX HỘP 10 CÁI,"Bao cao su Safefit Freezer Max S52 chứa nhiều gel làm mát, kéo dài thời gian (10 cái)",cham-soc-ca-nhan/bcs-safefit-freezer-max-s52-10-cai-gel-mat-lanh-sang-khoai-34295.html,49000.0,Hộp,đ,https://cdn.nhathuoclongchau.com.vn/unsafe/https://cms-prod.s3-sgn09.fptcloud.com/00500214_bcs_safefit_freezer_max_s52_10_cai_gel_mat_lanh_sang_khoai_4720_62c3_large_e8e95d5859.jpg,"Chất bôi trơn  , Cao su thiên nhiên  ",,SAFEFIT,Hộp 10 cái,Chăm sóc cá nhân | Hỗ trợ tình dục | Bao cao su,cham-soc-ca-nhan | cham-soc-ca-nhan/ho-tro-tinh-duc | cham-soc-ca-nhan/bao-cao-su,True,True,110,3.8520097,https://nhathuoclongchau.com.vn/cham-soc-ca-nhan/bcs-safefit-freezer-max-s52-10-cai-gel-mat-lanh-sang-khoai-34295.html,cham-soc-ca-nhan,0
34,00500212,BCS SIÊU MỎNG NHIỀU GEL BÔI TRƠN 003 S52 SAFEFIT HỘP 12 CÁI,"Bao cao su Safefit 003 S52 siêu mỏng, không gây kích ứng, có chất bôi trơn (12 cái) ",cham-soc-ca-nhan/bcs-safefit-003-s52-12-cai-sieu-mong-nhieu-silicon-34301.html,59000.0,Hộp,đ,https://cdn.nhathuoclongchau.com.vn/unsafe/https://cms-prod.s3-sgn09.fptcloud.com/00500212_bcs_safefit_003_s52_12_cai_sieu_mong_nhieu_silicon_1363_62c3_large_e1b8bdcfe7.jpg,"Chất bôi trơn  , Cao su thiên nhiên  ",,SAFEFIT,Hộp 12 cái,Chăm sóc cá nhân | Hỗ trợ tình dục | Bao cao su,cham-soc-ca-nhan | cham-soc-ca-nhan/ho-tro-tinh-duc | cham-soc-ca-nhan/bao-cao-su,True,True,110,3.86351,https://nhathuoclongchau.com.vn/cham-soc-ca-nhan/bcs-safefit-003-s52-12-cai-sieu-mong-nhieu-silicon-34301.html,cham-soc-ca-nhan,0
35,00500211,BCS SIÊU MỎNG NHIỀU GEL BÔI TRƠN 003 S52 SAFEFIT HỘP 3 CÁI,"Bao cao su Safefit 003 S52 siêu mỏng, không gây dị ứng, nhiều chất bôi trơn (3 cái)",cham-soc-ca-nhan/bcs-safefit-003-s52-3-cai-sieu-mong-nhieu-silicon-34286.html,19000.0,Hộp,đ,https://cdn.nhathuoclongchau.com.vn/unsafe/https://cms-prod.s3-sgn09.fptcloud.com/00500211_bcs_safefit_003_s52_3_cai_sieu_mong_nhieu_silicon_1150_62c3_large_60bf08c759.jpg,"Chất bôi trơn  , Cao su thiên nhiên  ",,SAFEFIT,Hộp 3 cái,Chăm sóc cá nhân | Hỗ trợ tình dục | Bao cao su,cham-soc-ca-nhan | cham-soc-ca-nhan/ho-tro-tinh-duc | cham-soc-ca-nhan/bao-cao-su,True,True,110,0,https://nhathuoclongchau.com.vn/cham-soc-ca-nhan/bcs-safefit-003-s52-3-cai-sieu-mong-nhieu-silicon-34286.html,cham-soc-ca-nhan,0
36,00500210,BCS CÓ GAI KÉO DÀI THỜI GIAN S52 SAFEFIT DOTS LONG LASTING HỘP 12 CÁI,"Bao cao su Safefit Dots Long Lasting S52 có vòng gân, hạt nổi, thắt chống tuột (12 cái)",cham-soc-ca-nhan/bcs-safefit-4in1-s52-12-cai-gan-gai-co-that-keo-dai-thoi-gian-cuc-manh-34300.html,49000.0,Hộp,đ,https://cdn.nhathuoclongchau.com.vn/unsafe/https://cms-prod.s3-sgn09.fptcloud.com/00500210_bcs_safefit_4in1_s52_12_cai_gan_gai_co_that_keo_dai_thoi_gian_cuc_manh_9962_629d_large_a6331ee6b8.jpg,"Chất bôi trơn , Cao su thiên nhiên ",,SAFEFIT,Hộp 12 Cái,Chăm sóc cá nhân | Hỗ trợ tình dục | Bao cao su,cham-soc-ca-nhan | cham-soc-ca-nhan/ho-tro-tinh-duc | cham-soc-ca-nhan/bao-cao-su,True,True,110,0,https://nhathuoclongchau.com.vn/cham-soc-ca-nhan/bcs-safefit-4in1-s52-12-cai-gan-gai-co-that-keo-dai-thoi-gian-cuc-manh-34300.html,cham-soc-ca-nhan,0
37,00500208,BCS NHIỀU GEL BÔI TRƠN S52 SAFEFIT COMFORTABLE HỘP 12 CÁI,"Bao cao su Safefit Comfortable S52 không mùi khó chịu, độ bền cao, khả năng co giãn tốt, chất bôi trơn (12 cái)",cham-soc-ca-nhan/bcs-safefit-comfortable-s52-12-cai-nhieu-chat-boi-tron-34284.html,39000.0,Hộp,đ,https://cdn.nhathuoclongchau.com.vn/unsafe/https://cms-prod.s3-sgn09.fptcloud.com/00500208_bcs_safefit_comfortable_s52_12_cai_nhieu_chat_boi_tron_1111_6287_large_9aa0ded732.jpg,"Chất bôi trơn , Cao su thiên nhiên ",,SAFEFIT,Hộp 12 cái,Chăm sóc cá nhân | Hỗ trợ tình dục | Bao cao su,cham-soc-ca-nhan | cham-soc-ca-nhan/ho-tro-tinh-duc | cham-soc-ca-nhan/bao-cao-su,True,True,110,0,https://nhathuoclongchau.com.vn/cham-soc-ca-nhan/bcs-safefit-comfortable-s52-12-cai-nhieu-chat-boi-tron-34284.html,cham-soc-ca-nhan,0
38,00500065,KẸO NGẬM HO HOTEXCOL 10X4,Kẹo Ngậm Ho Thanh Họng Giảm Đờm Hotexcol (10 vỉ x 4 viên),cham-soc-ca-nhan/hotexcol-vien-ngam-giam-ho-thanh-hong-giam-tang-tiet-dom-10x4-34147.html,119000.0,Hộp,đ,https://cdn.nhathuoclongchau.com.vn/unsafe/https://cms-prod.s3-sgn09.fptcloud.com/00500065_hotexcol_vien_ngam_giam_ho_thanh_hong_giam_tang_tiet_dom_10x4_7779_627c_large_0ff5aec668.jpg,"Chiết xuất cao khô lá thường xuân 5mg, Elderberry 5mg, Tinh dầu bạc hà 4mg, Tinh dầu tần 1mg, Tinh dầu gừng 0.5mg, Tinh dầu quế 0.5mg, Isomalt 2g, Tinh dầu tắc 4mg",,DÂN KHANG,Hộp 10 vỉ x 4 viên,Chăm sóc cá nhân | Thực phẩm - Đồ uống,cham-soc-ca-nhan | cham-soc-ca-nhan/thuc-pham-do-uong,True,True,110,0,https://nhathuoclongchau.com.vn/cham-soc-ca-nhan/hotexcol-vien-ngam-giam-ho-thanh-hong-giam-tang-tiet-dom-10x4-34147.html,cham-soc-ca-nhan,0
39,00033695,BỘT NƯỚC MÁT DATINO HERBAL DRINK POWDER 10 GÓI X 8G,Bột Nước Mát Datino Herbal Drink Powder (10 gói x 8g),cham-soc-ca-nhan/bot-nuoc-mat-datino-herbal-drink-powder-10-goi-x-8-g.html,42000.0,Hộp,đ,https://cdn.nhathuoclongchau.com.vn/unsafe/https://cms-prod.s3-sgn09.fptcloud.com/DSC_07263_239af660dc.png,"Râu bắp , Atisô , Hoa Cúc Trường Sinh , Mía lau , Bạch mao căn , màu caramel ",,Datino,Hộp 10 gói,Chăm sóc cá nhân | Thực phẩm - Đồ uống,cham-soc-ca-nhan | cham-soc-ca-nhan/thuc-pham-do-uong,True,True,110,0,https://nhathuoclongchau.com.vn/cham-soc-ca-nhan/bot-nuoc-mat-datino-herbal-drink-powder-10-goi-x-8-g.html,cham-soc-ca-nhan,0
40,00033621,TINH BỘT NGHỆ HONIMORE 130G,Tinh Bột Nghệ Honimore (130g),cham-soc-ca-nhan/tinh-nghe-vang-honimore-130g-33719.html,138000.0,Chai,đ,https://cdn.nhathuoclongchau.com.vn/unsafe/https://cms-prod.s3-sgn09.fptcloud.com/DSC_01854_36c7f1fd5a.jpg,Nghệ ,,Honimore,Chai x 130g,Chăm sóc cá nhân | Thực phẩm - Đồ uống,cham-soc-ca-nhan | cham-soc-ca-nhan/thuc-pham-do-uong,True,True,110,0,https://nhathuoclongchau.com.vn/cham-soc-ca-nhan/tinh-nghe-vang-honimore-130g-33719.html,cham-soc-ca-nhan,0
41,00033612,"TINH DẦU ĐUỔI MUỖI VÀ CÔN TRÙNG, KHỬ KHUẨN THẢO NGUYÊN HƯƠNG SẢ CHANH 30ML","Tinh dầu Thảo Nguyên hương sả chanh 30ml đuổi muỗi và côn trùng, khử khuẩn",cham-soc-ca-nhan/tinh-dau-khu-khuan-chong-virus-thao-nguyen-30ml-33681.html,69000.0,Chai,đ,https://cdn.nhathuoclongchau.com.vn/unsafe/https://cms-prod.s3-sgn09.fptcloud.com/00033612_tinh_dau_khu_khuan_chong_virus_thao_nguyen_30ml_4561_6231_large_81e7c31e83.jpg,"Propylene glycol , Pinene , Camphene , 3-Carene , Limonene , Eucalyptol , Terpinen-4-ol , Menthol , Menthone , Linalool , Citral , Menthyl Acetate , Neomenthol ",,Thảo Nguyên,Chai,Chăm sóc cá nhân | Tinh dầu các loại | Tinh dầu xông,cham-soc-ca-nhan | cham-soc-ca-nhan/tinh-dau-cac-loai | cham-soc-ca-nhan/tinh-dau-xong,True,True,110,0,https://nhathuoclongchau.com.vn/cham-soc-ca-nhan/tinh-dau-khu-khuan-chong-virus-thao-nguyen-30ml-33681.html,cham-soc-ca-nhan,0
42,00033432,NƯỚC HỒNG SÂM HONGSAMJIN PLUS HỘP 15 GÓI X 70ML,Nước Hồng Sâm Hongsamjin Plus (15 gói x 70ml),cham-soc-ca-nhan/nuoc-hong-sam-hongsamjin-plus-15-goi-x-70ml-33540.html,490000.0,Hộp,đ,https://cdn.nhathuoclongchau.com.vn/unsafe/https://cms-prod.s3-sgn09.fptcloud.com/DSC_01919_32cf165471.jpg,"Hồng sâm 0.3%, Nhung hươu 0.003%, Táo đỏ 1.6%, Câu kỷ tử 0.12%, Nước cất 79.427%, Fructooligosaccharides 7.8%, Quế 0.12%, Gừng 0.05%, Linh chi 0.01%",,Hongsamjin,Hộp 3 Hộp lẻ x 5 Gói x 70ml,Chăm sóc cá nhân | Thực phẩm - Đồ uống,cham-soc-ca-nhan | cham-soc-ca-nhan/thuc-pham-do-uong,True,True,110,0,https://nhathuoclongchau.com.vn/cham-soc-ca-nhan/nuoc-hong-sam-hongsamjin-plus-15-goi-x-70ml-33540.html,cham-soc-ca-nhan,0
43,00033431,NƯỚC HỒNG SÂM CÔ ĐẶC HONGSAMJIN EVERYSTICK EX HỘP 30 GÓI X 10ML,Nước Hồng Sâm Cô Đặc Hongsamjin Everystick EX (30 gói x 10ml),cham-soc-ca-nhan/hong-sam-co-dac-hongsamjin-everystick-ex-30-goi-x-10g-33541.html,1200000.0,Hộp,đ,https://cdn.nhathuoclongchau.com.vn/unsafe/https://cms-prod.s3-sgn09.fptcloud.com/DSC_08078_c919b39a33.jpg,"Bạch chỉ , Hoàng kỳ , Mẫu đơn bì (Vỏ rễ) , Cam thảo , Quế , Địa hoàng , Phục Linh , Nước tinh khiết , Siro glucose , Hồng sâm ",,Hongsamjin,Hộp 3 Hộp lẻ x 10 Gói,Chăm sóc cá nhân | Thực phẩm - Đồ uống,cham-soc-ca-nhan | cham-soc-ca-nhan/thuc-pham-do-uong,True,True,110,0,https://nhathuoclongchau.com.vn/cham-soc-ca-nhan/hong-sam-co-dac-hongsamjin-everystick-ex-30-goi-x-10g-33541.html,cham-soc-ca-nhan,0
44,00032957,"DUNG DỊCH XỊT KHUẨN TAY NATURAL HAND SANITIZER DIỆT KHUẨN, KHỬ MÙI 500ML","Dung dịch xịt khuẩn tay Natural Hand Sanitizer diệt khuẩn, khử mùi (500ml)",cham-soc-ca-nhan/dung-dich-rua-tay-kho-natural-hand-sanitizer-500ml-33069.html,85000.0,Chai,đ,https://cdn.nhathuoclongchau.com.vn/unsafe/https://cms-prod.s3-sgn09.fptcloud.com/DSC_09271_8f243c9ff9.png,Aqua ,,La Beauty,Chai,Chăm sóc cá nhân | Vệ sinh cá nhân | Nước rửa tay,cham-soc-ca-nhan | cham-soc-ca-nhan/ve-sinh-ca-nhan | cham-soc-ca-nhan/nuoc-rua-tay,True,True,110,0,https://nhathuoclongchau.com.vn/cham-soc-ca-nhan/dung-dich-rua-tay-kho-natural-hand-sanitizer-500ml-33069.html,cham-soc-ca-nhan,0
45,00032931,NƯỚC YẾN SÀO VÀ HẠT CHIA GREENBIRD 6 CHAI X 185ML,Nước Yến Sào Và Hạt Chia Greenbird (6 chai x 185ml),cham-soc-ca-nhan/yen-sao-va-hat-chia-greenbird-6-chai-x-185ml-33047.html,168000.0,Lốc,đ,https://cdn.nhathuoclongchau.com.vn/unsafe/https://cms-prod.s3-sgn09.fptcloud.com/DSC_01350_c6bbc915e2.jpg,"Hương yến giống tự nhiên , Chất ổn định , Chất làm dày , Đường phèn , Yến Sào ngâm nở 50mg, Hạt chia 1000mg, Đường , Nước (aqua) ",,Greenbird,Lốc,Chăm sóc cá nhân | Thực phẩm - Đồ uống | Nước Yến,cham-soc-ca-nhan | cham-soc-ca-nhan/thuc-pham-do-uong | cham-soc-ca-nhan/nuoc-yen,True,True,110,0,https://nhathuoclongchau.com.vn/cham-soc-ca-nhan/yen-sao-va-hat-chia-greenbird-6-chai-x-185ml-33047.html,cham-soc-ca-nhan,0
46,00032930,NƯỚC YẾN SÀO VÀ ĐÔNG TRÙNG HẠ THẢO GREENBIRD 6 CHAI X 185ML,Nước Yến Sào Và Đông Trùng Hạ Thảo Greenbird (6 chai x 185ml),cham-soc-ca-nhan/yen-sao-va-dong-trung-ha-thao-greenbird-6-chai-x-185ml-33046.html,180000.0,Lốc,đ,https://cdn.nhathuoclongchau.com.vn/unsafe/https://cms-prod.s3-sgn09.fptcloud.com/DSC_01337_ca6cece4c3.jpg,"Hương yến giống tự nhiên , Chất ổn định , Chất làm dày , Đường phèn , Yến Sào ngâm nở 50mg, Trùng thảo 1000mg, Đường , Nước (aqua) ",,Greenbird,Lốc,Chăm sóc cá nhân | Thực phẩm - Đồ uống | Nước Yến,cham-soc-ca-nhan | cham-soc-ca-nhan/thuc-pham-do-uong | cham-soc-ca-nhan/nuoc-yen,True,True,110,0,https://nhathuoclongchau.com.vn/cham-soc-ca-nhan/yen-sao-va-dong-trung-ha-thao-greenbird-6-chai-x-185ml-33046.html,cham-soc-ca-nhan,0
47,00345425,"DUNG DỊCH VỆ SINH PHỤ NỮ CREVIL INTIM WASCHLOTION CHỐNG VIÊM, CÂN BẰNG PH 100ML","Dung dịch vệ sinh phụ nữ Crevil Intim Waschlotion chống viêm, cân bằng pH (100ml)",cham-soc-ca-nhan/crevil-100ml-14163.html,125000.0,Chai,đ,https://cdn.nhathuoclongchau.com.vn/unsafe/https://cms-prod.s3-sgn09.fptcloud.com/00345425_crevil_100ml_7253_5d5b_large_f6e71eb13c.JPG,"Aqua , Sodium Laureth Sulfate , Cocamidopropyl betaine , Allantoin , Glycerin , Betaine , Propylene glycol , Styrene/Acrylates Copolymer , Coco-Glucoside , Glyceryl oleate , Sodium benzoate , Citric Acid , Parfum , Potassium sorbate , DMDM Hydantoin , Methylisothiazolinone , Alcohol , Lactic Acid , Magnesium chloride , Magnesium nitrate , Chamomilla Recutita Flower extract , Salvia officinalis leaf extract , Hydrolyzed milk protein , Soyamide Dea ",,Crevil,Chai x 100ml,Chăm sóc cá nhân | Vệ sinh cá nhân | Dung dịch vệ sinh phụ nữ,cham-soc-ca-nhan | cham-soc-ca-nhan/ve-sinh-ca-nhan | cham-soc-ca-nhan/dung-dich-ve-sinh-phu-nu,True,True,110,0,https://nhathuoclongchau.com.vn/cham-soc-ca-nhan/crevil-100ml-14163.html,cham-soc-ca-nhan,0
48,00002643,ĐƯỜNG ĂN KIÊNG KHÔNG CALO EQUAL CLASSIC ZERO CALORIE SWEETENER 100 GÓI X 100G,Đường Ăn Kiêng Không Calo Equal Classic Zero Calorie Sweetener (100 gói x 100g),cham-soc-ca-nhan/duong-equal-100-goi-17356.html,129000.0,Hộp,đ,https://cdn.nhathuoclongchau.com.vn/unsafe/https://cms-prod.s3-sgn09.fptcloud.com/00002643_duong_equal_100_goi_5438_63fe_large_9046166e55.jpg,Lactose 96.1%,,EQUAL,Hộp 100 gói,Chăm sóc cá nhân | Thực phẩm - Đồ uống | Đường ăn kiêng,cham-soc-ca-nhan | cham-soc-ca-nhan/thuc-pham-do-uong | cham-soc-ca-nhan/duong-an-kieng,True,True,110,0,https://nhathuoclongchau.com.vn/cham-soc-ca-nhan/duong-equal-100-goi-17356.html,cham-soc-ca-nhan,0
49,00018464,KẸO NGẬM HO BÁCH BỘ TAT THANH MOM AND BABY 5 VỈ X 4 VIÊN,Ngậm ho Bách bộ Tat Thanh Mom and Baby (5 vỉ x 4 viên),cham-soc-ca-nhan/ngam-ho-bach-bo-mom-and-baby-tat-thanh-5x4-19763.html,58000.0,Hộp,đ,https://cdn.nhathuoclongchau.com.vn/unsafe/https://cms-prod.s3-sgn09.fptcloud.com/00018464_ngam_ho_bach_bo_mom_and_baby_tat_thanh_5x4_9373_6393_large_1dc4280a6f.jpg,"Thiên môn 60mg, Cát cánh 60mg, Bách bộ 60mg, Tỳ bà diệp 60mg, Xuyên bối mẫu 60mg, kha tử 60mg, Sâm đại hành 40mg, Bạc hà 60mg, Cam thảo 60mg",Viên ngậm,Tất Thành,Hộp 5 vỉ x 4 viên,Chăm sóc cá nhân | Thực phẩm - Đồ uống | Kẹo cứng,cham-soc-ca-nhan | cham-soc-ca-nhan/thuc-pham-do-uong | cham-soc-ca-nhan/keo-cung,True,True,110,0,https://nhathuoclongchau.com.vn/cham-soc-ca-nhan/ngam-ho-bach-bo-mom-and-baby-tat-thanh-5x4-19763.html,cham-soc-ca-nhan,0
50,00018456,KẸO NGẬM HO BÁCH BỘ TAT THANH MOM AND BABY 26 VỈ X 4 VIÊN,Ngậm ho Bách bộ Tat Thanh Mom and Baby (26 vỉ x 4 viên),cham-soc-ca-nhan/ngam-ho-bach-bo-mom-and-baby-tat-thanh-26x4-19764.html,295000.0,Hộp,đ,https://cdn.nhathuoclongchau.com.vn/unsafe/https://cms-prod.s3-sgn09.fptcloud.com/00018456_ngam_ho_bach_bo_mom_and_baby_tat_thanh_26x4_9054_6393_large_5d34477daf.jpg,"Thiên môn 60mg, Cát cánh 60mg, Bách bộ 60mg, Tỳ bà diệp 60mg, Xuyên bối mẫu 60mg, kha tử 60mg, Cao Cam Thảo 60mg, Sâm đại hành 40mg, Tinh dầu bạc hà 60mg",Viên ngậm,Tất Thành,Hộp 26 vỉ x 4 viên,Chăm sóc cá nhân | Thực phẩm - Đồ uống | Kẹo cứng,cham-soc-ca-nhan | cham-soc-ca-nhan/thuc-pham-do-uong | cham-soc-ca-nhan/keo-cung,True,True,110,0,https://nhathuoclongchau.com.vn/cham-soc-ca-nhan/ngam-ho-bach-bo-mom-and-baby-tat-thanh-26x4-19764.html,cham-soc-ca-nhan,0
51,00022532,KHĂN ƯỚT GRACE SAMJUNG 100 TỜ,"Khăn giấy ướt Grace Samjung làm sạch, kháng khuẩn (100 tờ/gói)",cham-soc-ca-nhan/khan-giay-uot-grace-samjung-100-to-22858.html,41000.0,Hộp,đ,https://cdn.nhathuoclongchau.com.vn/unsafe/https://cms-prod.s3-sgn09.fptcloud.com/00022532_khan_giay_uot_grace_samjung_100_to_6981_5e99_large_0a0360329c.JPG,"Polyester 50%, Nước tinh khiết , Lô hội , Caprylyl glycol , Sodium benzoate , hương thơm , Tơ nhân tạo 50%, Bơ hạt mỡ , Cocamidopropyl – PG – dimomium chloride phosphate , Hexandediol ",,Grace,Hộp,"Chăm sóc cá nhân | Hàng tổng hợp | Khăn giấy, khăn ướt",cham-soc-ca-nhan | cham-soc-ca-nhan/hang-tong-hop | cham-soc-ca-nhan/khan-giay-khan-uot,True,True,110,0,https://nhathuoclongchau.com.vn/cham-soc-ca-nhan/khan-giay-uot-grace-samjung-100-to-22858.html,cham-soc-ca-nhan,0
52,00031658,"GEL RỬA TAY KHÔ NATURAL HAND SANITIZER SÁT KHUẨN, LÀM SẠCH TAY 250ML","Gel rửa tay khô Natural Hand Sanitizer sát khuẩn, làm sạch tay (250ml)",cham-soc-ca-nhan/gel-rua-tay-kho-natural-hand-sanitizer-250ml-31797.html,55000.0,Chai,đ,https://cdn.nhathuoclongchau.com.vn/unsafe/https://cms-prod.s3-sgn09.fptcloud.com/DSC_09202_c88d10a319.png,"Propylene glycol , Myristyl Alcohol , Phenoxyethanol , triethanolamine , Fragrance , Carbomer , Glycerin , Chiết xuất quế , Trà xanh , Tinh dầu Sả chanh , Water purified ",Gel,La Beauty,Chai x 250ml,Chăm sóc cá nhân | Vệ sinh cá nhân | Nước rửa tay,cham-soc-ca-nhan | cham-soc-ca-nhan/ve-sinh-ca-nhan | cham-soc-ca-nhan/nuoc-rua-tay,True,True,110,0,https://nhathuoclongchau.com.vn/cham-soc-ca-nhan/gel-rua-tay-kho-natural-hand-sanitizer-250ml-31797.html,cham-soc-ca-nhan,0
53,00031888,"TINH DẦU KHUYNH DIỆP MỆ ĐOAN GIÚP GIẢM CẢM GIÁC ĐAU, CHỐNG VIÊM 30ML","Tinh dầu khuynh diệp Mệ Đoan giúp giảm cảm giác đau, chống viêm (30ml)",cham-soc-ca-nhan/tinh-dau-khuynh-diep-me-doan-30ml-32025.html,125000.0,Hộp,đ,https://cdn.nhathuoclongchau.com.vn/unsafe/https://cms-prod.s3-sgn09.fptcloud.com/00031888_tinh_dau_khuynh_diep_me_doan_30ml_5385_62ae_large_f8f7cd207c.JPG,"Củ nén , Eucalyptol ",,Mệ Đoan,Hộp,Chăm sóc cá nhân | Tinh dầu các loại | Tinh dầu trị cảm,cham-soc-ca-nhan | cham-soc-ca-nhan/tinh-dau-cac-loai | cham-soc-ca-nhan/tinh-dau-tri-cam,True,True,110,0,https://nhathuoclongchau.com.vn/cham-soc-ca-nhan/tinh-dau-khuynh-diep-me-doan-30ml-32025.html,cham-soc-ca-nhan,0
54,00032124,"TINH DẦU ĐUỔI MUỖI VÀ CÔN TRÙNG, KHỬ KHUẨN THẢO NGUYÊN HƯƠNG SẢ CHANH 200ML","Tinh dầu Thảo Nguyên hương sả chanh 200ml đuổi muỗi và côn trùng, khử khuẩn",cham-soc-ca-nhan/tinh-dau-khu-khuan-chong-virus-sa-chanh-thao-nguyen-200ml-32243.html,119000.0,Chai,đ,https://cdn.nhathuoclongchau.com.vn/unsafe/https://cms-prod.s3-sgn09.fptcloud.com/00032124_tinh_dau_khu_khuan_chong_virus_sa_chanh_thao_nguyen_200ml_6909_62ae_large_34861898cc.jpg,"Camphene , Limonene , Eucalyptol , Linalool , Menthone , Menthol , Menthyl Acetate , 1,3 Propylen glycol , a-Pinene , a-Citral , 3-Carene , Methone , Neomenthol , B-Nerol , B-Citral , a-Terpineol ",,Thảo Nguyên,Chai,Chăm sóc cá nhân | Đồ dùng gia đình | Chống muỗi & côn trùng,cham-soc-ca-nhan | cham-soc-ca-nhan/do-dung-gia-dinh | cham-soc-ca-nhan/chong-muoi-con-trung,True,True,110,0,https://nhathuoclongchau.com.vn/cham-soc-ca-nhan/tinh-dau-khu-khuan-chong-virus-sa-chanh-thao-nguyen-200ml-32243.html,cham-soc-ca-nhan,0
55,00032125,"TINH DẦU ĐUỔI MUỖI VÀ CÔN TRÙNG, KHỬ KHUẨN THẢO NGUYÊN HƯƠNG SẢ CHANH 500ML","Tinh dầu Thảo Nguyên hương sả chanh 500ml đuổi muỗi và côn trùng, khử khuẩn",cham-soc-ca-nhan/tinh-dau-khu-khuan-chong-virus-duoi-muoi-va-con-trung-thao-nguyen-500ml-32253.html,169000.0,Chai,đ,https://cdn.nhathuoclongchau.com.vn/unsafe/https://cms-prod.s3-sgn09.fptcloud.com/00032125_tinh_dau_khu_khuan_chong_virus_sa_chanh_thao_nguyen_500ml_3465_62af_large_96673ae14f.jpg,"1,3 Propylen glycol , a-Pinene , a-Citral , 3-Carene , Methone , Neomenthol , B-Nerol , B-Citral , a-Terpineol ",,Thảo Nguyên,Chai,Chăm sóc cá nhân | Đồ dùng gia đình | Chống muỗi & côn trùng,cham-soc-ca-nhan | cham-soc-ca-nhan/do-dung-gia-dinh | cham-soc-ca-nhan/chong-muoi-con-trung,True,True,110,0,https://nhathuoclongchau.com.vn/cham-soc-ca-nhan/tinh-dau-khu-khuan-chong-virus-duoi-muoi-va-con-trung-thao-nguyen-500ml-32253.html,cham-soc-ca-nhan,0
56,00032207,NƯỚC YẾN CAO CẤP NUNEST KHÔNG ĐƯỜNG 6 HŨ X 70ML,Nước Yến Cao Cấp Nunest Không Đường (6 hũ x 70ml),cham-soc-ca-nhan/nuoc-yen-cao-cap-nunest-khong-duong-6-hu-x-70ml-32323.html,260000.0,Lốc,đ,https://cdn.nhathuoclongchau.com.vn/unsafe/https://cms-prod.s3-sgn09.fptcloud.com/00032207_nuoc_yen_cao_cap_nunest_khong_duong_6_hu_x_70ml_3381_62af_large_05aa2aad9a.JPG,"Yến sào , Collagen type II , Vitamin K2 , Chondroitin ",,Nunest,Lốc,Chăm sóc cá nhân | Thực phẩm - Đồ uống | Nước Yến,cham-soc-ca-nhan | cham-soc-ca-nhan/thuc-pham-do-uong | cham-soc-ca-nhan/nuoc-yen,True,True,110,0,https://nhathuoclongchau.com.vn/cham-soc-ca-nhan/nuoc-yen-cao-cap-nunest-khong-duong-6-hu-x-70ml-32323.html,cham-soc-ca-nhan,0
57,00032238,"NƯỚC SÚC MIỆNG ION MUỐI FUJIWA 680ML - HỖ TRỢ NGĂN CHẶN VI KHUẨN, GIẢM VIÊM HỌNG","Nước muối súc miệng công nghệ Nhật Bản Ion Muối Fujiwa ngăn chặn vi khuẩn, giảm viêm họng (680ml)",cham-soc-ca-nhan/nuoc-suc-mieng-i-on-muoi-huong-bac-ha-680ml-32344.html,27000.0,Chai,đ,https://cdn.nhathuoclongchau.com.vn/unsafe/https://cms-prod.s3-sgn09.fptcloud.com/IMG_4984_1b0a32d111.jpg,"Sodium clorid  , Ion Alkaline  ",,Fujiwa,Chai,Chăm sóc cá nhân | Chăm sóc răng miệng | Nước súc miệng,cham-soc-ca-nhan | cham-soc-ca-nhan/cham-soc-rang-mieng | cham-soc-ca-nhan/nuoc-suc-mieng,True,True,110,0,https://nhathuoclongchau.com.vn/cham-soc-ca-nhan/nuoc-suc-mieng-i-on-muoi-huong-bac-ha-680ml-32344.html,cham-soc-ca-nhan,0
58,00045242,BAO CAO SU OKAMOTO HYDRO POLYURETHANE SIÊU MỎNG 001 PU HỘP 2 CÁI,"Bao cao su Okamoto 0.01 PU phòng tránh thai, ngăn ngừa HIV và các bệnh lây qua đường tình dục (2 cái)",cham-soc-ca-nhan/bao-cao-su-okamoto-hydro-polyurethane-sieu-mong-001-pu-hop-2-cai.html,142000.0,Hộp,đ,https://cdn.nhathuoclongchau.com.vn/unsafe/https://cms-prod.s3-sgn09.fptcloud.com/DSC_02571_afff4ede1b.jpg,Cao su thiên nhiên ,,OKAMOTO,Hộp 2 Cái,Chăm sóc cá nhân | Hỗ trợ tình dục | Bao cao su,cham-soc-ca-nhan | cham-soc-ca-nhan/ho-tro-tinh-duc | cham-soc-ca-nhan/bao-cao-su,True,True,100,0,https://nhathuoclongchau.com.vn/cham-soc-ca-nhan/bao-cao-su-okamoto-hydro-polyurethane-sieu-mong-001-pu-hop-2-cai.html,cham-soc-ca-nhan,0
59,00040809,"BAO CAO SU OKAMOTO CROWN KÍCH CỠ NHỎ, SIÊU MỎNG VÀ MỀM MẠI HỘP 3 CÁI","Bao cao su Okamoto Crown kích cỡ nhỏ, siêu mỏng, mềm mại dùng để phòng tránh thai và ngăn ngừa HIV (3 cái)",cham-soc-ca-nhan/bao-cao-su-okamoto-crown-kich-co-nho-sieu-mong-va-mem-mai-hop-3-cai.html,56000.0,Hộp,đ,https://cdn.nhathuoclongchau.com.vn/unsafe/https://cms-prod.s3-sgn09.fptcloud.com/DSC_09707_b7893a5b10.jpg,Cao su thiên nhiên ,,OKAMOTO,Hộp 3 Cái,Chăm sóc cá nhân | Hỗ trợ tình dục | Bao cao su,cham-soc-ca-nhan | cham-soc-ca-nhan/ho-tro-tinh-duc | cham-soc-ca-nhan/bao-cao-su,True,True,100,0,https://nhathuoclongchau.com.vn/cham-soc-ca-nhan/bao-cao-su-okamoto-crown-kich-co-nho-sieu-mong-va-mem-mai-hop-3-cai.html,cham-soc-ca-nhan,0
60,00039823,"NƯỚC YẾN SÀO CAO CẤP NUNEST RELAX - NGỦ NGON, GIẢM CĂNG THẲNG MỆT MỎI 6 HŨ X 70ML","Nước Yến Sào Cao Cấp Nunest Relax - Ngủ Ngon, Giảm Căng Thẳng Mệt Mỏi (6 hũ x 70ml)",cham-soc-ca-nhan/nuoc-yen-sao-cao-cap-nunest-relax-ngu-ngon-giam-cang-thang-met-moi-6-hu-x-70-ml.html,329000.0,Hộp,đ,https://cdn.nhathuoclongchau.com.vn/unsafe/https://cms-prod.s3-sgn09.fptcloud.com/DSC_08842_314049c2d4.jpg,"Yến sào chưng sẵn 15%, đạm sữa thủy phân lactium , Cao Tâm Sen , Nước , Đường phèn , Sucrose , Canxi lactate , Chất ổn định , Hương tổng hợp , Chất bảo quản ",,Nunest,Hộp 6 Hũ,Chăm sóc cá nhân | Thực phẩm - Đồ uống | Nước Yến,cham-soc-ca-nhan | cham-soc-ca-nhan/thuc-pham-do-uong | cham-soc-ca-nhan/nuoc-yen,True,True,100,0,https://nhathuoclongchau.com.vn/cham-soc-ca-nhan/nuoc-yen-sao-cao-cap-nunest-relax-ngu-ngon-giam-cang-thang-met-moi-6-hu-x-70-ml.html,cham-soc-ca-nhan,0
61,00038887,NƯỚC YẾN SÀO CAO CẤP CHO TRẺ EM NUNEST KID VỊ CHUỐI 6 HŨ X 70ML,Nước Yến Sào Cao Cấp Cho Trẻ Em Nunest Kid Vị Chuối (6 hũ x 70ml),cham-soc-ca-nhan/nuoc-yen-sao-cao-cap-cho-tre-em-nunest-kid-vi-chuoi-6-hu-x-70-ml.html,225000.0,Hộp,đ,https://cdn.nhathuoclongchau.com.vn/unsafe/https://cms-prod.s3-sgn09.fptcloud.com/DSC_01795_a7d58eac3b.jpg,"Yến sào chưng sẵn 15%, Beta Glucan 42.8mg, Lysine 85.7mg, Vitamin D3 7mcg, Nước , Đường phèn , Sucrose , Canxi lactate , Chất ổn định , Chuối , Hương chuối tổng hợp , Chất bảo quản ",,Nunest,Hộp 6 Hũ x 70ml,Chăm sóc cá nhân | Thực phẩm - Đồ uống | Nước Yến,cham-soc-ca-nhan | cham-soc-ca-nhan/thuc-pham-do-uong | cham-soc-ca-nhan/nuoc-yen,True,True,100,0,https://nhathuoclongchau.com.vn/cham-soc-ca-nhan/nuoc-yen-sao-cao-cap-cho-tre-em-nunest-kid-vi-chuoi-6-hu-x-70-ml.html,cham-soc-ca-nhan,0
62,00038885,NƯỚC YẾN SÀO CAO CẤP CHO TRẺ EM NUNEST KID GROW VỊ CAM 6 HŨ X 70ML,Nước Yến Sào Cao Cấp Cho Trẻ Em Nunest Kid Grow Vị Cam (6 hũ x 70ml),cham-soc-ca-nhan/nuoc-yen-sao-cao-cap-cho-tre-em-nunest-kid-grow-vi-cam-6-hu-x-70-ml.html,235000.0,Hộp,đ,https://cdn.nhathuoclongchau.com.vn/unsafe/https://cms-prod.s3-sgn09.fptcloud.com/DSC_07253_b8c427cb66.jpg,"Yến sào chưng sẵn 15%, Chất xơ hòa tan , Vitamin K2 , Vitamin D3 , Nước , Đường phèn , Sucrose , Canxi lactat , Chất ổn định , Bột cam , Hương cam , Chất bảo quản , Collagen peptide , Natri Alginat , Carrageenan , Xanthan gum , Konjac , Natri cacboxymethyl cellulose , Gellan guml ",,Nunest,Hộp 6 Hũ x 70ml,Chăm sóc cá nhân | Thực phẩm - Đồ uống | Nước Yến,cham-soc-ca-nhan | cham-soc-ca-nhan/thuc-pham-do-uong | cham-soc-ca-nhan/nuoc-yen,True,True,100,0,https://nhathuoclongchau.com.vn/cham-soc-ca-nhan/nuoc-yen-sao-cao-cap-cho-tre-em-nunest-kid-grow-vi-cam-6-hu-x-70-ml.html,cham-soc-ca-nhan,0
63,00038881,NƯỚC YẾN SÀO CAO CẤP CHO TRẺ EM NUNEST KID LỐC 3+1 70ML,Nước Yến Sào Cao Cấp Cho Trẻ Em Nunest Kid Lốc 3+1 (70ml),cham-soc-ca-nhan/nuoc-yen-sao-cao-cap-cho-tre-em-nunest-kid-tang-cuong-suc-khoe-an-ngon-loc-3-1-70-ml.html,132000.0,Lốc,đ,https://cdn.nhathuoclongchau.com.vn/unsafe/https://cms-prod.s3-sgn09.fptcloud.com/DSC_05061_841dc11199.jpg,"Yến sào chưng sẵn 15%, Betaglucan 42.8mg, Lysine 85.7mg, Vitamin D3 7mcg, Nước , Đường phèn , Sucrose , Canxi lactate , Chất ổn định , Hương tổng hợp , Chất bảo quản ",,Nunest,Lốc 4 Hũ x 70ml,Chăm sóc cá nhân | Thực phẩm - Đồ uống | Nước Yến,cham-soc-ca-nhan | cham-soc-ca-nhan/thuc-pham-do-uong | cham-soc-ca-nhan/nuoc-yen,True,True,100,0,https://nhathuoclongchau.com.vn/cham-soc-ca-nhan/nuoc-yen-sao-cao-cap-cho-tre-em-nunest-kid-tang-cuong-suc-khoe-an-ngon-loc-3-1-70-ml.html,cham-soc-ca-nhan,0
64,00502882,NƯỚC SÂM NGUYÊN CỦ ACHIMMADANG INBOSAM BIOK KOREA ROOT DKINK 10 CHAI X 120ML,Nước Sâm Nguyên Củ Achimmadang Inbosam Biok Korea Root Drink (10 chai x 120ml),cham-soc-ca-nhan/nuoc-sam-nguyen-cu-achimmadang-inbosam-biok-korea-root-dkink-10-chai-x-120ml-37190.html,500000.0,Hộp,đ,https://cdn.nhathuoclongchau.com.vn/unsafe/https://cms-prod.s3-sgn09.fptcloud.com/00502882_nuoc_sam_nguyen_cu_achimmadang_inbosam_biok_korea_root_dkink_10_chai_x_120ml_2001_6396_large_10523086de.jpg,"Nước 83.065%, Đường 14%, Củ nhân sâm 3.5%, Chất điều chỉnh độ acid 0.25%, Chất bảo quản 0.04%, Acid malic 0.03%, Hương thảo mộc 0.05%, màu caramel 0.01%, Niacinamide 0.003%, Vitamin B1 0.002%, Trisodium-citrate 0.05%",,Biok,Hộp 10 Chai x 1200ml,Chăm sóc cá nhân | Thực phẩm - Đồ uống,cham-soc-ca-nhan | cham-soc-ca-nhan/thuc-pham-do-uong,True,True,100,0,https://nhathuoclongchau.com.vn/cham-soc-ca-nhan/nuoc-sam-nguyen-cu-achimmadang-inbosam-biok-korea-root-dkink-10-chai-x-120ml-37190.html,cham-soc-ca-nhan,0
65,00501595,"DUNG DỊCH VỆ SINH PHỤ NỮ FEMFRESH INTIMATE SKIN CARE ACTIVE WASH LÀM SẠCH, KHỬ MÙI 250ML","Dung dịch vệ sinh phụ nữ Femfresh Intimate Skin Care Active Wash làm sạch, khử mùi (250ml)",cham-soc-ca-nhan/dung-dich-ve-sinh-phu-nu-femfresh-intima-skin-care-active-wash-250ml-35758.html,198000.0,Chai,đ,https://cdn.nhathuoclongchau.com.vn/unsafe/https://cms-prod.s3-sgn09.fptcloud.com/00501595_dung_dich_ve_sinh_phu_nu_femfresh_intima_skin_care_active_wash_250ml_4968_63ab_large_3fca38e357.jpg,"Aqua/ Water , Sodium Laureth Sulfate , Sodium Chloride , Glycol Distearate , Cocamidopropyl betaine , Triethyl citrate , Parfum , Glycerin , Laureth-4 , Polyquaternium-39 , Dichlorobenzyl alcohol , Chiết xuất Citrus Aurantium , Hamamelis Virginiana (Witch Hazel) Extract , Panax ginseng root extract , Citric Acid , Silver citrate , Potassium sorbate , Maltodextrin , Sodium benzoate , Lactic Acid , Sodium lactate , Aloe barbadensis leaf extract , Sodium hydroxide , Calendula Officinalis Flower Extract ",Dung dịch,Church & Dwight,Chai x 250ml,Chăm sóc cá nhân | Vệ sinh cá nhân | Dung dịch vệ sinh phụ nữ,cham-soc-ca-nhan | cham-soc-ca-nhan/ve-sinh-ca-nhan | cham-soc-ca-nhan/dung-dich-ve-sinh-phu-nu,True,True,100,0,https://nhathuoclongchau.com.vn/cham-soc-ca-nhan/dung-dich-ve-sinh-phu-nu-femfresh-intima-skin-care-active-wash-250ml-35758.html,cham-soc-ca-nhan,0
66,00032927,TINH DẦU XÔNG GIẢI CẢM - THẢI ĐỘC THẢO NGUYÊN 500ML,"Tinh dầu xông Thảo Nguyên giải cảm, thải độc ngừa bệnh lây qua đường hô hấp (500ml)",cham-soc-ca-nhan/tinh-dau-xong-giai-cam-thai-doc-thao-nguyen-500ml-33044.html,189000.0,Chai,đ,https://cdn.nhathuoclongchau.com.vn/unsafe/https://cms-prod.s3-sgn09.fptcloud.com/00032927_tinh_dau_xong_giai_cam_thai_doc_thao_nguyen_500ml_8669_62af_large_660baa5906.jpg,"Tinh dầu khuynh diệp , Tinh dầu hương nhu , Tinh dầu tràm , Tinh dầu hương Thảo , Ngải cứu , Kinh giới , Xuyên tâm liên , Cúc tần , Ngũ trảo , Tinh Dầu Vỏ Chanh , Cỏ Xạ Hương ",,Thảo Nguyên,Chai,Chăm sóc cá nhân | Tinh dầu các loại | Tinh dầu xông,cham-soc-ca-nhan | cham-soc-ca-nhan/tinh-dau-cac-loai | cham-soc-ca-nhan/tinh-dau-xong,True,True,100,0,https://nhathuoclongchau.com.vn/cham-soc-ca-nhan/tinh-dau-xong-giai-cam-thai-doc-thao-nguyen-500ml-33044.html,cham-soc-ca-nhan,0
67,00018654,BCS SAGAMI ARE ARE CÓ GÂN VÀ CHẤM NỔI 5 CÁI,Bao cao su Sagami Are - Are có gân và chấm nổi  phòng tránh thai và các bệnh lây qua đường tình dục (5 cái),cham-soc-ca-nhan/bcs-sagami-are-are-co-gan-va-cham-noi-5-cai-19955.html,75000.0,Hộp,đ,https://cdn.nhathuoclongchau.com.vn/unsafe/https://cms-prod.s3-sgn09.fptcloud.com/00018654_bcs_sagami_500_are_are_5_cai_7775_63d7_large_e928bce495.jpg,"Chất bôi trơn , Cao su tinh chế ",,SAGAMI,Hộp 5 Cái,Chăm sóc cá nhân | Hỗ trợ tình dục | Bao cao su,cham-soc-ca-nhan | cham-soc-ca-nhan/ho-tro-tinh-duc | cham-soc-ca-nhan/bao-cao-su,True,True,100,0,https://nhathuoclongchau.com.vn/cham-soc-ca-nhan/bcs-sagami-are-are-co-gan-va-cham-noi-5-cai-19955.html,cham-soc-ca-nhan,0
68,00018655,"BCS SAGAMI TYPE E MÀU XANH, CÓ GÂN, GAI 1 LẦN THẮT 5 CÁI",Bao cao su Sagami Type E màu xanh có gân gai phòng tránh thai và bệnh lây qua đường tình dục (5 cái),cham-soc-ca-nhan/bcs-sagami-type-e-mau-xanh-co-gan-gai-1-lan-that-5-cai-19969.html,75000.0,Hộp,đ,https://cdn.nhathuoclongchau.com.vn/unsafe/https://cms-prod.s3-sgn09.fptcloud.com/00018655_bcs_sagami_type_e_5_cai_6429_63d7_large_52daa51641.jpg,Cao su tinh chế ,,SAGAMI,Hộp 5 Cái,Chăm sóc cá nhân | Hỗ trợ tình dục | Bao cao su,cham-soc-ca-nhan | cham-soc-ca-nhan/ho-tro-tinh-duc | cham-soc-ca-nhan/bao-cao-su,True,True,100,0,https://nhathuoclongchau.com.vn/cham-soc-ca-nhan/bcs-sagami-type-e-mau-xanh-co-gan-gai-1-lan-that-5-cai-19969.html,cham-soc-ca-nhan,0
69,00022042,"DUNG DỊCH VỆ SINH PHỤ NỮ NATURAL FEMININE CURCUMIN WASH GIÚP LÀM SẠCH, KHỬ MÙI VÙNG KÍN 100ML","Dung dịch vệ sinh phụ nữ Natural Feminine Curcumin Wash giúp làm sạch, khử mùi vùng kín (100ml)",cham-soc-ca-nhan/dung-dich-ve-sinh-phu-nu-natural-feminine-curcumin-wash-100ml-22384.html,62000.0,Chai,đ,https://cdn.nhathuoclongchau.com.vn/unsafe/https://cms-prod.s3-sgn09.fptcloud.com/DSC_09159_d3658f45cd.png,"Curcumin , Piper betle extract , Tocopherol , Sodium Laureth Sulfate , Cocamidopropyl betaine , Olive Oil PEG-7 Esters , Sodium lactate , Sodium Gluconate , Lactic Acid , Gluconolactone , Glycerol , Undaria pinnatifida , Sodium clorid ",,Natural Feminine,Chai,Chăm sóc cá nhân | Vệ sinh cá nhân | Dung dịch vệ sinh phụ nữ,cham-soc-ca-nhan | cham-soc-ca-nhan/ve-sinh-ca-nhan | cham-soc-ca-nhan/dung-dich-ve-sinh-phu-nu,True,True,100,0,https://nhathuoclongchau.com.vn/cham-soc-ca-nhan/dung-dich-ve-sinh-phu-nu-natural-feminine-curcumin-wash-100ml-22384.html,cham-soc-ca-nhan,0
70,00048193,MẬT ONG GỪNG VÀ GIẤM TÁO MIELE 250G,Mật Ong Gừng Và Giấm Táo Miele (250g),cham-soc-ca-nhan/mat-ong-gung-va-giam-tao-miele-250-g.html,194000.0,Hộp,đ,https://cdn.nhathuoclongchau.com.vn/unsafe/https://cms-prod.s3-sgn09.fptcloud.com/11_652eaab182.png,"Mật ong , Gừng , Giấm táo ",,MIELE,Hộp,Chăm sóc cá nhân | Thực phẩm - Đồ uống,cham-soc-ca-nhan | cham-soc-ca-nhan/thuc-pham-do-uong,True,True,90,0,https://nhathuoclongchau.com.vn/cham-soc-ca-nhan/mat-ong-gung-va-giam-tao-miele-250-g.html,cham-soc-ca-nhan,0
71,00048192,MẬT ONG CURCUMIN MIELE 250G,Mật Ong Curcumin Miele (250g),cham-soc-ca-nhan/mat-ong-curcumin-miele-250-g.html,215000.0,Hộp,đ,https://cdn.nhathuoclongchau.com.vn/unsafe/https://cms-prod.s3-sgn09.fptcloud.com/DSC_01306_17b851b929.jpg,"Mật ong 95.97%, Curcumin 4%, Piperine 0.03%",,MIELE,Hộp,Chăm sóc cá nhân | Thực phẩm - Đồ uống,cham-soc-ca-nhan | cham-soc-ca-nhan/thuc-pham-do-uong,True,True,90,0,https://nhathuoclongchau.com.vn/cham-soc-ca-nhan/mat-ong-curcumin-miele-250-g.html,cham-soc-ca-nhan,0
72,00047618,NƯỚC UỐNG GIẢI RƯỢU HUTKAE POWDER KWANGDONG 10 CHAI X 100ML,Nước Uống Giải Rượu Hutkae Powder Kwangdong (10 chai x 100ml),cham-soc-ca-nhan/nuoc-uong-giai-ruou-hutkae-powder-kwangdong-10-chai-x-100-ml-2.html,560000.0,Hộp,đ,https://cdn.nhathuoclongchau.com.vn/unsafe/https://cms-prod.s3-sgn09.fptcloud.com/DSC_08108_d4bd21f6ae.jpg,"Nước tinh khiết , Fructose , Maltitol syrup , Chiết xuất từ trái cây sồi cô đặc , Nước táo cô đặc , Cô đặc trái cây bồ công anh , Mật ong , chiết xuất mầm gạo , Taurine , Betacyclodextrin , Axit citric , Trisodium citrate , Lô hội , Pectin , Vitamin B1 , Vitamin B2 ",Dung dịch uống,Kwang Dong,Hộp 10 Chai,Chăm sóc cá nhân | Thực phẩm - Đồ uống,cham-soc-ca-nhan | cham-soc-ca-nhan/thuc-pham-do-uong,True,True,90,0,https://nhathuoclongchau.com.vn/cham-soc-ca-nhan/nuoc-uong-giai-ruou-hutkae-powder-kwangdong-10-chai-x-100-ml-2.html,cham-soc-ca-nhan,0
73,00047425,BỘT ĐẬU ĐEN CỎ MỰC NGUYÊN CHẤT DATINO 15 GÓI X 3G,Bột Đậu Đen Cỏ Mực Nguyên Chất Datino (15 gói x 3g),cham-soc-ca-nhan/bot-dau-den-co-muc-nguyen-chat-datino-15-goi-x-3-g.html,125000.0,Hộp,đ,https://cdn.nhathuoclongchau.com.vn/unsafe/https://cms-prod.s3-sgn09.fptcloud.com/DSC_02099_c8adc961c0.jpg,"Bột Đậu Đen 1.8g, Bột Cỏ Mực 1.2g",Dạng bột,Datino,Hộp 15 Gói,Chăm sóc cá nhân | Thực phẩm - Đồ uống,cham-soc-ca-nhan | cham-soc-ca-nhan/thuc-pham-do-uong,True,True,90,0,https://nhathuoclongchau.com.vn/cham-soc-ca-nhan/bot-dau-den-co-muc-nguyen-chat-datino-15-goi-x-3-g.html,cham-soc-ca-nhan,0
74,00047424,BỘT TÍA TÔ NGUYÊN CHẤT DATINO 15 GÓI X 3G,Bột Tía Tô Nguyên Chất Datino (15 gói x 3g),cham-soc-ca-nhan/bot-tia-to-nguyen-chat-datino-15-goi-x-3-g.html,115000.0,Hộp,đ,https://cdn.nhathuoclongchau.com.vn/unsafe/https://cms-prod.s3-sgn09.fptcloud.com/DSC_02089_f2e8d8752b.jpg,Bột tía tô ,Dạng bột,Datino,Hộp 15 Gói,Chăm sóc cá nhân | Thực phẩm - Đồ uống,cham-soc-ca-nhan | cham-soc-ca-nhan/thuc-pham-do-uong,True,True,90,0,https://nhathuoclongchau.com.vn/cham-soc-ca-nhan/bot-tia-to-nguyen-chat-datino-15-goi-x-3-g.html,cham-soc-ca-nhan,0
75,00047423,BỘT CỦ DỀN NGUYÊN CHẤT DATINO 15 GÓI X 3G,Bột củ dền nguyên chất Datino (15 gói x 3g),cham-soc-ca-nhan/bot-cu-den-nguyen-chat-datino-15-goi-x-3-g.html,115000.0,Hộp,đ,https://cdn.nhathuoclongchau.com.vn/unsafe/https://cms-prod.s3-sgn09.fptcloud.com/DSC_02027_3a71b0d02b.jpg,Bột Củ Dền ,Dạng bột,Datino,Hộp 15 Gói,Chăm sóc cá nhân | Thực phẩm - Đồ uống,cham-soc-ca-nhan | cham-soc-ca-nhan/thuc-pham-do-uong,True,True,90,0,https://nhathuoclongchau.com.vn/cham-soc-ca-nhan/bot-cu-den-nguyen-chat-datino-15-goi-x-3-g.html,cham-soc-ca-nhan,0
76,00045302,"COLLAGEN CONDITION BEYOU AMPOULE 10,000MG 10 CHAI","Thực phẩm bổ sung Collagen Condition Beyou Ampoule 10,000mg (10 chai)",cham-soc-ca-nhan/collagen-condition-beyou-ampoule-10-000-mg-10-chai.html,870000.0,Hộp,đ,https://cdn.nhathuoclongchau.com.vn/unsafe/https://cms-prod.s3-sgn09.fptcloud.com/DSC_08098_a8caaa2d58.jpg,"Nước tinh khiết , Collagen thủy phân siêu phân tử từ cá 10000mg, Nước ép cô đặc từ quả anh đào Tart Montmorency 500mg, Nước ép cô đặc từ quả đào 2000mg, Nước ép cô đặc từ 7 loại quá Berry 1000mg, Bột chiết xuất Đông trùng hạ thảo 200mg",Dung dịch uống,Kolmar,Hộp 10 Chai,Chăm sóc cá nhân | Thực phẩm - Đồ uống,cham-soc-ca-nhan | cham-soc-ca-nhan/thuc-pham-do-uong,True,True,90,0,https://nhathuoclongchau.com.vn/cham-soc-ca-nhan/collagen-condition-beyou-ampoule-10-000-mg-10-chai.html,cham-soc-ca-nhan,0
77,00045246,BAO CAO SU OKAMOTO SKINLESS SKIN SIÊU BÔI TRƠN KHÔNG MÙI HỘP 10 CÁI,"Bao cao su Okamoto Skinless skin super lubricative siêu mỏng, dẻo dai và mềm mại (10 cái)",cham-soc-ca-nhan/bao-cao-su-okamoto-skinless-skin-sieu-boi-tron-khong-mui-hop-10-cai.html,108000.0,Hộp,đ,https://cdn.nhathuoclongchau.com.vn/unsafe/https://cms-prod.s3-sgn09.fptcloud.com/DSC_02462_cb68b5f857.jpg,Cao su thiên nhiên ,,OKAMOTO,Hộp 10 Cái,Chăm sóc cá nhân | Hỗ trợ tình dục | Bao cao su,cham-soc-ca-nhan | cham-soc-ca-nhan/ho-tro-tinh-duc | cham-soc-ca-nhan/bao-cao-su,True,True,90,0,https://nhathuoclongchau.com.vn/cham-soc-ca-nhan/bao-cao-su-okamoto-skinless-skin-sieu-boi-tron-khong-mui-hop-10-cai.html,cham-soc-ca-nhan,0
78,00045245,BAO CAO SU OKAMOTO SKINLESS SKIN ORANGE SIÊU BÔI TRƠN HƯƠNG CAM HỘP 10 CÁI,"Bao cao su Okamoto Skinless skin Orange mềm mại, dẻo dai (10 cái)",cham-soc-ca-nhan/bao-cao-su-okamoto-skinless-skin-orange-sieu-boi-tron-huong-cam-hop-10-cai.html,102000.0,Hộp,đ,https://cdn.nhathuoclongchau.com.vn/unsafe/https://cms-prod.s3-sgn09.fptcloud.com/DSC_02474_64e9c08df7.jpg,Cao su thiên nhiên ,,OKAMOTO,Hộp 10 Cái,Chăm sóc cá nhân | Hỗ trợ tình dục | Bao cao su,cham-soc-ca-nhan | cham-soc-ca-nhan/ho-tro-tinh-duc | cham-soc-ca-nhan/bao-cao-su,True,True,90,0,https://nhathuoclongchau.com.vn/cham-soc-ca-nhan/bao-cao-su-okamoto-skinless-skin-orange-sieu-boi-tron-huong-cam-hop-10-cai.html,cham-soc-ca-nhan,0
79,00045244,BAO CAO SU OKAMOTO SKINLESS SKIN VANILLA HƯƠNG VANI HỘP 10 CÁI,"Bao cao su Okamoto Skinless skin Vanilla mềm mại, dẻo dai (10 cái)",cham-soc-ca-nhan/bao-cao-su-okamoto-skinless-skin-vanilla-huong-vani-hop-10-cai.html,88000.0,Hộp,đ,https://cdn.nhathuoclongchau.com.vn/unsafe/https://cms-prod.s3-sgn09.fptcloud.com/DSC_02452_b512712b85.jpg,Cao su thiên nhiên ,,OKAMOTO,Hộp 10 Cái,Chăm sóc cá nhân | Hỗ trợ tình dục | Bao cao su,cham-soc-ca-nhan | cham-soc-ca-nhan/ho-tro-tinh-duc | cham-soc-ca-nhan/bao-cao-su,True,True,90,0,https://nhathuoclongchau.com.vn/cham-soc-ca-nhan/bao-cao-su-okamoto-skinless-skin-vanilla-huong-vani-hop-10-cai.html,cham-soc-ca-nhan,0
80,00045243,BAO CAO SU OKAMOTO DOT DE COOL GAI TƯƠI MÁT HỘP 3 CÁI,Bao cao su Okamoto Dot De Cool mang đến cảm giác mát lạnh sảng khoái (3 cái),cham-soc-ca-nhan/bao-cao-su-okamoto-dot-de-cool-gai-tuoi-mat-hop-3-cai.html,83000.0,Hộp,đ,https://cdn.nhathuoclongchau.com.vn/unsafe/https://cms-prod.s3-sgn09.fptcloud.com/DSC_02488_aa39c8be63.jpg,Cao su thiên nhiên ,,OKAMOTO,Hộp 3 Cái,Chăm sóc cá nhân | Hỗ trợ tình dục | Bao cao su,cham-soc-ca-nhan | cham-soc-ca-nhan/ho-tro-tinh-duc | cham-soc-ca-nhan/bao-cao-su,True,True,90,0,https://nhathuoclongchau.com.vn/cham-soc-ca-nhan/bao-cao-su-okamoto-dot-de-cool-gai-tuoi-mat-hop-3-cai.html,cham-soc-ca-nhan,0
81,00044200,THỰC PHẨM BỔ SUNG GU GEL LIQUIDENERGY STRAWBERRY BANANA 60G,Thực phẩm bổ sung GU Gel Liquid Energy Strawberry Banana 60g bổ sung năng lượng trong các hoạt động thể thao,cham-soc-ca-nhan/thuc-pham-bo-sung-gu-gel-liquidenergy-strawberry-banana-60-g.html,59000.0,Gói,đ,https://cdn.nhathuoclongchau.com.vn/unsafe/https://cms-prod.s3-sgn09.fptcloud.com/5_53d0b78d79.jpg,"Nước , Maltodextrin , Fructose , L-Leucine , Hương dâu tự nhiên , Acid citric , Trinatri Citrat , Chiết xuất lá chè xanh , Muối biển , L-Valine , Gellan Gum , L-Isoleucine , Hương chuối tự nhiên , Nước ép dâu và chuối cô đặc ",Nhũ tương (Gel),GU,Lốc 12 Gói,Chăm sóc cá nhân | Thực phẩm - Đồ uống,cham-soc-ca-nhan | cham-soc-ca-nhan/thuc-pham-do-uong,True,True,90,0,https://nhathuoclongchau.com.vn/cham-soc-ca-nhan/thuc-pham-bo-sung-gu-gel-liquidenergy-strawberry-banana-60-g.html,cham-soc-ca-nhan,0
82,00044199,THỰC PHẨM BỔ SUNG GU GEL LIQUIDENERGY ORANGE 60G,Thực phẩm bổ sung GU Gel Liquid Energy Orange 60g bổ sung năng lượng trong các hoạt động thể thao,cham-soc-ca-nhan/thuc-pham-bo-sung-gu-gel-liquidenergy-orange-60-g.html,59000.0,Gói,đ,https://cdn.nhathuoclongchau.com.vn/unsafe/https://cms-prod.s3-sgn09.fptcloud.com/1_51668f1475.jpg,"Nước , Maltodextrin , Fructose , L-Leucine , Hương cam tự nhiên , Acid citric , Trinatri Citrat , Chiết xuất lá chè xanh , Muối biển , L-Valine , Gellan Gum , L-Isoleucine , Phẩm màu tự nhiên chiết xuất ớt paprika ",Nhũ tương (Gel),GU,Lốc 12 Gói,Chăm sóc cá nhân | Thực phẩm - Đồ uống,cham-soc-ca-nhan | cham-soc-ca-nhan/thuc-pham-do-uong,True,True,90,0,https://nhathuoclongchau.com.vn/cham-soc-ca-nhan/thuc-pham-bo-sung-gu-gel-liquidenergy-orange-60-g.html,cham-soc-ca-nhan,0
83,00044198,THỰC PHẨM BỔ SUNG GU GEL LIQUIDENERGY LEMONADE 60G,Thực phẩm bổ sung GU Gel Liquid Energy Lemonade 60g bổ sung năng lượng trong các hoạt động thể thao ,cham-soc-ca-nhan/thuc-pham-bo-sung-gu-gel-liquidenergy-lemonade-60-g.html,59000.0,Gói,đ,https://cdn.nhathuoclongchau.com.vn/unsafe/https://cms-prod.s3-sgn09.fptcloud.com/4_930a5117b6.jpg,"Nước , Maltodextrin , Fructose , L-Leucine , hương chanh tự nhiên , Acid citric , Trinatri Citrat , Chiết xuất lá chè xanh , Muối biển , L-Valine , Gellan Gum , L-Isoleucine ",Nhũ tương (Gel),GU,Lốc 12 Gói,Chăm sóc cá nhân | Thực phẩm - Đồ uống,cham-soc-ca-nhan | cham-soc-ca-nhan/thuc-pham-do-uong,True,True,90,0,https://nhathuoclongchau.com.vn/cham-soc-ca-nhan/thuc-pham-bo-sung-gu-gel-liquidenergy-lemonade-60-g.html,cham-soc-ca-nhan,0
84,00044197,THỰC PHẨM BỔ SUNG GU GEL LIQUIDENERGY COFFEE 60G,Thực phẩm bổ sung GU Gel Liquid Energy Coffee 60g bổ sung năng lượng trong các hoạt động thể thao,cham-soc-ca-nhan/thuc-pham-bo-sung-gu-gel-liquidenergy-coffee-60-g.html,59000.0,Gói,đ,https://cdn.nhathuoclongchau.com.vn/unsafe/https://cms-prod.s3-sgn09.fptcloud.com/5_992722cd40.jpg,"Nước , Maltodextrin , Fructose , L-Leucine , Hương cà phê tự nhiên , Acid citric , Trinatri Citrat , Chiết xuất lá chè xanh , Muối biển , L-Valine , Gellan Gum , L-Isoleucine ",Nhũ tương (Gel),GU,Lốc 12 Gói,Chăm sóc cá nhân | Thực phẩm - Đồ uống,cham-soc-ca-nhan | cham-soc-ca-nhan/thuc-pham-do-uong,True,True,90,0,https://nhathuoclongchau.com.vn/cham-soc-ca-nhan/thuc-pham-bo-sung-gu-gel-liquidenergy-coffee-60-g.html,cham-soc-ca-nhan,0
85,00044164,BÀN CHẢI ĐÁNH RĂNG TRẺ EM ORAL-B VITALITY D12 DISNEY FROZEN - SẠC ĐIỆN,Bàn chải đánh răng trẻ em sạc điện Oral-B Vitality D12 Disney Frozen giúp làm sạch mảng bám trên răng một cách toàn diện,cham-soc-ca-nhan/ban-chai-danh-rang-tre-em-oral-b-vitality-d12-disney-frozen-sac-dien.html,999000.0,Hộp,đ,https://cdn.nhathuoclongchau.com.vn/unsafe/https://cms-prod.s3-sgn09.fptcloud.com/DSC_09730_6ca1ccf34c.png,"Nhựa , PA , TPE , POM , PIN ",,Oral-B,Hộp,Chăm sóc cá nhân | Đồ dùng gia đình | Đồ dùng cho bé,cham-soc-ca-nhan | cham-soc-ca-nhan/do-dung-gia-dinh | cham-soc-ca-nhan/do-dung-cho-be,True,True,90,0,https://nhathuoclongchau.com.vn/cham-soc-ca-nhan/ban-chai-danh-rang-tre-em-oral-b-vitality-d12-disney-frozen-sac-dien.html,cham-soc-ca-nhan,0
86,00044163,BÀN CHẢI ĐÁNH RĂNG TRẺ EM ORAL-B VITALITY D12 DISNEY CARS - SẠC ĐIỆN,Bàn chải đánh răng trẻ em sạc điện Oral-B Vitality D12 Disney Cars giúp làm sạch mảng bám trên răng một cách toàn diện,cham-soc-ca-nhan/ban-chai-danh-rang-tre-em-oral-b-vitality-d12-disney-cars-sac-dien.html,999000.0,Hộp,đ,https://cdn.nhathuoclongchau.com.vn/unsafe/https://cms-prod.s3-sgn09.fptcloud.com/DSC_02831_34742d5e13.jpg,"Nhựa , PA , TPE , POM , PIN ",,Oral-B,Hộp,Chăm sóc cá nhân | Đồ dùng gia đình | Đồ dùng cho bé,cham-soc-ca-nhan | cham-soc-ca-nhan/do-dung-gia-dinh | cham-soc-ca-nhan/do-dung-cho-be,True,True,90,0,https://nhathuoclongchau.com.vn/cham-soc-ca-nhan/ban-chai-danh-rang-tre-em-oral-b-vitality-d12-disney-cars-sac-dien.html,cham-soc-ca-nhan,0
87,00044159,ĐẦU CHẢI RĂNG NGƯỜI LỚN ORAL-B ULTRATHIN,"Đầu chải răng người lớn Oral-B Ultrathin EB60 hỗ trợ làm sạch các mảng bám cứng đầu trên răng, chăm sóc nướu răng",cham-soc-ca-nhan/dau-chai-rang-nguoi-lon-oral-b-ultrathin-eb-60.html,440000.0,Hộp,đ,https://cdn.nhathuoclongchau.com.vn/unsafe/https://cms-prod.s3-sgn09.fptcloud.com/DSC_04213_72bf91f682.jpg,Nhựa ,,Oral-B,Hộp,Chăm sóc cá nhân | Chăm sóc răng miệng | Chăm sóc răng,cham-soc-ca-nhan | cham-soc-ca-nhan/cham-soc-rang-mieng | cham-soc-ca-nhan/cham-soc-rang,True,True,90,0,https://nhathuoclongchau.com.vn/cham-soc-ca-nhan/dau-chai-rang-nguoi-lon-oral-b-ultrathin-eb-60.html,cham-soc-ca-nhan,0
88,00044158,BÀN CHẢI ĐÁNH RĂNG ĐIỆN ORAL-B VITALITY D12.513,"Bàn chải điện Oral-B Vitality Ultrathin D12.513 giúp làm sạch mảng bám trên răng, loại bỏ các vết ố răng",cham-soc-ca-nhan/ban-chai-danh-rang-dien-oral-b-vitality-ultrathin-d12-513.html,999000.0,Hộp,đ,https://cdn.nhathuoclongchau.com.vn/unsafe/https://cms-prod.s3-sgn09.fptcloud.com/DSC_00212_075b7f4e1d.jpg,"PIN , POM , TPE , Polypropylen , polyamide ",,Oral-B,Hộp,Chăm sóc cá nhân | Chăm sóc răng miệng | Bàn chải điện,cham-soc-ca-nhan | cham-soc-ca-nhan/cham-soc-rang-mieng | cham-soc-ca-nhan/ban-chai-dien,True,True,90,0,https://nhathuoclongchau.com.vn/cham-soc-ca-nhan/ban-chai-danh-rang-dien-oral-b-vitality-ultrathin-d12-513.html,cham-soc-ca-nhan,0
89,00043049,NƯỚC YẾN SÀO CAO CẤP NUNEST DETOX HẠT CHIA 5% YẾN 6 CHAI X 185ML,Nước Yến Sào Cao Cấp Nunest Detox Hạt Chia 5% Yến (6 chai x 185ml),cham-soc-ca-nhan/nuoc-yen-sao-cao-cap-nunest-detox-hat-chia-5-yen-6-chai-x-185-ml-1.html,180000.0,Lốc,đ,https://cdn.nhathuoclongchau.com.vn/unsafe/https://cms-prod.s3-sgn09.fptcloud.com/DSC_08485_0fcdce00c2.jpg,"Nước , Yến sào chưng sẵn đường ăn kiêng , Maltitol , Canxi lactat , Chất ổn định , Isomalt , Collagen peptide , Hương tổng hợp , Hạt chia , Chất tạo ngọt tự nhiên , axit hyaluronic ",,Nunest,Lốc 6 Chai,Chăm sóc cá nhân | Thực phẩm - Đồ uống | Nước Yến,cham-soc-ca-nhan | cham-soc-ca-nhan/thuc-pham-do-uong | cham-soc-ca-nhan/nuoc-yen,True,True,90,0,https://nhathuoclongchau.com.vn/cham-soc-ca-nhan/nuoc-yen-sao-cao-cap-nunest-detox-hat-chia-5-yen-6-chai-x-185-ml-1.html,cham-soc-ca-nhan,0
90,00042855,THỰC PHẨM BỔ SUNG GU ROCTANE ENERGY GEL BLUEBERRY POMEGRANATE 32G,Thực phẩm bổ sung GU Gel Blueberry Pomegranate bổ sung năng lượng trong hoạt động thể thao (32g) ,cham-soc-ca-nhan/thuc-pham-bo-sung-gu-roctane-energy-gel-blueberry-pomegranate-32-g-2.html,75000.0,Gói,đ,https://cdn.nhathuoclongchau.com.vn/unsafe/https://cms-prod.s3-sgn09.fptcloud.com/1_cf8002ef07.jpg,"Maltodextrin , Nước , Fructose , L-Leucine , Taurine , Sodium Citrate , L-Valine , Hương tự nhiên , Acid citric , Potassium Citrate , Malic Acid , Calcium Carbonate , Beta-Alanine , Isoleucine , Gellan Gum , Capric Triglyceride , Sodium benzoate , Potassium sorbate , Chiết xuất lá trà xanh , Caffeine ",Nhũ tương (Gel),GU,Lốc 24 Gói,Chăm sóc cá nhân | Thực phẩm - Đồ uống,cham-soc-ca-nhan | cham-soc-ca-nhan/thuc-pham-do-uong,True,True,90,0,https://nhathuoclongchau.com.vn/cham-soc-ca-nhan/thuc-pham-bo-sung-gu-roctane-energy-gel-blueberry-pomegranate-32-g-2.html,cham-soc-ca-nhan,0
91,00042854,THỰC PHẨM BỔ SUNG GU ROCTANE ENERGY GEL STRAWBERRY KIWI 32G,Thực phẩm bổ sung GU Gel Strawberry Kiwi bổ sung năng lượng trong hoạt động thể thao (32g),cham-soc-ca-nhan/thuc-pham-bo-sung-gu-roctane-energy-gel-strawberry-kiwi-32-g-1.html,75000.0,Gói,đ,https://cdn.nhathuoclongchau.com.vn/unsafe/https://cms-prod.s3-sgn09.fptcloud.com/1_3f14fba160.jpg,"Maltodextrin , Nước , Fructose , L-Leucine , Taurine , Sodium Citrate , L-Valine , Hương tự nhiên , Acid citric , Potassium Citrate , Malic Acid , Calcium Carbonate , Beta-Alanine , Isoleucine , Gellan Gum , Capric Triglyceride , Muối , Sodium benzoate , Potassium sorbate ",Nhũ tương (Gel),GU,Lốc 24 Gói,Chăm sóc cá nhân | Thực phẩm - Đồ uống,cham-soc-ca-nhan | cham-soc-ca-nhan/thuc-pham-do-uong,True,True,90,0,https://nhathuoclongchau.com.vn/cham-soc-ca-nhan/thuc-pham-bo-sung-gu-roctane-energy-gel-strawberry-kiwi-32-g-1.html,cham-soc-ca-nhan,0
92,00041325,"DUNG DỊCH VỆ SINH PHỤ NỮ DẠNG BỌT NATURAL FEMININE CURCUMIN LÀM SẠCH, KHỬ MÙI, KHÁNG KHUẨN 160ML","Dung dịch vệ sinh phụ nữ dạng bọt Natural Feminine Curcumin làm sạch, khử mùi, kháng khuẩn (160ml)",cham-soc-ca-nhan/dung-dich-ve-sinh-phu-nu-dang-bot-natural-feminine-curcumin-160-ml.html,135000.0,Hộp,đ,https://cdn.nhathuoclongchau.com.vn/unsafe/https://cms-prod.s3-sgn09.fptcloud.com/DSC_09178_e7064c30b4.png,"Water , Cocamidopropyl betaine , Disodium Laureth Sulfosuccinate , Decyl glucoside , Polyquaternium-7 , Piper Betle (Leaf) Extract , Curcumin , Lactic Acid , Sodium benzoate , Aloe barbadensis leaf extract , Glycerin , Panthenol , Camellia Sinensis Leaf Extract , Rose Centifolia Flower Extract , Prunus Mume Fruit Extract , Centella Asiatica Extract , Undaria Pinnatifida Extract , Niacinamide , Euglena Gracilis Polysaccharide , Hydrolyzed Collagen , Fragrance , Citric Acid , Sodium Citrate , Sodium Chloride , Gluconolactone , Tetrasodium EDTA , Menthol , Tocopherol acetate ",,Natural Feminine,Hộp x 160ml,Chăm sóc cá nhân | Vệ sinh cá nhân | Dung dịch vệ sinh phụ nữ,cham-soc-ca-nhan | cham-soc-ca-nhan/ve-sinh-ca-nhan | cham-soc-ca-nhan/dung-dich-ve-sinh-phu-nu,True,True,90,0,https://nhathuoclongchau.com.vn/cham-soc-ca-nhan/dung-dich-ve-sinh-phu-nu-dang-bot-natural-feminine-curcumin-160-ml.html,cham-soc-ca-nhan,0
93,00041295,NƯỚC YẾN SÀO VÀ SÂM LÁT GREENBIRD 4 HŨ X 72G,Nước Yến Sào Và Sâm Lát Greenbird (4 hũ x 72g),cham-soc-ca-nhan/nuoc-yen-sao-va-sam-lat-greenbird-4-hu-x-72-g.html,160000.0,Hộp,đ,https://cdn.nhathuoclongchau.com.vn/unsafe/https://cms-prod.s3-sgn09.fptcloud.com/DSC_01392_e34a477fe1.jpg,"Nước 70%, Sợi yến 20%, Đường phèn vàng , Đường hữu cơ 1.6%, Nhân sâm lát 0.22%, Chiết xuất nhân sâm 0.15%, Chất làm dày , Chất điều chỉnh độ acid , Hương liệu Nhân Sâm nhân tạo , Màu tự nhiên caramel 150d ",,Greenbird,Hộp 4 Hũ,Chăm sóc cá nhân | Thực phẩm - Đồ uống | Nước Yến,cham-soc-ca-nhan | cham-soc-ca-nhan/thuc-pham-do-uong | cham-soc-ca-nhan/nuoc-yen,True,True,90,0,https://nhathuoclongchau.com.vn/cham-soc-ca-nhan/nuoc-yen-sao-va-sam-lat-greenbird-4-hu-x-72-g.html,cham-soc-ca-nhan,0
94,00041254,TRÀ THẢO DƯỢC GIẢO CỔ LAM KAMI TEA 20 TÚI LỌC X 2G,Trà Thảo Dược Giảo Cổ Lam Kami Tea (20 túi lọc x 2g),cham-soc-ca-nhan/tra-thao-duoc-giao-co-lam-kami-tea-20-tui-loc-x-2-g.html,60000.0,Hộp,đ,https://cdn.nhathuoclongchau.com.vn/unsafe/https://cms-prod.s3-sgn09.fptcloud.com/DSC_00485_75075ca602.jpg,"Giảo cổ lam 1.05g, Dây thìa canh 0.8g, Cỏ ngọt 0.14g, Kẽm Gluconat 10mg",,KAMI TEA,Hộp 20 Túi,Chăm sóc cá nhân | Thực phẩm - Đồ uống | Trà thảo dược,cham-soc-ca-nhan | cham-soc-ca-nhan/thuc-pham-do-uong | cham-soc-ca-nhan/tra,True,True,90,0,https://nhathuoclongchau.com.vn/cham-soc-ca-nhan/tra-thao-duoc-giao-co-lam-kami-tea-20-tui-loc-x-2-g.html,cham-soc-ca-nhan,0
95,00041253,TRÀ THẢO DƯỢC TÍA TÔ - GỪNG KAMI TEA 20 TÚI LỌC X 2G,Trà Thảo Dược Tía Tô - Gừng Kami Tea (20 túi lọc x 2g),cham-soc-ca-nhan/tra-thao-duoc-tia-to-gung-kami-tea-20-tui-loc-x-2-g.html,65000.0,Hộp,đ,https://cdn.nhathuoclongchau.com.vn/unsafe/https://cms-prod.s3-sgn09.fptcloud.com/DSC_00476_f3ec76c7eb.jpg,"Tía Tô 1.3g, Gừng 0.45g, Cỏ ngọt 0.15g, Cam thảo 0.09g, Kẽm Gluconat 10mg",,KAMI TEA,Hộp 20 Túi,Chăm sóc cá nhân | Thực phẩm - Đồ uống | Trà thảo dược,cham-soc-ca-nhan | cham-soc-ca-nhan/thuc-pham-do-uong | cham-soc-ca-nhan/tra,True,True,90,0,https://nhathuoclongchau.com.vn/cham-soc-ca-nhan/tra-thao-duoc-tia-to-gung-kami-tea-20-tui-loc-x-2-g.html,cham-soc-ca-nhan,0
96,00041251,TRÀ THẢO DƯỢC NẤM ĐÔNG TRÙNG HẠ THẢO KAMI TEA 20 TÚI X 2G,Trà Thảo Dược Nấm Đông Trùng Hạ Thảo Kami Tea (20 túi x 2g),cham-soc-ca-nhan/tra-thao-duoc-nam-dong-trung-ha-thao-kami-tea-20-tui-x-2-g.html,195000.0,Hộp,đ,https://cdn.nhathuoclongchau.com.vn/unsafe/https://cms-prod.s3-sgn09.fptcloud.com/DSC_04995_6987fdb390.jpg,"Nấm Đông trùng hạ thảo 1g, Lạc tiên 0.3g, Liên tâm 0.3g, Nụ hoa tam thất 0.25g, Cỏ ngọt 0.1g, Thảo quyết minh 0.04g, Kẽm Gluconat 0.01g",,KAMI TEA,Hộp 20 Túi,Chăm sóc cá nhân | Thực phẩm - Đồ uống | Trà thảo dược,cham-soc-ca-nhan | cham-soc-ca-nhan/thuc-pham-do-uong | cham-soc-ca-nhan/tra,True,True,90,0,https://nhathuoclongchau.com.vn/cham-soc-ca-nhan/tra-thao-duoc-nam-dong-trung-ha-thao-kami-tea-20-tui-x-2-g.html,cham-soc-ca-nhan,0
97,00040888,TRÀ THẢO MỘC GOOD NIGHT DATINO PREMIUM TEA 20 TÚI LỌC X 2G,Trà Thảo Mộc Good Night Datino Premium Tea (20 túi lọc x 2g),cham-soc-ca-nhan/tra-thao-moc-good-night-datino-premium-tea-20-tui-loc-x-2-g.html,45000.0,Hộp,đ,https://cdn.nhathuoclongchau.com.vn/unsafe/https://cms-prod.s3-sgn09.fptcloud.com/DSC_00151_d6b1fd30cf.jpg,"Bột Bình Vôi 1g, Bột Lạc Tiên 0.4g, Bột Nấm Đông Trùng Hạ Thảo 0.3g, Bột Tâm Sen 0.1g, Bột Thảo Quyết Minh 0.1g, Bột cỏ ngọt 0.1g",Túi lọc,Datino,Hộp 20 Túi,Chăm sóc cá nhân | Thực phẩm - Đồ uống | Trà thảo dược,cham-soc-ca-nhan | cham-soc-ca-nhan/thuc-pham-do-uong | cham-soc-ca-nhan/tra,True,True,90,0,https://nhathuoclongchau.com.vn/cham-soc-ca-nhan/tra-thao-moc-good-night-datino-premium-tea-20-tui-loc-x-2-g.html,cham-soc-ca-nhan,0
98,00040887,TRÀ THẢO MỘC GỪNG SẢ DATINO PREMIUM TEA 20 TÚI LỌC X 2G,Trà Thảo Mộc Gừng Sả Datino Premium Tea (20 túi lọc x 2g),cham-soc-ca-nhan/tra-thao-moc-gung-sa-datino-premium-tea-20-tui-loc-x-2-g.html,42000.0,Hộp,đ,https://cdn.nhathuoclongchau.com.vn/unsafe/https://cms-prod.s3-sgn09.fptcloud.com/DSC_00177_254ea8075f.jpg,"Bột Gừng 0.8g, Bột Sả 0.7g, Bột cỏ ngọt 0.3g, Bột Cam Thảo 0.2g",Túi lọc,Datino,Hộp 20 Túi,Chăm sóc cá nhân | Thực phẩm - Đồ uống | Trà thảo dược,cham-soc-ca-nhan | cham-soc-ca-nhan/thuc-pham-do-uong | cham-soc-ca-nhan/tra,True,True,90,0,https://nhathuoclongchau.com.vn/cham-soc-ca-nhan/tra-thao-moc-gung-sa-datino-premium-tea-20-tui-loc-x-2-g.html,cham-soc-ca-nhan,0
99,00040886,TRÀ THẢO MỘC ATISO DATINO PREMIUM TEA 20 TÚI LỌC X 2G,Trà Thảo Mộc Atiso Datino Premium Tea (20 túi lọc x 2g),cham-soc-ca-nhan/tra-thao-moc-atiso-datino-premium-tea-20-tui-loc-x-2-g.html,42000.0,Hộp,đ,https://cdn.nhathuoclongchau.com.vn/unsafe/https://cms-prod.s3-sgn09.fptcloud.com/DSC_00165_5eaaea42b8.jpg,"Bột Atisô 1.8g, Bột cỏ ngọt 0.2g",Túi lọc,Datino,Hộp 20 Túi,Chăm sóc cá nhân | Thực phẩm - Đồ uống | Trà thảo dược,cham-soc-ca-nhan | cham-soc-ca-nhan/thuc-pham-do-uong | cham-soc-ca-nhan/tra,True,True,90,0,https://nhathuoclongchau.com.vn/cham-soc-ca-nhan/tra-thao-moc-atiso-datino-premium-tea-20-tui-loc-x-2-g.html,cham-soc-ca-nhan,0
100,00040811,BAO CAO SU OKAMOTO 0.03 PLATINUM TRONG SUỐT MỀM MẠI HỘP 3 CÁI,"Bao cao su Okamoto 0.03 Platinum trong suốt, mềm mại, dùng để phòng tránh thai và ngăn ngừa HIV (3 cái)",cham-soc-ca-nhan/bao-cao-su-okamoto-0-03-platinum-trong-suot-mem-mai-hop-3-cai.html,147000.0,Hộp,đ,https://cdn.nhathuoclongchau.com.vn/unsafe/https://cms-prod.s3-sgn09.fptcloud.com/DSC_09679_b3900eaabc.jpg,Cao su thiên nhiên ,,OKAMOTO,Hộp 3 Cái,Chăm sóc cá nhân | Hỗ trợ tình dục | Bao cao su,cham-soc-ca-nhan | cham-soc-ca-nhan/ho-tro-tinh-duc | cham-soc-ca-nhan/bao-cao-su,True,True,90,0,https://nhathuoclongchau.com.vn/cham-soc-ca-nhan/bao-cao-su-okamoto-0-03-platinum-trong-suot-mem-mai-hop-3-cai.html,cham-soc-ca-nhan,0
101,00040808,BAO CAO SU OKAMOTO SKINLESS SKIN PURITY KHÔNG MÙI TINH KHIẾT HỘP 10 CÁI,"Bao cao su Okamoto Skinless Skin Purity không mùi, tinh khiết, dùng để phòng tránh thai và ngăn ngừa HIV (10 cái)",cham-soc-ca-nhan/bao-cao-su-okamoto-skinless-skin-purity-khong-mui-tinh-khiet-hop-10-cai.html,79000.0,Hộp,đ,https://cdn.nhathuoclongchau.com.vn/unsafe/https://cms-prod.s3-sgn09.fptcloud.com/DSC_09717_4be191b823.jpg,Cao su thiên nhiên ,,OKAMOTO,Hộp 10 Cái,Chăm sóc cá nhân | Hỗ trợ tình dục | Bao cao su,cham-soc-ca-nhan | cham-soc-ca-nhan/ho-tro-tinh-duc | cham-soc-ca-nhan/bao-cao-su,True,True,90,0,https://nhathuoclongchau.com.vn/cham-soc-ca-nhan/bao-cao-su-okamoto-skinless-skin-purity-khong-mui-tinh-khiet-hop-10-cai.html,cham-soc-ca-nhan,100
102,00040807,BAO CAO SU OKAMOTO SKINLESS SKIN PURITY KHÔNG MÙI TINH KHIẾT HỘP 3 CÁI,"Bao cao su Okamoto Skinless Skin Purity không mùi, tinh khiết, dùng để phòng tránh thai và ngăn ngừa HIV (3 cái)",cham-soc-ca-nhan/bao-cao-su-okamoto-skinless-skin-purity-khong-mui-tinh-khiet-hop-3-cai.html,29000.0,Hộp,đ,https://cdn.nhathuoclongchau.com.vn/unsafe/https://cms-prod.s3-sgn09.fptcloud.com/DSC_09694_08ef78d478.jpg,Cao su thiên nhiên ,,OKAMOTO,Hộp 3 Cái,Chăm sóc cá nhân | Hỗ trợ tình dục | Bao cao su,cham-soc-ca-nhan | cham-soc-ca-nhan/ho-tro-tinh-duc | cham-soc-ca-nhan/bao-cao-su,True,True,90,0,https://nhathuoclongchau.com.vn/cham-soc-ca-nhan/bao-cao-su-okamoto-skinless-skin-purity-khong-mui-tinh-khiet-hop-3-cai.html,cham-soc-ca-nhan,100
103,00039824,NƯỚC YẾN SÀO CAO CẤP NUNEST CERNA DÀNH CHO NGƯỜI TIỂU ĐƯỜNG 6 HŨ X 70ML,Nước Yến Sào Cao Cấp Nunest Cerna Dành Cho Người Tiểu Đường (6 hũ x 70ml),cham-soc-ca-nhan/nuoc-yen-sao-cao-cap-nunest-cerna-danh-cho-nguoi-tieu-duong-6-hu-x-70-ml.html,256000.0,Hộp,đ,https://cdn.nhathuoclongchau.com.vn/unsafe/https://cms-prod.s3-sgn09.fptcloud.com/DSC_05463_4289216657.jpg,"yến sào chưng sẵn không đường 15%, Isomalt , collagen II thủy phân , Chondroitin , Nhân Sâm , Nước , Maltitol , Canxi lactate , Chất ổn định , Hương tổng hợp , Chất bảo quản ",,Nunest,Hộp 6 Hũ,Chăm sóc cá nhân | Thực phẩm - Đồ uống | Nước Yến,cham-soc-ca-nhan | cham-soc-ca-nhan/thuc-pham-do-uong | cham-soc-ca-nhan/nuoc-yen,True,True,90,0,https://nhathuoclongchau.com.vn/cham-soc-ca-nhan/nuoc-yen-sao-cao-cap-nunest-cerna-danh-cho-nguoi-tieu-duong-6-hu-x-70-ml.html,cham-soc-ca-nhan,100
104,00039816,BỘT DIẾP CÁ NGUYÊN CHẤT DATINO 15 GÓI X 3G,Bột Diếp Cá Nguyên Chất Datino (15 gói x 3g),cham-soc-ca-nhan/bot-diep-ca-nguyen-chat-datino-15-goi-x-3-g.html,115000.0,Hộp,đ,https://cdn.nhathuoclongchau.com.vn/unsafe/https://cms-prod.s3-sgn09.fptcloud.com/DSC_09752_24fda6614d.jpg,Diếp cá 100%,,Datino,Hộp 15 Gói,Chăm sóc cá nhân | Thực phẩm - Đồ uống,cham-soc-ca-nhan | cham-soc-ca-nhan/thuc-pham-do-uong,True,True,90,0,https://nhathuoclongchau.com.vn/cham-soc-ca-nhan/bot-diep-ca-nguyen-chat-datino-15-goi-x-3-g.html,cham-soc-ca-nhan,100
105,00038884,NƯỚC YẾN SÀO CAO CẤP CHO TRẺ EM NUNEST KID VỊ DÂU LỐC 3+1 70ML,Nước Yến Sào Cao Cấp Cho Trẻ Em Nunest Kid Vị Dâu Lốc 3+1 (70ml),cham-soc-ca-nhan/nuoc-yen-sao-cao-cap-cho-tre-em-nunest-kid-vi-dau-loc-3-1-70-ml.html,132000.0,Lốc,đ,https://cdn.nhathuoclongchau.com.vn/unsafe/https://cms-prod.s3-sgn09.fptcloud.com/DSC_05036_dd260e8d55.jpg,"Yến sào chưng sẵn 15%, Beta Glucan 42.8mg, Lysine 85.7mg, Vitamin D3 7mcg, Nước , Đường phèn , Đường sucrose , Canxi lactate , Chất ổn định , Dâu tây , Hương dâu tổng hợp , Chất bảo quản ",,Nunest,Lốc 4 Hũ x 70ml,Chăm sóc cá nhân | Thực phẩm - Đồ uống | Nước Yến,cham-soc-ca-nhan | cham-soc-ca-nhan/thuc-pham-do-uong | cham-soc-ca-nhan/nuoc-yen,True,True,90,0,https://nhathuoclongchau.com.vn/cham-soc-ca-nhan/nuoc-yen-sao-cao-cap-cho-tre-em-nunest-kid-vi-dau-loc-3-1-70-ml.html,cham-soc-ca-nhan,100
106,00503504,CHÈ DƯỠNG NHAN TỔ YẾN VÀ TRÙNG THẢO GREENBIRD 6 CHAI X 175ML,Chè Dưỡng Nhan Tổ Yến Và Trùng Thảo Greenbird (6 chai x 175ml),cham-soc-ca-nhan/che-duong-nhan-to-yen-va-trung-thao-greenbird-6-chai-x-175-ml.html,210000.0,Lốc,đ,https://cdn.nhathuoclongchau.com.vn/unsafe/https://cms-prod.s3-sgn09.fptcloud.com/DSC_01374_e8d3e62d19.jpg,"Hương yến giống tự nhiên , Chất ổn định , Chất làm dày , Đường phèn , Hạt chia , Hạt bồ mễ , Nấm tuyết , Hạt sen , Kỷ tử , Long nhãn , Nhựa đào , Táo đỏ , Yến Sào ngâm nở 50mg, Sợi Trùng Thảo militaris ngâm nở 1000mg, Đường hữu cơ , Nước , Tuyết Yến ",,Greenbird,Lốc 6 Chai x 175ml,Chăm sóc cá nhân | Thực phẩm - Đồ uống | Nước Yến,cham-soc-ca-nhan | cham-soc-ca-nhan/thuc-pham-do-uong | cham-soc-ca-nhan/nuoc-yen,True,True,90,0,https://nhathuoclongchau.com.vn/cham-soc-ca-nhan/che-duong-nhan-to-yen-va-trung-thao-greenbird-6-chai-x-175-ml.html,cham-soc-ca-nhan,100
107,00503165,BÀN CHẢI ĐÁNH RĂNG ĐIỆN ORAL-B PRO 500,Bàn chải đánh răng điện Oral-B Pro 500 Crossaction loại bỏ các mảng bám và vết ố trên răng,cham-soc-ca-nhan/ban-chai-danh-rang-dien-oral-b-pro-500-crossaction-37474.html,1749000.0,Hộp,đ,https://cdn.nhathuoclongchau.com.vn/unsafe/https://cms-prod.s3-sgn09.fptcloud.com/DSC_04212_d9308525fc.png,"PIN , TPE , POM , Nhựa ASA , Polypropylen , polyamide ",,Oral-B,Hộp,Chăm sóc cá nhân | Chăm sóc răng miệng | Bàn chải điện,cham-soc-ca-nhan | cham-soc-ca-nhan/cham-soc-rang-mieng | cham-soc-ca-nhan/ban-chai-dien,True,True,90,0,https://nhathuoclongchau.com.vn/cham-soc-ca-nhan/ban-chai-danh-rang-dien-oral-b-pro-500-crossaction-37474.html,cham-soc-ca-nhan,100
108,00503164,BÀN CHẢI ĐÁNH RĂNG ĐIỆN ORAL-B VITALITY CROSSACTION BLUE,Bàn chải đánh răng điện Oral-B Vitality Crossaction Blue làm sạch mảng bám trên răng,cham-soc-ca-nhan/ban-chai-danh-rang-dien-oral-b-vitality-crossaction-blue-37475.html,999000.0,Hộp,đ,https://cdn.nhathuoclongchau.com.vn/unsafe/https://cms-prod.s3-sgn09.fptcloud.com/00503164_ban_chai_danh_rang_dien_oral_b_vitality_crossaction_blue_8974_63c4_large_8c46c8e883.jpg,"PIN , POM , TPE , Polypropylen , polyamide ",,Oral-B,Hộp,Chăm sóc cá nhân | Chăm sóc răng miệng | Bàn chải điện,cham-soc-ca-nhan | cham-soc-ca-nhan/cham-soc-rang-mieng | cham-soc-ca-nhan/ban-chai-dien,True,True,90,0,https://nhathuoclongchau.com.vn/cham-soc-ca-nhan/ban-chai-danh-rang-dien-oral-b-vitality-crossaction-blue-37475.html,cham-soc-ca-nhan,100
109,00503157,"BCS SAGAMI 0.01MM SIÊU MỎNG CHẠM ĐỈNH CHÂN THẬT, KHÔNG MÀU, KHÔNG MÙI, KHÔNG KÍCH ỨNG 1 CÁI","Bao cao su Sagami siêu mỏng, không gây dị ứng, phòng tránh thai và bệnh lây qua đường tình dục (0,01mm - 1 cái)",cham-soc-ca-nhan/bcs-sagami-001mm-sieu-mong-cham-dinh-chan-that-khong-mau-khong-mui-khong-kich-ung-1-cai-37461.html,150000.0,Hộp,đ,https://cdn.nhathuoclongchau.com.vn/unsafe/https://cms-prod.s3-sgn09.fptcloud.com/00503157_bcs_sagami_001mm_sieu_mong_cham_dinh_chan_that_khong_mau_khong_mui_khong_kich_ung_1_cai_7839_63d7_large_e4011c4064.jpg,Polyurethane ,,SAGAMI,Hộp 1 Cái,Chăm sóc cá nhân | Hỗ trợ tình dục | Bao cao su,cham-soc-ca-nhan | cham-soc-ca-nhan/ho-tro-tinh-duc | cham-soc-ca-nhan/bao-cao-su,True,True,90,3.7949944,https://nhathuoclongchau.com.vn/cham-soc-ca-nhan/bcs-sagami-001mm-sieu-mong-cham-dinh-chan-that-khong-mau-khong-mui-khong-kich-ung-1-cai-37461.html,cham-soc-ca-nhan,100
110,00502344,NƯỚC UỐNG HỒNG SÂM KWANGDONG 10 CHAI X 100ML,Nước Uống Hồng Sâm Kwangdong (10 chai x 100ml),cham-soc-ca-nhan/nuoc-hong-sam-extra-gold-kwangdong-10-chai-x-100ml-36583.html,200000.0,Hộp,đ,https://cdn.nhathuoclongchau.com.vn/unsafe/https://cms-prod.s3-sgn09.fptcloud.com/DSC_09417_a9876e15d2.jpg,"Nước (aqua) , Fructose , Chiết xuất thực vật hỗn hợp 1.45%, Chiết xuất hồng sâm 0.2%, Glycine , Trisodium-citrate , Nicotinic acid , Muối , Hương liệu tổng hợp dành cho thực phẩm , Axit citric ",,Kwang Dong,Hộp 10 Chai x 100ml,Chăm sóc cá nhân | Thực phẩm - Đồ uống,cham-soc-ca-nhan | cham-soc-ca-nhan/thuc-pham-do-uong,True,True,90,0,https://nhathuoclongchau.com.vn/cham-soc-ca-nhan/nuoc-hong-sam-extra-gold-kwangdong-10-chai-x-100ml-36583.html,cham-soc-ca-nhan,100
111,00502343,NƯỚC HỒNG SÂM MẬT ONG KWANGDONG 10 CHAI X 170ML,Nước Hồng Sâm Mật Ong Kwangdong (10 chai x 170ml),cham-soc-ca-nhan/nuoc-hong-sam-mat-ong-kwangdong-10-chai-x-170ml-36584.html,260000.0,Hộp,đ,https://cdn.nhathuoclongchau.com.vn/unsafe/https://cms-prod.s3-sgn09.fptcloud.com/DSC_09400_8f48b93386.jpg,"Nước (aqua) , Hồng sâm 0.075%, Maltitol syrup , Fructose , Mật ong 5%, Trisodium-citrate , Maltodextrin , Axit citric , Vitamin C 0.02%, Enzymatically Modified Stevia , Glycine , Hương liệu tổng hợp dành cho thực phẩm , Đường ",,Kwang Dong,Hộp 10 Chai x 170ml,Chăm sóc cá nhân | Thực phẩm - Đồ uống,cham-soc-ca-nhan | cham-soc-ca-nhan/thuc-pham-do-uong,True,True,90,0,https://nhathuoclongchau.com.vn/cham-soc-ca-nhan/nuoc-hong-sam-mat-ong-kwangdong-10-chai-x-170ml-36584.html,cham-soc-ca-nhan,100
112,00500697,NƯỚC YẾN SÀO CHƯNG ĐƯỜNG PHÈN GREENBIRD 4 HŨ X 72G,Nước Yến Sào Chưng Đường Phèn Greenbird (4 hũ x 72g),cham-soc-ca-nhan/yen-sao-chung-duong-phen-greenbird-4-hu-x-72g-34822.html,150000.0,Hộp,đ,https://cdn.nhathuoclongchau.com.vn/unsafe/https://cms-prod.s3-sgn09.fptcloud.com/QAG_05854_e1e8354237.jpg,"Nước (aqua) , Sợi yến 20%, Chất làm dày , Đường hữu cơ 0.4%, Chất ổn định , Hương yến giống tự nhiên , Đường phèn 9%",,Greenbird,Hộp 4 Hũ,Chăm sóc cá nhân | Thực phẩm - Đồ uống | Nước Yến,cham-soc-ca-nhan | cham-soc-ca-nhan/thuc-pham-do-uong | cham-soc-ca-nhan/nuoc-yen,True,True,90,0,https://nhathuoclongchau.com.vn/cham-soc-ca-nhan/yen-sao-chung-duong-phen-greenbird-4-hu-x-72g-34822.html,cham-soc-ca-nhan,100
113,00500273,ĐƯỜNG ĂN KIÊNG CỎ NGỌT EQUAL STEVIA NO CALORIE SWEETENER 40 GÓI X 80G,Đường Ăn Kiêng Cỏ Ngọt Equal Stevia No Calorie Sweetener (40 gói x 80g),cham-soc-ca-nhan/equal-stevia-no-calorie-sweetener-80g-40-goi-duong-an-kieng-34408.html,79500.0,Hộp,đ,https://cdn.nhathuoclongchau.com.vn/unsafe/https://cms-prod.s3-sgn09.fptcloud.com/00500273_equal_stevia_no_calorie_sweetener_80g_40_goi_duong_an_kieng_5691_63fe_large_b193d528dc.jpg,"Hương tự nhiên , Steviol glicosides 0.83%, Chất tạo ngọt tự nhiên 98.87%",,EQUAL,Hộp 40 gói,Chăm sóc cá nhân | Thực phẩm - Đồ uống | Đường ăn kiêng,cham-soc-ca-nhan | cham-soc-ca-nhan/thuc-pham-do-uong | cham-soc-ca-nhan/duong-an-kieng,True,True,90,0,https://nhathuoclongchau.com.vn/cham-soc-ca-nhan/equal-stevia-no-calorie-sweetener-80g-40-goi-duong-an-kieng-34408.html,cham-soc-ca-nhan,100
114,00500213,BCS GEL MÁT LẠNH TĂNG CẢM XÚC S52 SAFEFIT FREEZER MAX HỘP 3 CÁI,"Bao cao su Safefit Freezer Max S52 chứa nhiều gel làm mát, kéo dài thời gian quan hệ (3 cái)",cham-soc-ca-nhan/bcs-safefit-freezer-max-s52-3-cai-gel-mat-lanh-sang-khoai-34296.html,19000.0,Hộp,đ,https://cdn.nhathuoclongchau.com.vn/unsafe/https://cms-prod.s3-sgn09.fptcloud.com/00500213_bcs_safefit_freezer_max_s52_3_cai_gel_mat_lanh_sang_khoai_6230_62c3_large_86dfa6dafe.jpg,"Chất bôi trơn  , Cao su thiên nhiên  ",,SAFEFIT,Hộp 3 cái,Chăm sóc cá nhân | Hỗ trợ tình dục | Bao cao su,cham-soc-ca-nhan | cham-soc-ca-nhan/ho-tro-tinh-duc | cham-soc-ca-nhan/bao-cao-su,True,True,90,3.8294794,https://nhathuoclongchau.com.vn/cham-soc-ca-nhan/bcs-safefit-freezer-max-s52-3-cai-gel-mat-lanh-sang-khoai-34296.html,cham-soc-ca-nhan,100
115,00500209,BCS CÓ GAI KÉO DÀI THỜI GIAN S52 SAFEFIT DOTS LONG LASTING HỘP 3 CÁI,"Bao cao su Safefit Dots Long Lasting S52 có vòng gân, hạt nổi, thắt chống tuột (3 cái)",cham-soc-ca-nhan/bcs-safefit-4in1-s52-3-cai-gan-gai-co-that-keo-dai-thoi-gian-cuc-manh-34297.html,15000.0,Hộp,đ,https://cdn.nhathuoclongchau.com.vn/unsafe/https://cms-prod.s3-sgn09.fptcloud.com/00500209_bcs_safefit_4in1_s52_3_cai_gan_gai_co_that_keo_dai_thoi_gian_cuc_manh_1668_629d_large_f231596910.jpg,"Chất bôi trơn , Cao su thiên nhiên ",,SAFEFIT,Hộp 3 cái,Chăm sóc cá nhân | Hỗ trợ tình dục | Bao cao su,cham-soc-ca-nhan | cham-soc-ca-nhan/ho-tro-tinh-duc | cham-soc-ca-nhan/bao-cao-su,True,True,90,3.8282730999999997,https://nhathuoclongchau.com.vn/cham-soc-ca-nhan/bcs-safefit-4in1-s52-3-cai-gan-gai-co-that-keo-dai-thoi-gian-cuc-manh-34297.html,cham-soc-ca-nhan,100
116,00500207,BCS NHIỀU GEL BÔI TRƠN S52 SAFEFIT COMFORTABLE HỘP 3 CÁI,"Bao cao su Safefit Comfortable S52 không mùi khó chịu, độ bền cao, khả năng co giãn tốt, chất bôi trơn (3 cái)",cham-soc-ca-nhan/bcs-safefit-comfortable-s52-3-cai-nhieu-chat-boi-tron-34302.html,10000.0,Hộp,đ,https://cdn.nhathuoclongchau.com.vn/unsafe/https://cms-prod.s3-sgn09.fptcloud.com/00500207_bcs_safefit_comfortable_s52_3_cai_nhieu_chat_boi_tron_8012_6287_large_165f33e74d.jpg,"Chất bôi trơn  , Cao su thiên nhiên  ",,SAFEFIT,Hộp 3 cái,Chăm sóc cá nhân | Hỗ trợ tình dục | Bao cao su,cham-soc-ca-nhan | cham-soc-ca-nhan/ho-tro-tinh-duc | cham-soc-ca-nhan/bao-cao-su,True,True,90,0,https://nhathuoclongchau.com.vn/cham-soc-ca-nhan/bcs-safefit-comfortable-s52-3-cai-nhieu-chat-boi-tron-34302.html,cham-soc-ca-nhan,100
117,00500018,MÁY TĂM NƯỚC CẦM TAY 6 CHẾ ĐỘ HALIO PROFESSIONAL CORDLESS ORAL IRRIGATOR,"Máy tăm nước cầm tay Halio Professional Cordless Oral Irrigator loại bỏ đến 99,99% vụn thức ăn bám dính",cham-soc-ca-nhan/may-tam-nuoc-cam-tay-6-che-do-halio-professional-cordless-oral-irrigator-34110.html,1800000.0,Hộp,đ,https://cdn.nhathuoclongchau.com.vn/unsafe/https://cms-prod.s3-sgn09.fptcloud.com/00500018_may_tam_nuoc_cam_tay_6_che_do_halio_professional_cordless_oral_irrigator_2358_6272_large_8abea1086e.jpg,Nhựa ,,HALIO,Hộp,Chăm sóc cá nhân | Chăm sóc răng miệng | Chăm sóc răng,cham-soc-ca-nhan | cham-soc-ca-nhan/cham-soc-rang-mieng | cham-soc-ca-nhan/cham-soc-rang,True,True,90,0,https://nhathuoclongchau.com.vn/cham-soc-ca-nhan/may-tam-nuoc-cam-tay-6-che-do-halio-professional-cordless-oral-irrigator-34110.html,cham-soc-ca-nhan,100
118,00033624,VIÊN TINH NGHỆ MẬT ONG SỮA CHÚA HONEYLAND 120G,Viên Tinh Nghệ Mật Ong Sữa Chúa Honeyland (120g),cham-soc-ca-nhan/vien-tinh-nghe-mat-ong-sua-chua-honeyland-120g-33709.html,196000.0,Chai,đ,https://cdn.nhathuoclongchau.com.vn/unsafe/https://cms-prod.s3-sgn09.fptcloud.com/00033624_vien_tinh_nghe_mat_ong_sua_chua_honeyland_120g_2289_6233_large_0d23e1a349.jpg,"Curcumin 60%, Mật ong 20%, Sữa ong chúa 20%",,Honeyland,Chai x 120g,Chăm sóc cá nhân | Thực phẩm - Đồ uống,cham-soc-ca-nhan | cham-soc-ca-nhan/thuc-pham-do-uong,True,True,90,0,https://nhathuoclongchau.com.vn/cham-soc-ca-nhan/vien-tinh-nghe-mat-ong-sua-chua-honeyland-120g-33709.html,cham-soc-ca-nhan,100
119,00032916,GEL BÔI HỖ TRỢ SINH LÝ NAM BIX FOR GENTLEMEN 30ML,Gel bôi hỗ trợ sinh lý nam Bix for Gentlemen (30ml),cham-soc-ca-nhan/gel-boi-tang-cuong-sinh-ly-cho-nam-gioi-bix-gentlement-30ml-33045.html,350000.0,Tuýp,đ,https://cdn.nhathuoclongchau.com.vn/unsafe/https://cms-prod.s3-sgn09.fptcloud.com/00032916_gel_boi_tang_cuong_sinh_ly_cho_nam_gioi_bix_gentlement_30ml_4746_61aa_large_5deb02b34f.jpg,Aqua ,,BIX,Tuýp,Chăm sóc cá nhân | Hỗ trợ tình dục | Gel bôi trơn,cham-soc-ca-nhan | cham-soc-ca-nhan/ho-tro-tinh-duc | cham-soc-ca-nhan/gel-boi-tron,True,True,90,0,https://nhathuoclongchau.com.vn/cham-soc-ca-nhan/gel-boi-tang-cuong-sinh-ly-cho-nam-gioi-bix-gentlement-30ml-33045.html,cham-soc-ca-nhan,100
120,00002644,ĐƯỜNG ĂN KIÊNG KHÔNG CALO EQUAL CLASSIC ZERO CALORIE SWEETENER 50 GÓI,Đường Ăn Kiêng Không Calo Equal Classic Zero Calorie Sweetener (50 gói),cham-soc-ca-nhan/equal-classic-zero-calorie-sweetener-50g-50-goi-duong-an-kieng-34386.html,67000.0,Hộp,đ,https://cdn.nhathuoclongchau.com.vn/unsafe/https://cms-prod.s3-sgn09.fptcloud.com/00002644_equal_classic_zero_calorie_sweetener_50g_50_goi_duong_an_kieng_7109_63fe_large_d3e2d5a0a0.jpg,"Silicon dioxide 0.3%, Aspartame 3.6%",,EQUAL,Hộp,Chăm sóc cá nhân | Thực phẩm - Đồ uống | Đường ăn kiêng,cham-soc-ca-nhan | cham-soc-ca-nhan/thuc-pham-do-uong | cham-soc-ca-nhan/duong-an-kieng,True,True,90,0,https://nhathuoclongchau.com.vn/cham-soc-ca-nhan/equal-classic-zero-calorie-sweetener-50g-50-goi-duong-an-kieng-34386.html,cham-soc-ca-nhan,100
121,00022400,KEM BÔI CHO BÉ NATUREPLEX A+D OINTMENT GIẢM VÀ NGĂN NGỪA HĂM 42.5G,Kem bôi cho bé Natureplex A+D Ointment giảm và ngăn ngừa hăm (42.5g),cham-soc-ca-nhan/natureplex-ad-ointment-425g-kem-giam-va-ngan-ngua-ham-ta-22735.html,139000.0,Tuýp,đ,https://cdn.nhathuoclongchau.com.vn/unsafe/https://cms-prod.s3-sgn09.fptcloud.com/DSC_00201_6a727fd55a.jpg,"Petrolatum 53.4%, Lanolin 15.5%",,Natureplex,Tuýp,Chăm sóc cá nhân | Đồ dùng gia đình | Đồ dùng cho bé,cham-soc-ca-nhan | cham-soc-ca-nhan/do-dung-gia-dinh | cham-soc-ca-nhan/do-dung-cho-be,True,True,90,0,https://nhathuoclongchau.com.vn/cham-soc-ca-nhan/natureplex-ad-ointment-425g-kem-giam-va-ngan-ngua-ham-ta-22735.html,cham-soc-ca-nhan,100
122,00029334,NƯỚC HỒNG SÂM HONGSAMJIN GOLD 10 CHAI X 100ML,Nước Hồng Sâm Hongsamjin Gold (10 chai x 100ml),cham-soc-ca-nhan/nuoc-hong-sam-hongsamjin-gold-10-chai-x-100ml-29598.html,300000.0,Hộp,đ,https://cdn.nhathuoclongchau.com.vn/unsafe/https://cms-prod.s3-sgn09.fptcloud.com/DSC_08125_3faccbd722.jpg,"Nước tinh khiết 79.427%, Chiết xuất hồng sâm 0.3%, Taurine 0.3%, Chiết xuất quế 0.12%, Citric Acid 0.06%, Đường hóa lỏng  , Fructo-oligosaccharide  , chiết xuất táo tàu  , màu caramel  , chiết xuất nho tàu  , hương vị thực phẩm (hỗn hợp thảo dược và nhân sâm)  , chiết xuất gừng khô  , chiết xuất nấm linh chi  , chiết xuất gạc huơu  ",Dung dịch,Hongsamjin,Hộp 10 Chai,Chăm sóc cá nhân | Thực phẩm - Đồ uống,cham-soc-ca-nhan | cham-soc-ca-nhan/thuc-pham-do-uong,True,True,90,0,https://nhathuoclongchau.com.vn/cham-soc-ca-nhan/nuoc-hong-sam-hongsamjin-gold-10-chai-x-100ml-29598.html,cham-soc-ca-nhan,100
123,00031149,BỘT RAU MÁ ĐẬU XANH ĐƯỜNG PHÈN DATINO 15GX10 GÓI,Bột Rau Má Đậu Xanh Đường Phèn Datino (10 gói x 15g),cham-soc-ca-nhan/bot-rau-ma-dau-xanh-duong-phen-datino-15gx10-goi-31280.html,85000.0,Hộp,đ,https://cdn.nhathuoclongchau.com.vn/unsafe/https://cms-prod.s3-sgn09.fptcloud.com/DSC_07305_cb4a53db7c.png,"Rau má  , Đậu xanh  , Đường phèn  ",,Datino,Hộp,Chăm sóc cá nhân | Thực phẩm - Đồ uống,cham-soc-ca-nhan | cham-soc-ca-nhan/thuc-pham-do-uong,True,True,90,0,https://nhathuoclongchau.com.vn/cham-soc-ca-nhan/bot-rau-ma-dau-xanh-duong-phen-datino-15gx10-goi-31280.html,cham-soc-ca-nhan,100
124,00031151,BỘT CẦN TÂY VỊ TÁO DATINO 3GX15 GÓI,Bột Cần Tây vị táo Datino (3g x 15 gói),cham-soc-ca-nhan/bot-can-tay-vi-tao-datino-3gx15-goi-31281.html,155000.0,Hộp,đ,https://cdn.nhathuoclongchau.com.vn/unsafe/https://cms-prod.s3-sgn09.fptcloud.com/DSC_07294_fc2a2a4aec.png,"Cần tây , Tảo xanh ",,Datino,Hộp,Chăm sóc cá nhân | Thực phẩm - Đồ uống,cham-soc-ca-nhan | cham-soc-ca-nhan/thuc-pham-do-uong,True,True,90,0,https://nhathuoclongchau.com.vn/cham-soc-ca-nhan/bot-can-tay-vi-tao-datino-3gx15-goi-31281.html,cham-soc-ca-nhan,100
125,00031148,BỘT RAU MÁ DATINO 3GX15 GÓI,Bột Rau Má Datino (15 gói x 3g),cham-soc-ca-nhan/bot-rau-ma-datino-3gx15-goi-31353.html,85000.0,Hộp,đ,https://cdn.nhathuoclongchau.com.vn/unsafe/https://cms-prod.s3-sgn09.fptcloud.com/00031148_bot_rau_ma_datino_3gx15_goi_2280_62ad_large_70408ff7aa.jpg,Rau má  ,,Datino,Hộp,Chăm sóc cá nhân | Thực phẩm - Đồ uống,cham-soc-ca-nhan | cham-soc-ca-nhan/thuc-pham-do-uong,True,True,90,3.8117551,https://nhathuoclongchau.com.vn/cham-soc-ca-nhan/bot-rau-ma-datino-3gx15-goi-31353.html,cham-soc-ca-nhan,100
126,00031150,BỘT CẦN TÂY NGUYÊN CHẤT DATINO 3GX15 GÓI,Bột Cần Tây nguyên chất Datino (3g x 15 gói),cham-soc-ca-nhan/bot-can-tay-nguyen-chat-datino-3gx15-goi-31397.html,140000.0,Hộp,đ,https://cdn.nhathuoclongchau.com.vn/unsafe/https://cms-prod.s3-sgn09.fptcloud.com/DSC_09764_5b7690d1b8.jpg,Cần tây  ,,Datino,Hộp,Chăm sóc cá nhân | Thực phẩm - Đồ uống,cham-soc-ca-nhan | cham-soc-ca-nhan/thuc-pham-do-uong,True,True,90,0,https://nhathuoclongchau.com.vn/cham-soc-ca-nhan/bot-can-tay-nguyen-chat-datino-3gx15-goi-31397.html,cham-soc-ca-nhan,100
127,00032206,NƯỚC YẾN CAO CẤP NUNEST GOLD 6 HŨ X 70ML,Nước Yến Cao Cấp Nunest Gold (6 hũ x 70ml),cham-soc-ca-nhan/nuoc-yen-cao-cap-nunest-gold-6-hu-x-70ml-32306.html,230000.0,Lốc,đ,https://cdn.nhathuoclongchau.com.vn/unsafe/https://cms-prod.s3-sgn09.fptcloud.com/00032206_nuoc_yen_cao_cap_nunest_gold_6_hu_x_70ml_7976_62af_large_f281e1750d.JPG,"Yến sào , Collagen type II , Vitamin K2 , Chondroitin ",,Nunest,Lốc,Chăm sóc cá nhân | Thực phẩm - Đồ uống | Nước Yến,cham-soc-ca-nhan | cham-soc-ca-nhan/thuc-pham-do-uong | cham-soc-ca-nhan/nuoc-yen,True,True,90,0,https://nhathuoclongchau.com.vn/cham-soc-ca-nhan/nuoc-yen-cao-cap-nunest-gold-6-hu-x-70ml-32306.html,cham-soc-ca-nhan,100
128,00032752,BỘT ATISÔ NGUYÊN CHẤT DATINO 15 GÓI X 3G,Bột Atisô nguyên chất Datino (3g x 15 gói),cham-soc-ca-nhan/bot-atiso-nguyen-chat-dlnf-15-goi-x-3g-32860.html,110000.0,Hộp,đ,https://cdn.nhathuoclongchau.com.vn/unsafe/https://cms-prod.s3-sgn09.fptcloud.com/DSC_09776_5dc250e438.jpg,Atisô  ,,Datino,Hộp,Chăm sóc cá nhân | Thực phẩm - Đồ uống,cham-soc-ca-nhan | cham-soc-ca-nhan/thuc-pham-do-uong,True,True,90,0,https://nhathuoclongchau.com.vn/cham-soc-ca-nhan/bot-atiso-nguyen-chat-dlnf-15-goi-x-3g-32860.html,cham-soc-ca-nhan,100
129,00503257,THỰC PHẨM BỔ SUNG GU ENERGY GEL ESPRESSO LOVE 32G,Thực phẩm bổ sung GU Energy Gel Espresso Love cung cấp dinh dưỡng và năng lượng (32g),cham-soc-ca-nhan/thuc-pham-bo-sung-gu-energy-gel-espresso-love-32g-37541.html,48000.0,Gói,đ,https://cdn.nhathuoclongchau.com.vn/unsafe/https://cms-prod.s3-sgn09.fptcloud.com/00503257_thuc_pham_bo_sung_gu_energy_gel_espresso_love_32g_6213_63e9_large_21c6fc8869.jpg,"Maltodextrin , Nước , Hương liệu tự nhiên , Kali citrate , Chiết xuất trà xanh , Natri Citrate , Citric Acid , Malic Acid , Valine , Muối biển , Gellan Gum , Isoleucine , dầu hướng dương , Natri Benzoate , Kali sorbat , Canxi cacbonat ",,GU,Hộp 24 Gói x 32g,Chăm sóc cá nhân | Thực phẩm - Đồ uống,cham-soc-ca-nhan | cham-soc-ca-nhan/thuc-pham-do-uong,True,True,80,0,https://nhathuoclongchau.com.vn/cham-soc-ca-nhan/thuc-pham-bo-sung-gu-energy-gel-espresso-love-32g-37541.html,cham-soc-ca-nhan,100
130,00503256,THỰC PHẨM BỔ SUNG GU ENERGY GEL MANDARIN ORANGE 32G,Thực phẩm bổ sung GU Energy Gel Mandarin Orange cung cấp dinh dưỡng và năng lượng (32g),cham-soc-ca-nhan/thuc-pham-bo-sung-gu-energy-gel-mandarin-orange-32g-37542.html,48000.0,Gói,đ,https://cdn.nhathuoclongchau.com.vn/unsafe/https://cms-prod.s3-sgn09.fptcloud.com/00503256_thuc_pham_bo_sung_gu_energy_gel_mandarin_orange_32g_3946_63e9_large_7007be515f.jpg,"Kali citrate , Maltodextrin , Nước , Fructose , L-Leucine , Acid citric , Natri citrat , Hương liệu tự nhiên , Chiết xuất ớt (màu tự nhiên) , L-Valine , Muối biển , Chiết xuất lá trà xanh , Gellan Gum , L-Isoleucine , dầu hướng dương , Natri benzoat , Kali sorbat , Canxi cacbonat ",,GU,Hộp 24 Gói x 32g,Chăm sóc cá nhân | Thực phẩm - Đồ uống,cham-soc-ca-nhan | cham-soc-ca-nhan/thuc-pham-do-uong,True,True,80,0,https://nhathuoclongchau.com.vn/cham-soc-ca-nhan/thuc-pham-bo-sung-gu-energy-gel-mandarin-orange-32g-37542.html,cham-soc-ca-nhan,100
131,00503255,THỰC PHẨM BỔ SUNG GU ENERGY GEL STRAWBERRY BANANA 32G,Thực phẩm bổ sung GU Energy Gel Strawberry Banana cung cấp dinh dưỡng và năng lượng (32g),cham-soc-ca-nhan/thuc-pham-bo-sung-gu-energy-gel-strawberry-banana-32g-37543.html,48000.0,Gói,đ,https://cdn.nhathuoclongchau.com.vn/unsafe/https://cms-prod.s3-sgn09.fptcloud.com/00503255_thuc_pham_bo_sung_gu_energy_gel_strawberry_banana_32g_9509_63e9_large_6c71706022.jpg,"Citric Acid , Maltodextrin , Fructose , Leucine , Kali citrate , Sodium Citrate , Acid malic , Gellan Gum , Muối biển , Valine , Hương liệu tự nhiên , Isoleucine , dầu hướng dương , Sodium benzoate , Kali sorbat , Nước trái cây , Canxi cacbonat ",,GU,Hộp 24 Gói x 32g,Chăm sóc cá nhân | Thực phẩm - Đồ uống,cham-soc-ca-nhan | cham-soc-ca-nhan/thuc-pham-do-uong,True,True,80,0,https://nhathuoclongchau.com.vn/cham-soc-ca-nhan/thuc-pham-bo-sung-gu-energy-gel-strawberry-banana-32g-37543.html,cham-soc-ca-nhan,100
132,00503254,THỰC PHẨM BỔ SUNG GU ENERGY GEL LEMON SUBLIME 32G,Thực phẩm bổ sung GU Energy Gel Lemon Sublime cung cấp dinh dưỡng và năng lượng (32g),cham-soc-ca-nhan/thuc-pham-bo-sung-gu-energy-gel-lemon-sublime-32g-37544.html,48000.0,Gói,đ,https://cdn.nhathuoclongchau.com.vn/unsafe/https://cms-prod.s3-sgn09.fptcloud.com/00503254_thuc_pham_bo_sung_gu_energy_gel_lemon_sublime_32g_9047_63e9_large_a7eea2adc3.jpg,"Maltodextrin , Nước , Fructose , L-Leucine , Natri citrat , Acid citric , Kali citrate , Gellan Gum , L-Valine , Muối biển , L-Isoleucine , dầu hướng dương , Sodium benzoate , Kali sorbat , Hương liệu tự nhiên , Calci carbonat ",,GU,Hộp 24 Gói x 32g,Chăm sóc cá nhân | Thực phẩm - Đồ uống,cham-soc-ca-nhan | cham-soc-ca-nhan/thuc-pham-do-uong,True,True,80,0,https://nhathuoclongchau.com.vn/cham-soc-ca-nhan/thuc-pham-bo-sung-gu-energy-gel-lemon-sublime-32g-37544.html,cham-soc-ca-nhan,100
133,00503253,THỰC PHẨM BỔ SUNG GU ENERGY GEL VANILLA BEAN 32G,Thực phẩm bổ sung GU Energy Gel Vanilla Bean cung cấp dinh dưỡng và năng lượng cho cơ thể (32g),cham-soc-ca-nhan/thuc-pham-bo-sung-gu-energy-gel-vanilla-bean-32g-37545.html,48000.0,Gói,đ,https://cdn.nhathuoclongchau.com.vn/unsafe/https://cms-prod.s3-sgn09.fptcloud.com/00503253_thuc_pham_bo_sung_gu_energy_gel_vanilla_bean_32g_1158_63e9_large_38dca7a264.jpg,"Sodium Citrate , Maltodextrin , Nước , Fructose , L-Leucine , Potassium Citrate , Citric Acid , Potassium sorbate , L-Valine , Muối biển , Hương liệu tự nhiên , Chiết xuất lá trà xanh , Gellan Gum , L-Isoleucine , dầu hướng dương , Sodium benzoate , Calcium Carbonate ",,GU,Hộp 24 Gói x 32g,Chăm sóc cá nhân | Thực phẩm - Đồ uống,cham-soc-ca-nhan | cham-soc-ca-nhan/thuc-pham-do-uong,True,True,80,0,https://nhathuoclongchau.com.vn/cham-soc-ca-nhan/thuc-pham-bo-sung-gu-energy-gel-vanilla-bean-32g-37545.html,cham-soc-ca-nhan,100
134,00503252,THỰC PHẨM BỔ SUNG GU ENERGY GEL CHOCOLATE OUTRAGE 32G,Thực phẩm bổ sung GU Energy Gel Chocolate Outrage cung cấp dinh dưỡng và năng lượng (32g) ,cham-soc-ca-nhan/thuc-pham-bo-sung-gu-energy-gel-chocolate-outrage-32g-37546.html,48000.0,Gói,đ,https://cdn.nhathuoclongchau.com.vn/unsafe/https://cms-prod.s3-sgn09.fptcloud.com/00503252_thuc_pham_bo_sung_gu_energy_gel_chocolate_outrage_32g_1143_63e9_large_986f1a1d1c.jpg,"Potassium Citrate , Maltodextrin , Nước , Fructose , Organic Cocoa Liquor , L-Lemine , Sodium Citrate , Calcium Carbonate , Sodium benzoate , Muối , Trà xanh , Calcium Chloride , Citric Acid , Malic Acid , Pectin powder , L-Isoleucine , dầu hướng dương , Potassium sorbate , L-Valine ",,GU,Hộp 24 Gói x 32g,Chăm sóc cá nhân | Thực phẩm - Đồ uống,cham-soc-ca-nhan | cham-soc-ca-nhan/thuc-pham-do-uong,True,True,80,0,https://nhathuoclongchau.com.vn/cham-soc-ca-nhan/thuc-pham-bo-sung-gu-energy-gel-chocolate-outrage-32g-37546.html,cham-soc-ca-nhan,100
135,00045793,NƯỚC SÚC MIỆNG KIN GINGIVAL MOUTHWASH 250ML,"Dung dịch súc miệng Kin Gingival 250ml hỗ trợ chăm sóc nướu, ngăn ngừa các mảng bám trên răng",cham-soc-ca-nhan/nuoc-suc-mieng-kin-gingival-mouthwash-250-ml.html,140000.0,Chai,đ,https://cdn.nhathuoclongchau.com.vn/unsafe/https://cms-prod.s3-sgn09.fptcloud.com/DSC_06074_0d86f6e476.jpg,"Chlorhexidine digluconate 0.12%, Sodium fluoride , Aqua , Sorbitol , Glycerin , Peg-40 Hydrogenated Castor Oil , Citric Acid , Aroma , Menthol , Eugenol , Methyl salicylate , Sodium saccharin , Sodium Methylparaben , CI 14720 , D-limonene , Cinnamal ",,Kin,Chai,Chăm sóc cá nhân | Chăm sóc răng miệng | Nước súc miệng,cham-soc-ca-nhan | cham-soc-ca-nhan/cham-soc-rang-mieng | cham-soc-ca-nhan/nuoc-suc-mieng,True,True,70,0,https://nhathuoclongchau.com.vn/cham-soc-ca-nhan/nuoc-suc-mieng-kin-gingival-mouthwash-250-ml.html,cham-soc-ca-nhan,100
136,00041102,NƯỚC UỐNG SAYTAUXE 10 CHAI X 30ML,Nước uống Saytauxe (10 chai x 30ml),cham-soc-ca-nhan/nuoc-uong-thao-duoc-chong-say-tau-xe-saytauxe-10-chai-x-30-ml.html,12000.0,Chai,đ,https://cdn.nhathuoclongchau.com.vn/unsafe/https://cms-prod.s3-sgn09.fptcloud.com/DSC_09644_7babdd3a65.jpg,"Đông trùng hạ thảo 500mg, Cam thảo 500mg, Trà xanh 500mg, Gừng tươi 300mg, Nhân Sâm 300mg, vỏ quýt 200mg, Đinh lăng 200mg, Glucose , Chất tạo ngọt tổng hợp , Kali sorbat , Hương liệu tổng hợp dành cho thực phẩm , Nước ",Dung dịch,SAYTAUXE,Lốc 10 Chai x 30ml,Chăm sóc cá nhân | Thực phẩm - Đồ uống,cham-soc-ca-nhan | cham-soc-ca-nhan/thuc-pham-do-uong,True,True,70,0,https://nhathuoclongchau.com.vn/cham-soc-ca-nhan/nuoc-uong-thao-duoc-chong-say-tau-xe-saytauxe-10-chai-x-30-ml.html,cham-soc-ca-nhan,100
137,00039827,XỊT CHỐNG MUỖI CHO GIA ĐÌNH HƯƠNG SẢ CHANH REMOS ROHTO 150ML,Xịt chống muỗi Remos hương sả chanh xua muỗi suốt 10 giờ (150ml),cham-soc-ca-nhan/xit-chong-muoi-cho-gia-dinh-huong-sa-chanh-remos-lavender-rohto-150-ml.html,70000.0,Chai,đ,https://cdn.nhathuoclongchau.com.vn/unsafe/https://cms-prod.s3-sgn09.fptcloud.com/DSC_04355_4b29519833.jpg,Diethyltoluamide 15%,,Rohto,Chai x 150ml,Chăm sóc cá nhân | Đồ dùng gia đình | Chống muỗi & côn trùng,cham-soc-ca-nhan | cham-soc-ca-nhan/do-dung-gia-dinh | cham-soc-ca-nhan/chong-muoi-con-trung,True,True,70,0,https://nhathuoclongchau.com.vn/cham-soc-ca-nhan/xit-chong-muoi-cho-gia-dinh-huong-sa-chanh-remos-lavender-rohto-150-ml.html,cham-soc-ca-nhan,100
138,00038997,XỊT CHỐNG MUỖI CHO GIA ĐÌNH HƯƠNG OẢI HƯƠNG REMOS LAVENDER ROHTO 70ML,Xịt chống muỗi Remos hương Lavender xua muỗi suốt 10 giờ (70ml),cham-soc-ca-nhan/xit-chong-muoi-cho-gia-dinh-huong-oai-huong-remos-lavender-rohto-70-ml.html,42000.0,Chai,đ,https://cdn.nhathuoclongchau.com.vn/unsafe/https://cms-prod.s3-sgn09.fptcloud.com/DSC_02426_b7a20d9af8.jpg,"Diethyltoluamide 15%, Diethyltoluamide 15%",Dạng xịt,Remos,Chai x 70ml,Chăm sóc cá nhân | Đồ dùng gia đình | Chống muỗi & côn trùng,cham-soc-ca-nhan | cham-soc-ca-nhan/do-dung-gia-dinh | cham-soc-ca-nhan/chong-muoi-con-trung,True,True,70,1.815364,https://nhathuoclongchau.com.vn/cham-soc-ca-nhan/xit-chong-muoi-cho-gia-dinh-huong-oai-huong-remos-lavender-rohto-70-ml.html,cham-soc-ca-nhan,100
139,00038996,XỊT CHỐNG MUỖI HƯƠNG KHUYNH DIỆP CHO BÉ TỪ 6 THÁNG TUỔI REMOS ROHTO 70ML,Xịt xua muỗi Remos hương Khuynh Diệp xua muỗi suốt 6 giờ cho bé từ 6 tháng tuổi (70ml),cham-soc-ca-nhan/xit-chong-muoi-huong-khuynh-diep-cho-be-tu-6-thang-tuoi-remos-rohto-70-ml.html,76000.0,Chai,đ,https://cdn.nhathuoclongchau.com.vn/unsafe/https://cms-prod.s3-sgn09.fptcloud.com/DSC_04361_0a1faed765.jpg,Picaridin 15%,Dạng xịt,Remos,Chai x 70ml,Chăm sóc cá nhân | Đồ dùng gia đình | Chống muỗi & côn trùng,cham-soc-ca-nhan | cham-soc-ca-nhan/do-dung-gia-dinh | cham-soc-ca-nhan/chong-muoi-con-trung,True,True,70,0,https://nhathuoclongchau.com.vn/cham-soc-ca-nhan/xit-chong-muoi-huong-khuynh-diep-cho-be-tu-6-thang-tuoi-remos-rohto-70-ml.html,cham-soc-ca-nhan,100
140,00038888,VIÊN MUỐI ĐIỆN GIẢI GU ROCTANE ELECTROLYTE CAPSULE 50V,Viên muối điện giải GU Roctane Electrolyte Capsules bổ sung năng lượng và chất điện giải (50 viên),cham-soc-ca-nhan/vien-muoi-dien-giai-gu-roctane-electrolyte-capsule-50-v.html,375000.0,Hộp,đ,https://cdn.nhathuoclongchau.com.vn/unsafe/https://cms-prod.s3-sgn09.fptcloud.com/1_f639138525.jpg,"Cholecalciferol , Pyridoxine hydrocloride , Magnesium stearate , Magnesium citrate , Magnesium chloride , Ginger root , Capsule , Cellulose , Sodium Chloride , Natri Citrate ",Viên nang,GU,Hộp 50 Viên x 45g,Chăm sóc cá nhân | Thực phẩm - Đồ uống,cham-soc-ca-nhan | cham-soc-ca-nhan/thuc-pham-do-uong,True,True,70,0,https://nhathuoclongchau.com.vn/cham-soc-ca-nhan/vien-muoi-dien-giai-gu-roctane-electrolyte-capsule-50-v.html,cham-soc-ca-nhan,100
141,00038417,"NƯỚC MUỐI VĨNH PHÚC PREMIUM NANO BẠC 1000ML - LOẠI BỎ VI KHUẨN, KHỬ MÙI HÔI MIỆNG","Nước muối Vĩnh Phúc Premium Nano Bạc hỗ trợ loại bỏ vi khuẩn trong khoang miệng, khử mùi hôi miệng (1000ml)",cham-soc-ca-nhan/nuoc-muoi-vinh-phuc-premium-nano-bac-1000-ml.html,18000.0,Chai,đ,https://cdn.nhathuoclongchau.com.vn/unsafe/https://cms-prod.s3-sgn09.fptcloud.com/nuoc_muoi_Vinh_Phuc_506f7e2d4d.jpg,Natri clorid ,,Vĩnh Phúc,Chai x 1000ml,Chăm sóc cá nhân | Chăm sóc răng miệng | Nước súc miệng,cham-soc-ca-nhan | cham-soc-ca-nhan/cham-soc-rang-mieng | cham-soc-ca-nhan/nuoc-suc-mieng,True,True,70,0,https://nhathuoclongchau.com.vn/cham-soc-ca-nhan/nuoc-muoi-vinh-phuc-premium-nano-bac-1000-ml.html,cham-soc-ca-nhan,100
142,00502804,BĂNG VỆ SINH DẠNG TAMPON SOFY SOFT 9 MIẾNG,Băng vệ sinh Sofy Soft Tampon khả năng thấm hút tốt (9 miếng),cham-soc-ca-nhan/bang-ve-sinh-dang-tampon-sofy-soft-9-mieng-37108.html,55000.0,Gói,đ,https://cdn.nhathuoclongchau.com.vn/unsafe/https://cms-prod.s3-sgn09.fptcloud.com/00502804_bang_ve_sinh_dang_tampon_sofy_soft_9_mieng_7954_6396_large_1993f2916e.jpg,"Túi PE , Chất liệu PET , bông cellulose , Vải không dệt ",,Sofy,Gói 9 Miếng,Chăm sóc cá nhân | Vệ sinh cá nhân | Băng vệ sinh,cham-soc-ca-nhan | cham-soc-ca-nhan/ve-sinh-ca-nhan | cham-soc-ca-nhan/bang-ve-sinh,True,True,70,0,https://nhathuoclongchau.com.vn/cham-soc-ca-nhan/bang-ve-sinh-dang-tampon-sofy-soft-9-mieng-37108.html,cham-soc-ca-nhan,100
143,00502621,"NƯỚC MUỐI NATRI CLORID 0.9 VĨNH PHÚC SMILES 1100ML - LÀM SẠCH RĂNG, KHỬ MÙI HÔI MIỆNG","Nước muối Natri Clorid 0.9 Vĩnh Phúc Smiles làm sạch răng, khử mùi hôi khoang miệng (1100ml)",cham-soc-ca-nhan/natri-clorid-09-vinh-phuc-smiles-1100ml---nuoc-muoi-36889.html,12000.0,Chai,đ,https://cdn.nhathuoclongchau.com.vn/unsafe/https://cms-prod.s3-sgn09.fptcloud.com/DSC_09851_e912989671.png,"Aqua , Natri clorid 0.9%",,Vĩnh Phúc,Chai x 1100ml,Chăm sóc cá nhân | Chăm sóc răng miệng | Nước súc miệng,cham-soc-ca-nhan | cham-soc-ca-nhan/cham-soc-rang-mieng | cham-soc-ca-nhan/nuoc-suc-mieng,True,True,70,0,https://nhathuoclongchau.com.vn/cham-soc-ca-nhan/natri-clorid-09-vinh-phuc-smiles-1100ml---nuoc-muoi-36889.html,cham-soc-ca-nhan,100
144,00500817,"NƯỚC MUỐI VĨNH PHÚC PREMIUM NANO BẠC 500ML - LOẠI BỎ VI KHUẨN, KHỬ MÙI HÔI MIỆNG","Nước muối Vĩnh Phúc Premium Tinh Chất Nano Bạc 500ml kháng khuẩn, nấm trong khoang miệng",cham-soc-ca-nhan/nuoc-muoi-vinh-phuc-premium-tinh-chat-nano-bac-500-ml.html,12000.0,Chai,đ,https://cdn.nhathuoclongchau.com.vn/unsafe/https://cms-prod.s3-sgn09.fptcloud.com/nuoc_muoi_vinh_phuc_500_436705c53d.jpg,Natri clorid ,,Vĩnh Phúc,Chai x 500ml,Chăm sóc cá nhân | Chăm sóc răng miệng | Nước súc miệng,cham-soc-ca-nhan | cham-soc-ca-nhan/cham-soc-rang-mieng | cham-soc-ca-nhan/nuoc-suc-mieng,True,True,70,0,https://nhathuoclongchau.com.vn/cham-soc-ca-nhan/nuoc-muoi-vinh-phuc-premium-tinh-chat-nano-bac-500-ml.html,cham-soc-ca-nhan,100
145,00500392,"DUNG DỊCH VỆ SINH PHỤ NỮ LACTACYD PRO SENSITIVE KHÁNG KHUẨN, GIẢM NGỨA 250ML","Dung dịch vệ sinh phụ nữ Lactacyd Pro Sensitive kháng khuẩn, giảm ngứa (250ml)",cham-soc-ca-nhan/lactacyd-pro-sensitive-250ml-dung-dich-ve-sinh-phu-nu-khang-khuan-va-giam-ngua-34511.html,96000.0,Chai,đ,https://cdn.nhathuoclongchau.com.vn/unsafe/https://cms-prod.s3-sgn09.fptcloud.com/smalls/IMG_3852_31f0a406fa.jpg,"Lactic Acid  , Sodium benzoate  , Styrene Acrylates Copolymer  , Cocamidopropyl betaine  , Sodium Chloride  ",Dung dịch,Lactacyd,Chai,Chăm sóc cá nhân | Vệ sinh cá nhân | Dung dịch vệ sinh phụ nữ,cham-soc-ca-nhan | cham-soc-ca-nhan/ve-sinh-ca-nhan | cham-soc-ca-nhan/dung-dich-ve-sinh-phu-nu,True,True,70,0,https://nhathuoclongchau.com.vn/cham-soc-ca-nhan/lactacyd-pro-sensitive-250ml-dung-dich-ve-sinh-phu-nu-khang-khuan-va-giam-ngua-34511.html,cham-soc-ca-nhan,100
146,00033402,BĂNG VỆ SINH HÀNG NGÀY KHÔNG MÙI LAURIER ACTIVE FIT QUICK DRY AND FRESH 20 MIẾNG,"Băng vệ sinh Laurier Active Fit Quick Dry And Fresh hàng ngày hút ẩm hiệu quả, không gây hầm hơi (20 miếng)",cham-soc-ca-nhan/bvs-laurier-hang-ngay-active-fit-quick-dry-and-fresh-khong-mui-20-mieng-33503.html,18000.0,Gói,đ,https://cdn.nhathuoclongchau.com.vn/unsafe/https://cms-prod.s3-sgn09.fptcloud.com/DSC_02519_634a26603e.jpg,,,Kao,Gói 20 miếng,Chăm sóc cá nhân | Vệ sinh cá nhân | Băng vệ sinh,cham-soc-ca-nhan | cham-soc-ca-nhan/ve-sinh-ca-nhan | cham-soc-ca-nhan/bang-ve-sinh,True,True,70,0,https://nhathuoclongchau.com.vn/cham-soc-ca-nhan/bvs-laurier-hang-ngay-active-fit-quick-dry-and-fresh-khong-mui-20-mieng-33503.html,cham-soc-ca-nhan,100
147,00033398,BĂNG VỆ SINH BAN ĐÊM SIÊU BẢO VỆ LAURIER SAFETY NIGHT 4 MIẾNG X 35CM,Băng vệ sinh ban đêm Laurier Safety Night Kao thấm hút nhanh (4 miếng x 35cm),cham-soc-ca-nhan/bvs-laurier-safety-night-ban-dem-sieu-bao-ve-35cm-4-mieng-33504.html,23000.0,Gói,đ,https://cdn.nhathuoclongchau.com.vn/unsafe/https://cms-prod.s3-sgn09.fptcloud.com/DSC_02526_29af86f42d.jpg,,,Kao,Gói 4 miếng,Chăm sóc cá nhân | Vệ sinh cá nhân | Băng vệ sinh,cham-soc-ca-nhan | cham-soc-ca-nhan/ve-sinh-ca-nhan | cham-soc-ca-nhan/bang-ve-sinh,True,True,70,0,https://nhathuoclongchau.com.vn/cham-soc-ca-nhan/bvs-laurier-safety-night-ban-dem-sieu-bao-ve-35cm-4-mieng-33504.html,cham-soc-ca-nhan,100
148,00033401,BĂNG VỆ SINH SIÊU MỎNG KHÁNG KHUẨN 1MM LAURIER SUPER SLIMGUARD 8 MIẾNG,"Băng vệ sinh Laurier Super Slimguard Kao kháng khuẩn 99,99%, ngăn nấm Candida (1mm - 8 miếng)",cham-soc-ca-nhan/bvs-laurier-super-slimguard-khang-khuan-sieu-mong-1mm-8-mieng-33506.html,38000.0,Gói,đ,https://cdn.nhathuoclongchau.com.vn/unsafe/https://cms-prod.s3-sgn09.fptcloud.com/DSC_02511_9caa8f4e11.jpg,,,Kao,Gói 8 miếng,Chăm sóc cá nhân | Vệ sinh cá nhân | Băng vệ sinh,cham-soc-ca-nhan | cham-soc-ca-nhan/ve-sinh-ca-nhan | cham-soc-ca-nhan/bang-ve-sinh,True,True,70,1.8357763999999999,https://nhathuoclongchau.com.vn/cham-soc-ca-nhan/bvs-laurier-super-slimguard-khang-khuan-sieu-mong-1mm-8-mieng-33506.html,cham-soc-ca-nhan,100
149,00033403,BĂNG VỆ SINH SIÊU THẤM SIÊU MỎNG CÁNH LAURIER FRESH AND FREE 8 MIẾNG,"Băng vệ sinh Laurier Fresh And Free Kao siêu thấm, siêu mỏng cánh (8 miếng)",cham-soc-ca-nhan/bvs-laurier-fresh-and-free-sieu-tham-sieu-mong-canh-8-mieng-33510.html,16000.0,Gói,đ,https://cdn.nhathuoclongchau.com.vn/unsafe/https://cms-prod.s3-sgn09.fptcloud.com/DSC_02535_db7c078b51.jpg,,,Kao,Gói 8 miếng,Chăm sóc cá nhân | Vệ sinh cá nhân | Băng vệ sinh,cham-soc-ca-nhan | cham-soc-ca-nhan/ve-sinh-ca-nhan | cham-soc-ca-nhan/bang-ve-sinh,True,True,70,1.8551449,https://nhathuoclongchau.com.vn/cham-soc-ca-nhan/bvs-laurier-fresh-and-free-sieu-tham-sieu-mong-canh-8-mieng-33510.html,cham-soc-ca-nhan,100
150,00033399,BĂNG VỆ SINH SIÊU MỎNG 1MM LAURIER SUPER SLIMGUARD 10 MIẾNG,Băng vệ sinh Laurier Super Slimguard Kao siêu thấm và mỏng nhẹ (1mm - 10 miếng),cham-soc-ca-nhan/bvs-laurier-super-slimguard-sieu-mong-1mm-10-mieng-33511.html,38000.0,Gói,đ,https://cdn.nhathuoclongchau.com.vn/unsafe/https://cms-prod.s3-sgn09.fptcloud.com/DSC_02550_903e28745f.jpg,,,Kao,Gói 10 miếng,Chăm sóc cá nhân | Vệ sinh cá nhân | Băng vệ sinh,cham-soc-ca-nhan | cham-soc-ca-nhan/ve-sinh-ca-nhan | cham-soc-ca-nhan/bang-ve-sinh,True,True,70,1.8399873000000002,https://nhathuoclongchau.com.vn/cham-soc-ca-nhan/bvs-laurier-super-slimguard-sieu-mong-1mm-10-mieng-33511.html,cham-soc-ca-nhan,100
151,00003474,DẦU MASSAGE CHO BÉ JOHNSONS BABY OIL 200ML,Dầu dưỡng ẩm mát xa Johnson's Baby Oil (200ml),cham-soc-ca-nhan/dau-mat-xa-va-duong-am-gohnsons-baby-200ml-568.html,100000.0,Chai,đ,https://cdn.nhathuoclongchau.com.vn/unsafe/https://cms-prod.s3-sgn09.fptcloud.com/00003474_dau_mat_xa_va_duong_am_gohnsons_baby_200ml_1784_6346_large_1c1cc78b19.jpg,"Mineral oil , Fragrance ",,Johnson & Johnson,Chai,Chăm sóc cá nhân | Tinh dầu các loại | Tinh dầu massage,cham-soc-ca-nhan | cham-soc-ca-nhan/tinh-dau-cac-loai | cham-soc-ca-nhan/tinh-dau-massage,True,True,70,0,https://nhathuoclongchau.com.vn/cham-soc-ca-nhan/dau-mat-xa-va-duong-am-gohnsons-baby-200ml-568.html,cham-soc-ca-nhan,100
152,00003475,DẦU MASSAGE CHO BÉ JOHNSONS BABY OIL 50ML,Dầu dưỡng ẩm mát xa Johnson's Baby Oil (50ml),cham-soc-ca-nhan/dau-mat-xa-va-duong-am-gohnsons-baby-50ml-569.html,40000.0,Chai,đ,https://cdn.nhathuoclongchau.com.vn/unsafe/https://cms-prod.s3-sgn09.fptcloud.com/00003475_dau_mat_xa_va_duong_am_gohnsons_baby_50ml_2507_62af_large_7f503ae699.JPG,"Mineral oil , Fragrance ",,Johnson & Johnson,Chai,Chăm sóc cá nhân | Tinh dầu các loại | Tinh dầu massage,cham-soc-ca-nhan | cham-soc-ca-nhan/tinh-dau-cac-loai | cham-soc-ca-nhan/tinh-dau-massage,True,True,70,0,https://nhathuoclongchau.com.vn/cham-soc-ca-nhan/dau-mat-xa-va-duong-am-gohnsons-baby-50ml-569.html,cham-soc-ca-nhan,100
153,00010507,KEM ĐÁNH RĂNG DƯỢC LIỆU NGỌC CHÂU 100G,"Kem đánh răng dược liệu Ngọc Châu bảo vệ lợi, chắc răng, làm bền thành mạch, chống tụt lợi, chảy máu chân răng (100g)",cham-soc-ca-nhan/kem-danh-rang-duoc-lieu-ngoc-chau-639.html,46000.0,Tuýp,đ,https://cdn.nhathuoclongchau.com.vn/unsafe/https://cms-prod.s3-sgn09.fptcloud.com/DSC_09195_a72160ec7d.png,"Bạc hà , Đinh hương , Vỏ Cau , Hoa Hòe , Keo Ong , Vitamin E , Natri fluorid , Muối , Dịch chiết Ratany ",,Hoa Linh,Tuýp,Chăm sóc cá nhân | Chăm sóc răng miệng | Kem đánh răng,cham-soc-ca-nhan | cham-soc-ca-nhan/cham-soc-rang-mieng | cham-soc-ca-nhan/kem-danh-rang,True,True,70,0,https://nhathuoclongchau.com.vn/cham-soc-ca-nhan/kem-danh-rang-duoc-lieu-ngoc-chau-639.html,cham-soc-ca-nhan,100
154,00007043,"KEM BÔI CHO BÉ SUDOCREM BẢO VỆ DA, NGĂN NGỪA HĂM TÃ 60G","Kem bôi cho bé Sudocrem bảo vệ da, ngăn ngừa hăm tã (60g)",cham-soc-ca-nhan/kem-ham-ta-sudocrem-655.html,103000.0,Hộp,đ,https://cdn.nhathuoclongchau.com.vn/unsafe/https://cms-prod.s3-sgn09.fptcloud.com/sudocream_d5fd9979ed.jpg,"Kẽm oxyd 15.25%, Tá dược vừa đủ , Mỡ cừu 4%, Nước tinh khiết , Paraffin , Cera Microcristallina (Microcrystalline Wax) , Benzyl benzoat , Propylene glycol , Benzyl alcohol , Tinh dầu Oải Hương , Cera alba , BHA , Benzyl Cinnamate , Sorbitan Sesquioleate , Paraffin lỏng , Axit chanh , Linalyl Acetate ",,Sudocrem,Hộp,Chăm sóc cá nhân | Đồ dùng gia đình | Đồ dùng cho bé,cham-soc-ca-nhan | cham-soc-ca-nhan/do-dung-gia-dinh | cham-soc-ca-nhan/do-dung-cho-be,True,True,70,0,https://nhathuoclongchau.com.vn/cham-soc-ca-nhan/kem-ham-ta-sudocrem-655.html,cham-soc-ca-nhan,100
155,00002637,ĐƯỜNG ĂN KIÊNG TROPICANA SLIM CLASSIC 50 GÓI X 2G,Đường Ăn Kiêng Tropicana Slim Classic (50 gói x 2g),cham-soc-ca-nhan/duong-an-kieng-tropicana-slim-814.html,73000.0,Hộp,đ,https://cdn.nhathuoclongchau.com.vn/unsafe/https://cms-prod.s3-sgn09.fptcloud.com/00002637_duong_an_kieng_tropicana_slim_4317_5fae_large_c5396e0f83.JPG,"Chất tạo ngọt tổng hợp , Đường Sorbitol , Sucralose , Acesulfame potassium , Chromium picolinate , Bột bắp ",Dạng bột,Tropicana,Hộp,Chăm sóc cá nhân | Thực phẩm - Đồ uống | Đường ăn kiêng,cham-soc-ca-nhan | cham-soc-ca-nhan/thuc-pham-do-uong | cham-soc-ca-nhan/duong-an-kieng,True,True,70,0,https://nhathuoclongchau.com.vn/cham-soc-ca-nhan/duong-an-kieng-tropicana-slim-814.html,cham-soc-ca-nhan,100
156,00011174,KEM XUA MUỖI SOFFELL HƯƠNG CAM 60ML,Kem xua muỗi Soffel hương cam giúp chống muỗi suốt 10 giờ (60ml),cham-soc-ca-nhan/kem-soffell-cam-60ml-1137.html,24000.0,Chai,đ,https://cdn.nhathuoclongchau.com.vn/unsafe/https://cms-prod.s3-sgn09.fptcloud.com/DSC_05483_cac2779d89.png,Diethyltoluamide 13%,Kem,Soffell,Chai,Chăm sóc cá nhân | Đồ dùng gia đình | Chống muỗi & côn trùng,cham-soc-ca-nhan | cham-soc-ca-nhan/do-dung-gia-dinh | cham-soc-ca-nhan/chong-muoi-con-trung,True,True,70,0,https://nhathuoclongchau.com.vn/cham-soc-ca-nhan/kem-soffell-cam-60ml-1137.html,cham-soc-ca-nhan,100
157,00009627,KEM XUA MUỖI SOFFELL HƯƠNG HOA 60ML,Kem xua muỗi Soffell hương hoa giúp chống muỗi trong suốt 10 giờ (60ml),cham-soc-ca-nhan/kem-soffell-huong-hoa-60ml-1554.html,24000.0,Chai,đ,https://cdn.nhathuoclongchau.com.vn/unsafe/https://cms-prod.s3-sgn09.fptcloud.com/DSC_05458_17c8368a64.png,Diethyltoluamide 13%,,Soffell,Chai,Chăm sóc cá nhân | Đồ dùng gia đình | Chống muỗi & côn trùng,cham-soc-ca-nhan | cham-soc-ca-nhan/do-dung-gia-dinh | cham-soc-ca-nhan/chong-muoi-con-trung,True,True,70,0,https://nhathuoclongchau.com.vn/cham-soc-ca-nhan/kem-soffell-huong-hoa-60ml-1554.html,cham-soc-ca-nhan,100
158,00002923,KẸO NGẬM HO EUGICA CANDY MEGA 100 VIÊN,Kẹo Ngậm Ho Eugica Candy Mega (100 viên),cham-soc-ca-nhan/eugica-candy-3812.html,73000.0,Hộp,đ,https://cdn.nhathuoclongchau.com.vn/unsafe/https://cms-prod.s3-sgn09.fptcloud.com/00002923_eugica_candy_9939_62ad_large_491323344e.jpg,"Tinh dầu bạc hà 7mg, Tinh dầu quế 1mg, Tinh dầu khuynh diệp 0.6mg, Tinh dầu gừng 0.6mg, Tinh dầu tần 0.5mg, Tá dược vừa đủ  ",Viên ngậm,MEGA We care,Hộp 100 Viên,Chăm sóc cá nhân | Thực phẩm - Đồ uống | Kẹo cứng,cham-soc-ca-nhan | cham-soc-ca-nhan/thuc-pham-do-uong | cham-soc-ca-nhan/keo-cung,True,True,70,0,https://nhathuoclongchau.com.vn/cham-soc-ca-nhan/eugica-candy-3812.html,cham-soc-ca-nhan,100
159,00002166,"DUNG DỊCH VỆ SINH PHỤ NỮ DẠ HƯƠNG VỆ SINH NHẸ NHÀNG, DƯỠNG ẨM 120ML","Dung dịch vệ sinh phụ nữ Dạ Hương vệ sinh nhẹ nhàng, dưỡng ẩm (120ml)",cham-soc-ca-nhan/da-huong-120ml-4117.html,49000.0,Chai,đ,https://cdn.nhathuoclongchau.com.vn/unsafe/https://cms-prod.s3-sgn09.fptcloud.com/00002166_da_huong_120ml_9942_5cff_large_e72548a7a2.JPG,"NaCl , Lô hội , Menthol , Thymol , Acid lactic , Vitamin E , Hương liệu ",,Hoa Linh,Chai,Chăm sóc cá nhân | Vệ sinh cá nhân | Dung dịch vệ sinh phụ nữ,cham-soc-ca-nhan | cham-soc-ca-nhan/ve-sinh-ca-nhan | cham-soc-ca-nhan/dung-dich-ve-sinh-phu-nu,True,True,70,0,https://nhathuoclongchau.com.vn/cham-soc-ca-nhan/da-huong-120ml-4117.html,cham-soc-ca-nhan,100
160,00016150,TĂM CHỈ KẼ RĂNG OKAMURA GÓI 90 CÂY,Tăm chỉ kẽ răng Okamura làm sạch mảng bám thức ăn dư thừa trong kẽ răng (90 cây) ,cham-soc-ca-nhan/tam-chi-ke-rang-okamura-90-cay-14546.html,33000.0,Gói,đ,https://cdn.nhathuoclongchau.com.vn/unsafe/https://cms-prod.s3-sgn09.fptcloud.com/IMG_5222_f90ea8f7b5.jpg,"Polyester , Nhựa Hips ",,Okamura,Gói,Chăm sóc cá nhân | Chăm sóc răng miệng | Chỉ nha khoa,cham-soc-ca-nhan | cham-soc-ca-nhan/cham-soc-rang-mieng | cham-soc-ca-nhan/chi-nha-khoa,True,True,70,0,https://nhathuoclongchau.com.vn/cham-soc-ca-nhan/tam-chi-ke-rang-okamura-90-cay-14546.html,cham-soc-ca-nhan,100
161,00015306,KEM ĐÁNH RĂNG SENSODYNE REPAIR AND PROTECT DEEP REPAIR WHITENING 100G,"Kem đánh răng Sensodyne Repair And Protect Deep Repair Whitening giảm ê buốt răng, cơ chế phục hồi sâu (100g)",cham-soc-ca-nhan/sensodyne-repairpro-extra-100g-14892.html,90000.0,Tuýp,đ,https://cdn.nhathuoclongchau.com.vn/unsafe/https://cms-prod.s3-sgn09.fptcloud.com/DSC_00778_c4b1fa8176.jpg,"Glycerin  , Peg-8  , Hydrated silica  , Calcium  , Cocamidopropyl betaine  , Sodium methyl cocoyl taurate  , Aroma  , Titanium dioxide  , Carbomer  , Sodium fluoride  , Sodium saccharin  , Hosphosilicate (NOVAMIN)  , Limonene  ",,Sensodyne,Tuýp x 100g,Chăm sóc cá nhân | Chăm sóc răng miệng | Kem đánh răng,cham-soc-ca-nhan | cham-soc-ca-nhan/cham-soc-rang-mieng | cham-soc-ca-nhan/kem-danh-rang,True,True,70,0,https://nhathuoclongchau.com.vn/cham-soc-ca-nhan/sensodyne-repairpro-extra-100g-14892.html,cham-soc-ca-nhan,100
162,00015165,NƯỚC BÙ ĐIỆN GIẢI POCARI SWEAT 500ML,Nước Bù Điện Giải Pocari Sweat (500ml),cham-soc-ca-nhan/pocari-sweat-otsuka-500ml-15028.html,13500.0,Chai,đ,https://cdn.nhathuoclongchau.com.vn/unsafe/https://cms-prod.s3-sgn09.fptcloud.com/DSC_02243_ea5058dc16.jpg,"Đường , Kali clorid , Citric Acid , Nước (aqua) , Natri citrat , Natri clorid , Calcium lactate , Malic Acid , Vitamin C , Magie cacbonat , Glucono-delta-lactone ",,Pocari Sweat,Thùng 24 Chai,Chăm sóc cá nhân | Thực phẩm - Đồ uống | Nước uống không gas,cham-soc-ca-nhan | cham-soc-ca-nhan/thuc-pham-do-uong | cham-soc-ca-nhan/nuoc-uong-khong-gas,True,True,70,0,https://nhathuoclongchau.com.vn/cham-soc-ca-nhan/pocari-sweat-otsuka-500ml-15028.html,cham-soc-ca-nhan,100
163,00015054,DUNG DỊCH VỆ SINH PHỤ NỮ LACTACYD ODOR FRESH NGĂN MÙI SUỐT 24H 150ML,Dung dịch vệ sinh phụ nữ Lactacyd Odor Fresh ngăn mùi suốt 24h (150ml),cham-soc-ca-nhan/lactacyd-ngay-dai-tuoi-mat-150ml-15136.html,56000.0,Chai,đ,https://cdn.nhathuoclongchau.com.vn/unsafe/https://cms-prod.s3-sgn09.fptcloud.com/00015054_9351711c4d.jpg,"Hoa hồng , Lá trầu không ",Dung dịch,Lactacyd,Chai,Chăm sóc cá nhân | Vệ sinh cá nhân | Dung dịch vệ sinh phụ nữ,cham-soc-ca-nhan | cham-soc-ca-nhan/ve-sinh-ca-nhan | cham-soc-ca-nhan/dung-dich-ve-sinh-phu-nu,True,True,70,0,https://nhathuoclongchau.com.vn/cham-soc-ca-nhan/lactacyd-ngay-dai-tuoi-mat-150ml-15136.html,cham-soc-ca-nhan,100
164,00010731,GEL BÔI TRƠN DUREX KY JELLY 50G,Gel bôi trơn Durex K-Y Jelly giảm triệu chứng khô âm đạo khi quan hệ (50g),cham-soc-ca-nhan/durex-kyjelly-50g-16350.html,90000.0,Chai,đ,https://cdn.nhathuoclongchau.com.vn/unsafe/https://cms-prod.s3-sgn09.fptcloud.com/00010731_durex_kyjelly_50g_3479_62b5_large_8734c6b877.jpg,"Nước (aqua) , Glycerin , hydroxyethylcellulose , Gluconolactone , Chlorhexidine digluconate , Methyl paraben , Natri hydroxide ",,Durex,Chai,Chăm sóc cá nhân | Hỗ trợ tình dục | Gel bôi trơn,cham-soc-ca-nhan | cham-soc-ca-nhan/ho-tro-tinh-duc | cham-soc-ca-nhan/gel-boi-tron,True,True,70,1.8425694,https://nhathuoclongchau.com.vn/cham-soc-ca-nhan/durex-kyjelly-50g-16350.html,cham-soc-ca-nhan,100
165,00010345,TĂM CHỈ KẼ RĂNG OKAMURA HŨ 70 CÂY,Tăm chỉ kẽ răng Okamura hỗ trợ làm sạch mảng bám thức ăn dư thừa (70 cây),cham-soc-ca-nhan/tam-chi-ke-rang-hu-16466.html,27000.0,Hộp,đ,https://cdn.nhathuoclongchau.com.vn/unsafe/https://cms-prod.s3-sgn09.fptcloud.com/00010345_tam_chi_ke_rang_hu_9494_62b3_large_5eab2ed09f.jpg,"Nhựa Hips , Polyester ",,Okamura,Hộp 70 cái,Chăm sóc cá nhân | Chăm sóc răng miệng | Chỉ nha khoa,cham-soc-ca-nhan | cham-soc-ca-nhan/cham-soc-rang-mieng | cham-soc-ca-nhan/chi-nha-khoa,True,True,70,0,https://nhathuoclongchau.com.vn/cham-soc-ca-nhan/tam-chi-ke-rang-hu-16466.html,cham-soc-ca-nhan,100
166,00009773,BỘT ĐA NĂNG BAKING SODA,Bột Đa Năng Baking Soda,cham-soc-ca-nhan/baking-soda-454g-16599.html,40000.0,Hộp,đ,https://cdn.nhathuoclongchau.com.vn/unsafe/https://cms-prod.s3-sgn09.fptcloud.com/DSC_04342_905d5e52eb.jpg,Sodium bicarbonate 100%,,Church & Dwight,Hộp,Chăm sóc cá nhân | Hàng tổng hợp,cham-soc-ca-nhan | cham-soc-ca-nhan/hang-tong-hop,True,True,70,0,https://nhathuoclongchau.com.vn/cham-soc-ca-nhan/baking-soda-454g-16599.html,cham-soc-ca-nhan,100
167,00009625,NƯỚC SÚC MIỆNG BẠC HÀ LISTERINE COOLMINT 750ML,"Nước súc miệng Listerine Cool Mint bảo vệ khoang miệng suốt 24h khỏi vi khuẩn hôi miệng, mảng bám, viêm nướu (750ml)",cham-soc-ca-nhan/listerine-coolmint-750ml-16633.html,168000.0,Chai,đ,https://cdn.nhathuoclongchau.com.vn/unsafe/https://cms-prod.s3-sgn09.fptcloud.com/DSC_07458_5a8e40403c.png,"Acid benzoic , Poloxamer , Sorbitol , Alcohol , Nước (aqua) , Sodium saccharin , Eucalyptol , Thymol , Methyl salicylate , Menthol , Sodium benzoate , Flavor ",,Listerine,Chai,Chăm sóc cá nhân | Chăm sóc răng miệng | Nước súc miệng,cham-soc-ca-nhan | cham-soc-ca-nhan/cham-soc-rang-mieng | cham-soc-ca-nhan/nuoc-suc-mieng,True,True,70,0,https://nhathuoclongchau.com.vn/cham-soc-ca-nhan/listerine-coolmint-750ml-16633.html,cham-soc-ca-nhan,100
168,00008426,"NƯỚC SÚC MIỆNG TRẺ EM VALENTINE KIDDY THÁI DƯƠNG GIÚP VỆ SINH RĂNG MIỆNG, NGĂN NGỪA SÂU RĂNG 250ML","Nước súc miệng trẻ em Valentine Kiddy Thái Dương giúp vệ sinh răng miệng, ngăn ngừa sâu răng (250ml)",cham-soc-ca-nhan/nsm-valentine-kiddy-250ml-16683.html,30000.0,Chai,đ,https://cdn.nhathuoclongchau.com.vn/unsafe/https://cms-prod.s3-sgn09.fptcloud.com/00008426_nsm_valentine_kiddy_250ml_4438_62af_large_b4c4f11077.jpg,"Glycerin , Propylene glycol , Sorbitol , Nước (aqua) , Poloxamer 407 , Peg-40 Hydrogenated Castor Oil , Fragrance , Colloidal silver ",,Sao Thái Dương,Chai,Chăm sóc cá nhân | Chăm sóc răng miệng | Nước súc miệng,cham-soc-ca-nhan | cham-soc-ca-nhan/cham-soc-rang-mieng | cham-soc-ca-nhan/nuoc-suc-mieng,True,True,70,0,https://nhathuoclongchau.com.vn/cham-soc-ca-nhan/nsm-valentine-kiddy-250ml-16683.html,cham-soc-ca-nhan,100
169,00008425,"NƯỚC SÚC MIỆNG VALENTINE THÁI DƯƠNG DIỆT KHUẨN, BẢO VỆ RĂNG MIỆNG 500ML","Nước súc miệng Valentine Thái Dương diệt khuẩn, bảo vệ răng miệng (500ml)",cham-soc-ca-nhan/nsm-valentine-500ml-thai-duong-16684.html,41000.0,Hộp,đ,https://cdn.nhathuoclongchau.com.vn/unsafe/https://cms-prod.s3-sgn09.fptcloud.com/IMG_4967_b3d0260342.jpg,"Tinh dầu bạc hà , Nano Silver , PEG-40 , glycerine , Sorbitol , Nước (aqua) , propylen glycol ",,Sao Thái Dương,Hộp,Chăm sóc cá nhân | Chăm sóc răng miệng | Nước súc miệng,cham-soc-ca-nhan | cham-soc-ca-nhan/cham-soc-rang-mieng | cham-soc-ca-nhan/nuoc-suc-mieng,True,True,70,0,https://nhathuoclongchau.com.vn/cham-soc-ca-nhan/nsm-valentine-500ml-thai-duong-16684.html,cham-soc-ca-nhan,100
170,00008408,BCS OK ORIGINAL HỘP 12 CÁI,"Bao cao su OK Original không mùi, bổ sung chất bôi trơn và không chứa chất diệt tinh trùng (12 cái)",cham-soc-ca-nhan/bcs-ok-original-12s-16685.html,18000.0,Hộp,đ,https://cdn.nhathuoclongchau.com.vn/unsafe/https://cms-prod.s3-sgn09.fptcloud.com/00008408_bcs_ok_original_12s_2305_5c93_large_b7a1627eec.JPG,"Cao su thiên nhiên , Medevice 3s joint venture ",,OK,Hộp 12 Cái,Chăm sóc cá nhân | Hỗ trợ tình dục | Bao cao su,cham-soc-ca-nhan | cham-soc-ca-nhan/ho-tro-tinh-duc | cham-soc-ca-nhan/bao-cao-su,True,True,70,0,https://nhathuoclongchau.com.vn/cham-soc-ca-nhan/bcs-ok-original-12s-16685.html,cham-soc-ca-nhan,100
171,00008380,BCS ÔM SÁT DUREX KINGTEX HỘP 12 CÁI,"Bao cao su Durex Kingtex ôm sát, vừa vặn (49mm - 12 cái)",cham-soc-ca-nhan/durex-kingtex-12s-16693.html,125000.0,Hộp,đ,https://cdn.nhathuoclongchau.com.vn/unsafe/https://cms-prod.s3-sgn09.fptcloud.com/00008380_durex_kingtex_12s_5311_62b1_large_0257829a5c.jpg,Cao su thiên nhiên ,,Durex,Hộp 12 Cái,Chăm sóc cá nhân | Hỗ trợ tình dục | Bao cao su,cham-soc-ca-nhan | cham-soc-ca-nhan/ho-tro-tinh-duc | cham-soc-ca-nhan/bao-cao-su,True,True,70,0,https://nhathuoclongchau.com.vn/cham-soc-ca-nhan/durex-kingtex-12s-16693.html,cham-soc-ca-nhan,100
172,00008379,BCS SIÊU MỎNG TĂNG CẢM XÚC DUREX INVISIBLE HỘP 3 CÁI,"Bao cao su Durex Invisible Extra Thin Extra Sensitive siêu mỏng, vừa vặn và ôm sát (3 cái)",cham-soc-ca-nhan/durex-invisible-3s-16694.html,89000.0,Hộp,đ,https://cdn.nhathuoclongchau.com.vn/unsafe/https://cms-prod.s3-sgn09.fptcloud.com/00008379_durex_invisible_3s_4868_62af_large_20f937de9d.JPG,"Chất bôi trơn , Cao su thiên nhiên ",,Durex,Hộp 3 Cái,Chăm sóc cá nhân | Hỗ trợ tình dục | Bao cao su,cham-soc-ca-nhan | cham-soc-ca-nhan/ho-tro-tinh-duc | cham-soc-ca-nhan/bao-cao-su,True,True,70,0,https://nhathuoclongchau.com.vn/cham-soc-ca-nhan/durex-invisible-3s-16694.html,cham-soc-ca-nhan,100
173,00006641,KEM ĐÁNH RĂNG LÀM TRẮNG SENSODYNE GENTLE WHITENING 100G,"Kem đánh răng Sensodyne Gentle Whitening làm trắng răng tự nhiên, bảo vệ răng ê buốt mỗi ngày (100g)",cham-soc-ca-nhan/sensodyne-gentle-whitening-100g-kem-danh-rang-lam-trang-rang-16895.html,68000.0,Tuýp,đ,https://cdn.nhathuoclongchau.com.vn/unsafe/https://cms-prod.s3-sgn09.fptcloud.com/DSC_05303_d534a7e931.png,"Glycerin 5.0%, Sorbitol 0.221%, Nước (aqua)  , Hydrated silica  , Cocamidopropyl betaine  , Sodium methyl cocoyl taurate  , Flavor  , PEG-6  , CI 77891  , Sodium fluoride  , Xanthan gum  , Sodium hydroxide  , Sodium saccharin  ",,Sensodyne,Tuýp,Chăm sóc cá nhân | Chăm sóc răng miệng | Kem đánh răng,cham-soc-ca-nhan | cham-soc-ca-nhan/cham-soc-rang-mieng | cham-soc-ca-nhan/kem-danh-rang,True,True,70,0,https://nhathuoclongchau.com.vn/cham-soc-ca-nhan/sensodyne-gentle-whitening-100g-kem-danh-rang-lam-trang-rang-16895.html,cham-soc-ca-nhan,100
174,00006326,XỊT CHỐNG MUỖI CHO GIA ĐÌNH HƯƠNG OẢI HƯƠNG REMOS LAVENDER ROHTO 150ML,Xịt chống muỗi Remos hương Lavender xua muỗi suốt 10 giờ (150ml),cham-soc-ca-nhan/remos-lavender-150ml-16919.html,70000.0,Chai,đ,https://cdn.nhathuoclongchau.com.vn/unsafe/https://cms-prod.s3-sgn09.fptcloud.com/DSC_02433_4fdf87414f.jpg,"Ethanol , Diethyltoluamide 15%",,Remos,Chai,Chăm sóc cá nhân | Đồ dùng gia đình | Chống muỗi & côn trùng,cham-soc-ca-nhan | cham-soc-ca-nhan/do-dung-gia-dinh | cham-soc-ca-nhan/chong-muoi-con-trung,True,True,70,0,https://nhathuoclongchau.com.vn/cham-soc-ca-nhan/remos-lavender-150ml-16919.html,cham-soc-ca-nhan,100
175,00004483,NƯỚC SÚC MIỆNG BẠC HÀ LISTERINE COOLMINT 250ML,"Nước súc miệng Listerine Cool Mint bảo vệ khoang miệng suốt 24h khỏi vi khuẩn hôi miệng, mảng bám, viêm nướu (250ml)",cham-soc-ca-nhan/listerine-cool-mint-250ml-nuoc-suc-mieng-17139.html,70000.0,Chai,đ,https://cdn.nhathuoclongchau.com.vn/unsafe/https://cms-prod.s3-sgn09.fptcloud.com/DSC_07463_fae24ba11f.png,"Water , Alcohol , Sorbitol , Poloxamer 407 , Benzoic Acid , Sodium saccharin , Eucalyptol , Thymol , Menthol , Sodium benzoate , Tá dược vừa đủ , Methyl Salicylat , Flavor ",,Listerine,Chai,Chăm sóc cá nhân | Chăm sóc răng miệng | Nước súc miệng,cham-soc-ca-nhan | cham-soc-ca-nhan/cham-soc-rang-mieng | cham-soc-ca-nhan/nuoc-suc-mieng,True,True,70,0,https://nhathuoclongchau.com.vn/cham-soc-ca-nhan/listerine-cool-mint-250ml-nuoc-suc-mieng-17139.html,cham-soc-ca-nhan,100
176,00004283,DUNG DỊCH VỆ SINH PHỤ NỮ LACTACYD SOFT AND SILKY LÀM SẠCH VÀ DƯỠNG ẨM 250ML,Dung dịch vệ sinh phụ nữ Lactacyd Soft and Silky làm sạch và dưỡng ẩm (250ml),cham-soc-ca-nhan/lactacyd-softsilky-250ml-17153.html,88000.0,Chai,đ,https://cdn.nhathuoclongchau.com.vn/unsafe/https://cms-prod.s3-sgn09.fptcloud.com/DSC_09113_878641da39.jpg,"Water , Vitamin E , Collagen , Magnesium Laureth Sulphate , Lactic Acid , Perfume , Disodium Laureth Sulfate ",Dung dịch,Lactacyd,Chai,Chăm sóc cá nhân | Vệ sinh cá nhân | Dung dịch vệ sinh phụ nữ,cham-soc-ca-nhan | cham-soc-ca-nhan/ve-sinh-ca-nhan | cham-soc-ca-nhan/dung-dich-ve-sinh-phu-nu,True,True,70,0,https://nhathuoclongchau.com.vn/cham-soc-ca-nhan/lactacyd-softsilky-250ml-17153.html,cham-soc-ca-nhan,100
177,00004275,"SỮA TẮM GỘI CHO BÉ LACTACYD BABY GIẢM RÔM SẢY, HĂM KẼ 250ML","Sữa tắm gội cho bé Lactacyd Baby giảm rôm sảy, hăm kẽ (250ml)",cham-soc-ca-nhan/lactacyd-bb-250ml-sanofi-lo-17158.html,98000.0,Chai,đ,https://cdn.nhathuoclongchau.com.vn/unsafe/https://cms-prod.s3-sgn09.fptcloud.com/00004275_lactacyd_bb_250ml_sanofi_lo_3437_62c6_large_b2049ce3cc.JPG,"Lactoserum atomisat 0.93 , Acid lactic 1.0 , Tá dược vừa đủ  ",Dung dịch,Lactacyd,Chai,Chăm sóc cá nhân | Đồ dùng gia đình | Đồ dùng cho bé,cham-soc-ca-nhan | cham-soc-ca-nhan/do-dung-gia-dinh | cham-soc-ca-nhan/do-dung-cho-be,True,True,70,0,https://nhathuoclongchau.com.vn/cham-soc-ca-nhan/lactacyd-bb-250ml-sanofi-lo-17158.html,cham-soc-ca-nhan,100
178,00002674,GEL BÔI TRƠN DUREX PLAY CLASSIC 50ML,Gel bôi trơn Durex Play Classic giảm triệu chứng khô âm đạo khi quan hệ (50ml),cham-soc-ca-nhan/durex-play-50ml-17343.html,90000.0,Chai,đ,https://cdn.nhathuoclongchau.com.vn/unsafe/https://cms-prod.s3-sgn09.fptcloud.com/DSC_08248_8703ce826a.jpg,"Aloe vera , Sodium hydroxide , Acid benzoic , Propylene glycol , Nước tinh khiết , Glycerin , Citric Acid , Hydroxyethyl cellulose , Xanthan gum ",,Durex,Chai,Chăm sóc cá nhân | Hỗ trợ tình dục | Gel bôi trơn,cham-soc-ca-nhan | cham-soc-ca-nhan/ho-tro-tinh-duc | cham-soc-ca-nhan/gel-boi-tron,True,True,70,0,https://nhathuoclongchau.com.vn/cham-soc-ca-nhan/durex-play-50ml-17343.html,cham-soc-ca-nhan,100
179,00002672,BCS KÉO DÀI THỜI GIAN DUREX PERFORMA HỘP 3 CÁI,"Bao cao su Durex Performa chứa nhiều gel làm mát, kéo dài thời gian quan hệ (3 cái)",cham-soc-ca-nhan/durex-performa-3s-17344.html,72000.0,Hộp,đ,https://cdn.nhathuoclongchau.com.vn/unsafe/https://cms-prod.s3-sgn09.fptcloud.com/00002672_durex_performa_3s_4130_62b5_large_8f866e4abb.jpg,Cao su thiên nhiên ,,Durex,Hộp 3 Cái,Chăm sóc cá nhân | Hỗ trợ tình dục | Bao cao su,cham-soc-ca-nhan | cham-soc-ca-nhan/ho-tro-tinh-duc | cham-soc-ca-nhan/bao-cao-su,True,True,70,0,https://nhathuoclongchau.com.vn/cham-soc-ca-nhan/durex-performa-3s-17344.html,cham-soc-ca-nhan,100
180,00002669,BCS ÔM SÁT DUREX KINGTEX HỘP 3 CÁI,"Bao cao su Durex Kingtex ôm sát, vừa vặn (49mm - 3 cái)",cham-soc-ca-nhan/durex-kingtex-3s-17347.html,41000.0,Hộp,đ,https://cdn.nhathuoclongchau.com.vn/unsafe/https://cms-prod.s3-sgn09.fptcloud.com/00002669_durex_kingtex_3s_9509_62af_large_d17e8932c3.JPG,Cao su thiên nhiên ,,Durex,Hộp 3 Cái,Chăm sóc cá nhân | Hỗ trợ tình dục | Bao cao su,cham-soc-ca-nhan | cham-soc-ca-nhan/ho-tro-tinh-duc | cham-soc-ca-nhan/bao-cao-su,True,True,70,0,https://nhathuoclongchau.com.vn/cham-soc-ca-nhan/durex-kingtex-3s-17347.html,cham-soc-ca-nhan,100
181,00002167,"DUNG DỊCH VỆ SINH PHỤ NỮ DẠ HƯƠNG HƯƠNG LAVENDER VỆ SINH NHẸ NHÀNG, GIỮ CÂN BẰNG PH 100ML","Dung dịch vệ sinh phụ nữ Dạ Hương hương Lavender vệ sinh nhẹ nhàng, giữ cân bằng pH (100ml)",cham-soc-ca-nhan/da-huong-lavender-100ml-17416.html,39000.0,Chai,đ,https://cdn.nhathuoclongchau.com.vn/unsafe/https://cms-prod.s3-sgn09.fptcloud.com/00002167_da_huong_lavender_100ml_8636_5cfd_large_1fb1d68049.JPG,"NaCl , Lô hội , Menthol , Thymol , Acid lactic , Vitamin E , Hương liệu ",,Hoa Linh,Chai,Chăm sóc cá nhân | Vệ sinh cá nhân | Dung dịch vệ sinh phụ nữ,cham-soc-ca-nhan | cham-soc-ca-nhan/ve-sinh-ca-nhan | cham-soc-ca-nhan/dung-dich-ve-sinh-phu-nu,True,True,70,0,https://nhathuoclongchau.com.vn/cham-soc-ca-nhan/da-huong-lavender-100ml-17416.html,cham-soc-ca-nhan,100
182,00016689,BĂNG VỆ SINH HÀNG NGÀY DIANA SENSI COOL FRESH 20 MIẾNG,Băng vệ sinh hàng ngày Diana Sensi Cool Fresh Unicharm (20 miếng),cham-soc-ca-nhan/bang-ve-sinh-diana-hang-ngay-sensi-cool-fresh-20-mieng-17923.html,19000.0,Bịch,đ,https://cdn.nhathuoclongchau.com.vn/unsafe/https://cms-prod.s3-sgn09.fptcloud.com/00016689_bang_ve_sinh_diana_hang_ngay_sensi_cool_fresh_20_mieng_3572_62bd_large_9df95ab096.jpg,"vải không dệt trắng , Cellulose , Giấy , Silicon , Polymer , Tinh dầu bạc hà , PE , Hạt siêu thấm , Leadtape ",,Unicharm,Bịch,Chăm sóc cá nhân | Vệ sinh cá nhân | Băng vệ sinh,cham-soc-ca-nhan | cham-soc-ca-nhan/ve-sinh-ca-nhan | cham-soc-ca-nhan/bang-ve-sinh,True,True,70,0,https://nhathuoclongchau.com.vn/cham-soc-ca-nhan/bang-ve-sinh-diana-hang-ngay-sensi-cool-fresh-20-mieng-17923.html,cham-soc-ca-nhan,100
183,00016688,BĂNG VỆ SINH SIÊU MỎNG CÁNH DIANA SENSI COOL FRESH 8 MIẾNG,Băng vệ sinh Diana Sensi Cool Fresh 23cm Unicharm siêu mỏng cánh (8 miếng),cham-soc-ca-nhan/bang-ve-sinh-diana-sensi-cool-fresh-sieu-mong-canh-23cm-8-mieng-17924.html,21000.0,Bịch,đ,https://cdn.nhathuoclongchau.com.vn/unsafe/https://cms-prod.s3-sgn09.fptcloud.com/sieu_mong_canh_c98f1efb50.jpg,Latex ,,Diana,Bịch,Chăm sóc cá nhân | Vệ sinh cá nhân | Băng vệ sinh,cham-soc-ca-nhan | cham-soc-ca-nhan/ve-sinh-ca-nhan | cham-soc-ca-nhan/bang-ve-sinh,True,True,70,0,https://nhathuoclongchau.com.vn/cham-soc-ca-nhan/bang-ve-sinh-diana-sensi-cool-fresh-sieu-mong-canh-23cm-8-mieng-17924.html,cham-soc-ca-nhan,100
184,00018122,NƯỚC SÚC MIỆNG DR.MUỐI SỨC SỐNG MỚI 500ML,Nước súc miệng Dr. Muối giảm nguy cơ các bệnh về răng miệng (500ml),cham-soc-ca-nhan/drmuoi-ssm-500ml-nuoc-suc-mieng-19450.html,15000.0,Chai,đ,https://cdn.nhathuoclongchau.com.vn/unsafe/https://cms-prod.s3-sgn09.fptcloud.com/00018122_drmuoi_ssm_500ml_nuoc_suc_mieng_5975_62af_large_6df8cafceb.jpg,"Natri clorid 4.5, Methyl Hydroxybenzoate , Nước tinh khiết ",,DR.MUỐI,Chai,Chăm sóc cá nhân | Chăm sóc răng miệng | Nước súc miệng,cham-soc-ca-nhan | cham-soc-ca-nhan/cham-soc-rang-mieng | cham-soc-ca-nhan/nuoc-suc-mieng,True,True,70,0,https://nhathuoclongchau.com.vn/cham-soc-ca-nhan/drmuoi-ssm-500ml-nuoc-suc-mieng-19450.html,cham-soc-ca-nhan,100
185,00018206,"KEM BÔI CHỐNG HĂM TÃ BEPANTHEN BALM BAYER DƯỠNG ẨM, GIẢM KÍCH ỨNG 30G","Kem bôi chống hăm tã Bepanthen Balm Bayer dưỡng ẩm, giảm kích ứng (30g)",cham-soc-ca-nhan/bepanthen-balm-bayer-30g-19534.html,72000.0,Tuýp,đ,https://cdn.nhathuoclongchau.com.vn/unsafe/https://cms-prod.s3-sgn09.fptcloud.com/00018206_bepanthen_balm_bayer_30g_3395_5d10_large_ce13b0e44f.JPG,"Lanolin , Nước (aqua) , Paraffinum Liquidum , Petrolatum , Panthenol , Glycerin , Lanolin alcohol , Cetyl alcohol , Cera alba , Stearyl alcohol , Oleate , Ozokerite , Paraffiinum liduidum , Prunus anygdalus dulcis oil ",Dạng kem,Bayer,Tuýp,Chăm sóc cá nhân | Đồ dùng gia đình | Đồ dùng cho bé,cham-soc-ca-nhan | cham-soc-ca-nhan/do-dung-gia-dinh | cham-soc-ca-nhan/do-dung-cho-be,True,True,70,0,https://nhathuoclongchau.com.vn/cham-soc-ca-nhan/bepanthen-balm-bayer-30g-19534.html,cham-soc-ca-nhan,100
186,00020776,NƯỚC SÚC MIỆNG HƯƠNG CHANH DR. MUỐI SỨC SỐNG MỚI 500ML,Nước súc miệng Dr. Muối hương vỏ chanh làm giảm nguy cơ các bệnh về răng miệng (500ml),cham-soc-ca-nhan/drmuoi-ssm-500ml-nuoc-suc-mieng-huong-chanh-21137.html,19000.0,Chai,đ,https://cdn.nhathuoclongchau.com.vn/unsafe/https://cms-prod.s3-sgn09.fptcloud.com/IMG_3834_369397e02e.jpg,"Magie clorua , Canxi clorua , Kali clorua ",,DR.MUỐI,Chai,Chăm sóc cá nhân | Chăm sóc răng miệng | Nước súc miệng,cham-soc-ca-nhan | cham-soc-ca-nhan/cham-soc-rang-mieng | cham-soc-ca-nhan/nuoc-suc-mieng,True,True,70,1.8398906,https://nhathuoclongchau.com.vn/cham-soc-ca-nhan/drmuoi-ssm-500ml-nuoc-suc-mieng-huong-chanh-21137.html,cham-soc-ca-nhan,100
187,00021579,KẸO NGẬM HO KHÔNG ĐƯỜNG CHANH BẠC HÀ RICOLA LEMON MINT 15G,Kẹo Ngậm Ho Không Đường Chanh Bạc Hà Ricola Lemon Mint (17.5g),cham-soc-ca-nhan/ricola-lemon-mint-sugar-free-175g-21935.html,21000.0,Gói,đ,https://cdn.nhathuoclongchau.com.vn/unsafe/https://cms-prod.s3-sgn09.fptcloud.com/DSC_08201_feb75e03e5.jpg,"Menthol 1.1mg, Aspartame , Citric Acid , Isomalt , Beta carotene , Extract Of Lemon Balm , Ricola'S Herb Mixture , Natural Flavors , Vitamin C ",,Ricola,Gói,Chăm sóc cá nhân | Thực phẩm - Đồ uống | Kẹo cứng,cham-soc-ca-nhan | cham-soc-ca-nhan/thuc-pham-do-uong | cham-soc-ca-nhan/keo-cung,True,True,70,0,https://nhathuoclongchau.com.vn/cham-soc-ca-nhan/ricola-lemon-mint-sugar-free-175g-21935.html,cham-soc-ca-nhan,100
188,00022051,BÔNG TẨY TRANG MIẾNG TRÒN JOMI GÓI 120 MIẾNG,"Bông tẩy trang Jomi Cotton Pads siêu thấm, siêu mịn (120 miếng)",cham-soc-ca-nhan/bong-tay-trang-jomi-120-mieng-22393.html,29500.0,Bịch,đ,https://cdn.nhathuoclongchau.com.vn/unsafe/https://cms-prod.s3-sgn09.fptcloud.com/IMG_5204_421b7748d3.jpg,Cotton 100%,,Jomi,Bịch,Chăm sóc cá nhân | Vệ sinh cá nhân,cham-soc-ca-nhan | cham-soc-ca-nhan/ve-sinh-ca-nhan,True,True,70,1.8339823000000002,https://nhathuoclongchau.com.vn/cham-soc-ca-nhan/bong-tay-trang-jomi-120-mieng-22393.html,cham-soc-ca-nhan,100
189,00022447,ĐƯỜNG ĂN KIÊNG ASPAMIC DOMESCO 50 GÓI,Đường Ăn Kiêng Aspamic Domesco (50 gói),cham-soc-ca-nhan/duong-an-kieng-aspamic-domesco-50-goi-22778.html,27000.0,Hộp,đ,https://cdn.nhathuoclongchau.com.vn/unsafe/https://cms-prod.s3-sgn09.fptcloud.com/00022447_duong_an_kieng_aspamic_domesco_50_goi_8842_62b6_large_d5233fb3cb.jpg,"Aspartam 35mg, Lactose , Chất làm dày (E1201) , Chất chống đông vón (E551 ) ",,Domesco,Hộp 50 gói,Chăm sóc cá nhân | Thực phẩm - Đồ uống | Đường ăn kiêng,cham-soc-ca-nhan | cham-soc-ca-nhan/thuc-pham-do-uong | cham-soc-ca-nhan/duong-an-kieng,True,True,70,0,https://nhathuoclongchau.com.vn/cham-soc-ca-nhan/duong-an-kieng-aspamic-domesco-50-goi-22778.html,cham-soc-ca-nhan,100
190,00022682,"DUNG DỊCH VỆ SINH PHỤ NỮ SHEMA LÁ ĐÔI MÀU HỒNG GIÚP LÀM SẠCH, NGĂN NGỪA VI KHUẨN 100ML","Dung dịch vệ sinh phụ nữ Shema lá đôi màu hồng giúp làm sạch, ngăn ngừa vi khuẩn (100ml)",cham-soc-ca-nhan/shema-la-doi-mau-hong-100ml-huong-nong-nan-23005.html,28000.0,Hộp,đ,https://cdn.nhathuoclongchau.com.vn/unsafe/https://cms-prod.s3-sgn09.fptcloud.com/DSC_09047_3f1e07f885.jpg,"Cúc hoa , Trà xanh , Bạc hà , Lô hội , Nước tinh khiết , Sodium lauryl sulfate , Sodium Chloride , Glycerin , Cocamidopropyl betaine , Butylene glycol , DL-alpha tocopheryl acetate , L-menthol , Ethanol , Tinh dầu tràm , propylen glycol , Lá trầu không , Cetomacrogol , Propyl - 4 - hydroxybenzoat , Methyl - 4 - hydroxybenzoat , Disodium edetase , Laureth - 10 , Cocamide - MEA , Glycol Stearate , Hương liệu , Citric acid monohydrate ",,Shema,Hộp,Chăm sóc cá nhân | Vệ sinh cá nhân | Dung dịch vệ sinh phụ nữ,cham-soc-ca-nhan | cham-soc-ca-nhan/ve-sinh-ca-nhan | cham-soc-ca-nhan/dung-dich-ve-sinh-phu-nu,True,True,70,0,https://nhathuoclongchau.com.vn/cham-soc-ca-nhan/shema-la-doi-mau-hong-100ml-huong-nong-nan-23005.html,cham-soc-ca-nhan,100
191,00028280,KẸO CHANH MUỐI VỊ BẠC HÀ HIMALAYA HỘP 12 GÓI X 15G,Kẹo Chanh Muối Vị Bạc Hà Himalaya (12 gói x 15g),cham-soc-ca-nhan/keo-chanh-muoi-himalaya-vi-bac-ha-hop-12-goi-x-15g-28579.html,90000.0,Hộp,đ,https://cdn.nhathuoclongchau.com.vn/unsafe/https://cms-prod.s3-sgn09.fptcloud.com/00028280_keo_chanh_muoi_himalaya_vi_bac_ha_hop_12_goi_x_15g_9756_62b2_large_9655bd5115.jpg,"Đường sucrose , Siro glucose , Acid citric , Bạc hà , Chanh , Hương tự nhiên , Muối Himalaya ",,Himalaya,Hộp 12 gói,Chăm sóc cá nhân | Thực phẩm - Đồ uống | Kẹo cứng,cham-soc-ca-nhan | cham-soc-ca-nhan/thuc-pham-do-uong | cham-soc-ca-nhan/keo-cung,True,True,70,0,https://nhathuoclongchau.com.vn/cham-soc-ca-nhan/keo-chanh-muoi-himalaya-vi-bac-ha-hop-12-goi-x-15g-28579.html,cham-soc-ca-nhan,100
192,00028356,KẸO NGẬM HO KHÔNG ĐƯỜNG THẢO MỘC RICOLA ORIGINAL HERB 15G,Kẹo Ngậm Ho Không Đường Thảo Mộc Ricola Original Herb (17.5g),cham-soc-ca-nhan/keo-ngam-ho-khong-duong-ricola-original-herb-thao-moc-tu-nhien-175g-28661.html,21000.0,Gói,đ,https://cdn.nhathuoclongchau.com.vn/unsafe/https://cms-prod.s3-sgn09.fptcloud.com/DSC_08205_5e928715e5.jpg,"Chất tạo ngọt tự nhiên  , Chất tạo màu tổng hợp  , Hương tự nhiên  ",,Ricola,Gói,Chăm sóc cá nhân | Thực phẩm - Đồ uống | Kẹo cứng,cham-soc-ca-nhan | cham-soc-ca-nhan/thuc-pham-do-uong | cham-soc-ca-nhan/keo-cung,True,True,70,0,https://nhathuoclongchau.com.vn/cham-soc-ca-nhan/keo-ngam-ho-khong-duong-ricola-original-herb-thao-moc-tu-nhien-175g-28661.html,cham-soc-ca-nhan,100
193,00028459,TĂM CHỈ KẼ RĂNG OKAMURA GÓI 50 CÂY,Tăm chỉ kẽ răng Okamura làm sạch mảng bám thức ăn dư thừa trong kẽ răng (50 cây) ,cham-soc-ca-nhan/tam-chi-ke-rang-okamura-50-cay-28761.html,21000.0,Gói,đ,https://cdn.nhathuoclongchau.com.vn/unsafe/https://cms-prod.s3-sgn09.fptcloud.com/00028459_tam_chi_ke_rang_okamura_50_cay_2567_62b5_large_632534faca.jpg,"Polyester  , Nhựa Hips  ",,Okamura,Gói,Chăm sóc cá nhân | Chăm sóc răng miệng | Chỉ nha khoa,cham-soc-ca-nhan | cham-soc-ca-nhan/cham-soc-rang-mieng | cham-soc-ca-nhan/chi-nha-khoa,True,True,70,0,https://nhathuoclongchau.com.vn/cham-soc-ca-nhan/tam-chi-ke-rang-okamura-50-cay-28761.html,cham-soc-ca-nhan,100
194,00029268,KẸO NGẬM HO KHÔNG ĐƯỜNG CHANH BẠC HÀ RICOLA LEMON MINT 40G,Kẹo Ngậm Ho Không Đường Chanh Bạc Hà Ricola Lemon Mint (40g),cham-soc-ca-nhan/keo-ngam-ho-khong-duong-ricola-lemon-mint-chanh-bac-ha-40g-29534.html,40000.0,Hộp,đ,https://cdn.nhathuoclongchau.com.vn/unsafe/https://cms-prod.s3-sgn09.fptcloud.com/DSC_03174_27c88422ea.jpg,"Isomalt , Chiết xuất hỗn hợp thảo mộc Ricola , Hương tự nhiên , Aspartame , Acesulfame potassium , Chất tạo màu tổng hợp , Chiết xuất tinh dầu chanh ",,Ricola,Hộp,Chăm sóc cá nhân | Thực phẩm - Đồ uống | Kẹo cứng,cham-soc-ca-nhan | cham-soc-ca-nhan/thuc-pham-do-uong | cham-soc-ca-nhan/keo-cung,True,True,70,0,https://nhathuoclongchau.com.vn/cham-soc-ca-nhan/keo-ngam-ho-khong-duong-ricola-lemon-mint-chanh-bac-ha-40g-29534.html,cham-soc-ca-nhan,100
195,00029563,TĂM BÔNG THÂN NHỰA 1 ĐẦU TRÒN 1 ĐẦU XOẮN NIVA TÚI ZIP 100 QUE AZ2,"Tăm bông Niva AZ2 túi zipper 1 đầu tròn 1 đầu xoắn hỗ trợ vệ sinh tai, mũi, vết thương (100 que)",cham-soc-ca-nhan/tam-bong-niva-tui-zipper-100-que-nhua-az2-29827.html,9500.0,Túi,đ,https://cdn.nhathuoclongchau.com.vn/unsafe/https://cms-prod.s3-sgn09.fptcloud.com/IMG_5264_731dc63c26.jpg,"Que bông từ nhựa nguyên sinh , Bông tự nhiên ",,Niva,Túi,Chăm sóc cá nhân | Vệ sinh cá nhân | Vệ sinh tai,cham-soc-ca-nhan | cham-soc-ca-nhan/ve-sinh-ca-nhan | cham-soc-ca-nhan/ve-sinh-tai,True,True,70,1.8588827,https://nhathuoclongchau.com.vn/cham-soc-ca-nhan/tam-bong-niva-tui-zipper-100-que-nhua-az2-29827.html,cham-soc-ca-nhan,100
196,00029564,TĂM BÔNG THÂN NHỰA 1 ĐẦU TRÒN 1 ĐẦU XOẮN NIVA TÚI ZIP 200 QUE AZ3,"Tăm bông thân nhựa Niva AZ3 túi zip 1 đầu tròn 1 đầu xoắn vệ sinh tai, mũi, vết thương (200 que)",cham-soc-ca-nhan/tam-bong-niva-tui-zipper-200-que-nhua-az3-29828.html,15500.0,Túi,đ,https://cdn.nhathuoclongchau.com.vn/unsafe/https://cms-prod.s3-sgn09.fptcloud.com/00029564_tam_bong_niva_tui_zipper_200_que_nhua_az3_9065_62af_large_693c689b42.JPG,"Que bông từ nhựa nguyên sinh , Bông tự nhiên ",,Niva,Túi,Chăm sóc cá nhân | Vệ sinh cá nhân | Vệ sinh tai,cham-soc-ca-nhan | cham-soc-ca-nhan/ve-sinh-ca-nhan | cham-soc-ca-nhan/ve-sinh-tai,True,True,70,1.8486168,https://nhathuoclongchau.com.vn/cham-soc-ca-nhan/tam-bong-niva-tui-zipper-200-que-nhua-az3-29828.html,cham-soc-ca-nhan,100
197,00029568,TĂM BÔNG THÂN GIẤY 1 ĐẦU TRÒN 1 ĐẦU XOẮN NIVA TÚI ZIP 100 QUE AZP2,"Tăm bông Niva AZP2 Paper Cotton Buds túi zip 1 đầu tròn 1 đầu xoắn vệ sinh tai, mũi, vết thương (100 que)",cham-soc-ca-nhan/tam-bong-niva-tui-zipper-100-que-giay-azp2-29832.html,16500.0,Túi,đ,https://cdn.nhathuoclongchau.com.vn/unsafe/https://cms-prod.s3-sgn09.fptcloud.com/00029568_tam_bong_niva_tui_zipper_100_que_giay_azp2_7798_62b3_large_7a917e6e3f.jpg,"Que bông từ giấy tự nhiên , Bông tự nhiên ",,Niva,Túi,Chăm sóc cá nhân | Vệ sinh cá nhân | Vệ sinh tai,cham-soc-ca-nhan | cham-soc-ca-nhan/ve-sinh-ca-nhan | cham-soc-ca-nhan/ve-sinh-tai,True,True,70,1.8511237999999999,https://nhathuoclongchau.com.vn/cham-soc-ca-nhan/tam-bong-niva-tui-zipper-100-que-giay-azp2-29832.html,cham-soc-ca-nhan,100
198,00029569,TĂM BÔNG THÂN GIẤY 1 ĐẦU TRÒN 1 ĐẦU XOẮN NIVA TÚI ZIP 200 QUE AZP3,"Tăm bông Niva AZP3 Paper Cotton Buds túi Zip 1 đầu tròn 1 đầu xoắn vệ sinh tai, mũi, vết thương (200 que)",cham-soc-ca-nhan/tam-bong-niva-tui-zipper-200-que-giay-azp3-29833.html,24000.0,Túi,đ,https://cdn.nhathuoclongchau.com.vn/unsafe/https://cms-prod.s3-sgn09.fptcloud.com/00029569_tam_bong_niva_tui_zipper_200_que_giay_azp3_6177_62bd_large_856e603bbd.jpg,"Bông tự nhiên , Que bông từ giấy tự nhiên ",,Niva,Túi,Chăm sóc cá nhân | Vệ sinh cá nhân | Vệ sinh tai,cham-soc-ca-nhan | cham-soc-ca-nhan/ve-sinh-ca-nhan | cham-soc-ca-nhan/ve-sinh-tai,True,True,70,1.8434023,https://nhathuoclongchau.com.vn/cham-soc-ca-nhan/tam-bong-niva-tui-zipper-200-que-giay-azp3-29833.html,cham-soc-ca-nhan,100
199,00029570,TĂM BÔNG THÂN GIẤY 2 ĐẦU TRÒN NIVA TÚI ZIP 200 QUE BZP1,"Tăm bông thân giấy Niva Baby BZP1 2 đầu tròn túi Zip vệ sinh tai, mũi, vệ sinh cá nhân cho trẻ em (200 que)",cham-soc-ca-nhan/tam-bong-niva-tui-zipper-200-que-giay-bzp1-29834.html,29000.0,Túi,đ,https://cdn.nhathuoclongchau.com.vn/unsafe/https://cms-prod.s3-sgn09.fptcloud.com/IMG_5275_2429ec5c45.jpg,"Que bông từ giấy tự nhiên , Bông tự nhiên ",,Niva,Túi,Chăm sóc cá nhân | Vệ sinh cá nhân | Vệ sinh tai,cham-soc-ca-nhan | cham-soc-ca-nhan/ve-sinh-ca-nhan | cham-soc-ca-nhan/ve-sinh-tai,True,True,70,1.8483055,https://nhathuoclongchau.com.vn/cham-soc-ca-nhan/tam-bong-niva-tui-zipper-200-que-giay-bzp1-29834.html,cham-soc-ca-nhan,100
200,00029761,KẸO THE VỊ NHO PLAYMORE HŨ 22G,Kẹo The Vị Nho Playmore (hũ 22g),cham-soc-ca-nhan/keo-the-vi-nho-playmore-hu-22g-30026.html,31000.0,Hũ,đ,https://cdn.nhathuoclongchau.com.vn/unsafe/https://cms-prod.s3-sgn09.fptcloud.com/00029761_keo_the_vi_nho_playmore_hu_22g_6916_62af_large_3bf80d1325.jpg,"Chất tạo ngọt tổng hợp , chất chống đóng vón , Chất điều chỉnh độ acid , Hương nhân tạo ",,Playmore,Hũ,Chăm sóc cá nhân | Thực phẩm - Đồ uống,cham-soc-ca-nhan | cham-soc-ca-nhan/thuc-pham-do-uong,True,True,70,0,https://nhathuoclongchau.com.vn/cham-soc-ca-nhan/keo-the-vi-nho-playmore-hu-22g-30026.html,cham-soc-ca-nhan,100
201,00029763,KẸO THE VỊ ĐÀO SAKURA PLAYMORE HŨ 22G,Kẹo The Vị Đào Sakura Playmore (hũ 22g),cham-soc-ca-nhan/keo-the-vi-dao-sakura-playmore-hu-22g-30028.html,31000.0,Hũ,đ,https://cdn.nhathuoclongchau.com.vn/unsafe/https://cms-prod.s3-sgn09.fptcloud.com/00029763_keo_the_vi_dao_sakura_playmore_hu_22g_3067_62af_large_d2b3dce09e.jpg,"Chất tạo màu tổng hợp , Tinh dầu bạc hà , Chất điều chỉnh độ acid , Hương hoa anh đào ",,Playmore,Hũ,Chăm sóc cá nhân | Thực phẩm - Đồ uống | Kẹo cứng,cham-soc-ca-nhan | cham-soc-ca-nhan/thuc-pham-do-uong | cham-soc-ca-nhan/keo-cung,True,True,70,1.8510645000000001,https://nhathuoclongchau.com.vn/cham-soc-ca-nhan/keo-the-vi-dao-sakura-playmore-hu-22g-30028.html,cham-soc-ca-nhan,200
202,00029765,KẸO THE SIÊU MÁT LẠNH HƯƠNG BẠC HÀ PLAYMORE HŨ 22G,Kẹo The Siêu Mát Lạnh Hương Bạc Hà Playmore (hũ 22g),cham-soc-ca-nhan/keo-the-sieu-mat-lanh-huong-bac-ha-playmore-hu-22g-30030.html,31000.0,Hũ,đ,https://cdn.nhathuoclongchau.com.vn/unsafe/https://cms-prod.s3-sgn09.fptcloud.com/00029765_keo_the_sieu_mat_lanh_huong_bac_ha_playmore_hu_22g_3962_62af_large_11468699de.JPG,"Chất tạo ngọt tổng hợp , Tinh dầu bạc hà , chất chống đóng vón , Hương bạc hà nhân tạo , màu Brilliant blue FCF nhân tạo ",,Playmore,Hũ,Chăm sóc cá nhân | Thực phẩm - Đồ uống | Kẹo cứng,cham-soc-ca-nhan | cham-soc-ca-nhan/thuc-pham-do-uong | cham-soc-ca-nhan/keo-cung,True,True,70,0,https://nhathuoclongchau.com.vn/cham-soc-ca-nhan/keo-the-sieu-mat-lanh-huong-bac-ha-playmore-hu-22g-30030.html,cham-soc-ca-nhan,200
203,00500391,"DUNG DỊCH VỆ SINH PHỤ NỮ LACTACYD PRO SENSITIVE  GIẢM NGỨA, NGĂN NGỪA VIÊM NHIỄM 150ML","Dung dịch vệ sinh phụ nữ Lactacyd Pro Sensitive giảm ngứa, ngăn ngừa viêm nhiễm (150ml)",cham-soc-ca-nhan/lactacyd-pro-sensitive-150ml-dung-dich-ve-sinh-phu-nu-khang-khuan-va-giam-ngua-34510.html,67000.0,Chai,đ,https://cdn.nhathuoclongchau.com.vn/unsafe/https://cms-prod.s3-sgn09.fptcloud.com/00500391_lactacyd_pro_sensitive_150ml_dung_dich_ve_sinh_phu_nu_khang_khuan_va_giam_ngua_6385_629d_large_64b884f21d.jpg,"Lactoserum atomisat  , Cocamido Propyl Belaine  , Disodium Laureth Sulfosuccinate  , Styrene/Acrylates Copolymer  , Tetrasodium EDTA  , Acid lactic  , Acid benzoic  , Perfume  , Coco-Glucoside  , Acid citric  , Ethylhexyl Glycerin  , 2-phenoxyethanol  ",,Lactacyd,Chai,Chăm sóc cá nhân | Vệ sinh cá nhân | Dung dịch vệ sinh phụ nữ,cham-soc-ca-nhan | cham-soc-ca-nhan/ve-sinh-ca-nhan | cham-soc-ca-nhan/dung-dich-ve-sinh-phu-nu,True,True,60,0,https://nhathuoclongchau.com.vn/cham-soc-ca-nhan/lactacyd-pro-sensitive-150ml-dung-dich-ve-sinh-phu-nu-khang-khuan-va-giam-ngua-34510.html,cham-soc-ca-nhan,200
204,00033400,BĂNG VỆ SINH SIÊU MỎNG MÁT LẠNH 1MM LAURIER SUPER SLIMGUARD 8 MIẾNG,"Băng vệ sinh Laurier Super Slimguard Cool Kao kháng khuẩn 99,99%, ngăn nấm Candida (1mm - 8 miếng)",cham-soc-ca-nhan/bvs-laurier-super-slimguard-cool-sieu-mong-mat-lanh-1mm-8-mieng-33508.html,38000.0,Gói,đ,https://cdn.nhathuoclongchau.com.vn/unsafe/https://cms-prod.s3-sgn09.fptcloud.com/DSC_02541_1dd82efed7.jpg,,,Kao,Gói 8 miếng,Chăm sóc cá nhân | Vệ sinh cá nhân | Băng vệ sinh,cham-soc-ca-nhan | cham-soc-ca-nhan/ve-sinh-ca-nhan | cham-soc-ca-nhan/bang-ve-sinh,True,True,60,1.8195941,https://nhathuoclongchau.com.vn/cham-soc-ca-nhan/bvs-laurier-super-slimguard-cool-sieu-mong-mat-lanh-1mm-8-mieng-33508.html,cham-soc-ca-nhan,200
205,00002639,ĐƯỜNG ĂN KIÊNG COLOGRIN KRUGER 1200 VIÊN,Đường Ăn Kiêng Cologrin Kruger (1200 viên),cham-soc-ca-nhan/duong-an-kieng-cologrin-817.html,74000.0,Hộp,đ,https://cdn.nhathuoclongchau.com.vn/unsafe/https://cms-prod.s3-sgn09.fptcloud.com/DSC_09837_ae3bf2da2d.jpg,"Sodium cyclamate , Natri saccharin , Natri hydro carbonat , Natri citrat , Maltodextrin ",Viên nén,Kruger,Hộp 1200 Viên,Chăm sóc cá nhân | Thực phẩm - Đồ uống | Đường ăn kiêng,cham-soc-ca-nhan | cham-soc-ca-nhan/thuc-pham-do-uong | cham-soc-ca-nhan/duong-an-kieng,True,True,60,0,https://nhathuoclongchau.com.vn/cham-soc-ca-nhan/duong-an-kieng-cologrin-817.html,cham-soc-ca-nhan,200
206,00007855,KẸO NGẬM HO KHÔNG ĐƯỜNG VIATUX EXTRA 20 VIÊN,Kẹo Ngậm Ho Không Đường Viatux Extra (20 viên),cham-soc-ca-nhan/viatux-extra-1793.html,24500.0,Hộp,đ,https://cdn.nhathuoclongchau.com.vn/unsafe/https://cms-prod.s3-sgn09.fptcloud.com/00007855_viatux_extra_5015_62b6_large_6e5b8ee97b.jpg,"Tinh dầu tần 0.6mg, Tinh dầu gừng 0.2mg, Tinh dầu tràm gió 0.3mg, Tinh dầu quế 1mg, Methol 8mg, Hương liệu tổng hợp dành cho thực phẩm ",,Thiên Nhiên Việt,Hộp 5 vỉ x 4 viên,Chăm sóc cá nhân | Thực phẩm - Đồ uống | Kẹo cứng,cham-soc-ca-nhan | cham-soc-ca-nhan/thuc-pham-do-uong | cham-soc-ca-nhan/keo-cung,True,True,60,0,https://nhathuoclongchau.com.vn/cham-soc-ca-nhan/viatux-extra-1793.html,cham-soc-ca-nhan,200
207,00015193,XỊT THƠM MIỆNG GREELUX EXTRA COOL HOA LINH 12ML,Xịt thơm miệng thảo dược GreeLux Extra Cool Hoa Linh khử mùi hôi miệng (12ml),cham-soc-ca-nhan/xit-thom-mieng-greelux-extra-cool-12ml-15003.html,44000.0,Chai,đ,https://cdn.nhathuoclongchau.com.vn/unsafe/https://cms-prod.s3-sgn09.fptcloud.com/00015193_xit_thom_mieng_greelux_extra_cool_12ml_9242_5cfd_large_9cedb85b67.JPG,"Bạc hà , Cúc la mã , Trà xanh , Hoa Hòe , Tràm trà , Lô hội , Xylitol , Glycerin , Alcohol , bách li hương , Cam thảo ",,Hoa Linh,Chai,Chăm sóc cá nhân | Chăm sóc răng miệng,cham-soc-ca-nhan | cham-soc-ca-nhan/cham-soc-rang-mieng,True,True,60,1.8490571999999998,https://nhathuoclongchau.com.vn/cham-soc-ca-nhan/xit-thom-mieng-greelux-extra-cool-12ml-15003.html,cham-soc-ca-nhan,200
208,00015125,DUNG DỊCH VỆ SINH PHỤ NỮ LACTACYD SOFT AND SILKY SANOFI GIỮ ẨM VÀ BẢO VỆ DA NHẠY CẢM 150ML,Dung dịch vệ sinh phụ nữ Lactacyd Soft and Silky Sanofi giữ ẩm và bảo vệ da nhạy cảm (150ml),cham-soc-ca-nhan/lactacyd-soft-silky-150ml-15065.html,63000.0,Chai,đ,https://cdn.nhathuoclongchau.com.vn/unsafe/https://cms-prod.s3-sgn09.fptcloud.com/DSC_09113_c0fae7f609.jpg,"Water , Vitamin E , Collagen , Magnesium Laureth Sulphate , Lactic Acid , Disodium Laureth Sulfosuccinate , Perfume ",,Lactacyd,Chai,Chăm sóc cá nhân | Vệ sinh cá nhân | Dung dịch vệ sinh phụ nữ,cham-soc-ca-nhan | cham-soc-ca-nhan/ve-sinh-ca-nhan | cham-soc-ca-nhan/dung-dich-ve-sinh-phu-nu,True,True,60,0,https://nhathuoclongchau.com.vn/cham-soc-ca-nhan/lactacyd-soft-silky-150ml-15065.html,cham-soc-ca-nhan,200
209,00014558,KẸO NGẬM HO VỊ GỪNG VIETNAT 20 VIÊN,Kẹo Ngậm Ho Vị Gừng Vietnat (20 viên),cham-soc-ca-nhan/keo-gung-vietnat-h20v-15576.html,24500.0,Hộp,đ,https://cdn.nhathuoclongchau.com.vn/unsafe/https://cms-prod.s3-sgn09.fptcloud.com/00014558_keo_gung_vietnat_h20v_1212_62b1_large_d980478724.JPG,"Tinh dầu gừng 10mg, Cao gừng 100mg, Tá dược vừa đủ  ",,Vietnat,Hộp 5 Vỉ x 4 Viên,Chăm sóc cá nhân | Thực phẩm - Đồ uống | Kẹo cứng,cham-soc-ca-nhan | cham-soc-ca-nhan/thuc-pham-do-uong | cham-soc-ca-nhan/keo-cung,True,True,60,0,https://nhathuoclongchau.com.vn/cham-soc-ca-nhan/keo-gung-vietnat-h20v-15576.html,cham-soc-ca-nhan,200
210,00010542,BÔNG TẨY TRANG MIẾNG VUÔNG SILCOT HỘP 82 MIẾNG,"Bông trang điểm Silcot Nhật Bản không xù bông, thấm hút dung dịch giúp tiết kiệm mỹ phẩm dưỡng da (82 miếng)",cham-soc-ca-nhan/bong-trang-diem-silcot-82m-16416.html,38000.0,Hộp,đ,https://cdn.nhathuoclongchau.com.vn/unsafe/https://cms-prod.s3-sgn09.fptcloud.com/00010542_bong_trang_diem_silcot_82m_3144_62ae_large_87b923ba40.jpg,Bông tự nhiên ,,Silcot,Hộp,Chăm sóc cá nhân | Hàng tổng hợp,cham-soc-ca-nhan | cham-soc-ca-nhan/hang-tong-hop,True,True,60,0,https://nhathuoclongchau.com.vn/cham-soc-ca-nhan/bong-trang-diem-silcot-82m-16416.html,cham-soc-ca-nhan,200
211,00010399,KEM ĐÁNH RĂNG HƯƠNG BẠC HÀ THE MÁT SENSODYNE FRESH MINT 100G,"Kem đánh răng Sensodyne Fresh Mint bạc hà the mát, bảo vệ răng ê buốt mỗi ngày (100g)",cham-soc-ca-nhan/sensodyne-fresh-mint-bac-ha-100g-16446.html,53000.0,Tuýp,đ,https://cdn.nhathuoclongchau.com.vn/unsafe/https://cms-prod.s3-sgn09.fptcloud.com/DSC_05312_aae33b5a92.png,"Potassium nitrate  , Glycerin  , Cocamidopropyl betaine  , Sorbitol  , Nước (aqua)  , Hydrated silica  , Flavor  , Xanthan gum  ",,Sensodyne,Tuýp,Chăm sóc cá nhân | Chăm sóc răng miệng | Kem đánh răng,cham-soc-ca-nhan | cham-soc-ca-nhan/cham-soc-rang-mieng | cham-soc-ca-nhan/kem-danh-rang,True,True,60,0,https://nhathuoclongchau.com.vn/cham-soc-ca-nhan/sensodyne-fresh-mint-bac-ha-100g-16446.html,cham-soc-ca-nhan,200
212,00010242,BCS SIÊU MỎNG TĂNG CẢM XÚC DUREX INVISIBLE EXTRA SENSITIVE HỘP 10 CÁI,"Bao cao su Durex Invisible Extra Thin Extra Sensitive siêu mỏng, vừa vặn và ôm sát (10 cái)",cham-soc-ca-nhan/durex-invisible-extra-thin-10s-16488.html,250000.0,Hộp,đ,https://cdn.nhathuoclongchau.com.vn/unsafe/https://cms-prod.s3-sgn09.fptcloud.com/00010242_durex_invisible_extra_thin_10s_5622_62b1_large_40c0b1e19e.jpg,Cao su thiên nhiên ,,Durex,Hộp 10 Cái,Chăm sóc cá nhân | Hỗ trợ tình dục | Bao cao su,cham-soc-ca-nhan | cham-soc-ca-nhan/ho-tro-tinh-duc | cham-soc-ca-nhan/bao-cao-su,True,True,60,0,https://nhathuoclongchau.com.vn/cham-soc-ca-nhan/durex-invisible-extra-thin-10s-16488.html,cham-soc-ca-nhan,200
213,00009541,DẦU XUA MUỖI SOFFELL HƯƠNG HOA 30ML,Xịt xua muỗi Soffell hương hoa giúp chống muỗi trong suốt 8 giờ (30ml),cham-soc-ca-nhan/soffell-hhoa-30ml-spray-16652.html,18000.0,Chai,đ,https://cdn.nhathuoclongchau.com.vn/unsafe/https://cms-prod.s3-sgn09.fptcloud.com/00009541_soffell_hhoa_30ml_spray_5975_62bd_large_1e8a14feb8.jpg,Diethyltoluamide 13%,,Soffell,Chai,Chăm sóc cá nhân | Đồ dùng gia đình | Chống muỗi & côn trùng,cham-soc-ca-nhan | cham-soc-ca-nhan/do-dung-gia-dinh | cham-soc-ca-nhan/chong-muoi-con-trung,True,True,60,0,https://nhathuoclongchau.com.vn/cham-soc-ca-nhan/soffell-hhoa-30ml-spray-16652.html,cham-soc-ca-nhan,200
214,00006480,"DUNG DỊCH VỆ SINH PHỤ NỮ SAFORELLE GENTLE CLEANSING CARE LÀM SẠCH DỊU NHẸ, BẢO VỆ VÙNG KÍN 250ML","Dung dịch vệ sinh phụ nữ Saforelle Gentle Cleansing Care làm sạch dịu nhẹ, bảo vệ vùng kín (250ml)",cham-soc-ca-nhan/saforelle-gentle-cleansing-care-250ml-16908.html,235000.0,Chai,đ,https://cdn.nhathuoclongchau.com.vn/unsafe/https://cms-prod.s3-sgn09.fptcloud.com/00006480_saforelle_gentle_cleansing_care_250ml_9517_62ae_large_b968b3c483.jpg,"Aqua , Cocamidopropyl betaine , Sodium Chloride , Perfume , Coumarin , Geraniol , Propylene glycol , Sodium hydroxide , Tá dược vừa đủ , Lavandula angustifolia oil , Cocamide Dea , Peg-6 Caprylic , Octoxynol-12 , Stearamine Oxide , Linalool , Citronellol , Capric Glycerides , Limonene , Dimethyl Stearamine , Tetrasodium Edta Polysorbate 20 , Arctium Lappa Root Extract ",,Saforelle,Chai,Chăm sóc cá nhân | Vệ sinh cá nhân | Dung dịch vệ sinh phụ nữ,cham-soc-ca-nhan | cham-soc-ca-nhan/ve-sinh-ca-nhan | cham-soc-ca-nhan/dung-dich-ve-sinh-phu-nu,True,True,60,0,https://nhathuoclongchau.com.vn/cham-soc-ca-nhan/saforelle-gentle-cleansing-care-250ml-16908.html,cham-soc-ca-nhan,200
215,00005500,BCS OK ORIGINAL HỘP 3 CÁI,"Bao cao su OK Original không mùi, kích thước phù hợp giúp phòng tránh thai (3 cái)",cham-soc-ca-nhan/bcs-ok-original-3s-17005.html,6000.0,Hộp,đ,https://cdn.nhathuoclongchau.com.vn/unsafe/https://cms-prod.s3-sgn09.fptcloud.com/00005500_bcs_ok_original_3s_1344_62b5_large_556170eda2.jpg,Cao su thiên nhiên 100%,,OK,Hộp 3 Cái,Chăm sóc cá nhân | Hỗ trợ tình dục | Bao cao su,cham-soc-ca-nhan | cham-soc-ca-nhan/ho-tro-tinh-duc | cham-soc-ca-nhan/bao-cao-su,True,True,60,0,https://nhathuoclongchau.com.vn/cham-soc-ca-nhan/bcs-ok-original-3s-17005.html,cham-soc-ca-nhan,200
216,00002671,BCS KÉO DÀI THỜI GIAN DUREX PERFORMA HỘP 12 CÁI,"Bao cao su Durex Performa có gel bôi trơn, kéo thời điểm cực khoái trong lúc quan hệ (12 cái)",cham-soc-ca-nhan/durex-performa-12s-17345.html,245000.0,Hộp,đ,https://cdn.nhathuoclongchau.com.vn/unsafe/https://cms-prod.s3-sgn09.fptcloud.com/00002671_durex_performa_12s_6856_63d7_large_73fcbe78df.jpg,Cao su thiên nhiên ,,Durex,Hộp 12 Cái,Chăm sóc cá nhân | Hỗ trợ tình dục | Bao cao su,cham-soc-ca-nhan | cham-soc-ca-nhan/ho-tro-tinh-duc | cham-soc-ca-nhan/bao-cao-su,True,True,60,0,https://nhathuoclongchau.com.vn/cham-soc-ca-nhan/durex-performa-12s-17345.html,cham-soc-ca-nhan,200
217,00002664,BCS MỎNG NHẸ KÉO DÀI THỜI GIAN DUREX FETHERLITE HỘP 3 CÁI,"Bao cao su Durex Fetherlite vừa vặn, độ bảo vệ cao (3 cái)",cham-soc-ca-nhan/durex-fetherlite-3s-17351.html,62000.0,Hộp,đ,https://cdn.nhathuoclongchau.com.vn/unsafe/https://cms-prod.s3-sgn09.fptcloud.com/00002664_durex_fetherlite_3s_2345_62b5_large_bd6f01fc54.jpg,Cao su thiên nhiên ,,Durex,Hộp 3 Cái,Chăm sóc cá nhân | Hỗ trợ tình dục | Bao cao su,cham-soc-ca-nhan | cham-soc-ca-nhan/ho-tro-tinh-duc | cham-soc-ca-nhan/bao-cao-su,True,True,60,0,https://nhathuoclongchau.com.vn/cham-soc-ca-nhan/durex-fetherlite-3s-17351.html,cham-soc-ca-nhan,200
218,00000694,NƯỚC TẮM TRẺ EM AMIBEBE HERBE 250ML,Nước tắm trẻ em Amibebe Herbe phòng và hỗ trợ điều trị rôm sảy (250ml),cham-soc-ca-nhan/ami-bebe-250ml-17550.html,165000.0,Chai,đ,https://cdn.nhathuoclongchau.com.vn/unsafe/https://cms-prod.s3-sgn09.fptcloud.com/00000694_ami_bebe_250ml_2235_62ae_large_7a487b4bba.jpg,"Trần bì 20 , Nhàn châu 40 ",,HERBE,Chai,Chăm sóc cá nhân | Đồ dùng gia đình | Đồ dùng cho bé,cham-soc-ca-nhan | cham-soc-ca-nhan/do-dung-gia-dinh | cham-soc-ca-nhan/do-dung-cho-be,True,True,60,0,https://nhathuoclongchau.com.vn/cham-soc-ca-nhan/ami-bebe-250ml-17550.html,cham-soc-ca-nhan,200
219,00017328,BCS SIÊU MỎNG TĂNG CẢM XÚC NHIỀU GEL BÔI TRƠN DUREX INVISIBLE EXTRA LUBRICATED HỘP 10 CÁI,"Bao cao su Durex Invisible Extra Thin Extra Lubricated siêu mỏng, nhiều chất bôi trơn (10 cái)",cham-soc-ca-nhan/durex-invisible-extra-lubricated-10-cai-18679.html,248000.0,Hộp,đ,https://cdn.nhathuoclongchau.com.vn/unsafe/https://cms-prod.s3-sgn09.fptcloud.com/00017328_durex_invisible_extra_lubricated_10_cai_3987_63ab_large_3ad08f829d.jpg,Cao su thiên nhiên ,,Durex,Hộp 10 Cái,Chăm sóc cá nhân | Hỗ trợ tình dục | Bao cao su,cham-soc-ca-nhan | cham-soc-ca-nhan/ho-tro-tinh-duc | cham-soc-ca-nhan/bao-cao-su,True,True,60,0,https://nhathuoclongchau.com.vn/cham-soc-ca-nhan/durex-invisible-extra-lubricated-10-cai-18679.html,cham-soc-ca-nhan,200
220,00018173,KEM ĐÁNH RĂNG DƯỢC LIỆU THÁI DƯƠNG 150G,"Kem đánh răng dược liệu Thái Dương hạn chế nhiệt miệng, hôi miệng, viêm lợi, răng nhạy cảm (150g)",cham-soc-ca-nhan/kem-danh-rang-duoc-lieu-thai-duong-100g-19506.html,60000.0,Tuýp,đ,https://cdn.nhathuoclongchau.com.vn/unsafe/https://cms-prod.s3-sgn09.fptcloud.com/00018173_kem_danh_rang_duoc_lieu_thai_duong_100g_8179_5d03_large_963127b3f6.JPG,"Lược vàng , Tinh dầu quế , Menthol , Hydrated silica , Sorbitol , Tinh dầu bạc hà , Aspartam , Propylene glycol , Glycerin , Aqua , Nano Silver , Hạt cau , PEG-12 , Methyl lactate , Disodium cocoyl glutamate , Cellulose gum ",,Sao Thái Dương,Tuýp,Chăm sóc cá nhân | Chăm sóc răng miệng | Kem đánh răng,cham-soc-ca-nhan | cham-soc-ca-nhan/cham-soc-rang-mieng | cham-soc-ca-nhan/kem-danh-rang,True,True,60,0,https://nhathuoclongchau.com.vn/cham-soc-ca-nhan/kem-danh-rang-duoc-lieu-thai-duong-100g-19506.html,cham-soc-ca-nhan,200
221,00022683,"SỮA VỆ SINH PHỤ NỮ SHEMA LÁ ĐÔI MÀU XANH LÀM SẠCH, KHỬ MÙI 100ML","Sữa vệ sinh phụ nữ Shema lá đôi màu xanh làm sạch, khử mùi (100ml)",cham-soc-ca-nhan/shema-la-doi-mau-xanh-100ml-huong-diu-mat-23006.html,28000.0,Hộp,đ,https://cdn.nhathuoclongchau.com.vn/unsafe/https://cms-prod.s3-sgn09.fptcloud.com/DSC_09057_dad485866d.jpg,"Nước tinh khiết , Sodium lauryl sulfate , Sodium Chloride , Glycerin , Cocamidopropyl betaine , Glycol Stearate , Butylene glycol , DL-alpha tocopheryl acetate , L-menthol , Ethanol , Propylene glycol , Cúc hoa , Tinh dầu tràm , Bạc hà , Lá trầu không , Trà xanh , Lô hội , Cetomacrogol , Hương liệu , Citric acid monohydrate ",,Shema,Hộp,Chăm sóc cá nhân | Vệ sinh cá nhân | Dung dịch vệ sinh phụ nữ,cham-soc-ca-nhan | cham-soc-ca-nhan/ve-sinh-ca-nhan | cham-soc-ca-nhan/dung-dich-ve-sinh-phu-nu,True,True,60,0,https://nhathuoclongchau.com.vn/cham-soc-ca-nhan/shema-la-doi-mau-xanh-100ml-huong-diu-mat-23006.html,cham-soc-ca-nhan,200
222,00028200,GEL RỬA TAY KHÔ NATURAL HAND SANITIZER 120ML,"Gel rửa tay khô Natural Hand Sanitizer trà xanh và sả chanh làm sạch tay, khử mùi, dưỡng ẩm (120ml)",cham-soc-ca-nhan/gel-rua-tay-kho-natural-hand-sanitizer-la-beaute-120ml-28511.html,39000.0,Chai,đ,https://cdn.nhathuoclongchau.com.vn/unsafe/https://cms-prod.s3-sgn09.fptcloud.com/00028200_gel_rua_tay_kho_natural_hand_sanitizer_la_beaute_120ml_5244_62ba_large_037879fcc6.jpg,"Water , Tinh dầu sả chanh nguyên chất , Trà xanh , Tinh dầu quế , Glycerin , Carbomer , Fragrance , triethanolamine , Phenoxyethanol , Alcohol , propylen glycol ",,La Beauty,Chai x 120ml,Chăm sóc cá nhân | Vệ sinh cá nhân | Nước rửa tay,cham-soc-ca-nhan | cham-soc-ca-nhan/ve-sinh-ca-nhan | cham-soc-ca-nhan/nuoc-rua-tay,True,True,60,0,https://nhathuoclongchau.com.vn/cham-soc-ca-nhan/gel-rua-tay-kho-natural-hand-sanitizer-la-beaute-120ml-28511.html,cham-soc-ca-nhan,200
223,00028294,GEL RỬA TAY KHÔ NATURAL HAND SANITIZER 100ML,"Gel rửa tay khô Natural Hand Sanitizer trà xanh và sả chanh làm sạch tay, khử mùi, dưỡng ẩm (100ml)",cham-soc-ca-nhan/gel-rua-tay-kho-natural-hand-sanitizer-100ml-28603.html,35000.0,Chai,đ,https://cdn.nhathuoclongchau.com.vn/unsafe/https://cms-prod.s3-sgn09.fptcloud.com/00028294_gel_rua_tay_kho_natural_hand_sanitizer_100ml_1334_62ae_large_baf54fde97.jpg,"Water , Tinh dầu sả chanh nguyên chất , Trà xanh , Tinh dầu quế , Glycerin , Carbomer , Fragrance , triethanolamine , Phenoxyethanol , Alcohol , propylen glycol ",,La Beauty,Chai x 100ml,Chăm sóc cá nhân | Vệ sinh cá nhân | Nước rửa tay,cham-soc-ca-nhan | cham-soc-ca-nhan/ve-sinh-ca-nhan | cham-soc-ca-nhan/nuoc-rua-tay,True,True,60,0,https://nhathuoclongchau.com.vn/cham-soc-ca-nhan/gel-rua-tay-kho-natural-hand-sanitizer-100ml-28603.html,cham-soc-ca-nhan,200
224,00028487,BĂNG VỆ SINH BAN ĐÊM SIÊU THẤM DIANA SUPER NIGHT 4 MIẾNG X 29CM,Băng vệ sinh ban đêm Diana Siêu Thấm Super Night thấm nhanh gấp 3 lần (4 miếng),cham-soc-ca-nhan/bvs-ban-dem-diana-sieu-tham-super-night-29cm-goi-4-mieng-28789.html,17000.0,Gói,đ,https://cdn.nhathuoclongchau.com.vn/unsafe/https://cms-prod.s3-sgn09.fptcloud.com/00028487_bvs_ban_dem_diana_sieu_tham_super_night_29cm_goi_4_mieng_9042_5f27_large_46f8148490.JPG,"bông cellulose , Hạt siêu thấm , Nano Silver , PE , Giấy , polyme kết dính , Vitamin E , chiết xuất thảo dược , Giấy tráng silicon ",,Diana,Gói,Chăm sóc cá nhân | Vệ sinh cá nhân | Băng vệ sinh,cham-soc-ca-nhan | cham-soc-ca-nhan/ve-sinh-ca-nhan | cham-soc-ca-nhan/bang-ve-sinh,True,True,60,0,https://nhathuoclongchau.com.vn/cham-soc-ca-nhan/bvs-ban-dem-diana-sieu-tham-super-night-29cm-goi-4-mieng-28789.html,cham-soc-ca-nhan,200
225,00028945,KEM CHỐNG MUỖI HƯƠNG KHUYNH DIỆP CHO BÉ TỪ 6 THÁNG TUỔI REMOS ROHTO 70G,Kem xua muỗi Remos Baby Cream hương khuynh diệp suốt 6 giờ cho bé từ 6 tháng tuổi (70g),cham-soc-ca-nhan/kem-chong-muoi-cho-be-tu-6-thang-tuoi-remos-khuynh-diep-rohto-70g-29239.html,57000.0,Chai,đ,https://cdn.nhathuoclongchau.com.vn/unsafe/https://cms-prod.s3-sgn09.fptcloud.com/DSC_04365_fc1c2b5240.jpg,"Water , Picaridin , Peg-8 , Sorbitan Laurate , Phenoxyethanol , Xanthan gum , Citric Acid , Sodium Citrate , Eucalyptus Globulus Leaf Oil , Dilauryl Citrate , Polyglyceryl-4 Laurate , Acrylates , triethanolamine ",Dạng kem,Remos,Chai,Chăm sóc cá nhân | Đồ dùng gia đình | Chống muỗi & côn trùng,cham-soc-ca-nhan | cham-soc-ca-nhan/do-dung-gia-dinh | cham-soc-ca-nhan/chong-muoi-con-trung,True,True,60,0,https://nhathuoclongchau.com.vn/cham-soc-ca-nhan/kem-chong-muoi-cho-be-tu-6-thang-tuoi-remos-khuynh-diep-rohto-70g-29239.html,cham-soc-ca-nhan,200
226,00031886,TINH DẦU KHUYNH DIỆP NGÂM CỦ NÉN MỆ ĐOAN 30ML,"Tinh dầu khuynh diệp ngâm củ nén Mệ Đoan hỗ trợ phòng ngừa và cải thiện sổ mũi, ngạt mũi (30ml)",cham-soc-ca-nhan/tinh-dau-khuynh-diep-ngam-cu-nen-me-doan-30ml-32026.html,145000.0,Hộp,đ,https://cdn.nhathuoclongchau.com.vn/unsafe/https://cms-prod.s3-sgn09.fptcloud.com/00031886_tinh_dau_khuynh_diep_ngam_cu_nen_me_doan_30ml_2309_611e_large_6c677a0347.jpg,"Eucalyptol , Củ nén ",,Mệ Đoan,Hộp,Chăm sóc cá nhân | Tinh dầu các loại | Tinh dầu trị cảm,cham-soc-ca-nhan | cham-soc-ca-nhan/tinh-dau-cac-loai | cham-soc-ca-nhan/tinh-dau-tri-cam,True,True,60,0,https://nhathuoclongchau.com.vn/cham-soc-ca-nhan/tinh-dau-khuynh-diep-ngam-cu-nen-me-doan-30ml-32026.html,cham-soc-ca-nhan,200
227,00032637,TĂM CHỈ KẼ RĂNG JOMI GÓI 80 CÂY,"Tăm chỉ kẽ răng Jomi Disposable Flosser làm sạch mảng bám, vụn thức ăn trong kẽ răng (80 cây)",cham-soc-ca-nhan/tam-chi-ke-rang-jomi-goi-80-chiec-32767.html,40500.0,Gói,đ,https://cdn.nhathuoclongchau.com.vn/unsafe/https://cms-prod.s3-sgn09.fptcloud.com/IMG_5212_7b7dd38ff7.jpg,,,Jomi,Gói,Chăm sóc cá nhân | Chăm sóc răng miệng | Chỉ nha khoa,cham-soc-ca-nhan | cham-soc-ca-nhan/cham-soc-rang-mieng | cham-soc-ca-nhan/chi-nha-khoa,True,True,60,0,https://nhathuoclongchau.com.vn/cham-soc-ca-nhan/tam-chi-ke-rang-jomi-goi-80-chiec-32767.html,cham-soc-ca-nhan,200
228,00048525,BAO CAO SU OKAMOTO SKINLESS SKIN ORANGE SIÊU BÔI TRƠN HƯƠNG CAM HỘP 3 CÁI,Bao Cao Su Okamoto Skinless Skin Orange siêu bôi trơn hương cam (3 cái),cham-soc-ca-nhan/bao-cao-su-okamoto-skinless-skin-orange-sieu-boi-tron-huong-cam-hop-3-cai.html,29000.0,Hộp,đ,https://cdn.nhathuoclongchau.com.vn/unsafe/https://cms-prod.s3-sgn09.fptcloud.com/DSC_04371_93ca30b82a.jpg,Cao su thiên nhiên ,,OKAMOTO,Hộp 3 Cái,Chăm sóc cá nhân | Hỗ trợ tình dục | Bao cao su,cham-soc-ca-nhan | cham-soc-ca-nhan/ho-tro-tinh-duc | cham-soc-ca-nhan/bao-cao-su,True,True,50,0,https://nhathuoclongchau.com.vn/cham-soc-ca-nhan/bao-cao-su-okamoto-skinless-skin-orange-sieu-boi-tron-huong-cam-hop-3-cai.html,cham-soc-ca-nhan,200
229,00048073,TINH DẦU LÀM THƠM CƠ THỂ MUSK OMNIA THẢO NGUYÊN 50ML,"Tinh dầu Musk Omnia Thảo Nguyên 50ml làm thơm cơ thể, chống vi khuẩn gây mùi",cham-soc-ca-nhan/tinh-dau-lam-thom-co-the-musk-omnia-thao-nguyen-50-ml.html,369000.0,Hộp,đ,https://cdn.nhathuoclongchau.com.vn/unsafe/https://cms-prod.s3-sgn09.fptcloud.com/DSC_00018_0741b8a2bd.jpg,"Alpha-pinene , Camphene , Beta-myrcene , Limonene , beta-phellandrene , Eucalyptol , 2-propanol , 1,1'-Oxybis(2-propanol) , Linalool , Menthol , Linalyl Acetate , Beta-citral , Alpha-citral , Alpha-zingiberene , alpha-curcumene , Beta-bisabolene , Germacrene , Beta-sesquiphellandrene , 1-(4-isopropylphenyl)-2-menthylpropyl acetate , Methyl dihydrojasmonate ",Dung dịch,Thảo Nguyên,,Chăm sóc cá nhân | Tinh dầu các loại,cham-soc-ca-nhan | cham-soc-ca-nhan/tinh-dau-cac-loai,True,True,50,0,https://nhathuoclongchau.com.vn/cham-soc-ca-nhan/tinh-dau-lam-thom-co-the-musk-omnia-thao-nguyen-50-ml.html,cham-soc-ca-nhan,200
230,00048071,TINH DẦU LÀM THƠM CƠ THỂ LE GAMME THẢO NGUYÊN 50ML,"Tinh dầu Le Gamme Thảo Nguyên 50ml làm thơm cơ thể, chống vi khuẩn gây mùi",cham-soc-ca-nhan/tinh-dau-lam-thom-co-the-le-gamme-thao-nguyen-50-ml.html,369000.0,Hộp,đ,https://cdn.nhathuoclongchau.com.vn/unsafe/https://cms-prod.s3-sgn09.fptcloud.com/DSC_00009_c5140645bb.jpg,"Menthol , Citronellol , Beta-citral , Alpha-citral , Versalide , 1-(4-isopropylphenyl)-2-menthylpropyl acetate , Methyl dihydrojasmonate , Ethylene brassylate ",Dung dịch,Thảo Nguyên,Hộp,Chăm sóc cá nhân | Tinh dầu các loại,cham-soc-ca-nhan | cham-soc-ca-nhan/tinh-dau-cac-loai,True,True,50,0,https://nhathuoclongchau.com.vn/cham-soc-ca-nhan/tinh-dau-lam-thom-co-the-le-gamme-thao-nguyen-50-ml.html,cham-soc-ca-nhan,200
231,00047285,KEM TẨY LÔNG DÀNH CHO DA THƯỜNG PURE VEET 50G,"Kem tẩy lông Veet Pure 50g cho da, hiệu quả chỉ từ 3 đến 6 phút",cham-soc-ca-nhan/kem-tay-long-danh-cho-da-thuong-pure-veet-50-g.html,70000.0,Hộp,đ,https://cdn.nhathuoclongchau.com.vn/unsafe/https://cms-prod.s3-sgn09.fptcloud.com/DSC_01829_55fdcf4cf1.jpg,"Aqua , Cetearyl Alcohol , Potassium Thioglycolate , Paraffinum Liquidum , Calcium Hydroxide , Ceteareth-20 , Talc , Glycerin , Parfum , Polyethylene , Sodium Gluconate , Butyrospermum Parkii Butter , Limonene , Hexyl cinnamal , Linalool ",,Veet,Hộp,Chăm sóc cá nhân | Thiết bị làm đẹp | Dụng cụ tẩy lông,cham-soc-ca-nhan | cham-soc-ca-nhan/thiet-bi-lam-dep | cham-soc-ca-nhan/dung-cu-tay-long,True,True,50,0,https://nhathuoclongchau.com.vn/cham-soc-ca-nhan/kem-tay-long-danh-cho-da-thuong-pure-veet-50-g.html,cham-soc-ca-nhan,200
232,00046947,NƯỚC SÚC MIỆNG PEARLIE WHITE FLUORINZE CHAI 100ML,Nước súc miệng Pearlie White Fluorinze Anti-Bacterial Fluoride (100ml),cham-soc-ca-nhan/nuoc-suc-mieng-khang-khuan-pearlie-white-fluorinze-chai-100-ml.html,45000.0,Chai,đ,https://cdn.nhathuoclongchau.com.vn/unsafe/https://cms-prod.s3-sgn09.fptcloud.com/DSC_00080_ed58f46ee6.jpg,"Aqua , Polysorbate 20 , Glycerin , Sodium benzoate , Potassium acesulfanem , Flavor , Sodium fluoride , Xylitol , Cetylpyridinium chloride , Menthol , Tocopheryl acetate , Anthemis Nobilis Flower , Potassium Chloride , Melaleuca Alternifolia Leaf Oil , Thymol ",,PEARLIE WHITE,Chai,Chăm sóc cá nhân | Chăm sóc răng miệng | Nước súc miệng,cham-soc-ca-nhan | cham-soc-ca-nhan/cham-soc-rang-mieng | cham-soc-ca-nhan/nuoc-suc-mieng,True,True,50,0,https://nhathuoclongchau.com.vn/cham-soc-ca-nhan/nuoc-suc-mieng-khang-khuan-pearlie-white-fluorinze-chai-100-ml.html,cham-soc-ca-nhan,200
233,00044228,TINH DẦU CHO BÉ SƠ SINH THẢO NGUYÊN 50ML,"Tinh dầu cho bé sơ sinh Thảo Nguyên giúp phòng ngừa cảm lạnh, phòng gió, làm ấm phổi (50ml)",cham-soc-ca-nhan/tinh-dau-cho-be-so-sinh-thao-nguyen-50-ml.html,119000.0,Hộp,đ,https://cdn.nhathuoclongchau.com.vn/unsafe/https://cms-prod.s3-sgn09.fptcloud.com/DSC_02974_ff6ee7e49e.jpg,"Alpha-pinene , Camphene , Limonene , beta-phellandrene , Eucalyptol , Menthol , Methyl Salicylat , Anethole , Alpha-zingiberene , alpha-curcumene , Beta-sesquiphellandrene , Beta-bisabolene ",Dạng dầu,Thảo Nguyên,Hộp,Chăm sóc cá nhân | Đồ dùng gia đình | Đồ dùng cho bé,cham-soc-ca-nhan | cham-soc-ca-nhan/do-dung-gia-dinh | cham-soc-ca-nhan/do-dung-cho-be,True,True,50,0,https://nhathuoclongchau.com.vn/cham-soc-ca-nhan/tinh-dau-cho-be-so-sinh-thao-nguyen-50-ml.html,cham-soc-ca-nhan,200
234,00044227,TINH DẦU KHỬ MÙI CƠ THỂ THẢO NGUYÊN 50ML,Tinh dầu khử mùi cơ thể Thảo Nguyên giúp cân bằng độ ẩm cho da (50ml),cham-soc-ca-nhan/tinh-dau-khu-mui-co-the-thao-nguyen-50-ml.html,89000.0,Hộp,đ,https://cdn.nhathuoclongchau.com.vn/unsafe/https://cms-prod.s3-sgn09.fptcloud.com/DSC_03003_ac0586c08c.jpg,"Alpha-pinene , Beta-pinene , Beta-myrcene , Limonene , beta-phellandrene , Cymol , Linalool , Alpha-Terpineol , Alpha-citral , Estragole , Beta-citral , Anethole , Benzaldehyde , 4-methoxy , Triacetin ",Dạng dầu,Thảo Nguyên,Hộp,Chăm sóc cá nhân | Đồ dùng gia đình | Đồ dùng cho mẹ,cham-soc-ca-nhan | cham-soc-ca-nhan/do-dung-gia-dinh | cham-soc-ca-nhan/do-dung-cho-me,True,True,50,0,https://nhathuoclongchau.com.vn/cham-soc-ca-nhan/tinh-dau-khu-mui-co-the-thao-nguyen-50-ml.html,cham-soc-ca-nhan,200
235,00041971,KEM DƯỠNG ẨM CHỨA SỮA VÀ GẠO DÀNH CHO CHO BÉ JOHNSON'S MILK AND RICE BABY CREAM 50G,Kem dưỡng ẩm cho bé Johnson's milk and rice baby cream (50g),cham-soc-ca-nhan/kem-duong-am-chua-sua-va-gao-danh-cho-cho-be-johnson-s-milk-and-rice-baby-cream-50-g.html,65000.0,Tuýp,đ,https://cdn.nhathuoclongchau.com.vn/unsafe/https://cms-prod.s3-sgn09.fptcloud.com/DSC_05337_f4373eaa95.jpg,"Water , Isopropyl Palmitate , Glycerin , Glyceryl stearate , Cetyl alcohol , Cetearyl Alcohol , Cocos nucifera Oil , Dimethicone , Palmitic Acid , Stearic acid , Phenoxyethanol , Polysorbate 20 , Magnesium Aluminum Silicate , Fragrance , Carbomer , P-Anisic Acid , Xanthan gum , Panthenol , Sodium Ascorbyl Phosphate , Tocopheryl acetate , Hydrolyzed Rice Bran Protein , Milk protein , Magnesium aspartate , Zinc gluconate , Copper gluconate ",,Johnson & Johnson,Tuýp,Chăm sóc cá nhân | Đồ dùng gia đình | Đồ dùng cho bé,cham-soc-ca-nhan | cham-soc-ca-nhan/do-dung-gia-dinh | cham-soc-ca-nhan/do-dung-cho-be,True,True,50,0,https://nhathuoclongchau.com.vn/cham-soc-ca-nhan/kem-duong-am-chua-sua-va-gao-danh-cho-cho-be-johnson-s-milk-and-rice-baby-cream-50-g.html,cham-soc-ca-nhan,200
236,00039900,TRÀ NIGHT DIET TEA ORIHIRO 20 TÚI LỌC X 2G,Trà Night Diet Tea Orihiro (20 túi lọc x 2g),cham-soc-ca-nhan/tra-night-diet-tea-orihiro-20-tui-loc-x-2-g.html,225000.0,Gói,đ,https://cdn.nhathuoclongchau.com.vn/unsafe/https://cms-prod.s3-sgn09.fptcloud.com/DSC_09256_1c8e0ea327.jpg,"Trà Rooibos , Lá senna Châu Phi rang , Cỏ ngọt , Bột Gừng , Hoa cúc rang , bột gừng đỏ , Citrulline , Ornithine , Arginine , Lysine ",Túi lọc,ORIHIRO,Gói 20 Gói lẻ,Chăm sóc cá nhân | Thực phẩm - Đồ uống | Trà thảo dược,cham-soc-ca-nhan | cham-soc-ca-nhan/thuc-pham-do-uong | cham-soc-ca-nhan/tra,True,True,50,0,https://nhathuoclongchau.com.vn/cham-soc-ca-nhan/tra-night-diet-tea-orihiro-20-tui-loc-x-2-g.html,cham-soc-ca-nhan,200
237,00039899,TRÀ DIẾP CÁ ORIHIRO 60 TÚI LỌC X 3G,Trà Diếp Cá Orihiro (60 túi lọc x 3g),cham-soc-ca-nhan/tra-diep-ca-orihiro-60-tui-loc-x-3-g.html,195000.0,Gói,đ,https://cdn.nhathuoclongchau.com.vn/unsafe/https://cms-prod.s3-sgn09.fptcloud.com/DSC_09287_769bdeb4c2.jpg,Diếp cá 100%,,ORIHIRO,Gói 60 Gói lẻ,Chăm sóc cá nhân | Thực phẩm - Đồ uống | Trà thảo dược,cham-soc-ca-nhan | cham-soc-ca-nhan/thuc-pham-do-uong | cham-soc-ca-nhan/tra,True,True,50,0,https://nhathuoclongchau.com.vn/cham-soc-ca-nhan/tra-diep-ca-orihiro-60-tui-loc-x-3-g.html,cham-soc-ca-nhan,200
238,00039898,TRÀ LÁ ỔI ORIHIRO 60 TÚI LỌC X 2G,Trà Lá Ổi Orihiro (60 túi lọc x 2g),cham-soc-ca-nhan/tra-la-oi-orihiro-60-tui-loc-x-2-g.html,195000.0,Gói,đ,https://cdn.nhathuoclongchau.com.vn/unsafe/https://cms-prod.s3-sgn09.fptcloud.com/DSC_09278_60b4496598.jpg,Lá ổi 100%,Túi lọc,ORIHIRO,Gói 60 Gói lẻ,Chăm sóc cá nhân | Thực phẩm - Đồ uống | Trà thảo dược,cham-soc-ca-nhan | cham-soc-ca-nhan/thuc-pham-do-uong | cham-soc-ca-nhan/tra,True,True,50,0,https://nhathuoclongchau.com.vn/cham-soc-ca-nhan/tra-la-oi-orihiro-60-tui-loc-x-2-g.html,cham-soc-ca-nhan,200
239,00039897,TRÀ GENPI ORIHIRO 60 TÚI LỌC X 3G,Trà Genpi Orihiro (60 túi lọc x 3g),cham-soc-ca-nhan/tra-genpi-orihiro-60-tui-loc-x-3-g.html,195000.0,Gói,đ,https://cdn.nhathuoclongchau.com.vn/unsafe/https://cms-prod.s3-sgn09.fptcloud.com/DSC_09276_331808a11a.jpg,"Trà ô long , Trà Phổ Nhĩ , Trà senna , trà Đỗ Trọng , Trà Ý dĩ rang , Lá dây thìa canh rang ",Túi lọc,ORIHIRO,Gói 60 Gói lẻ,Chăm sóc cá nhân | Thực phẩm - Đồ uống | Trà thảo dược,cham-soc-ca-nhan | cham-soc-ca-nhan/thuc-pham-do-uong | cham-soc-ca-nhan/tra,True,True,50,0,https://nhathuoclongchau.com.vn/cham-soc-ca-nhan/tra-genpi-orihiro-60-tui-loc-x-3-g.html,cham-soc-ca-nhan,200
240,00039826,KEM CHỐNG MUỖI CHO GIA ĐÌNH HƯƠNG CAM REMOS ROHTO 70G,Kem chống muỗi Remos Rohto hương cam suốt 10 giờ (70g) ,cham-soc-ca-nhan/kem-chong-muoi-cho-gia-dinh-huong-cam-remos-rohto-70-g.html,29000.0,Tuýp,đ,https://cdn.nhathuoclongchau.com.vn/unsafe/https://cms-prod.s3-sgn09.fptcloud.com/DSC_08767_32daee7ee3.jpg,Diethyltoluamide 15%,Kem,Rohto,Tuýp x 70g,Chăm sóc cá nhân | Đồ dùng gia đình | Chống muỗi & côn trùng,cham-soc-ca-nhan | cham-soc-ca-nhan/do-dung-gia-dinh | cham-soc-ca-nhan/chong-muoi-con-trung,True,True,50,0,https://nhathuoclongchau.com.vn/cham-soc-ca-nhan/kem-chong-muoi-cho-gia-dinh-huong-cam-remos-rohto-70-g.html,cham-soc-ca-nhan,200
241,00503878,NƯỚC UỐNG BỔ DƯỠNG YẾN SÀO COLLAGEN GREENBIRD 6 CHAI X 185ML ,Nước Uống Bổ Dưỡng Yến Sào Collagen Greenbird (6 chai x 185ml),cham-soc-ca-nhan/nuoc-uong-bo-duong-yen-sao-collagen-greenbird-6-chai-x-185ml-38201.html,180000.0,Lốc,đ,https://cdn.nhathuoclongchau.com.vn/unsafe/https://cms-prod.s3-sgn09.fptcloud.com/DSC_01362_72ad45da6c.jpg,"Nước 92%, Đường hữu cơ , Bột Collagen 500mg, Yến Sào ngâm nở 50mg, Đường phèn vàng , Chất làm dày , Chất ổn định , Hương liệu yến nhân tạo ",,Greenbird,Lốc 6 Chai,Chăm sóc cá nhân | Thực phẩm - Đồ uống | Nước Yến,cham-soc-ca-nhan | cham-soc-ca-nhan/thuc-pham-do-uong | cham-soc-ca-nhan/nuoc-yen,True,True,50,0,https://nhathuoclongchau.com.vn/cham-soc-ca-nhan/nuoc-uong-bo-duong-yen-sao-collagen-greenbird-6-chai-x-185ml-38201.html,cham-soc-ca-nhan,200
242,00502225,KẸO NGẬM KHÔNG ĐƯỜNG PULMOLL EUCALYPTUS MENTHOL 45G,Kẹo Ngậm Không Đường Pulmoll Eucalyptus Menthol (45g),cham-soc-ca-nhan/pulmoll-eucalyptus-menthol-sugar-free-45g-36485.html,55000.0,Hộp,đ,https://cdn.nhathuoclongchau.com.vn/unsafe/https://cms-prod.s3-sgn09.fptcloud.com/00502225_pulmoll_eucalyptus_menthol_sugar_free_45g_3796_63aa_large_ad5dfd3f91.jpg,"Chất tạo ngọt tổng hợp , Tinh dầu bạc hà , Hương liệu , chiết xuất trà trắng , Chất tạo ngọt tự nhiên ",,Pulmoll,Hộp x 45g,Chăm sóc cá nhân | Thực phẩm - Đồ uống | Kẹo cứng,cham-soc-ca-nhan | cham-soc-ca-nhan/thuc-pham-do-uong | cham-soc-ca-nhan/keo-cung,True,True,50,0,https://nhathuoclongchau.com.vn/cham-soc-ca-nhan/pulmoll-eucalyptus-menthol-sugar-free-45g-36485.html,cham-soc-ca-nhan,200
243,00501143,KẸO NGẬM KHÔNG ĐƯỜNG VỊ CAM VÀ VITAMIN C PULMOLL 45G,Kẹo Ngậm Không Đường Vị Cam Và Vitamin C Pulmoll (45g),cham-soc-ca-nhan/pulmoll-orange-vitamin-c-sugar-free-45g-35284.html,55000.0,Hộp,đ,https://cdn.nhathuoclongchau.com.vn/unsafe/https://cms-prod.s3-sgn09.fptcloud.com/00501143_pulmoll_orange_vitamin_c_sugar_free_45g_4022_63aa_large_17afa82bf3.jpg,"Nước ép trái cây cô đặc , Paprika , Vitamin C , Hương liệu , Chất điều chỉnh độ acid , Chất tạo ngọt tự nhiên , Chất tạo ngọt tổng hợp ",Viên ngậm,Pulmoll,Hộp x 45g,Chăm sóc cá nhân | Thực phẩm - Đồ uống | Kẹo cứng,cham-soc-ca-nhan | cham-soc-ca-nhan/thuc-pham-do-uong | cham-soc-ca-nhan/keo-cung,True,True,50,0,https://nhathuoclongchau.com.vn/cham-soc-ca-nhan/pulmoll-orange-vitamin-c-sugar-free-45g-35284.html,cham-soc-ca-nhan,200
244,00501141,PULMOLL LEMON CITRON + VITAMIN C SUGAR FREE 45G,Pulmoll Lemon Citron + Vitamin C Sugar Free (45g),cham-soc-ca-nhan/pulmoll-lemon-citron-vitamin-c-sugar-free-45g-35292.html,55000.0,Hộp,đ,https://cdn.nhathuoclongchau.com.vn/unsafe/https://cms-prod.s3-sgn09.fptcloud.com/00501141_pulmoll_lemon_citron_vitamin_c_sugar_free_45g_4381_635f_large_b73afcf2c6.jpg,"Tinh dầu bạc hà , Vitamin C , Hương liệu , Nước ép trái cây cô đặc , chiết xuất củ nghệ , Chất điều chỉnh độ acid , Chất tạo ngọt tự nhiên , Chất tạo ngọt tổng hợp ",Viên ngậm,Pulmoll,Hộp x 45g,Chăm sóc cá nhân | Thực phẩm - Đồ uống,cham-soc-ca-nhan | cham-soc-ca-nhan/thuc-pham-do-uong,True,True,50,0,https://nhathuoclongchau.com.vn/cham-soc-ca-nhan/pulmoll-lemon-citron-vitamin-c-sugar-free-45g-35292.html,cham-soc-ca-nhan,200
245,00501140,PULMOLL EXTRA STRONG EXTRA FORT + VITAMIN C SUGAR FREE 45G,Pulmoll Extra Strong Extra Fort + Vitamin C Sugar Free (45g),cham-soc-ca-nhan/pulmoll-extra-strong-extra-fort-vitamin-c-sugar-free-45g-35300.html,55000.0,Hộp,đ,https://cdn.nhathuoclongchau.com.vn/unsafe/https://cms-prod.s3-sgn09.fptcloud.com/4_cc2f080ffa.png,"Tinh dầu bạc hà , Vitamin C , Hương liệu , Chất tạo ngọt tự nhiên , Chất tạo ngọt tổng hợp ",Viên ngậm,Pulmoll,Hộp x 45g,Chăm sóc cá nhân | Thực phẩm - Đồ uống | Kẹo cứng,cham-soc-ca-nhan | cham-soc-ca-nhan/thuc-pham-do-uong | cham-soc-ca-nhan/keo-cung,True,True,50,0,https://nhathuoclongchau.com.vn/cham-soc-ca-nhan/pulmoll-extra-strong-extra-fort-vitamin-c-sugar-free-45g-35300.html,cham-soc-ca-nhan,200
246,00501138,PULMOLL CHERRY CERISE + VITAMIN C SUGAR FREE 45G,Pulmoll Cherry Cerise + Vitamin C Sugar Free (45g),cham-soc-ca-nhan/pulmoll-cherry-cerise-vitamin-c-sugar-free-45g-35293.html,55000.0,Hộp,đ,https://cdn.nhathuoclongchau.com.vn/unsafe/https://cms-prod.s3-sgn09.fptcloud.com/956_31c80faea0.jpg,"Nước ép trái cây cô đặc , Vitamin C , Chiết xuất Aronia , Hương liệu , Chất điều chỉnh độ acid , Chất tạo ngọt tự nhiên , Chất tạo ngọt tổng hợp ",Viên ngậm,Pulmoll,Hộp x 45g,Chăm sóc cá nhân | Thực phẩm - Đồ uống | Kẹo cứng,cham-soc-ca-nhan | cham-soc-ca-nhan/thuc-pham-do-uong | cham-soc-ca-nhan/keo-cung,True,True,50,0,https://nhathuoclongchau.com.vn/cham-soc-ca-nhan/pulmoll-cherry-cerise-vitamin-c-sugar-free-45g-35293.html,cham-soc-ca-nhan,200
247,00033251,TINH DẦU NẤM GÀU CHÀM THẢO NGUYÊN 30ML,Tinh dầu Thảo Nguyên điều trị nấm gàu chàm (30ml),cham-soc-ca-nhan/tinh-dau-nam-gau-cham-thao-nguyen-30-ml.html,149000.0,Hộp,đ,https://cdn.nhathuoclongchau.com.vn/unsafe/https://cms-prod.s3-sgn09.fptcloud.com/DSC_02986_843d8b8db2.jpg,"Alpha-pinene , Beta-pinene , beta-phellandrene , beta-phellandrene , Beta-myrcene , Limonene , beta-phellandrene , beta-phellandrene , Cymol , Gamma-terpinene , Alpha-Terpineol , Eugenol , alpha-curcumene , Beta-bisabolene , Beta-sesquiphellandrene ",Dạng dầu,Thảo Nguyên,Hộp,Chăm sóc cá nhân | Đồ dùng gia đình | Đồ dùng cho mẹ,cham-soc-ca-nhan | cham-soc-ca-nhan/do-dung-gia-dinh | cham-soc-ca-nhan/do-dung-cho-me,True,True,50,0,https://nhathuoclongchau.com.vn/cham-soc-ca-nhan/tinh-dau-nam-gau-cham-thao-nguyen-30-ml.html,cham-soc-ca-nhan,200
248,00002649,ĐƯỜNG ĂN KIÊNG SWEET'NLOW,Đường Ăn Kiêng Sweet'nLow,cham-soc-ca-nhan/duong-goi-an-kieng-sweetn-low-818.html,56000.0,Hộp,đ,https://cdn.nhathuoclongchau.com.vn/unsafe/https://cms-prod.s3-sgn09.fptcloud.com/00002649_duong_goi_an_kieng_sweetn_low_8352_62ad_large_3e1881ee6e.jpg,"Scacharin 3.6%, Dextrose 94.5%, Calcium 0.5%, Cream of tartar 0.5 ",,Cumberland Packing Corp,Hộp 100 Gói,Chăm sóc cá nhân | Thực phẩm - Đồ uống | Đường ăn kiêng,cham-soc-ca-nhan | cham-soc-ca-nhan/thuc-pham-do-uong | cham-soc-ca-nhan/duong-an-kieng,True,True,50,1.8434418,https://nhathuoclongchau.com.vn/cham-soc-ca-nhan/duong-goi-an-kieng-sweetn-low-818.html,cham-soc-ca-nhan,200
249,00009750,TRÀ DIABETNA NAM DƯỢC 25 GÓI,Trà Diabetna Nam Dược (25 gói),cham-soc-ca-nhan/tra-diabetna-giup-ha-duong-huyet-888.html,51000.0,Hộp,đ,https://cdn.nhathuoclongchau.com.vn/unsafe/https://cms-prod.s3-sgn09.fptcloud.com/00009750_tra_diabetna_giup_ha_duong_huyet_6138_5ffb_large_1a722bcc2c.JPG,"Giảo cổ lam 0.15 , Chiết xuất cây thìa canh 0.975 , Mướp đắng 0.375g",,Nam Dược,Hộp 25 Gói,Chăm sóc cá nhân | Thực phẩm - Đồ uống | Trà thảo dược,cham-soc-ca-nhan | cham-soc-ca-nhan/thuc-pham-do-uong | cham-soc-ca-nhan/tra,True,True,50,0,https://nhathuoclongchau.com.vn/cham-soc-ca-nhan/tra-diabetna-giup-ha-duong-huyet-888.html,cham-soc-ca-nhan,200
250,00016499,KẸO NGẬM HO VIATUX EXTRA 30 VIÊN,Kẹo Ngậm Ho Viatux Extra (30 viên),cham-soc-ca-nhan/keo-viatux-extra-30v-14204.html,28500.0,Hộp,đ,https://cdn.nhathuoclongchau.com.vn/unsafe/https://cms-prod.s3-sgn09.fptcloud.com/00016499_keo_viatux_extra_30v_6250_5b67_large_0596ffc20d.JPG,"Menthol , tinh dầu hỗn hợp , Sucralose , Isomalt , Eucalyptol , Diệp Lục ",,Thiên Nhiên Việt,Hộp 30 viên,Chăm sóc cá nhân | Thực phẩm - Đồ uống | Kẹo cứng,cham-soc-ca-nhan | cham-soc-ca-nhan/thuc-pham-do-uong | cham-soc-ca-nhan/keo-cung,True,True,50,1.8065493,https://nhathuoclongchau.com.vn/cham-soc-ca-nhan/keo-viatux-extra-30v-14204.html,cham-soc-ca-nhan,200
251,00016138,NƯỚC SÚC MIỆNG CHO TRẺ EM THÁI DƯƠNG 250ML,"Nước súc miệng Valentine Kiddy Thái Dương diệt, ngăn vi khuẩn miệng cho trẻ (250ml)",cham-soc-ca-nhan/nsm-thai-duong-danh-cho-tre-em-250ml-14558.html,25000.0,Chai,đ,https://cdn.nhathuoclongchau.com.vn/unsafe/https://cms-prod.s3-sgn09.fptcloud.com/00016138_nsm_thai_duong_danh_cho_tre_em_250ml_4087_5d26_large_6982d655de.png,"glycerine , Propylene glycol , Sorbitol , Tinh dầu bạc hà , Nano Silver , Nước (aqua) ",,Sao Thái Dương,Chai,Chăm sóc cá nhân | Chăm sóc răng miệng | Nước súc miệng,cham-soc-ca-nhan | cham-soc-ca-nhan/cham-soc-rang-mieng | cham-soc-ca-nhan/nuoc-suc-mieng,True,True,50,0,https://nhathuoclongchau.com.vn/cham-soc-ca-nhan/nsm-thai-duong-danh-cho-tre-em-250ml-14558.html,cham-soc-ca-nhan,200
252,00015332,NƯỚC SÚC MIỆNG TRÀ XANH LISTERINE GREENTEA 250ML,Nước súc miệng Listerine Green Tea bảo vệ răng miệng suốt 24 giờ (250ml),cham-soc-ca-nhan/listerine-natural-green-tea-250ml-suc-mieng-14867.html,80000.0,Chai,đ,https://cdn.nhathuoclongchau.com.vn/unsafe/https://cms-prod.s3-sgn09.fptcloud.com/DSC_09847_3c8a28c146.jpg,"Menthol , Thymol , Poloxamer , Propylene glycol , Sorbitol , Nước (aqua) , Sodium lauryl sulfate , Flavor , Eucalytol , Benzoic Acid , Sodium benzoate , Methyl salicylate , Sodium fluoride , Sodium saccharin , Sucralose , Green Tea ",,Listerine,Chai,Chăm sóc cá nhân | Chăm sóc răng miệng,cham-soc-ca-nhan | cham-soc-ca-nhan/cham-soc-rang-mieng,True,True,50,1.8142974,https://nhathuoclongchau.com.vn/cham-soc-ca-nhan/listerine-natural-green-tea-250ml-suc-mieng-14867.html,cham-soc-ca-nhan,200
253,00014050,BÔNG TẨY TRANG MIẾNG VUÔNG SILCOT HỘP 66 MIẾNG,Bông trang điểm cao cấp Silcot Soft Touch Premium Cotton (66 miếng),cham-soc-ca-nhan/bong-trang-diem-silcot-66m-15772.html,41000.0,Hộp,đ,https://cdn.nhathuoclongchau.com.vn/unsafe/https://cms-prod.s3-sgn09.fptcloud.com/00014050_bong_trang_diem_silcot_66m_7015_62ae_large_92e56de567.jpg,Bông tự nhiên 100%,,Unicharm,Hộp,Chăm sóc cá nhân | Vệ sinh cá nhân,cham-soc-ca-nhan | cham-soc-ca-nhan/ve-sinh-ca-nhan,True,True,50,0,https://nhathuoclongchau.com.vn/cham-soc-ca-nhan/bong-trang-diem-silcot-66m-15772.html,cham-soc-ca-nhan,200
254,00010398,KEM ĐÁNH RĂNG MÁT LẠNH GIẢM Ê BUỐT SENSODYNE COOLGEL 100G,"Kem đánh răng Sensodyne Cool Gel mát lạnh, bảo vệ răng ê buốt mỗi ngày (100g)",cham-soc-ca-nhan/sensodyne-coolgel-mat-lanh-100g-16447.html,53000.0,Tuýp,đ,https://cdn.nhathuoclongchau.com.vn/unsafe/https://cms-prod.s3-sgn09.fptcloud.com/00010398_sensodyne_coolgel_mat_lanh_100g_7637_62cb_large_e5d1f3b48e.jpg,"Potassium 5.00%, Sodium fluoride 0.221%",,Sensodyne,Tuýp,Chăm sóc cá nhân | Chăm sóc răng miệng | Kem đánh răng,cham-soc-ca-nhan | cham-soc-ca-nhan/cham-soc-rang-mieng | cham-soc-ca-nhan/kem-danh-rang,True,True,50,0,https://nhathuoclongchau.com.vn/cham-soc-ca-nhan/sensodyne-coolgel-mat-lanh-100g-16447.html,cham-soc-ca-nhan,200
255,00009758,KẸO NGẬM HO VỊ GỪNG VIETNAT 100 VIÊN,Kẹo Ngậm Ho Vị Gừng Vietnat (100 viên),cham-soc-ca-nhan/keo-gung-vietnat-h100v-16603.html,50000.0,Hộp,đ,https://cdn.nhathuoclongchau.com.vn/unsafe/https://cms-prod.s3-sgn09.fptcloud.com/00009758_keo_gung_vietnat_h100v_4338_62ad_large_a2512ce30b.jpg,"Cao gừng 5mg, Tinh dầu gừng 4mg, Đường  , Mạch Nha  ",Viên ngậm,Vietnat,Hộp 100 Viên,Chăm sóc cá nhân | Thực phẩm - Đồ uống | Kẹo cứng,cham-soc-ca-nhan | cham-soc-ca-nhan/thuc-pham-do-uong | cham-soc-ca-nhan/keo-cung,True,True,50,1.8129856,https://nhathuoclongchau.com.vn/cham-soc-ca-nhan/keo-gung-vietnat-h100v-16603.html,cham-soc-ca-nhan,200
256,00009626,NƯỚC SÚC MIỆNG TRÀ XANH LISTERINE GREENTEA 750ML,Nước súc miệng Listerine Green Tea bảo vệ răng miệng suốt 24 giờ (750ml),cham-soc-ca-nhan/listerine-natural-tea-750ml-16632.html,150000.0,Chai,đ,https://cdn.nhathuoclongchau.com.vn/unsafe/https://cms-prod.s3-sgn09.fptcloud.com/DSC_09834_f155702f5b.jpg,"Water , Sorbitol , Thymol , Menthol , Propylene Glycol Flavour ",,Listerine,Chai,Chăm sóc cá nhân | Chăm sóc răng miệng,cham-soc-ca-nhan | cham-soc-ca-nhan/cham-soc-rang-mieng,True,True,50,1.8049319000000001,https://nhathuoclongchau.com.vn/cham-soc-ca-nhan/listerine-natural-tea-750ml-16632.html,cham-soc-ca-nhan,200
257,00009539,DẦU XUA MUỖI SOFFELL HƯƠNG CAM 80ML,Xịt xua muỗi Soffell hương cam giúp chống muỗi trong suốt 8 giờ (80ml),cham-soc-ca-nhan/soffell-hcam-80ml-16654.html,36000.0,Chai,đ,https://cdn.nhathuoclongchau.com.vn/unsafe/https://cms-prod.s3-sgn09.fptcloud.com/00009539_soffell_hcam_80ml_5536_62ae_large_8cdeea159e.jpg,Diethyltoluamide 13%,,Soffell,Chai,Chăm sóc cá nhân | Đồ dùng gia đình | Chống muỗi & côn trùng,cham-soc-ca-nhan | cham-soc-ca-nhan/do-dung-gia-dinh | cham-soc-ca-nhan/chong-muoi-con-trung,True,True,50,0,https://nhathuoclongchau.com.vn/cham-soc-ca-nhan/soffell-hcam-80ml-16654.html,cham-soc-ca-nhan,200
258,00009538,DẦU XUA MUỖI SOFFELL HƯƠNG HOA 80ML,Xịt xua muỗi Soffell hương hoa giúp chống muỗi trong suốt 8 giờ (80ml),cham-soc-ca-nhan/soffell-hhoa-80ml-16655.html,36000.0,Chai,đ,https://cdn.nhathuoclongchau.com.vn/unsafe/https://cms-prod.s3-sgn09.fptcloud.com/00009538_soffell_hhoa_80ml_4841_5d63_large_10060e9f74.png,Diethyltoluamide 13%,,Soffell,Chai,Chăm sóc cá nhân | Đồ dùng gia đình | Chống muỗi & côn trùng,cham-soc-ca-nhan | cham-soc-ca-nhan/do-dung-gia-dinh | cham-soc-ca-nhan/chong-muoi-con-trung,True,True,50,0,https://nhathuoclongchau.com.vn/cham-soc-ca-nhan/soffell-hhoa-80ml-16655.html,cham-soc-ca-nhan,200
259,00008372,BCS MỎNG NHẸ KÉO DÀI THỜI GIAN DUREX FETHERLITE HỘP 12 CÁI,"Bao cao su Durex Fetherlite vừa vặn, độ bảo vệ cao (12 cái)",cham-soc-ca-nhan/durex-fetherlite-12s-16698.html,220000.0,Hộp,đ,https://cdn.nhathuoclongchau.com.vn/unsafe/https://cms-prod.s3-sgn09.fptcloud.com/00008372_durex_fetherlite_12s_7191_62b5_large_8edf8d3682.jpg,Cao su thiên nhiên ,,Durex,Hộp 12 Cái,Chăm sóc cá nhân | Hỗ trợ tình dục | Bao cao su,cham-soc-ca-nhan | cham-soc-ca-nhan/ho-tro-tinh-duc | cham-soc-ca-nhan/bao-cao-su,True,True,50,0,https://nhathuoclongchau.com.vn/cham-soc-ca-nhan/durex-fetherlite-12s-16698.html,cham-soc-ca-nhan,200
260,00005585,CHỈ NHA KHOA ORAL-B ESSENTIAL FLOSS- IRLANDA 6 CUỘN X 50M,Chỉ nha khoa Oral-B Essential Floss làm sạch giữa các khe răng (6 cuộn),cham-soc-ca-nhan/chi-nha-khoa-oral-b-16990.html,51000.0,Cuộn,đ,https://cdn.nhathuoclongchau.com.vn/unsafe/https://cms-prod.s3-sgn09.fptcloud.com/DSC_09978_bdd21a415a.jpg,"Nylon  , Hương bạc hà  ",,Oral-B,Hộp 6 cuộn,Chăm sóc cá nhân | Chăm sóc răng miệng | Chỉ nha khoa,cham-soc-ca-nhan | cham-soc-ca-nhan/cham-soc-rang-mieng | cham-soc-ca-nhan/chi-nha-khoa,True,True,50,0,https://nhathuoclongchau.com.vn/cham-soc-ca-nhan/chi-nha-khoa-oral-b-16990.html,cham-soc-ca-nhan,200
261,00004097,KẸO CON TÀU VỊ BẠC HÀ FISHERMAN'S FRIEND 25G,Kẹo Con Tàu Vị Bạc Hà Fisherman's Friend (25g),cham-soc-ca-nhan/keo-con-tau-mint-25g-vi-bac-ha-17190.html,22000.0,Gói,đ,https://cdn.nhathuoclongchau.com.vn/unsafe/https://cms-prod.s3-sgn09.fptcloud.com/00004097_keo_con_tau_mint_25g_vi_bac_ha_2756_5d22_large_6c246f4bfd.JPG,"Chất tạo ngọt tổng hợp E955 , Chất chống đông vón  , hương bạc hà tự nhiên  , Chất tạo ngọt tổng hợp E420(i)  ",,Fisher's Friend,Hộp 24 Gói x 25g,Chăm sóc cá nhân | Thực phẩm - Đồ uống | Kẹo cứng,cham-soc-ca-nhan | cham-soc-ca-nhan/thuc-pham-do-uong | cham-soc-ca-nhan/keo-cung,True,True,50,0,https://nhathuoclongchau.com.vn/cham-soc-ca-nhan/keo-con-tau-mint-25g-vi-bac-ha-17190.html,cham-soc-ca-nhan,200
262,00002661,BCS SIÊU MỎNG KÉO DÀI THỜI GIAN DUREX FETHERLITE ULTIMA HỘP 12 CÁI,Bao cao su Durex Fetherlite Ultima siêu mỏng dùng tránh thai và các bệnh lây nhiễm (12 cái),cham-soc-ca-nhan/durex-fetherlite-ultima-12s-17354.html,250000.0,Hộp,đ,https://cdn.nhathuoclongchau.com.vn/unsafe/https://cms-prod.s3-sgn09.fptcloud.com/00002661_durex_fetherlite_ultima_12s_3074_62ba_large_6e9fa6df0e.jpg,Cao su thiên nhiên  ,,Durex,Hộp 12 Cái,Chăm sóc cá nhân | Hỗ trợ tình dục | Bao cao su,cham-soc-ca-nhan | cham-soc-ca-nhan/ho-tro-tinh-duc | cham-soc-ca-nhan/bao-cao-su,True,True,50,0,https://nhathuoclongchau.com.vn/cham-soc-ca-nhan/durex-fetherlite-ultima-12s-17354.html,cham-soc-ca-nhan,200
263,00002231,"DẦU TRÀM EMCARE CHO BÉ NGỪA CẢM, XOA BÓP GIẢM ĐAU NHỨC 25ML","Dầu tràm Emcare cho bé ngừa cảm, xoa bóp giảm đau nhức (25ml)",cham-soc-ca-nhan/dau-emcare-25ml-17408.html,79000.0,Chai,đ,https://cdn.nhathuoclongchau.com.vn/unsafe/https://cms-prod.s3-sgn09.fptcloud.com/00002231_dau_emcare_25ml_1227_62af_large_01c7815a7d.jpg,"Eucalytol 60 , Alpha Terpineol 4 , Paraffin Oil  , propylen glycol  , Tá dược vừa đủ  ",,Opodis Pharma,Chai,Chăm sóc cá nhân | Đồ dùng gia đình | Đồ dùng cho bé,cham-soc-ca-nhan | cham-soc-ca-nhan/do-dung-gia-dinh | cham-soc-ca-nhan/do-dung-cho-be,True,True,50,0,https://nhathuoclongchau.com.vn/cham-soc-ca-nhan/dau-emcare-25ml-17408.html,cham-soc-ca-nhan,200
264,00017950,"DUNG DỊCH TẮM PHYTO BEBE OPODIS LÀM GIẢM RÔM SẨY, GIẢM KÍCH ỨNG 250ML","Dung dịch tắm Phyto Bebe Opodis làm giảm rôm sảy, giảm kích ứng (250ml)",cham-soc-ca-nhan/phyto-bebe-opodis-250ml-dd-tam-rom-say-em-be-19297.html,79000.0,Chai,đ,https://cdn.nhathuoclongchau.com.vn/unsafe/https://cms-prod.s3-sgn09.fptcloud.com/00017950_phyto_bebe_opodis_250ml_dd_tam_rom_say_em_be_4514_62ae_large_2e5fea1be2.jpg,"Vitamin E , Alpha Terpineol , Lá trầu không , Lauryl glucoside , Cocamidopropyl betaine , Cocamide Dea , Peg-8 , Hương liệu , Vitamin B5 , Cao quả ngò , Sodium cocoamphoacetate , Aqua purificata , Sodium myreth sulphate ",,Opodis Pharma,Chai,Chăm sóc cá nhân | Đồ dùng gia đình | Đồ dùng cho bé,cham-soc-ca-nhan | cham-soc-ca-nhan/do-dung-gia-dinh | cham-soc-ca-nhan/do-dung-cho-be,True,True,50,0,https://nhathuoclongchau.com.vn/cham-soc-ca-nhan/phyto-bebe-opodis-250ml-dd-tam-rom-say-em-be-19297.html,cham-soc-ca-nhan,200
265,00018337,COMBO TABAME HERBE 250ML X 3 CHAI - NƯỚC XÔNG TẮM GỘI CHO BÀ MẸ SAU SINH,"Xông tắm cho bà mẹ sau sinh Tabame Herbe tăng cường sức khỏe, hỗ trợ điều trị sản hậu (3 chai)",cham-soc-ca-nhan/combo-tabame-herbe-250ml-x-3-chai-nuoc-xong-tam-goi-cho-ba-me-sau-sinh-19656.html,390000.0,Kít,đ,https://cdn.nhathuoclongchau.com.vn/unsafe/https://cms-prod.s3-sgn09.fptcloud.com/00018337_combo_tabame_herbe_250ml_x_3_chai_nuoc_xong_tam_goi_cho_ba_me_sau_sinh_2687_5d15_large_b37fad9c78.JPG,"Cơm cháy 37 , Đơn lá đỏ 1%, Bướm bạc đỏ 25 , Dây ông lão 30 , Chù dù 25 , Sung 37%",,HERBE,Kít 3 Chai,Chăm sóc cá nhân | Đồ dùng gia đình | Đồ dùng cho mẹ,cham-soc-ca-nhan | cham-soc-ca-nhan/do-dung-gia-dinh | cham-soc-ca-nhan/do-dung-cho-me,True,True,50,0,https://nhathuoclongchau.com.vn/cham-soc-ca-nhan/combo-tabame-herbe-250ml-x-3-chai-nuoc-xong-tam-goi-cho-ba-me-sau-sinh-19656.html,cham-soc-ca-nhan,200
266,00020670,BỘT PHA NƯỚC TẮM CHO TRẺ EM NHÂN HƯNG 30 GÓI,Bột Pha Nước Tắm Cho Trẻ Em Nhân Hưng (30 gói),cham-soc-ca-nhan/bot-pha-nuoc-tam-tre-em-nhan-hung-30-goi-x-1g-21039.html,123000.0,Hộp,đ,https://cdn.nhathuoclongchau.com.vn/unsafe/https://cms-prod.s3-sgn09.fptcloud.com/DSC_09077_1_daae1e96e4.jpg,"Berberin Clorid  , Hoàng liên  , Chlorophyll  , natri bicarbonate  , Tinh dầu Mùi  ",,Nhân Hưng,Hộp 30 gói,Chăm sóc cá nhân | Đồ dùng gia đình | Đồ dùng cho bé,cham-soc-ca-nhan | cham-soc-ca-nhan/do-dung-gia-dinh | cham-soc-ca-nhan/do-dung-cho-be,True,True,50,0,https://nhathuoclongchau.com.vn/cham-soc-ca-nhan/bot-pha-nuoc-tam-tre-em-nhan-hung-30-goi-x-1g-21039.html,cham-soc-ca-nhan,200
267,00020739,"DUNG DỊCH VỆ SINH PHỤ NỮ PERFECTA PHARMACY FEMINA SOS HỖ TRỢ GIẢM NGỨA, KHÁNG KHUẨN 150ML","Dung dịch vệ sinh phụ nữ Perfecta Pharmacy Femina SOS hỗ trợ giảm ngứa, kháng khuẩn (150ml)",cham-soc-ca-nhan/perfecta-pharmacy-femina-sos-150ml-dung-dich-vspn-21096.html,199000.0,Chai,đ,https://cdn.nhathuoclongchau.com.vn/unsafe/https://cms-prod.s3-sgn09.fptcloud.com/00020739_perfecta_pharmacy_femina_sos_150ml_dung_dich_vspn_7427_63db_large_3315395cf7.jpg,"Aqua , Sodium lauryl sulfate , Cocamidopropyl betaine , Glycerin , Sodium Chloride , Glyceryl oleate , Maltodextrin , Lactobacilus , Methylchloroisothiazolinone , Lactic Acid , Panthenol , Parfum , Disodium EDTA, anhydrous , Styrene/Acrylates Copolymer , Coco-Glucoside , Polymnia Sonchifolia Root Juice , Undecylenamidopropyltrimonium Methosulfate , Iodopropynyl butylcarbamate , DMDM Hydantoin , Alpha-Glucan Oligosaccharide , Methylisothiazolinone ",,Perfecta Pharmacy,Chai,Chăm sóc cá nhân | Vệ sinh cá nhân | Dung dịch vệ sinh phụ nữ,cham-soc-ca-nhan | cham-soc-ca-nhan/ve-sinh-ca-nhan | cham-soc-ca-nhan/dung-dich-ve-sinh-phu-nu,True,True,50,0,https://nhathuoclongchau.com.vn/cham-soc-ca-nhan/perfecta-pharmacy-femina-sos-150ml-dung-dich-vspn-21096.html,cham-soc-ca-nhan,200
268,00020772,NƯỚC SÚC MIỆNG BẠC HÀ LISTERINE COOLMINT 100ML,"Nước súc miệng Listerine Cool Mint bảo vệ khoang miệng suốt 24h khỏi vi khuẩn hôi miệng, mảng bám, viêm mướu (100ml)",cham-soc-ca-nhan/listerin-cool-mint-100ml-21129.html,31000.0,Chai,đ,https://cdn.nhathuoclongchau.com.vn/unsafe/https://cms-prod.s3-sgn09.fptcloud.com/DSC_09852_acf60d65ef.jpg,"Acid benzoic , Poloxamer , Sorbitol , Alcohol , Water , Sodium saccharin , Eucalyptol , Flavor , Methyl salicylate , Thymol , Menthol , Sodium benzoate , CI 42053 ",,Listerine,Chai,Chăm sóc cá nhân | Chăm sóc răng miệng | Nước súc miệng,cham-soc-ca-nhan | cham-soc-ca-nhan/cham-soc-rang-mieng | cham-soc-ca-nhan/nuoc-suc-mieng,True,True,50,0,https://nhathuoclongchau.com.vn/cham-soc-ca-nhan/listerin-cool-mint-100ml-21129.html,cham-soc-ca-nhan,200
269,00022034,KHĂN ƯỚT HƯƠNG LÔ HỘI LIVING ALOE VERA CHOK CHOK 80 TỜ,"Khăn ướt Living Chok Chok Aloe Vera mềm mại, không xơ, an toàn (80 miếng)",cham-soc-ca-nhan/khan-uot-em-be-living-chok-chok-aloe-vera-80-to-22376.html,39000.0,Gói,đ,https://cdn.nhathuoclongchau.com.vn/unsafe/https://cms-prod.s3-sgn09.fptcloud.com/00022034_khan_uot_em_be_living_chok_chok_aloe_vera_80_to_2637_62ad_large_30b1fec10d.jpg,"Polyester , Nước tinh khiết , Lô hội , Caprylyl glycol , benzoat sodium , hương thơm , Tơ nhân tạo , Bạch dương , Hexandediol , Cocamidopropyl – PG – dimomium chloride phosphate , Pentylene Glycol ",,Living,Gói,"Chăm sóc cá nhân | Hàng tổng hợp | Khăn giấy, khăn ướt",cham-soc-ca-nhan | cham-soc-ca-nhan/hang-tong-hop | cham-soc-ca-nhan/khan-giay-khan-uot,True,True,50,1.8075048,https://nhathuoclongchau.com.vn/cham-soc-ca-nhan/khan-uot-em-be-living-chok-chok-aloe-vera-80-to-22376.html,cham-soc-ca-nhan,200
270,00022435,KHĂN ƯỚT HƯƠNG LÔ HỘI LIVING ALOE VERA CHOK CHOK 10 TỜ,"Khăn ướt Living Chok Chok Aloe Vera mềm mại, không xơ, an toàn (10 miếng)",cham-soc-ca-nhan/khan-uot-living-chok-chok-aloe-vera-10-to-22767.html,9500.0,Gói,đ,https://cdn.nhathuoclongchau.com.vn/unsafe/https://cms-prod.s3-sgn09.fptcloud.com/00022435_khan_uot_living_chok_chok_aloe_vera_10_to_1754_5de0_large_30765f93c0.JPG,"Polyester , Nước tinh khiết , Lô hội , Caprylyl glycol , Sodium benzoate , hương thơm , Tơ nhân tạo , Bạch dương , Cocamidopropyl – PG – dimomium chloride phosphate , Hexandediol , Pentylene Glycol ",,Living,Gói,"Chăm sóc cá nhân | Hàng tổng hợp | Khăn giấy, khăn ướt",cham-soc-ca-nhan | cham-soc-ca-nhan/hang-tong-hop | cham-soc-ca-nhan/khan-giay-khan-uot,True,True,50,0,https://nhathuoclongchau.com.vn/cham-soc-ca-nhan/khan-uot-living-chok-chok-aloe-vera-10-to-22767.html,cham-soc-ca-nhan,200
271,00022541,TINH DẦU XÔNG VÙNG KÍN XONGBAME HERBE KHỬ KHUẨN DIỆT NẤM 10ML,Tinh dầu xông vùng kín Xongbame Herbe khử khuẩn diệt nấm (10ml),cham-soc-ca-nhan/xongbame-herbe-10ml-22867.html,110000.0,Hộp,đ,https://cdn.nhathuoclongchau.com.vn/unsafe/https://cms-prod.s3-sgn09.fptcloud.com/00022541_xongbame_herbe_10ml_7399_5f84_large_3f8c8ef076.JPG,"Tiêu đen 0.8%, Tinh dầu gừng 1.6%, Địa liền 0.2%, Tinh dầu Trầu Không 2%, Tinh dầu tràm gió 2.8%, Tinh dầu hạt Ngò 2.5%, Tinh dầu Tần Dày Lá 0.5%",,HERBE,Hộp,Chăm sóc cá nhân | Vệ sinh cá nhân | Dung dịch vệ sinh phụ nữ,cham-soc-ca-nhan | cham-soc-ca-nhan/ve-sinh-ca-nhan | cham-soc-ca-nhan/dung-dich-ve-sinh-phu-nu,True,True,50,0,https://nhathuoclongchau.com.vn/cham-soc-ca-nhan/xongbame-herbe-10ml-22867.html,cham-soc-ca-nhan,200
272,00028056,CHỈ NHA KHOA OKAMURA ASAHI HỘP 40M,Chỉ nha khoa Okamura Asahi làm sạch mảng bám thức ăn dư thừa trong kẽ răng (40m),cham-soc-ca-nhan/chi-nha-khoa-okamura-ki-works-768300-40-met-28197.html,27000.0,Cái,đ,https://cdn.nhathuoclongchau.com.vn/unsafe/https://cms-prod.s3-sgn09.fptcloud.com/00028056_chi_nha_khoa_okamura_ki_works_768300_40_met_3138_5f21_large_4260f3b737.JPG,"Nhựa PP  , Polyester  ",,Okamura,Cái,Chăm sóc cá nhân | Chăm sóc răng miệng | Chỉ nha khoa,cham-soc-ca-nhan | cham-soc-ca-nhan/cham-soc-rang-mieng | cham-soc-ca-nhan/chi-nha-khoa,True,True,50,1.7819391,https://nhathuoclongchau.com.vn/cham-soc-ca-nhan/chi-nha-khoa-okamura-ki-works-768300-40-met-28197.html,cham-soc-ca-nhan,200
273,00028301,KHĂN ƯỚT HƯƠNG LÔ HỘI LIVING ALOE VERA CHOK CHOK 30 TỜ,"Khăn ướt Living Aloe Vera Chok Chok mềm mại, không xơ, an toàn (30 miếng)",cham-soc-ca-nhan/khan-uot-living-aloe-vera-chok-chok-30-to-28610.html,19500.0,Gói,đ,https://cdn.nhathuoclongchau.com.vn/unsafe/https://cms-prod.s3-sgn09.fptcloud.com/00028301_khan_uot_living_aloe_vera_chok_chok_30_to_3853_6007_large_5f131a5c4c.JPG,"Polyester , Nước tinh khiết , Lô hội , Caprylyl glycol , Sodium benzoate , hương thơm , Tơ nhân tạo , Bạch dương , Cocamidopropyl – PG – dimomium chloride phosphate , Hexandediol , Pentylene Glycol ",,Living,Gói,"Chăm sóc cá nhân | Hàng tổng hợp | Khăn giấy, khăn ướt",cham-soc-ca-nhan | cham-soc-ca-nhan/hang-tong-hop | cham-soc-ca-nhan/khan-giay-khan-uot,True,True,50,1.8114811,https://nhathuoclongchau.com.vn/cham-soc-ca-nhan/khan-uot-living-aloe-vera-chok-chok-30-to-28610.html,cham-soc-ca-nhan,200
274,00028378,DỤNG CỤ CẠO LƯỠI OKAMURA VỈ 5 CÂY,"Dụng cụ cạo lưỡi Okamura làm sạch mảng bám ở lưỡi, phòng bệnh nha chu, hôi miệng (12 vỉ x 5 cây)",cham-soc-ca-nhan/dung-cu-cao-luoi-okamura-vi-5-cay-28683.html,294000.0,Bịch,đ,https://cdn.nhathuoclongchau.com.vn/unsafe/https://cms-prod.s3-sgn09.fptcloud.com/00028378_dung_cu_cao_luoi_okamura_vi_5_cay_1415_5f1a_large_569b8c6081.JPG,Nhựa PE ,,Okamura,Bịch 12 vỉ,Chăm sóc cá nhân | Chăm sóc răng miệng,cham-soc-ca-nhan | cham-soc-ca-nhan/cham-soc-rang-mieng,True,True,50,1.6249522,https://nhathuoclongchau.com.vn/cham-soc-ca-nhan/dung-cu-cao-luoi-okamura-vi-5-cay-28683.html,cham-soc-ca-nhan,200
275,00028445,DAO CẠO RÂU SIÊU MỎNG CÁN VÀNG GILLETTE SUPER THIN II GÓI 2 CÁI,"Dao cạo râu cán vàng Gillette Super Thin cạo sát, giảm khả năng trầy xước (2 cái)",cham-soc-ca-nhan/dao-cao-rau-gillette-super-thin-can-vang-goi-2-cai-28747.html,15000.0,Gói,đ,https://cdn.nhathuoclongchau.com.vn/unsafe/https://cms-prod.s3-sgn09.fptcloud.com/00028445_dao_cao_rau_gillette_super_thin_can_vang_goi_2_cai_1139_62b4_large_ab749fa6dd.jpg,"Thép không gỉ  , Nhựa  ",,Gillette,Gói,Chăm sóc cá nhân | Thiết bị làm đẹp | Dụng cụ cạo râu,cham-soc-ca-nhan | cham-soc-ca-nhan/thiet-bi-lam-dep | cham-soc-ca-nhan/dung-cu-cao-rau,True,True,50,0,https://nhathuoclongchau.com.vn/cham-soc-ca-nhan/dao-cao-rau-gillette-super-thin-can-vang-goi-2-cai-28747.html,cham-soc-ca-nhan,200
276,00028623,BCS CÓ GAI DUREX NAUGHTY CHOCOLATE MÙI SÔ CÔ LA HỘP 3 CÁI,Bao cao su Durex Naughty Chocolate có gai giúp tăng thêm cảm xúc (3 cái),cham-soc-ca-nhan/bcs-durex-naughty-chocolate-3-cai-28927.html,46000.0,Hộp,đ,https://cdn.nhathuoclongchau.com.vn/unsafe/https://cms-prod.s3-sgn09.fptcloud.com/00028623_bcs_durex_naughty_chocolate_3_cai_4475_5f62_large_277f3e8ee1.jpg,Cao su thiên nhiên ,,Durex,Hộp 3 Cái,Chăm sóc cá nhân | Hỗ trợ tình dục | Bao cao su,cham-soc-ca-nhan | cham-soc-ca-nhan/ho-tro-tinh-duc | cham-soc-ca-nhan/bao-cao-su,True,True,50,0,https://nhathuoclongchau.com.vn/cham-soc-ca-nhan/bcs-durex-naughty-chocolate-3-cai-28927.html,cham-soc-ca-nhan,200
277,00028872,PULMOLL LIME MINT+ VITAMIN C SUGAR FREE 45G,Pulmoll Lime Mint + Vitamin C Sugar Free (45g),cham-soc-ca-nhan/pulmoll-lime-mint-vitamin-c-sugar-free-45g-29166.html,55000.0,Hộp,đ,https://cdn.nhathuoclongchau.com.vn/unsafe/https://cms-prod.s3-sgn09.fptcloud.com/00028872_pulmoll_lime_mint_45g_5925_62b1_large_cea629455e.jpg,"Isomalt , Maltitol syrup , Axit malic , Sorbitol syrup , trái cây cô đặc , Steviol glicosides , hương chanh tự nhiên , Vitamin C , chiết xuất thảo dược , hương bạc hà tự nhiên ",,Pulmoll,Hộp,Chăm sóc cá nhân | Thực phẩm - Đồ uống | Kẹo cứng,cham-soc-ca-nhan | cham-soc-ca-nhan/thuc-pham-do-uong | cham-soc-ca-nhan/keo-cung,True,True,50,0,https://nhathuoclongchau.com.vn/cham-soc-ca-nhan/pulmoll-lime-mint-vitamin-c-sugar-free-45g-29166.html,cham-soc-ca-nhan,200
278,00029047,"DUNG DỊCH VỆ SINH CHO BÉ SAFORELLE MISS DỊU NHẸ, BẢO VỆ VÙNG KÍN 100ML","Dung dịch vệ sinh cho bé Saforelle Miss dịu nhẹ, bảo vệ vùng kín (100ml)",cham-soc-ca-nhan/dung-dich-ve-sinh-saforelle-miss-100ml-danh-cho-be-gai-29314.html,205000.0,Chai,đ,https://cdn.nhathuoclongchau.com.vn/unsafe/https://cms-prod.s3-sgn09.fptcloud.com/DSC_099851_f793d73f14.png,"Aqua , Glycerin , Propanediol , Sodium cocoyl glutamate , Coco-Glucoside , Glyceryl oleate , Parfum , PEG , Laureth-2 , Chlorphenesin , Isopropyl Alcohol , Allantoin , Disodium EDTA , Axit citric , Methylisothiazolinone , Sodium benzoate , Potassium sorbate , Tocopherol , Sodium hydroxide , Sodium cocoamphoaxetat , Glucoside Lauryl , Sodium lauryl carboxylate glucose , Althaea officinalis , Arctium lappa , Hydrogenated glycerides co citrate ",,Saforelle,Chai x 100ml,Chăm sóc cá nhân | Vệ sinh cá nhân | Dung dịch vệ sinh phụ nữ,cham-soc-ca-nhan | cham-soc-ca-nhan/ve-sinh-ca-nhan | cham-soc-ca-nhan/dung-dich-ve-sinh-phu-nu,True,True,50,0,https://nhathuoclongchau.com.vn/cham-soc-ca-nhan/dung-dich-ve-sinh-saforelle-miss-100ml-danh-cho-be-gai-29314.html,cham-soc-ca-nhan,200
279,00029565,TĂM BÔNG THÂN NHỰA 1 ĐẦU TRÒN 1 ĐẦU XOẮN NIVA HỘP 200 QUE AH2,"Tăm bông Niva AH2 Cotton Buds hũ xoay 1 đầu tròn 1 đầu xoắn vệ sinh tai, mũi, vệ sinh cá nhân, vết thương (200 que)",cham-soc-ca-nhan/tam-bong-niva-hu-xoay-200-que-nhua-ah2-29829.html,26500.0,Hộp,đ,https://cdn.nhathuoclongchau.com.vn/unsafe/https://cms-prod.s3-sgn09.fptcloud.com/IMG_5231_33f67be636.jpg,"Bông tự nhiên , Que bông từ nhựa nguyên sinh ",,Niva,Hộp,Chăm sóc cá nhân | Vệ sinh cá nhân | Vệ sinh tai,cham-soc-ca-nhan | cham-soc-ca-nhan/ve-sinh-ca-nhan | cham-soc-ca-nhan/ve-sinh-tai,True,True,50,0,https://nhathuoclongchau.com.vn/cham-soc-ca-nhan/tam-bong-niva-hu-xoay-200-que-nhua-ah2-29829.html,cham-soc-ca-nhan,200
280,00029567,TĂM BÔNG THÂN GIẤY 1 ĐẦU TRÒN 1 ĐẦU XOẮN NIVA HỘP 200 QUE AJ2,"Tăm bông Niva Cotton Buds AJ2 thân giấy 1 đầu tròn 1 đầu xoắn vệ sinh tai, mũi, vết thương (200 que)",cham-soc-ca-nhan/tam-bong-niva-hu-xoay-200-que-giay-aj2-29831.html,29500.0,Hộp,đ,https://cdn.nhathuoclongchau.com.vn/unsafe/https://cms-prod.s3-sgn09.fptcloud.com/00029567_tam_bong_niva_hu_xoay_200_que_giay_aj2_6522_62b3_large_e8d2c1525f.jpg,"Bông tự nhiên , Que bông từ giấy tự nhiên ",,Niva,Hộp,Chăm sóc cá nhân | Vệ sinh cá nhân | Vệ sinh tai,cham-soc-ca-nhan | cham-soc-ca-nhan/ve-sinh-ca-nhan | cham-soc-ca-nhan/ve-sinh-tai,True,True,50,0,https://nhathuoclongchau.com.vn/cham-soc-ca-nhan/tam-bong-niva-hu-xoay-200-que-giay-aj2-29831.html,cham-soc-ca-nhan,200
281,00029571,TĂM BÔNG TRẺ EM THÂN GIẤY 2 ĐẦU TRÒN NIVA HỘP 200 QUE BHP1,"Tăm bông sơ sinh Niva BHP1 thân giấy 2 đầu tròn vệ sinh tai, mũi, vệ sinh cá nhân (200 que) ",cham-soc-ca-nhan/tam-bong-niva-hu-xoay-200-que-giay-bhp1-29835.html,37000.0,Hộp,đ,https://cdn.nhathuoclongchau.com.vn/unsafe/https://cms-prod.s3-sgn09.fptcloud.com/IMG_5242_6778eca263.jpg,"Bông tự nhiên , Que bông từ giấy tự nhiên ",,Niva,Hộp,Chăm sóc cá nhân | Vệ sinh cá nhân | Vệ sinh tai,cham-soc-ca-nhan | cham-soc-ca-nhan/ve-sinh-ca-nhan | cham-soc-ca-nhan/ve-sinh-tai,True,True,50,0,https://nhathuoclongchau.com.vn/cham-soc-ca-nhan/tam-bong-niva-hu-xoay-200-que-giay-bhp1-29835.html,cham-soc-ca-nhan,200
282,00029572,TĂM BÔNG TRẺ EM THÂN GIẤY 2 ĐẦU TRÒN NIVA HỘP 400 QUE BHP2,"Tăm bông sơ sinh Niva BHP2 2 đầu tròn vệ sinh tai, mũi, vệ sinh cá nhân (400 que) ",cham-soc-ca-nhan/tam-bong-niva-hu-xoay-400-que-giay-bhp2-29836.html,62000.0,Hộp,đ,https://cdn.nhathuoclongchau.com.vn/unsafe/https://cms-prod.s3-sgn09.fptcloud.com/IMG_5254_526ce1908a.jpg,"Bông tự nhiên , Que bông từ giấy tự nhiên ",,Niva,Hộp,Chăm sóc cá nhân | Vệ sinh cá nhân | Vệ sinh tai,cham-soc-ca-nhan | cham-soc-ca-nhan/ve-sinh-ca-nhan | cham-soc-ca-nhan/ve-sinh-tai,True,True,50,1.8173257999999999,https://nhathuoclongchau.com.vn/cham-soc-ca-nhan/tam-bong-niva-hu-xoay-400-que-giay-bhp2-29836.html,cham-soc-ca-nhan,200
283,00029581,KHĂN ƯỚT CHO BÉ NIVA BABY HỘP 80 MIẾNG,"Khăn ướt Niva Baby làm sạch, kháng khuẩn và giữ vệ sinh (80 miếng)",cham-soc-ca-nhan/khan-uot-niva-baby-hop-80-mieng-29845.html,36500.0,Hộp,đ,https://cdn.nhathuoclongchau.com.vn/unsafe/https://cms-prod.s3-sgn09.fptcloud.com/IMG_5084_c155f97474.jpg,"Non-filbre Fabric , Chlorhexidine Gluconate Solution , Nước tinh khiết ",,Niva,Hộp,"Chăm sóc cá nhân | Hàng tổng hợp | Khăn giấy, khăn ướt",cham-soc-ca-nhan | cham-soc-ca-nhan/hang-tong-hop | cham-soc-ca-nhan/khan-giay-khan-uot,True,True,50,0,https://nhathuoclongchau.com.vn/cham-soc-ca-nhan/khan-uot-niva-baby-hop-80-mieng-29845.html,cham-soc-ca-nhan,200
284,00030744,KHĂN ƯỚT CHO BÉ NIVA BABY HỘP 100 MIẾNG,"Khăn ướt Niva Baby làm sạch, kháng khuẩn và giữ vệ sinh (100 miếng)",cham-soc-ca-nhan/khan-uot-niva-baby-hop-100-mieng-30887.html,43000.0,Hộp,đ,https://cdn.nhathuoclongchau.com.vn/unsafe/https://cms-prod.s3-sgn09.fptcloud.com/00030744_khan_uot_niva_baby_hop_100_mieng_6043_62b9_large_814792b0aa.jpg,"Nước tinh khiết  , Chlorhexidine Gluconate Solution  , Non-filbre Fabric (60% rayon)  , 13-Tetraazatetradecanediimidamide  , 4-chlorophenyl  , 12-diimino-di-D-gluconate  , Hexamethy-lenebis  ",,Niva,Hộp,"Chăm sóc cá nhân | Hàng tổng hợp | Khăn giấy, khăn ướt",cham-soc-ca-nhan | cham-soc-ca-nhan/hang-tong-hop | cham-soc-ca-nhan/khan-giay-khan-uot,True,True,50,0,https://nhathuoclongchau.com.vn/cham-soc-ca-nhan/khan-uot-niva-baby-hop-100-mieng-30887.html,cham-soc-ca-nhan,200
285,00030815,KHĂN ƯỚT CỒN LET-GREEN 90 MIẾNG,"Khăn ướt cồn Let-Green làm sạch, kháng khuẩn và giữ vệ sinh (90 miếng)",cham-soc-ca-nhan/khan-uot-con-let-green-90-mieng-30965.html,55000.0,Gói,đ,https://cdn.nhathuoclongchau.com.vn/unsafe/https://cms-prod.s3-sgn09.fptcloud.com/00030815_khan_uot_con_let_green_90_mieng_6291_62b9_large_78c18de29c.jpg,"vải không dệt trắng  , Cồn thực phẩm  , Nước tinh khiết R.O  , Benzalkonium Chloride  , Polyaminopropyl Biguanide  , Citric Acid  ",,Let-green,Gói,"Chăm sóc cá nhân | Hàng tổng hợp | Khăn giấy, khăn ướt",cham-soc-ca-nhan | cham-soc-ca-nhan/hang-tong-hop | cham-soc-ca-nhan/khan-giay-khan-uot,True,True,50,0,https://nhathuoclongchau.com.vn/cham-soc-ca-nhan/khan-uot-con-let-green-90-mieng-30965.html,cham-soc-ca-nhan,200
286,00030851,BCS ÔM SÁT NHIỀU GEL BÔI TRƠN DUREX JEANS HỘP 3 CÁI,"Bao cao su Durex Jeans ôm sát, nhiều chất bôi trơn (52,5mm - 3 cái)",cham-soc-ca-nhan/bao-cao-su-durex-jeans-hop-3-cai-om-sat-nhieu-gel-boi-tron-30991.html,40000.0,Hộp,đ,https://cdn.nhathuoclongchau.com.vn/unsafe/https://cms-prod.s3-sgn09.fptcloud.com/00030851_bao_cao_su_durex_jeans_hop_3_cai_om_sat_nhieu_gel_boi_tron_9584_60a7_large_ce0a56dcb4.JPG,"Mủ cao su thiên nhiên , Chất bôi trơn silicon ",,Durex,Hộp,Chăm sóc cá nhân | Hỗ trợ tình dục | Bao cao su,cham-soc-ca-nhan | cham-soc-ca-nhan/ho-tro-tinh-duc | cham-soc-ca-nhan/bao-cao-su,True,True,50,1.8277839999999999,https://nhathuoclongchau.com.vn/cham-soc-ca-nhan/bao-cao-su-durex-jeans-hop-3-cai-om-sat-nhieu-gel-boi-tron-30991.html,cham-soc-ca-nhan,200
287,00031048,TÃ DÁN SIÊU THẤM CHO NGƯỜI LỚN CARYN SIZE L GÓI 20 MIẾNG,"Tã dán người lớn Caryn siêu thấm size L20, vòng hông 68 x 122cm (20 miếng)",cham-soc-ca-nhan/ta-dan-sieu-tham-cho-nguoi-lon-caryn-size-l-goi-20-mieng-31182.html,192000.0,Gói,đ,https://cdn.nhathuoclongchau.com.vn/unsafe/https://cms-prod.s3-sgn09.fptcloud.com/DSC_02625_68ef7516fa.jpg,"vải không dệt trắng , Hạt siêu thấm , bông cellulose , PE , Chun , polyme kết dính , BOPP , PP ",,Caryn,Gói,Chăm sóc cá nhân | Vệ sinh cá nhân,cham-soc-ca-nhan | cham-soc-ca-nhan/ve-sinh-ca-nhan,True,True,50,0,https://nhathuoclongchau.com.vn/cham-soc-ca-nhan/ta-dan-sieu-tham-cho-nguoi-lon-caryn-size-l-goi-20-mieng-31182.html,cham-soc-ca-nhan,200
288,00031053,TẤM ĐỆM LÓT SIÊU THẤM CHO NGƯỜI LỚN CARYN SIZE L GÓI 10 MIẾNG,Tấm đệm lót người lớn Caryn siêu thấm size L10 - 42 x 72cm (10 miếng),cham-soc-ca-nhan/tam-diem-lot-cho-nguoi-lon-caryn-loai-sieu-tham-size-l10-goi-10-mieng-42x72cm-31183.html,56000.0,Gói,đ,https://cdn.nhathuoclongchau.com.vn/unsafe/https://cms-prod.s3-sgn09.fptcloud.com/00031053_tam_diem_lot_cho_nguoi_lon_caryn_loai_sieu_tham_size_l10_goi_10_mieng_42x72cm_1742_60c1_large_03845c67f7.jpg,"PP , PE , Hạt siêu thấm , vải không dệt trắng , bông cellulose , Chun , polyme kết dính , BOPP ",,Caryn,Gói,Chăm sóc cá nhân | Vệ sinh cá nhân,cham-soc-ca-nhan | cham-soc-ca-nhan/ve-sinh-ca-nhan,True,True,50,0,https://nhathuoclongchau.com.vn/cham-soc-ca-nhan/tam-diem-lot-cho-nguoi-lon-caryn-loai-sieu-tham-size-l10-goi-10-mieng-42x72cm-31183.html,cham-soc-ca-nhan,200
289,00031054,TẤM ĐỆM LÓT SIÊU THẤM CHO NGƯỜI LỚN CARYN SIZE L GÓI 20 MIẾNG,Tấm đệm lót người lớn Caryn siêu thấm size L10 - 42 x 72cm (20 miếng),cham-soc-ca-nhan/tam-diem-lot-cho-nguoi-lon-caryn-loai-sieu-tham-size-l20-goi-20-mieng-42x72cm-31188.html,108000.0,Gói,đ,https://cdn.nhathuoclongchau.com.vn/unsafe/https://cms-prod.s3-sgn09.fptcloud.com/00031054_tam_diem_lot_cho_nguoi_lon_caryn_loai_sieu_tham_size_l20_goi_20_mieng_42x72cm_8706_60c1_large_87bf1dd506.jpg,"PP , PE , Hạt siêu thấm , polyme kết dính , bông cellulose , BOPP , vải không dệt trắng ",,Caryn,Gói,Chăm sóc cá nhân | Vệ sinh cá nhân,cham-soc-ca-nhan | cham-soc-ca-nhan/ve-sinh-ca-nhan,True,True,50,0,https://nhathuoclongchau.com.vn/cham-soc-ca-nhan/tam-diem-lot-cho-nguoi-lon-caryn-loai-sieu-tham-size-l20-goi-20-mieng-42x72cm-31188.html,cham-soc-ca-nhan,200
290,00031052,TÃ QUẦN NGƯỜI LỚN CARYN MỎNG NHẸ SIZE L (GÓI 14 MIẾNG) - VÒNG BỤNG 75 - 100CM,Tã quần người lớn Caryn mỏng nhẹ size L14 vòng bụng 75 x 100cm (14 miếng),cham-soc-ca-nhan/ta-quan-cho-nguoi-lon-caryn-mong-nhe-size-l14-goi-14-mieng-vong-bung-75-100cm-31190.html,169500.0,Gói,đ,https://cdn.nhathuoclongchau.com.vn/unsafe/https://cms-prod.s3-sgn09.fptcloud.com/00031052_ta_quan_cho_nguoi_lon_caryn_mong_nhe_size_l14_goi_14_mieng_vong_bung_75_100cm_3304_6384_large_81db4af4f5.jpg,"Hạt siêu thấm , vải không dệt trắng , PP , PE , bông cellulose , Chun , polyme kết dính , BOPP ",,Caryn,Gói,Chăm sóc cá nhân | Vệ sinh cá nhân,cham-soc-ca-nhan | cham-soc-ca-nhan/ve-sinh-ca-nhan,True,True,50,0,https://nhathuoclongchau.com.vn/cham-soc-ca-nhan/ta-quan-cho-nguoi-lon-caryn-mong-nhe-size-l14-goi-14-mieng-vong-bung-75-100cm-31190.html,cham-soc-ca-nhan,200
291,00031047,TÃ DÁN SIÊU THẤM CHO NGƯỜI LỚN CARYN SIZE L GÓI 10 MIẾNG,"Tã dán người lớn Caryn siêu thấm size L10, vòng hông 68 x 122cm (10 miếng)",cham-soc-ca-nhan/ta-dan-cho-nguoi-lon-caryn-sieu-tham-size-m-l10-goi-10-mieng-vong-hong-68-122cm-31197.html,101000.0,Gói,đ,https://cdn.nhathuoclongchau.com.vn/unsafe/https://cms-prod.s3-sgn09.fptcloud.com/00031047_ta_dan_cho_nguoi_lon_caryn_sieu_tham_size_m_l10_goi_10_mieng_vong_hong_68_122cm_9731_6384_large_88d55947d5.jpg,"vải không dệt trắng , Hạt siêu thấm , bông cellulose , PE , Chun , polyme kết dính , BOPP , PP ",,Caryn,Gói,Chăm sóc cá nhân | Vệ sinh cá nhân,cham-soc-ca-nhan | cham-soc-ca-nhan/ve-sinh-ca-nhan,True,True,50,0,https://nhathuoclongchau.com.vn/cham-soc-ca-nhan/ta-dan-cho-nguoi-lon-caryn-sieu-tham-size-m-l10-goi-10-mieng-vong-hong-68-122cm-31197.html,cham-soc-ca-nhan,200
292,00031599,BÔNG TẨY TRANG MIẾNG TRÒN NIVA DẠNG GÓI,"Bông tẩy trang Niva Cotton rounds mềm mại, không xổ lông , thấm hút (100 miếng)",cham-soc-ca-nhan/bong-tay-trang-niva-dang-tron-tui-100-mieng-31741.html,36000.0,Túi,đ,https://cdn.nhathuoclongchau.com.vn/unsafe/https://cms-prod.s3-sgn09.fptcloud.com/IMG_5182_8b8a351c09.jpg,Cotton  ,,Niva,Túi,Chăm sóc cá nhân | Vệ sinh cá nhân,cham-soc-ca-nhan | cham-soc-ca-nhan/ve-sinh-ca-nhan,True,True,50,1.8399016000000001,https://nhathuoclongchau.com.vn/cham-soc-ca-nhan/bong-tay-trang-niva-dang-tron-tui-100-mieng-31741.html,cham-soc-ca-nhan,200
293,00032636,CHỈ NHA KHOA JOMI DENTAL FLOSS HỘP 50M,"Chỉ nha khoa Jomi Dental Floss loại trừ các mảng bám, thức ăn dư thừa trong kẽ răng (50m)",cham-soc-ca-nhan/chi-nha-khoa-jomi-dental-floss-50mhop-32754.html,43000.0,Hộp,đ,https://cdn.nhathuoclongchau.com.vn/unsafe/https://cms-prod.s3-sgn09.fptcloud.com/00032636_chi_nha_khoa_jomi_dental_floss_50mhop_1651_6182_large_721e8f3fcf.jpg,,,Jomi,Hộp,Chăm sóc cá nhân | Chăm sóc răng miệng | Chỉ nha khoa,cham-soc-ca-nhan | cham-soc-ca-nhan/cham-soc-rang-mieng | cham-soc-ca-nhan/chi-nha-khoa,True,True,50,0,https://nhathuoclongchau.com.vn/cham-soc-ca-nhan/chi-nha-khoa-jomi-dental-floss-50mhop-32754.html,cham-soc-ca-nhan,200
294,00501362,ĐẦU CHẢI RĂNG NGƯỜI LỚN ORAL-B SENSI ULTRATHIN EB 60-2,Đầu chải răng Oral-B Sensi Ultrathin EB 60-2,cham-soc-ca-nhan/dau-chai-rang-nguoi-lon-oral-b-sensi-ultrathin-eb-60-2-35514.html,440000.0,Hộp,đ,https://cdn.nhathuoclongchau.com.vn/unsafe/https://cms-prod.s3-sgn09.fptcloud.com/00501362_dau_chai_rang_nguoi_lon_oral_b_sensi_ultrathin_eb_60_2_2559_62e3_large_f9bf5a581c.jpg,Nhựa ,,Oral-B,Hộp 2 Cái,Chăm sóc cá nhân | Chăm sóc răng miệng | Bàn chải điện,cham-soc-ca-nhan | cham-soc-ca-nhan/cham-soc-rang-mieng | cham-soc-ca-nhan/ban-chai-dien,True,True,40,0,https://nhathuoclongchau.com.vn/cham-soc-ca-nhan/dau-chai-rang-nguoi-lon-oral-b-sensi-ultrathin-eb-60-2-35514.html,cham-soc-ca-nhan,200
295,00501361,ĐẦU CHẢI RĂNG TRẺ EM ORAL-B EB 10S-2K,Đầu chải răng trẻ em Oral-B EB 10-2 K,cham-soc-ca-nhan/dau-chai-rang-tre-em-oral-b-eb-10-2-k-35515.html,440000.0,Hộp,đ,https://cdn.nhathuoclongchau.com.vn/unsafe/https://cms-prod.s3-sgn09.fptcloud.com/00501361_dau_chai_rang_tre_em_oral_b_eb_10_2_k_3560_62e3_large_29e7973c14.jpg,Nhựa ,,Oral-B,Hộp 2 Cái,Chăm sóc cá nhân | Chăm sóc răng miệng | Bàn chải điện,cham-soc-ca-nhan | cham-soc-ca-nhan/cham-soc-rang-mieng | cham-soc-ca-nhan/ban-chai-dien,True,True,40,0,https://nhathuoclongchau.com.vn/cham-soc-ca-nhan/dau-chai-rang-tre-em-oral-b-eb-10-2-k-35515.html,cham-soc-ca-nhan,200
296,00501356,BÀN CHẢI ĐÁNH RĂNG NGƯỜI LỚN ORAL-B PRO HEALTH DB4510 - DÙNG PIN,Bàn chải đánh răng pin Oral-B Pro Health DB4510 loại bỏ được mảng bám và vết ố trên răng,cham-soc-ca-nhan/ban-chai-danh-rang-nguoi-lon-oral-b-pro-health-db4510-dung-pin-35519.html,550000.0,Hộp,đ,https://cdn.nhathuoclongchau.com.vn/unsafe/https://cms-prod.s3-sgn09.fptcloud.com/00501356_ban_chai_danh_rang_nguoi_lon_oral_b_pro_health_db4510_dung_pin_4243_62e3_large_d2f30b63f5.jpg,Nhựa ,,Oral-B,Hộp,Chăm sóc cá nhân | Chăm sóc răng miệng | Bàn chải điện,cham-soc-ca-nhan | cham-soc-ca-nhan/cham-soc-rang-mieng | cham-soc-ca-nhan/ban-chai-dien,True,True,40,0,https://nhathuoclongchau.com.vn/cham-soc-ca-nhan/ban-chai-danh-rang-nguoi-lon-oral-b-pro-health-db4510-dung-pin-35519.html,cham-soc-ca-nhan,200
297,00501355,BÀN CHẢI ĐÁNH RĂNG TRẺ EM ORAL-B STAGES POWER DB4510K - DÙNG PIN,Bàn chải đánh răng trẻ em Oral-B Stages Power DB4510K làm sạch mảng bám trên răng (1 cây),cham-soc-ca-nhan/ban-chai-danh-rang-tre-em-oral-b-stages-power-db4510k-dung-pin-35520.html,490000.0,Hộp,đ,https://cdn.nhathuoclongchau.com.vn/unsafe/https://cms-prod.s3-sgn09.fptcloud.com/00501355_ban_chai_danh_rang_tre_em_oral_b_stages_power_db4510k_dung_pin_4056_62e3_large_55fb1e2be9.jpg,Nhựa ,,Oral-B,Hộp,Chăm sóc cá nhân | Chăm sóc răng miệng | Bàn chải điện,cham-soc-ca-nhan | cham-soc-ca-nhan/cham-soc-rang-mieng | cham-soc-ca-nhan/ban-chai-dien,True,True,40,0,https://nhathuoclongchau.com.vn/cham-soc-ca-nhan/ban-chai-danh-rang-tre-em-oral-b-stages-power-db4510k-dung-pin-35520.html,cham-soc-ca-nhan,200
298,00033397,DUNG DỊCH SÁT KHUẨN TAY NHANH TOUCHHAND 30ML,Dung dịch Touchhand Opodis Pharma sát khuẩn tay nhanh (10 chai x 30ml),cham-soc-ca-nhan/dung-dich-sat-khuan-tay-nhanh-touchhand-30ml-33505.html,25000.0,Chai,đ,https://cdn.nhathuoclongchau.com.vn/unsafe/https://cms-prod.s3-sgn09.fptcloud.com/00033397_dung_dich_sat_khuan_tay_nhanh_touchhand_30ml_6233_620c_large_5577cd72e9.jpg,,,Opodis Pharma,Hộp 10 chai,Chăm sóc cá nhân | Vệ sinh cá nhân | Nước rửa tay,cham-soc-ca-nhan | cham-soc-ca-nhan/ve-sinh-ca-nhan | cham-soc-ca-nhan/nuoc-rua-tay,True,True,40,0,https://nhathuoclongchau.com.vn/cham-soc-ca-nhan/dung-dich-sat-khuan-tay-nhanh-touchhand-30ml-33505.html,cham-soc-ca-nhan,200
299,00014597,KẸO CON TÀU VỊ CAM CHANH FISHERMAN'S FRIEND  25G,Kẹo Con Tàu Vị Cam Chanh Fisherman's Friend (25g),cham-soc-ca-nhan/keo-con-tau-citrus-25g-vi-cam-chanh-va-menthol-15549.html,22000.0,Gói,đ,https://cdn.nhathuoclongchau.com.vn/unsafe/https://cms-prod.s3-sgn09.fptcloud.com/00014597_keo_con_tau_citrus_25g_vi_cam_chanh_va_menthol_5148_6094_large_53007c4ee2.jpg,"Chất tạo màu tổng hợp , Chất tạo ngọt tổng hợp E950 , Chất tạo ngọt tổng hợp E955 , Chất điều chỉnh độ acid , Hương Menthol , Chất chống đông vón , Hương cam chanh tự nhiên , Chất tạo ngọt tổng hợp E420(i) ",,Fisher's Friend,Hộp 24 Gói x 25g,Chăm sóc cá nhân | Thực phẩm - Đồ uống | Kẹo cứng,cham-soc-ca-nhan | cham-soc-ca-nhan/thuc-pham-do-uong | cham-soc-ca-nhan/keo-cung,True,True,40,0,https://nhathuoclongchau.com.vn/cham-soc-ca-nhan/keo-con-tau-citrus-25g-vi-cam-chanh-va-menthol-15549.html,cham-soc-ca-nhan,200
300,00011163,KẸO CON TÀU VỊ KHUYNH DIỆP FISHERMAN'S FRIEND 25G,Kẹo Con Tàu Vị Khuynh Diệp Fisherman's Friend (25g),cham-soc-ca-nhan/keo-con-tau-original-25g-vi-menthol-khuynh-diep-16142.html,22000.0,Gói,đ,https://cdn.nhathuoclongchau.com.vn/unsafe/https://cms-prod.s3-sgn09.fptcloud.com/00011163_keo_con_tau_original_25g_vi_menthol_khuynh_diep_4733_5d22_large_606b9f7427.JPG,"Dịch chiết quả ớt , Tinh dầu khuynh diệp 0.153%, Chất làm dày E413 , Chất làm dày E1400 , Cam thảo , Đường ",,Fisher's Friend,Hộp 24 Gói x 25g,Chăm sóc cá nhân | Thực phẩm - Đồ uống,cham-soc-ca-nhan | cham-soc-ca-nhan/thuc-pham-do-uong,True,True,40,0,https://nhathuoclongchau.com.vn/cham-soc-ca-nhan/keo-con-tau-original-25g-vi-menthol-khuynh-diep-16142.html,cham-soc-ca-nhan,200
301,00010643,KẸO CON TÀU VỊ SPEARMINT FISHERMAN'S FRIEND 25G,Kẹo Con Tàu Vị Spearmint Fisherman's Friend (25g),cham-soc-ca-nhan/keo-con-tau-spearmint-25g-16380.html,22000.0,Gói,đ,https://cdn.nhathuoclongchau.com.vn/unsafe/https://cms-prod.s3-sgn09.fptcloud.com/00010643_keo_con_tau_spearmint_25g_1946_6094_large_ac25e40127.jpg,"Chất tạo màu tổng hợp , Chất tạo ngọt tổng hợp E950 , Chất tạo ngọt tổng hợp E955 , Hương Menthol , Chất chống đông vón , Hương lục bạc hà tự nhiên , Hương cooling giống tự nhiên , Chất tạo ngọt tổng hợp E420(i) ",,Fisher's Friend,Hộp 24 Gói x 25g,Chăm sóc cá nhân | Thực phẩm - Đồ uống,cham-soc-ca-nhan | cham-soc-ca-nhan/thuc-pham-do-uong,True,True,40,0,https://nhathuoclongchau.com.vn/cham-soc-ca-nhan/keo-con-tau-spearmint-25g-16380.html,cham-soc-ca-nhan,300
302,00004099,KẸO CON TÀU VỊ CHERRY FISHERMAN'S FRIEND 25G,Kẹo Con Tàu Vị Cherry Fisherman's Friend (25g),cham-soc-ca-nhan/keo-con-tau-cherry-25g-vi-cherrymenthol-17188.html,22000.0,Gói,đ,https://cdn.nhathuoclongchau.com.vn/unsafe/https://cms-prod.s3-sgn09.fptcloud.com/00004099_keo_con_tau_cherry_25g_vi_cherrymenthol_1667_5c7f_large_3d6063119d.png,"Chất tạo ngọt tổng hợp E955 , Chất tạo ngọt tổng hợp E950 , Chất chống đông vón , Hương thảo mộc , Hương Menthol , Hương cherry tự nhiên , Chất tạo ngọt tổng hợp E420(i) ",,Fisher's Friend,Hộp 24 Gói x 25g,Chăm sóc cá nhân | Thực phẩm - Đồ uống,cham-soc-ca-nhan | cham-soc-ca-nhan/thuc-pham-do-uong,True,True,40,0,https://nhathuoclongchau.com.vn/cham-soc-ca-nhan/keo-con-tau-cherry-25g-vi-cherrymenthol-17188.html,cham-soc-ca-nhan,300
303,00004098,KẸO CON TÀU VỊ QUÝT FISHERMAN'S FRIEND 25G,Kẹo Con Tàu Vị Quýt Fisherman's Friend (25g),cham-soc-ca-nhan/keo-con-tau-mandarrin-25-vi-quyt-menthol-17189.html,22000.0,Gói,đ,https://cdn.nhathuoclongchau.com.vn/unsafe/https://cms-prod.s3-sgn09.fptcloud.com/00004098_keo_con_tau_mandarrin_25_vi_quyt_menthol_9758_5d22_large_e19ca93147.JPG,"Chất tạo màu tổng hợp , Chất tạo ngọt tổng hợp E950 , Chất tạo ngọt tổng hợp E955 , Hương Menthol , Chất chống đông vón , Hương quýt và gừng giống tự nhiên , Chất tạo ngọt tổng hợp E420(i) ",,Fisher's Friend,Hộp 24 Gói x 25g,Chăm sóc cá nhân | Thực phẩm - Đồ uống | Kẹo cứng,cham-soc-ca-nhan | cham-soc-ca-nhan/thuc-pham-do-uong | cham-soc-ca-nhan/keo-cung,True,True,40,0,https://nhathuoclongchau.com.vn/cham-soc-ca-nhan/keo-con-tau-mandarrin-25-vi-quyt-menthol-17189.html,cham-soc-ca-nhan,300
304,00028918,KẸO CON TÀU VỊ TÁO QUẾ FISHERMAN'S FRIEND 25G,Kẹo Con Tàu Vị Táo Quế Fisherman's Friend (25g),cham-soc-ca-nhan/keo-con-tau-vi-tao-que-fisherman-s-friend-25-g.html,22000.0,Gói,đ,https://cdn.nhathuoclongchau.com.vn/unsafe/https://cms-prod.s3-sgn09.fptcloud.com/DSC_00548_a8a910d8c1.jpg,"Chất tạo màu tổng hợp , Chất tạo ngọt tổng hợp E950 , Chất tạo ngọt tổng hợp E955 , Chất điều chỉnh độ acid , Hương Menthol , Chất chống đông vón , Hương táo quế giống tự nhiên , Chất tạo ngọt tổng hợp E420(i) ",,Fisher's Friend,Hộp 24 Gói x 25g,Chăm sóc cá nhân | Thực phẩm - Đồ uống | Kẹo cứng,cham-soc-ca-nhan | cham-soc-ca-nhan/thuc-pham-do-uong | cham-soc-ca-nhan/keo-cung,True,True,40,0,https://nhathuoclongchau.com.vn/cham-soc-ca-nhan/keo-con-tau-vi-tao-que-fisherman-s-friend-25-g.html,cham-soc-ca-nhan,300
305,00500393,LACTACYD EXTRA NOURISH 150ML - DUNG DỊCH VỆ SINH PHỤ NỮ GIÚP CĂNG MỊN,"Dung dịch vệ sinh phụ nữ Lactacyd Extra Nouris hỗ trợ làm sạch nhẹ nhàng vùng kín, ngăn nhiễm khuẩn (150ml)",cham-soc-ca-nhan/lactacyd-extra-nourish-150ml-dung-dich-ve-sinh-phu-nu-giup-cang-min-34508.html,61000.0,Chai,đ,https://cdn.nhathuoclongchau.com.vn/unsafe/https://cms-prod.s3-sgn09.fptcloud.com/00500393_lactacyd_extra_nourish_150ml_dung_dich_ve_sinh_phu_nu_giup_cang_min_9315_629d_large_a3ffa7778a.jpg,"Glycol Distearate , Laureth-10 , Sodium PCA , Acrylates Copolymer , Peg-120 Methyl Glucose Dioleate , Hydroxypropyl Guar Hydroxypropyltrimonium Chloride ",,Lactacyd,Chai,Chăm sóc cá nhân | Vệ sinh cá nhân | Dung dịch vệ sinh phụ nữ,cham-soc-ca-nhan | cham-soc-ca-nhan/ve-sinh-ca-nhan | cham-soc-ca-nhan/dung-dich-ve-sinh-phu-nu,True,True,20,0,https://nhathuoclongchau.com.vn/cham-soc-ca-nhan/lactacyd-extra-nourish-150ml-dung-dich-ve-sinh-phu-nu-giup-cang-min-34508.html,cham-soc-ca-nhan,300
306,00004298,"BỌT RỬA PHỤ KHOA LADYSOFT PREMIUM XANH GIÚP VỆ SINH, DỊU NHẸ, KHỬ MÙI HÔI 250ML","Bọt rửa phụ khoa Ladysoft Premium xanh giúp vệ sinh, dịu nhẹ, khử mùi hôi (250ml)",cham-soc-ca-nhan/bot-ve-sinh-phu-nu-ladysoft-premium-593.html,95000.0,Chai,đ,https://cdn.nhathuoclongchau.com.vn/unsafe/https://cms-prod.s3-sgn09.fptcloud.com/4298_bot_ve_sinh_phu_nu_ladysoft_premium_7812_599f_large_70faa1219d.jpg,"Aqua  , Olive Oil PEG-7 Esters  , Cocamidopropyl betaine  , Tocopherol  , Aloe Barbadensis Extract  , Sodium Laureth Sulfate  , Camellia Sinensis (Green Tea) Extract  , Peg-40 Hydrogenated Castor Oil  , Fragrance  , Polyquatermium-7  , Phenoxyethanol  ",,Ladysofts,Chai,Chăm sóc cá nhân | Vệ sinh cá nhân | Dung dịch vệ sinh phụ nữ,cham-soc-ca-nhan | cham-soc-ca-nhan/ve-sinh-ca-nhan | cham-soc-ca-nhan/dung-dich-ve-sinh-phu-nu,True,True,20,0,https://nhathuoclongchau.com.vn/cham-soc-ca-nhan/bot-ve-sinh-phu-nu-ladysoft-premium-593.html,cham-soc-ca-nhan,300
307,00020792,SMOOVY GIA NGUYỄN 150ML-DUNG DỊCH VỆ SINH PHỤ NỮ,"Dung dịch vệ sinh phụ nữ Smoovy Gia Nguyễn sạch vùng kín, dưỡng da vùng kín sáng hồng se khít (150ml)",cham-soc-ca-nhan/smoovy-gia-nguyen-150ml-dd-ve-sinh-phu-nu-21149.html,99000.0,Chai,đ,https://cdn.nhathuoclongchau.com.vn/unsafe/https://cms-prod.s3-sgn09.fptcloud.com/smowyy_47b49f9076.jpg,"Water , Lactic Acid , Phenoxyethanol , Aloe vera extract , Dicaprylyl Ether , Fragrance , Ethylhexylglycerin , Glyceryl oleate , Chamomilla Recutita (Matricaria) Flower Extract , DL-alpha tocopheryl acetate , Hydrolyzed Collagen Peptide , Sodium cocoamphoacetate , Rosa damascena extract , Laureth-7 Citrate , Decyl glucoside , PEG-150 Distearate ",,Gia Nguyễn,Chai,Chăm sóc cá nhân | Vệ sinh cá nhân | Dung dịch vệ sinh phụ nữ,cham-soc-ca-nhan | cham-soc-ca-nhan/ve-sinh-ca-nhan | cham-soc-ca-nhan/dung-dich-ve-sinh-phu-nu,True,True,20,0,https://nhathuoclongchau.com.vn/cham-soc-ca-nhan/smoovy-gia-nguyen-150ml-dd-ve-sinh-phu-nu-21149.html,cham-soc-ca-nhan,300
308,00015226,DDVSPN WOMANDAY ĐẠI BẮC 200ML,"Dung dịch vệ sinh phụ nữ Womanday Đại Bắc làm sạch, khử mồ hôi (200ml)",cham-soc-ca-nhan/womanday-djai-bac-200ml-dd-ve-sinh-phu-nu-14970.html,,Chai,đ,https://cdn.nhathuoclongchau.com.vn/unsafe/https://cms-prod.s3-sgn09.fptcloud.com/00015226_dung_dich_vs_phu_nu_womanday_200ml_2365_5b7f_large_fabc97bfc8.JPG,"Sodium Laureth Sulfate , Glycerin , Cocamidopropyl betaine , Water purified , Citric Acid ",Dung dịch,Đại Bắc,Chai,Chăm sóc cá nhân | Vệ sinh cá nhân | Dung dịch vệ sinh phụ nữ,cham-soc-ca-nhan | cham-soc-ca-nhan/ve-sinh-ca-nhan | cham-soc-ca-nhan/dung-dich-ve-sinh-phu-nu,True,True,1,0,https://nhathuoclongchau.com.vn/cham-soc-ca-nhan/womanday-djai-bac-200ml-dd-ve-sinh-phu-nu-14970.html,cham-soc-ca-nhan,300
309,00014048,SENSIKIN GEL 15G - GEL GIẢM Ê BUỐT,Gel bôi Sensi Kin hỗ trợ giảm ê buốt răng nhanh chóng (15g),cham-soc-ca-nhan/sensikin-gel-15g-gel-giam-e-buot-15774.html,,Tuýp,đ,https://cdn.nhathuoclongchau.com.vn/unsafe/https://cms-prod.s3-sgn09.fptcloud.com/00014048_sensikin_gel_15g_2099_5d00_large_62d948b15e.jpg,"Potassium nitrate 10%, Sodium fluoride ",Gel,Kin,Tuýp x 15g,Chăm sóc cá nhân | Chăm sóc răng miệng | Chăm sóc răng,cham-soc-ca-nhan | cham-soc-ca-nhan/cham-soc-rang-mieng | cham-soc-ca-nhan/cham-soc-rang,True,True,1,0,https://nhathuoclongchau.com.vn/cham-soc-ca-nhan/sensikin-gel-15g-gel-giam-e-buot-15774.html,cham-soc-ca-nhan,300
310,00018467,BETADINE FEMININE WASH FOAM 100ML - BỌT VỆ SINH PHỤ NỮ HÀNG NGÀY,Bọt vệ sinh phụ nữ Betadine Feminine Wash Foam nuôi dưỡng và cân bằng vệ sinh vi sinh âm đạo (100ml),cham-soc-ca-nhan/betadine-feminine-wash-foam-100ml-bot-ve-sinh-phu-nu-hang-ngay-19781.html,,Chai,đ,https://cdn.nhathuoclongchau.com.vn/unsafe/https://cms-prod.s3-sgn09.fptcloud.com/00018467_betadine_feminine_wash_foam_100ml_bot_ve_sinh_phu_nu_hang_ngay_5690_5da7_large_fb6eded2f9.jpg,"Lemon Verbena , Prebiotics ",,Betadine,Chai x 100ml,Chăm sóc cá nhân | Vệ sinh cá nhân | Dung dịch vệ sinh phụ nữ,cham-soc-ca-nhan | cham-soc-ca-nhan/ve-sinh-ca-nhan | cham-soc-ca-nhan/dung-dich-ve-sinh-phu-nu,True,True,1,0,https://nhathuoclongchau.com.vn/cham-soc-ca-nhan/betadine-feminine-wash-foam-100ml-bot-ve-sinh-phu-nu-hang-ngay-19781.html,cham-soc-ca-nhan,300
311,00021950,MINCER HƯNG PHÁT 150ML - BỌT RỬA PHỤ KHOA,Bọt rửa phụ khoa Mincer Hưng Phát hỗ trợ phòng ngừa và cải thiện viêm nhiễm đường sinh dục (150ml),cham-soc-ca-nhan/mincer-hung-phat-15oml-bot-rua-phu-khoa-22295.html,,Chai,đ,https://cdn.nhathuoclongchau.com.vn/unsafe/https://cms-prod.s3-sgn09.fptcloud.com/00021950_mincer_hung_phat_15oml_bot_rua_phu_khoa_1677_6185_large_4b3c656169.jpg,"Aqua , Cocamidopropyl betaine , Tocopheryl acetate , Sodium Laureth Sulfate , Peg-40 Hydrogenated Castor Oil , Lactic Acid , Sodium benzoate , Phenoxyethanol , Ethylhexylglycerin , Fragrance , Olive Oil PEG-7 Esters , Aloe Barbadensis Extract , Potassium Laureth Phosphate , Bellis Perennis Flower Extract ",,Hùng Phát,Chai,Chăm sóc cá nhân | Vệ sinh cá nhân | Dung dịch vệ sinh phụ nữ,cham-soc-ca-nhan | cham-soc-ca-nhan/ve-sinh-ca-nhan | cham-soc-ca-nhan/dung-dich-ve-sinh-phu-nu,True,True,1,0,https://nhathuoclongchau.com.vn/cham-soc-ca-nhan/mincer-hung-phat-15oml-bot-rua-phu-khoa-22295.html,cham-soc-ca-nhan,300
312,00032424,GEL BÔI TRƠN KLY 82G,"Gel bôi trơn Kly bổ sung lượng chất nhờn, khắc phục chứng khô âm đạo (82g)",cham-soc-ca-nhan/gel-boi-tron-kly-82g-32549.html,,Tuýp,đ,https://cdn.nhathuoclongchau.com.vn/unsafe/https://cms-prod.s3-sgn09.fptcloud.com/00032424_gel_boi_tron_kly_82g_9138_62b5_large_ae66035b86.JPG,"Gluconolactone , Chlorhexidine digluconate , hydroxyethylcellulose , Methyl paraben , Natri hydroxide , Glycerin , Aqua/ Water ",,KLY,Tuýp,Chăm sóc cá nhân | Hỗ trợ tình dục | Gel bôi trơn,cham-soc-ca-nhan | cham-soc-ca-nhan/ho-tro-tinh-duc | cham-soc-ca-nhan/gel-boi-tron,True,True,40,0,https://nhathuoclongchau.com.vn/cham-soc-ca-nhan/gel-boi-tron-kly-82g-32549.html,cham-soc-ca-nhan,300
313,00501359,BÀN CHẢI ĐÁNH RĂNG NGƯỜI LỚN CAO CẤP ORAL-B PRO600 D16.513 - SẠC ĐIỆN,"Bàn chải đánh răng điện Oral-B Pro600 D16.513 loại bỏ các mảng bám, làm sạch răng và khoang miệng cho người lớn",cham-soc-ca-nhan/ban-chai-danh-rang-nguoi-lon-cao-cap-oral-b-pro600-d16513-sac-dien-35517.html,,Hộp,đ,https://cdn.nhathuoclongchau.com.vn/unsafe/https://cms-prod.s3-sgn09.fptcloud.com/00501359_ban_chai_danh_rang_nguoi_lon_cao_cap_oral_b_pro600_d16513_sac_dien_7494_62e3_large_3f6e9b164f.jpg,Nhựa ,,Oral-B,Hộp,Chăm sóc cá nhân | Chăm sóc răng miệng | Bàn chải điện,cham-soc-ca-nhan | cham-soc-ca-nhan/cham-soc-rang-mieng | cham-soc-ca-nhan/ban-chai-dien,True,True,1,0,https://nhathuoclongchau.com.vn/cham-soc-ca-nhan/ban-chai-danh-rang-nguoi-lon-cao-cap-oral-b-pro600-d16513-sac-dien-35517.html,cham-soc-ca-nhan,300
314,00501358,BÀN CHẢI ĐÁNH RĂNG NGƯỜI LỚN ORAL-B VITALITY CROSSACTION WHITE D100.413.1 - SẠC ĐIỆN,Bàn chải đánh răng điện Oral-B Vitality CrossAction White D100.413.1 loại bỏ được mảng bám và vết ố trên răng,cham-soc-ca-nhan/ban-chai-danh-rang-nguoi-lon-oral-b-vitality-crossaction-white-d1004131-sac-dien-35518.html,,Hộp,đ,https://cdn.nhathuoclongchau.com.vn/unsafe/https://cms-prod.s3-sgn09.fptcloud.com/00501358_ban_chai_danh_rang_nguoi_lon_oral_b_vitality_crossaction_white_d1004131_sac_dien_1425_62e3_large_7a6cdce699.jpg,Nhựa ,,Oral-B,Hộp,Chăm sóc cá nhân | Chăm sóc răng miệng | Bàn chải điện,cham-soc-ca-nhan | cham-soc-ca-nhan/cham-soc-rang-mieng | cham-soc-ca-nhan/ban-chai-dien,True,True,1,0,https://nhathuoclongchau.com.vn/cham-soc-ca-nhan/ban-chai-danh-rang-nguoi-lon-oral-b-vitality-crossaction-white-d1004131-sac-dien-35518.html,cham-soc-ca-nhan,300
315,00500020,BÀN CHẢI ĐIỆN LÀM TRẮNG RĂNG HALIO SONIC WHITENING TOOTHBRUSH PRO PERIWINKLE LIMITED EDITON,Bàn chải điện Halio Sonic Whitening Toothbrush Pro Periwinkle Limited Editon làm trắng răng,cham-soc-ca-nhan/ban-chai-dien-lam-trang-rang-halio-sonic-whitening-toothbrush-pro-periwinkle-limited-editon-34108.html,,Hộp,đ,https://cdn.nhathuoclongchau.com.vn/unsafe/https://cms-prod.s3-sgn09.fptcloud.com/00500020_ban_chai_dien_lam_trang_rang_halio_sonic_whitening_toothbrush_pro_periwinkle_limited_editon_5308_6272_large_8f26827af1.jpg,Nhựa  ,,HALIO,Hộp,Chăm sóc cá nhân | Chăm sóc răng miệng | Bàn chải điện,cham-soc-ca-nhan | cham-soc-ca-nhan/cham-soc-rang-mieng | cham-soc-ca-nhan/ban-chai-dien,True,True,1,0,https://nhathuoclongchau.com.vn/cham-soc-ca-nhan/ban-chai-dien-lam-trang-rang-halio-sonic-whitening-toothbrush-pro-periwinkle-limited-editon-34108.html,cham-soc-ca-nhan,300
316,00500019,BÀN CHẢI ĐIỆN LÀM TRẮNG RĂNG HALIO SONIC WHITENING TOOTHBRUSH PRO ROSE GOLD,Bàn chải điện làm trắng răng Halio Sonic Whitening Toothbrush Pro Rose Gold,cham-soc-ca-nhan/ban-chai-dien-lam-trang-rang-halio-sonic-whitening-toothbrush-pro-rose-gold-34109.html,,Hộp,đ,https://cdn.nhathuoclongchau.com.vn/unsafe/https://cms-prod.s3-sgn09.fptcloud.com/00500019_ban_chai_dien_lam_trang_rang_halio_sonic_whitening_toothbrush_pro_rose_gold_2050_6271_large_d933b6ca16.jpg,Nhựa  ,,HALIO,Hộp,Chăm sóc cá nhân | Chăm sóc răng miệng | Bàn chải điện,cham-soc-ca-nhan | cham-soc-ca-nhan/cham-soc-rang-mieng | cham-soc-ca-nhan/ban-chai-dien,True,True,1,0,https://nhathuoclongchau.com.vn/cham-soc-ca-nhan/ban-chai-dien-lam-trang-rang-halio-sonic-whitening-toothbrush-pro-rose-gold-34109.html,cham-soc-ca-nhan,300
317,00021599,MULTI - GYN ACTIGEL 30ML - GEL BÔI GIẢM VIÊM NGỨA ÂM ĐẠO,Gel Multi-Gyn Actigel phòng và hỗ trợ điều trị viêm âm đạo (30ml),cham-soc-ca-nhan/multi-gyn-actigel-30ml-21960.html,,Tuýp,đ,https://cdn.nhathuoclongchau.com.vn/unsafe/https://cms-prod.s3-sgn09.fptcloud.com/00021599_multi_gyn_actigel_30ml_5797_60c8_large_cf186b1c5f.jpg,"Aloe barbadensis leaf 95.8%, Xanthan gum , Glycerin , Caprylyl glycol , Tá dược vừa đủ ",Nhũ tương (Gel),Multi-Gyn,Tuýp,Chăm sóc cá nhân | Vệ sinh cá nhân | Dung dịch vệ sinh phụ nữ,cham-soc-ca-nhan | cham-soc-ca-nhan/ve-sinh-ca-nhan | cham-soc-ca-nhan/dung-dich-ve-sinh-phu-nu,True,True,1,0,https://nhathuoclongchau.com.vn/cham-soc-ca-nhan/multi-gyn-actigel-30ml-21960.html,cham-soc-ca-nhan,300
318,00021798,GEL PHỤ KHOA KHÔNG HORMON MYCOGYNE IPRAD HỘP 8 ỐNG X 5ML - BÔI TRƠN ÂM ĐẠO ,"Gel Mucogyne Iprad phục hồi biểu mô âm hộ, âm đạo (8 ống x 5ml)",cham-soc-ca-nhan/mucogynev-iprad-8-ong-x-5ml-22146.html,,Hộp,đ,https://cdn.nhathuoclongchau.com.vn/unsafe/https://cms-prod.s3-sgn09.fptcloud.com/00021798_mucogynev_iprad_8_ong_x_5ml_1454_6094_large_c336dee7c4.jpg,"Aqua , Propylene glycol , Carbomer , Methylparaben , Cholesterol , Diazolidinylurea , triethanolamine , Hyaluronate , Propylparaben , Tocopheryl acetate , Vegetal Phospholipids , Camomille Glycolic Extract , Mallow Glycolic Extract , Edetate Disodium ",,Iprad,Hộp 8 ống,Chăm sóc cá nhân | Hỗ trợ tình dục | Gel bôi trơn,cham-soc-ca-nhan | cham-soc-ca-nhan/ho-tro-tinh-duc | cham-soc-ca-nhan/gel-boi-tron,True,True,1,0,https://nhathuoclongchau.com.vn/cham-soc-ca-nhan/mucogynev-iprad-8-ong-x-5ml-22146.html,cham-soc-ca-nhan,300
