count,sku,name,web_name,slug,price,price_unit,currency_symbol,image_url,ingredients,dosage_form,brand,specification,category_names,category_slugs,is_active,is_publish,search_scoring,product_ranking,link,category,skip_count
1,00049008,GEL GIẢM MỤN - CERAVE BLEMISH CONTROL 15ML,"Gel giảm mụn Cerave Blemish Control 15ml giúp giảm mụn và hỗ trợ thu nhỏ lỗ chân lông, cấp ẩm nhẹ",duoc-my-pham/gel-giam-mun-cerave-blemish-control-15-ml.html,179000.0,Hộp,đ,https://cdn.nhathuoclongchau.com.vn/unsafe/https://cms-prod.s3-sgn09.fptcloud.com/DSC_07418_8dd6892977.png,"Aqua/Water/EAU , Glycerin , Sodium hydroxide , Glycolic acid , Salicylic acid , Niacinamide , Hydroxypropyl guar , Xanthan gum , Chlorphenesin , Sodium hyaluronate , SODIUM LAUROYL LACTYLATE , Ceteraryl Alcohol , Behentrimonium Methosulfate , Ceramide NP , Triethyl citrate , Caprylyl glycol , Ceramide AP , Phytosphingosine , Cholesterol , Carbomer , Benzoic Acid , CERAMIDE EOP ",Gel,Cerave,Hộp x 15ml,"Dược mỹ phẩm | Giải pháp làn da | Kem hỗ trợ giảm mụn, gel hỗ trợ giảm mụn",duoc-my-pham | duoc-my-pham/giai-phap-lan-da | duoc-my-pham/da-mun,True,True,110,0,https://nhathuoclongchau.com.vn/duoc-my-pham/gel-giam-mun-cerave-blemish-control-15-ml.html,duoc-my-pham,0
2,00047450,"DẦU DỪA TƯƠI RAW VIRGIN COCONUT OIL COBOTE DƯỠNG ẨM, CHỐNG HĂM, CHĂM SÓC RĂNG MIỆNG 50ML","Dầu dừa tươi Raw Virgin Coconut Oil Cobote dưỡng ẩm, chống hăm, chăm sóc răng miệng (50ml)",duoc-my-pham/dau-dua-tuoi-raw-virgin-coconut-oil-cobote-100-ml-duong-am-da-duong-toc-cham-soc-rang-mieng.html,90000.0,Hộp,đ,https://cdn.nhathuoclongchau.com.vn/unsafe/https://cms-prod.s3-sgn09.fptcloud.com/DSC_02414_3aeccebf39.jpg,Cocos nucifera Oil ,Dung dịch,COBOTE,Hộp,Dược mỹ phẩm | Chăm sóc cơ thể,duoc-my-pham | duoc-my-pham/cham-soc-co-the,True,True,110,0,https://nhathuoclongchau.com.vn/duoc-my-pham/dau-dua-tuoi-raw-virgin-coconut-oil-cobote-100-ml-duong-am-da-duong-toc-cham-soc-rang-mieng.html,duoc-my-pham,0
3,00046582,"SỮA RỬA MẶT THẢO DƯỢC SẮC NGỌC KHANG GIÚP SÁNG DA, MỜ SẠM 100G","Sữa rửa mặt thảo dược Sắc Ngọc Khang giúp sáng da, mờ sạm (100g)",duoc-my-pham/sua-rua-mat-thao-duoc-sang-da-mo-sam-sac-ngoc-khang-100-g-1.html,69000.0,Tuýp,đ,https://cdn.nhathuoclongchau.com.vn/unsafe/https://cms-prod.s3-sgn09.fptcloud.com/DSC_04752_6e1556d733.jpg,"Aqua , Acrylates Copolymer , Potassium Laurate , Cocamido Propyl Belaine , Sodium laurilsulfate , Propanediol , Glycerin ",Dung dịch,SẮC NGỌC KHANG,Tuýp,"Dược mỹ phẩm | Chăm sóc da mặt | Sữa rửa mặt (Kem, gel, sữa)",duoc-my-pham | duoc-my-pham/cham-soc-da-mat | duoc-my-pham/sua-rua-mat-kem-gel-sua,True,True,110,0,https://nhathuoclongchau.com.vn/duoc-my-pham/sua-rua-mat-thao-duoc-sang-da-mo-sam-sac-ngoc-khang-100-g-1.html,duoc-my-pham,0
4,00046405,"GEL BÔI DECUMAR ADVANCE THC GIẢM MỤN, NGỪA THÂM 20G","Gel bôi Decumar Advance THC giảm mụn, ngừa thâm (20g)",duoc-my-pham/gel-cham-mun-mo-tham-decumar-advance-thc-20-g-new.html,105000.0,Hộp,đ,https://cdn.nhathuoclongchau.com.vn/unsafe/https://cms-prod.s3-sgn09.fptcloud.com/DSC_09447_7213e71ebf.jpg,"Purified water , Niacinamide , Glycerin , Water , Allium Cepa Bulb Extract , Sodium benzoate , Potassium sorbate , Propylene glycol , Peg-40 Hydrogenated Castor Oil , triethanolamine , Glycerin Backhousia Citriodora Leaf Extract , Tetrahydrocurcumin ",Gel,DECUMAR,Hộp,Dược mỹ phẩm | Chăm sóc cơ thể,duoc-my-pham | duoc-my-pham/cham-soc-co-the,True,True,110,0,https://nhathuoclongchau.com.vn/duoc-my-pham/gel-cham-mun-mo-tham-decumar-advance-thc-20-g-new.html,duoc-my-pham,0
5,00046403,"DUNG DỊCH VỆ SINH BÉ GÁI BIMUNICA  KHÁNG KHUẨN, BẢO VỆ VÙNG KÍN 250ML","Dung dịch vệ sinh bé gái Bimunica kháng khuẩn, bảo vệ vùng kín (250ml)",duoc-my-pham/dung-dich-ve-sinh-bimunica-250-ml-danh-cho-be-gai.html,230000.0,Chai,đ,https://cdn.nhathuoclongchau.com.vn/unsafe/https://cms-prod.s3-sgn09.fptcloud.com/DSC_09568_adc7da8783.jpg,"Aqua , Cocamidopropyl , Betaine , Sodium Coco-sulfate , Coco-Glucoside , Glycerin , Citrus Unshiu Peel Extract , Inulin , Alpha-Glucan Oligosaccharide , Allantoin , Aloe (aloe barbadensis) , Gossypium Herbaceum extract , Chamomilla Recutita Flower extract ",,BIMUNICA,Chai,Dược mỹ phẩm | Chăm sóc cơ thể,duoc-my-pham | duoc-my-pham/cham-soc-co-the,True,True,110,0,https://nhathuoclongchau.com.vn/duoc-my-pham/dung-dich-ve-sinh-bimunica-250-ml-danh-cho-be-gai.html,duoc-my-pham,0
6,00046383,SỮA TẮM GỘI EM BÉ BABY GENTLE WASH 500ML,"Sữa tắm gội em bé Gentle Wash 500ml La Beauty giảm và ngăn ngừa rôm sảy, hăm da ",duoc-my-pham/sua-tam-goi-em-be-baby-gentle-wash-500-ml.html,159000.0,Chai,đ,https://cdn.nhathuoclongchau.com.vn/unsafe/https://cms-prod.s3-sgn09.fptcloud.com/DSC_09206_f5fa18ab1d.png,"Water , Cocamidopropyl betaine , Disodium Laureth Sulfosuccinate , Decyl glucoside , Peg-120 Methyl Glucose Dioleate , Glycerin , Olive Oil PEG-7 Esters , Hydroxypropyl bis-hydroxyethyldimonium chloride , Coriandrum Sativum Flower , Sodium Benzoat Piper Betle , Centella Asiatica Extract , Butylene glycol , Fragrance , EDTA ",,La Beauty,Chai,"Dược mỹ phẩm | Chăm sóc cơ thể | Sữa tắm, xà bông",duoc-my-pham | duoc-my-pham/cham-soc-co-the | duoc-my-pham/sua-tam-xa-bong,True,True,110,0,https://nhathuoclongchau.com.vn/duoc-my-pham/sua-tam-goi-em-be-baby-gentle-wash-500-ml.html,duoc-my-pham,0
7,00045933,"KEM GIẢM THÂM VÙNG NÁCH, MÔNG, BIKINI NEOTHERA ARMPIT CREAM 35ML","Kem giảm thâm vùng nách, mông, bikini Neothera Armpit Cream La Beaute 35ml dưỡng trắng da",duoc-my-pham/kem-giam-tham-vung-nach-mong-bikini-neothera-armpit-cream-35-ml.html,152000.0,Hộp,đ,https://cdn.nhathuoclongchau.com.vn/unsafe/https://cms-prod.s3-sgn09.fptcloud.com/DSC_09383_341ff381a1.jpg,"Aqua , Isopropyl myristate , Propylene glycol , Oryza Sativa (Rice) Bran , Niacinamide , Ceteth-20 , Cetyl alcohol , Glyceryl stearate , Steareth-20 , Peg-75 Stearate , Glycerin , Polyacrylate Crosspolymer-11 ",,La Beauty,Hộp,Dược mỹ phẩm | Chăm sóc cơ thể,duoc-my-pham | duoc-my-pham/cham-soc-co-the,True,True,110,0,https://nhathuoclongchau.com.vn/duoc-my-pham/kem-giam-tham-vung-nach-mong-bikini-neothera-armpit-cream-35-ml.html,duoc-my-pham,0
8,00045724,GEL RỬA MẶT SVR SEBIACLEAR MOUSSANT LÀM SẠCH VÀ GIẢM DẦU CHO DA DẦU 200ML,Gel rửa mặt SVR Sebiaclear Moussant làm sạch và giảm dầu cho da dầu (200ml),duoc-my-pham/gel-lam-sach-va-loai-bo-te-bao-chet-khong-chua-xa-phong-svr-sebiaclear-gel-moussant-200-ml-new.html,390000.0,Tuýp,đ,https://cdn.nhathuoclongchau.com.vn/unsafe/https://cms-prod.s3-sgn09.fptcloud.com/DSC_05449_a1d9fce6f5.jpg,"Aqua , Glycerin , Gluconolactone , Decyl glucoside , DISODIUM COCOCYL GLUTAMATE , Coco-betaine , Salicylic acid , Acrylates/C10-C30 Alkyl Acrylate Crosspolymer , Sodium hydroxide , Parfum (Fragrance) ",,SVR,Tuýp,Dược mỹ phẩm | Chăm sóc cơ thể,duoc-my-pham | duoc-my-pham/cham-soc-co-the,True,True,110,0,https://nhathuoclongchau.com.vn/duoc-my-pham/gel-lam-sach-va-loai-bo-te-bao-chet-khong-chua-xa-phong-svr-sebiaclear-gel-moussant-200-ml-new.html,duoc-my-pham,0
9,00045253,"BỌT VỆ SINH NAM SUMELY MEN'S SANITARY FOAM LÀM SẠCH, KHỬ VÀ NGĂN MÙI, HƯƠNG THƠM MÁT 100ML","Bọt vệ sinh nam Sumely Men's Sanitary Foam làm sạch, khử và ngăn mùi, hương thơm mát (100ml)",duoc-my-pham/bot-ve-sinh-nam-gioi-lam-sach-khu-va-ngan-mui-thom-mat-sumely-men-s-sanitary-foam-100-ml.html,130000.0,Hộp,đ,https://cdn.nhathuoclongchau.com.vn/unsafe/https://cms-prod.s3-sgn09.fptcloud.com/DSC_02435_46062321f2.jpg,"Aqua , Glycerin , Ammonium Lauryl Sulfate , PEG-60 Hydrogenated castor oil , Allantoin , Panthenol , Lactic Acid , Aloe barbadensis leaf extract , Camellia Sinensis Leaf Extract , Sodium Citrate , Disodium EDTA , Citric Acid , Ethylhexylglycerin , Phenoxyethanol , Potassium sorbate , Sodium benzoate , Parfum ",Dạng bọt,SUMELY,Hộp,"Dược mỹ phẩm | Chăm sóc cơ thể | Lăn khử mùi, xịt khử mùi",duoc-my-pham | duoc-my-pham/cham-soc-co-the | duoc-my-pham/khu-mui,True,True,110,0,https://nhathuoclongchau.com.vn/duoc-my-pham/bot-ve-sinh-nam-gioi-lam-sach-khu-va-ngan-mui-thom-mat-sumely-men-s-sanitary-foam-100-ml.html,duoc-my-pham,0
10,00044805,SỮA RỬA MẶT ON: THE BODY RICE THERAPY RICE HEARTLEAF ACNE CLEANSER CHIẾT XUẤT LÁ DIẾP CÁ CHO DA MỤN 150ML,Sữa rửa mặt On: The Body Rice Therapy Rice Heartleaf Acne Cleanser chiết xuất lá diếp cá cho da mụn (150ml),duoc-my-pham/sua-rua-mat-chiet-xuat-tu-la-diep-ca-cho-da-mun-on-the-body-rice-therapy-rice-heartleaf-acne-cleanser-150-ml.html,165000.0,Tuýp,đ,https://cdn.nhathuoclongchau.com.vn/unsafe/https://cms-prod.s3-sgn09.fptcloud.com/DSC_04690_0c95c36f49.jpg,"Water , Glycerin , Myristic acid , Stearic acid , Lauric Acid , Potassium Cocoyl Glycinate , Potassium hydroxide , Glycol Distearate , Acrylates Copolymer , Butylene glycol , Disodium Cocoamphodiacetate , Lauryl Hydroxysultaine , Fragrance ",,ON: THE BODY,Tuýp,"Dược mỹ phẩm | Chăm sóc da mặt | Sữa rửa mặt (Kem, gel, sữa)",duoc-my-pham | duoc-my-pham/cham-soc-da-mat | duoc-my-pham/sua-rua-mat-kem-gel-sua,True,True,110,0,https://nhathuoclongchau.com.vn/duoc-my-pham/sua-rua-mat-chiet-xuat-tu-la-diep-ca-cho-da-mun-on-the-body-rice-therapy-rice-heartleaf-acne-cleanser-150-ml.html,duoc-my-pham,0
11,00044797,"NƯỚC TẨY TRANG JMSOLUTION DERMA CARE CENTELLA CHO DA DẦU MỤN, NHẠY CẢM 500ML","Nước tẩy trang JMSolution Derma Care Centella cho da dầu mụn, nhạy cảm (500ml)",duoc-my-pham/jmsolution-derma-care-centella-cleansing-water-500-ml-nuoc-tay-trang-cho-da-nhay-cam-va-da-dau-mun.html,199000.0,Chai,đ,https://cdn.nhathuoclongchau.com.vn/unsafe/https://cms-prod.s3-sgn09.fptcloud.com/DSC_04740_8ade38f685.jpg,"Water , Peg-6 Caprylic , Butylene glycol , 1,2-Hexanediol , Phenoxyethanol , PEG-7 Glyceryl Cocoate , Peg-40 Hydrogenated Castor Oil , Disodium EDTA , Ethylhexyl Glycerin , CENTELLA ASIATICA LEAF EXTRACT , Fragrance , Glycerin , Panthenol ",,JM SOLUTION,Chai,"Dược mỹ phẩm | Chăm sóc da mặt | Nước tẩy trang, dầu tẩy trang",duoc-my-pham | duoc-my-pham/cham-soc-da-mat | duoc-my-pham/nuoc-tay-trang,True,True,110,0,https://nhathuoclongchau.com.vn/duoc-my-pham/jmsolution-derma-care-centella-cleansing-water-500-ml-nuoc-tay-trang-cho-da-nhay-cam-va-da-dau-mun.html,duoc-my-pham,0
12,00044796,NƯỚC TẨY TRANG JMSOLUTION WATER LUMINOUS S.O.S RINGER LÀM SẠCH SÂU VÀ CẤP ẨM 500ML,Nước tẩy trang JMSolution Water Luminous S.O.S Ringer làm sạch sâu và cấp ẩm (500ml),duoc-my-pham/jmsolution-water-luminous-s-o-s-ringer-cleansing-water-500-ml-nuoc-tay-trang-lam-sach-sau-va-cap-am.html,199000.0,Chai,đ,https://cdn.nhathuoclongchau.com.vn/unsafe/https://cms-prod.s3-sgn09.fptcloud.com/DSC_04746_0feb134eb7.jpg,"Water , Peg-6 Caprylic , Butylene glycol , Dipropylene glycol , 1,2-Hexanediol , Phenoxyethanol , PEG-7 Glyceryl Cocoate , Decyl glucoside , Peg-40 Hydrogenated Castor Oil , Disodium EDTA , Ethylhexylglycerin , Fragrance , Sodium Citrate , Alcohol , Citric Acid , Glycerin , Tripropylene glycol , Sodium carbonate ",,JM SOLUTION,Chai,"Dược mỹ phẩm | Chăm sóc da mặt | Nước tẩy trang, dầu tẩy trang",duoc-my-pham | duoc-my-pham/cham-soc-da-mat | duoc-my-pham/nuoc-tay-trang,True,True,110,0,https://nhathuoclongchau.com.vn/duoc-my-pham/jmsolution-water-luminous-s-o-s-ringer-cleansing-water-500-ml-nuoc-tay-trang-lam-sach-sau-va-cap-am.html,duoc-my-pham,0
13,00044792,MẶT NẠ JMSOLUTION PLACEN LANOLIN DƯỠNG ẨM VÀ PHỤC HỒI 35ML,Mặt nạ JMSolution Placen Lanolin dưỡng ẩm và phục hồi (35ml),duoc-my-pham/mat-na-jmsolution-placen-lanolin-mask-35-ml.html,28000.0,Cái,đ,https://cdn.nhathuoclongchau.com.vn/unsafe/https://cms-prod.s3-sgn09.fptcloud.com/jmsolution_15c0e75bd2.jpg,"Water , Methylpropanediol , Glycerin , Glycereth-26 , PEG/PPG-17/6 copolymer , Phenoxyethanol , Trehalose , Carbomer , triethanolamine , hydroxyethyl urea , Glyceryl Glucoside , Allantoin , Betaine , PEG-60 Hydrogenated castor oil , Ethylhexylglycerin ",,JM SOLUTION,Cái,Dược mỹ phẩm | Chăm sóc da mặt | Mặt nạ,duoc-my-pham | duoc-my-pham/cham-soc-da-mat | duoc-my-pham/mat-na,True,True,110,0,https://nhathuoclongchau.com.vn/duoc-my-pham/mat-na-jmsolution-placen-lanolin-mask-35-ml.html,duoc-my-pham,0
14,00044791,MẶT NẠ DƯỠNG DA JMSOLUTION MARINE LUMINOUS PEARL DEEP MOISTURE CHIẾT XUẤT NGỌC TRAI CẤP ẨM CHUYÊN SÂU,Mặt nạ dưỡng da JMSolution Marine Luminous Pearl Deep Moisture chiết xuất ngọc trai cấp ẩm chuyên sâu,duoc-my-pham/jmsolution-marine-luminous-pearl-deep-moisture-mask-peal-30-ml-mat-na-chiet-xuat-ngoc-trai-cap-am-chuyen-sau.html,28000.0,Cái,đ,https://cdn.nhathuoclongchau.com.vn/unsafe/https://cms-prod.s3-sgn09.fptcloud.com/DSC_05112_acb915307e.png,"Water , Glycerin , Dipropylene glycol , sea water , Butylene glycol , 1,2-Hexanediol , Hydrolyzed Collagen , hydrolyzed conchiolin protein , Pearl Extract , Undaria Pinnatifida Extract , Codium pragiie extract , Enteromorpha compressa extract , Laminaria Angustata Extract , Salicornia herbacea extract , Sodium hyaluronate , Hydrolyzed Hyaluronic Acid ",,JM SOLUTION,Cái,Dược mỹ phẩm | Chăm sóc da mặt | Mặt nạ,duoc-my-pham | duoc-my-pham/cham-soc-da-mat | duoc-my-pham/mat-na,True,True,110,0,https://nhathuoclongchau.com.vn/duoc-my-pham/jmsolution-marine-luminous-pearl-deep-moisture-mask-peal-30-ml-mat-na-chiet-xuat-ngoc-trai-cap-am-chuyen-sau.html,duoc-my-pham,0
15,00044547,"GEL TẨY TẾ BÀO CHẾT ROSETTE GOMMAGE CLEAR PEEL THU NHỎ LỖ CHÂN LÔNG, LÀM SẠCH SÂU 180G","Gel tẩy tế bào chết Rosette Gommage Clear Peel thu nhỏ lỗ chân lông, làm sạch sâu (180g)",duoc-my-pham/tay-te-bao-chet-thu-nho-lo-chan-long-rosette-gommage-clear-peel-180-g.html,209000.0,Tuýp,đ,https://cdn.nhathuoclongchau.com.vn/unsafe/https://cms-prod.s3-sgn09.fptcloud.com/DSC_04220_9dcb17ca16.jpg,"Nước (aqua) , Steertrimonium chloride , Carbomer , Alcohol , Charcoal Powder , Kaolin , Lactic Acid , Citric Acid , Vlalic acid , Sea clay extract , Allantoin , Camellia Sinensis Leaf Extract , Glucose , Dipropyleneglycol , Fragrance , Phenoxyethanol ",Gel,Rosette,Tuýp x 180g,Dược mỹ phẩm | Chăm sóc da mặt | Tẩy tế bào chết,duoc-my-pham | duoc-my-pham/cham-soc-da-mat | duoc-my-pham/tay-te-bao-chet,True,True,110,0,https://nhathuoclongchau.com.vn/duoc-my-pham/tay-te-bao-chet-thu-nho-lo-chan-long-rosette-gommage-clear-peel-180-g.html,duoc-my-pham,0
16,00044380,"KEM BÔI FIXDERMA SCAR GEL HỖ TRỢ LÀM MỜ VẾT SẸO, DƯỠNG ẨM DA 7ML","Kem bôi Fixderma Scar Gel hỗ trợ làm mờ vết sẹo, dưỡng ẩm da (7ml)",duoc-my-pham/kem-boi-seo-fixderma-scar-gel-7-ml.html,179000.0,Tuýp,đ,https://cdn.nhathuoclongchau.com.vn/unsafe/https://cms-prod.s3-sgn09.fptcloud.com/DSC_04121_98d624a190.jpg,"Aqua , Allium Cepa Bulb Extract , Aloe barbadensis leaf juice , Nicotinamide , Glycerol , Allantoin , Xanthan gum , Phenoxyethanol , Ethylhexylglycerin , Panthenol , Lactic Acid , Disodium EDTA , Fragrance , Tá dược vừa đủ ",,Fixderma,Tuýp x 7ml,"Dược mỹ phẩm | Giải pháp làn da | Hỗ trợ mờ sẹo, mờ vết thâm",duoc-my-pham | duoc-my-pham/giai-phap-lan-da | duoc-my-pham/tri-seo-mo-tham,True,True,110,0,https://nhathuoclongchau.com.vn/duoc-my-pham/kem-boi-seo-fixderma-scar-gel-7-ml.html,duoc-my-pham,0
17,00043808,DẦU GỘI PHỦ BẠC HEALTHY&LIVELY LAVOX MÀU NÂU CÀ PHÊ H4 10 GÓI X 30ML,Dầu gội phủ bạc Healthy&Lively Lavox màu nâu cà phê H4 (10 gói x 30ml),duoc-my-pham/goi-phu-bac-healthy-and-lively-lavox-mau-nau-ca-phe-h4-10-goi-x-30-ml.html,28000.0,Gói,đ,https://cdn.nhathuoclongchau.com.vn/unsafe/https://cms-prod.s3-sgn09.fptcloud.com/DSC_09029_a385fe29ba.png,"Deionized Water , Sodium laurilsulfate , Cocamido Propyl Belaine , Sodium Cocoyl Isethionate , Acrylates Copolymer , p-Phenylenediamine , Ethanolamine , Propanediol , cocamide MEA , Amodimethicone , Trideceth-12 , Polyquatermium-7 , m-Aminophenol , Peg-40 Hydrogenated Castor Oil , Perfume , Resorcinol , p-Aminophenol , Sodium sulfide , Sodium Erythorbate , Cetrimonium Chloride , Camellia japonica seed oil , Olive Oil PEG-7 Esters , Disodium EDTA , 4-Amino-2-Hydroxytoluene ",Dung dịch,LAVOX,Hộp 10 Gói,Dược mỹ phẩm | Chăm sóc tóc - da đầu | Dầu gội dầu xả,duoc-my-pham | duoc-my-pham/cham-soc-toc-da-dau | duoc-my-pham/dau-goi-dau-xa,True,True,110,0,https://nhathuoclongchau.com.vn/duoc-my-pham/goi-phu-bac-healthy-and-lively-lavox-mau-nau-ca-phe-h4-10-goi-x-30-ml.html,duoc-my-pham,0
18,00043807,"GỘI PHỦ BẠC ĐEN LAVOX H1, GIỐNG TÓC ĐEN MƯỢT 10 GÓI X 30ML","Gội phủ bạc đen Lavox H1, giống tóc đen mượt (10 gói x 30ml)",duoc-my-pham/goi-phu-bac-healthy-and-lively-lavox-mau-den-h1-10-goi-x-30-ml.html,28000.0,Gói,đ,https://cdn.nhathuoclongchau.com.vn/unsafe/https://cms-prod.s3-sgn09.fptcloud.com/DSC_09039_47585a7c1d.png,"Deionized Water , Sodium laurilsulfate , Cocamido Propyl Belaine , Sodium Cocoyl Isethionate , Acrylates Copolymer , p-Phenylenediamine , Ethanolamine , Propanediol , cocamide MEA , Amodimethicone , Trideceth-12 , Polyquatermium-7 , m-Aminophenol , Peg-40 Hydrogenated Castor Oil , Perfume , Resorcinol , p-Aminophenol , Sodium sulfide , Sodium Erythorbate , 2,4-diaminophenoxyethanol sulfate , Cetrimonium Chloride , Camellia japonica seed oil , Olive Oil PEG-7 Esters , Disodium EDTA ",Dung dịch,LAVOX,Hộp 10 Gói,Dược mỹ phẩm | Chăm sóc tóc - da đầu | Dầu gội dầu xả,duoc-my-pham | duoc-my-pham/cham-soc-toc-da-dau | duoc-my-pham/dau-goi-dau-xa,True,True,110,0,https://nhathuoclongchau.com.vn/duoc-my-pham/goi-phu-bac-healthy-and-lively-lavox-mau-den-h1-10-goi-x-30-ml.html,duoc-my-pham,0
19,00043153,KEM BÔI BIOTRADE ACNAUT ACTIVE CREAM ĐIỀU TRỊ MỤN VIÊM 15ML,Kem bôi Biotrade Acnaut Active Cream hỗ trợ cải thiện mụn viêm (15ml),duoc-my-pham/kem-boi-dieu-tri-mun-viem-biotrade-acnaut-active-cream-15-ml.html,399000.0,Hộp,đ,https://cdn.nhathuoclongchau.com.vn/unsafe/https://cms-prod.s3-sgn09.fptcloud.com/DSC_00989_7ff75ed358.jpg,"Aqua , Rosa Damascena Flower Wate , Paraffinum Liquidum , Cetearyl Alcohol , PEG-30 lanolin , Niacinamide , Glycerin , Dimethicone , Tocopheryl acetate , Retinyl Palmitate , Titanium dioxide , Tetrasodium EDTA , Methenamine , Parfum , Limonene , Citronellol , Geraniol , Linalool ",,BIOTRADE,Hộp,"Dược mỹ phẩm | Giải pháp làn da | Kem hỗ trợ giảm mụn, gel hỗ trợ giảm mụn",duoc-my-pham | duoc-my-pham/giai-phap-lan-da | duoc-my-pham/da-mun,True,True,110,0,https://nhathuoclongchau.com.vn/duoc-my-pham/kem-boi-dieu-tri-mun-viem-biotrade-acnaut-active-cream-15-ml.html,duoc-my-pham,0
20,00042624,"KEM BÔI  ATOPIC DERMA CREAM LANCOPHARM DƯỠNG ẨM, GIẢM KÍCH ỨNG CHO VIÊM DA CƠ ĐỊA 50G","Kem bôi Atopic Derma Cream Lancopharm dưỡng ẩm, giảm kích ứng cho viêm da cơ địa (50g)",duoc-my-pham/kem-duong-am-lam-diu-da-cho-nguoi-bi-vay-nen-a-sung-viem-da-co-dia-atopic-derma-cream-lancopharm-50-g.html,325000.0,Hộp,đ,https://cdn.nhathuoclongchau.com.vn/unsafe/https://cms-prod.s3-sgn09.fptcloud.com/DSC_00006_649fd3a2cd.jpg,"Aqua , Cetearyl Alcohol , Paraffinum Liquidum , Glycerin , Lactobacillus Ferment , Hamamelis virginiana bark/leaf extract , Stearic acid , Panthenol , Urea , Propylene glycol , Ceteareth-25 , Ceteareth-20 , Carbomer , Acrylates , Phenoxyethanol , Ethylhexylglycerin , Sodium hydroxide , Alcohol ",Kem,LANCOPHARM,Hộp,"Dược mỹ phẩm | Giải pháp làn da | Da mẫn cảm, dễ kích ứng",duoc-my-pham | duoc-my-pham/giai-phap-lan-da | duoc-my-pham/viem-da-co-dia,True,True,110,0,https://nhathuoclongchau.com.vn/duoc-my-pham/kem-duong-am-lam-diu-da-cho-nguoi-bi-vay-nen-a-sung-viem-da-co-dia-atopic-derma-cream-lancopharm-50-g.html,duoc-my-pham,0
21,00042313,SỮA TẮM NEO ACNESS GIẢM MỤN LƯNG TINH CHẤT TRÀM TRÀ 250ML,Sữa tắm Neo Acness giảm mụn lưng tinh chất tràm trà (250ml),duoc-my-pham/sua-tam-giam-mun-lung-tinh-chat-tram-tra-neo-acness-250-ml.html,185000.0,Hộp,đ,https://cdn.nhathuoclongchau.com.vn/unsafe/https://cms-prod.s3-sgn09.fptcloud.com/DSC_06904_49a4cf5356.jpg,"Aqua , Sodium Laureth Sulfate , Potassium cocoate , Cocamidopropyl betaine , Cocamide Dea , Polyquaternium-7 , Betaine , Glycerin , PEG-150 Distearate , propylen glycol , Phenoxyethanol , Fragrance , Piper betle extract , Alpha Terpineol , 4-Isopropyl-3-methylphenol , Disodium EDTA , Menthol ",Dung dịch,Neo Acnes,Hộp,"Dược mỹ phẩm | Chăm sóc cơ thể | Sữa tắm, xà bông",duoc-my-pham | duoc-my-pham/cham-soc-co-the | duoc-my-pham/sua-tam-xa-bong,True,True,110,0,https://nhathuoclongchau.com.vn/duoc-my-pham/sua-tam-giam-mun-lung-tinh-chat-tram-tra-neo-acness-250-ml.html,duoc-my-pham,0
22,00041654,"SÁP DƯỠNG ẨM VASELINE FOBELIFE LÀM MỀM DA, NGĂN NGỪA NỨT NẺ 50G","Sáp dưỡng ẩm Vaseline Fobelife làm mềm da, ngăn ngừa nứt nẻ (50g)",duoc-my-pham/sap-duong-am-lam-mem-da-vaseline-fobelife-50-g.html,68000.0,Hũ,đ,https://cdn.nhathuoclongchau.com.vn/unsafe/https://cms-prod.s3-sgn09.fptcloud.com/vaseline_50g_4_03428700c2.jpg,"Petrolatum , Paraffinum Liquidum , Cetearyl Alcohol , Disodium EDTA , Panthenol , Hydrogenated Olive Oil , Olea Europaea , Fruit Oil , Oil Unsaponifiables , Euphorbia Cerifera (Candelilla) Wax , Fragrance , DMHC Hydantoin , Linoleic acid & Linolenic acid (Vitamin F) ",Dạng sáp,Fobelife,Hũ x 50g,"Dược mỹ phẩm | Chăm sóc cơ thể | Sữa dưỡng thể, kem dưỡng thể",duoc-my-pham | duoc-my-pham/cham-soc-co-the | duoc-my-pham/duong-the,True,True,110,0,https://nhathuoclongchau.com.vn/duoc-my-pham/sap-duong-am-lam-mem-da-vaseline-fobelife-50-g.html,duoc-my-pham,0
23,00040683,SON DƯỠNG OMI MENTURM LÀNH TÍNH DÀNH CHO TRẺ EM VÀ MÔI NHẠY CẢM 3.6G,Son dưỡng Omi Menturm lành tính dành cho trẻ em và môi nhạy cảm (3.6g),duoc-my-pham/son-duong-lanh-tinh-danh-cho-moi-nhay-cam-va-tre-em-omi-menturm-3-6-g.html,99000.0,Cây,đ,https://cdn.nhathuoclongchau.com.vn/unsafe/https://cms-prod.s3-sgn09.fptcloud.com/DSC_00040_dd8ef017b3.jpg,"Mineral oil , Squalane , Paraffin , Lanolin , Ceresin , Microcrystalline wax , Simmondsia Chinensis (Jojoba) Seed Oil , Petrolatum , Tocopheryl acetate , Pyridoxine Dipalmitate ",Dạng sáp,OMI,Cây,Dược mỹ phẩm | Mỹ phẩm trang điểm | Son môi,duoc-my-pham | duoc-my-pham/my-pham-trang-diem | duoc-my-pham/son-moi,True,True,110,0,https://nhathuoclongchau.com.vn/duoc-my-pham/son-duong-lanh-tinh-danh-cho-moi-nhay-cam-va-tre-em-omi-menturm-3-6-g.html,duoc-my-pham,0
24,00038545,"KEM BÔI TRĨ HEMOCOL OINTMENT LANCOPHARM KHÁNG KHUẨN, LÀM DỊU 30G","Kem bôi trĩ Hemocol Ointment Lancopharm kháng khuẩn, làm dịu (30g)",duoc-my-pham/kem-boi-tri-hemocol-ointment-lancopharm-30-g.html,285000.0,Hộp,đ,https://cdn.nhathuoclongchau.com.vn/unsafe/https://cms-prod.s3-sgn09.fptcloud.com/DSC_00198_8fe6cf0ed1.png,"Water , Hamamelis Virginiana (Witch Hazel) Extract , Cetearyl Alcohol , Paraffinum Liquidum , Petrolatum , Stearic acid , Ceteareth-25 , Ceteareth-20 , Panthenol , Phenoxyethanol , Ethylhexylglycerin , Sodium hydroxide , Propylene glycol , Alcohol ",,LANCOPHARM,Hộp x 30g,Dược mỹ phẩm | Chăm sóc cơ thể,duoc-my-pham | duoc-my-pham/cham-soc-co-the,True,True,110,0,https://nhathuoclongchau.com.vn/duoc-my-pham/kem-boi-tri-hemocol-ointment-lancopharm-30-g.html,duoc-my-pham,0
25,00038301,"DUNG DỊCH VỆ SINH PHỤ NỮ DẠNG BỌT DAILY LADY LOVE & HOPE SÁNG HỒNG, KHÁNG VIÊM 100ML","Dung dịch vệ sinh phụ nữ dạng bọt Daily Lady Love & Hope sáng hồng, kháng viêm (100ml)",duoc-my-pham/dung-dich-ve-sinh-phu-nu-dang-bot-daily-lady-love-and-hope-100-ml-sang-hong-se-khit-khang-viem-mo-tham-1.html,99000.0,Hộp,đ,https://cdn.nhathuoclongchau.com.vn/unsafe/https://cms-prod.s3-sgn09.fptcloud.com/1_0b027df49d.jpg,"Aqua , Sodium Laureth Sulfate , Cocamidopropyl betaine , Lauryl glucoside , Sodium Chloride , Glycerin , Propylene glycol , Peg-40 Hydrogenated Castor Oil , Rosa Centifolia Flower Water , Chamomilla Recutita Flower , Oenothera biennis seed oil , Hexylene glycol , Capryloyl Glycine , Xylitylglucoside , Tocopheryl acetate , Lactic Acid , Parfum , Phenoxyethanol , Disodium EDTA ",Dung dịch,DAILY LADY,Hộp x 100ml,Dược mỹ phẩm | Chăm sóc cơ thể,duoc-my-pham | duoc-my-pham/cham-soc-co-the,True,True,110,0,https://nhathuoclongchau.com.vn/duoc-my-pham/dung-dich-ve-sinh-phu-nu-dang-bot-daily-lady-love-and-hope-100-ml-sang-hong-se-khit-khang-viem-mo-tham-1.html,duoc-my-pham,0
26,00038143,DẦU XẢ HOA BƯỞI LA BEAUTY MƯỢT TÓC VÀ GIẢM GÃY RỤNG 300ML,Dầu xả hoa bưởi La Beauty mượt tóc và giảm gãy rụng (300ml),duoc-my-pham/dau-xa-hoa-buoi-la-beauty-300-ml-muot-toc-giam-gay-rung.html,94000.0,Hộp,đ,https://cdn.nhathuoclongchau.com.vn/unsafe/https://cms-prod.s3-sgn09.fptcloud.com/DSC_09226_25086dae48.png,"Water , Guar hydroxypropyltrimcnnium chloride , Glycerin , Cetyl alcohol , Stearyl alcohol , Cocos Nucifera (Coconut) Oil , Dầu dừa , Tinh dầu bưởi , Cetrimonium Chloride , Dimethicone , Menthol , DMDM Hydantoin , Citric Acid , Fragrance , Behetrimonium Chloride , Laureth-23 , Laureth-3 ",,La Beauty,Hộp x 300ml,Dược mỹ phẩm | Chăm sóc tóc - da đầu,duoc-my-pham | duoc-my-pham/cham-soc-toc-da-dau,True,True,110,0,https://nhathuoclongchau.com.vn/duoc-my-pham/dau-xa-hoa-buoi-la-beauty-300-ml-muot-toc-giam-gay-rung.html,duoc-my-pham,0
27,00038139,"DẦU GỘI THẢO DƯỢC LA BEAUTY DƯỠNG TÓC SUÔN MƯỢT, PHỤC HỒI TÓC CHUYÊN SÂU 300ML","Dầu gội thảo dược La Beauty dưỡng tóc suôn mượt, phục hồi tóc chuyên sâu (300ml)",duoc-my-pham/dau-goi-thao-duoc-la-beauty-300-ml-duong-toc-suon-muot-phuc-hoi-toc-chuyen-sau.html,120000.0,Hộp,đ,https://cdn.nhathuoclongchau.com.vn/unsafe/https://cms-prod.s3-sgn09.fptcloud.com/DSC_09244_2484f20f79.png,"Aqua/ Water , Panthenol , Amodimethicone , Fragrance , Sodium Gluconate , Sodium lactate , Propylene glycol , Tinh dầu bưởi , Cocamide Dea , TEA-Dodecylbenzenesul-fona , Dimethiconol , Acrylates Copolymer , Cocamidopropyl betaine , Disodium Laureth Sulfosuccinate , Sodium Laurenth Sulphate , Trideceth-10 , Sodium Chloride , Viscum Album (Mistletoe) Extract , Hydrolyzed Keratin , Menthol , Phenoxyethanol , Potassium hydroxide , Địa hoàng , Isopropyl Methylphenol , Polygonum Multiflorum Root Extract , Schisandra Chinensis Fruit Extract , 1-2-Hexanediol , Guar hydroxypropyltrimcnnium chloride , Disodium EDTA , Ethylhexyl Glycerin , Houttuynia cordata extract , Poria Cocos Extract , Schizonepeta Tenuifolia Extract , Cnidium Officinale Rhizome Extract , Perilla Frutescens Extract , Astragalus Membranaceus Root Extract , Atractylodes lancea root extract ",,La Beauty,Hộp x 300ml,Dược mỹ phẩm | Chăm sóc tóc - da đầu,duoc-my-pham | duoc-my-pham/cham-soc-toc-da-dau,True,True,110,0,https://nhathuoclongchau.com.vn/duoc-my-pham/dau-goi-thao-duoc-la-beauty-300-ml-duong-toc-suon-muot-phuc-hoi-toc-chuyen-sau.html,duoc-my-pham,0
28,00038138,"DẦU GỘI BỒ KẾT CÔ ĐẶC LA BEAUTY GIẢM GÃY RỤNG, DƯỠNG TÓC ÓNG MƯỢT 300ML","Dầu gội bồ kết cô đặc La Beauty giảm gãy rụng, dưỡng tóc óng mượt (300ml)",duoc-my-pham/dau-goi-bo-ket-co-dac-la-beauty-300-ml-giam-gay-rung-duong-toc-ong-muot.html,115000.0,Hộp,đ,https://cdn.nhathuoclongchau.com.vn/unsafe/https://cms-prod.s3-sgn09.fptcloud.com/DSC_09295_7f89c6be29.png,"Cocamide Dea , Aqua/ Water , Sodium Laureth Sulfate , Disodium Laureth Sulfosuccinate , Cocamidopropyl betaine , Acrylates Copolymer , Dimethiconol , TEA-Dodecylbenzenesul-fona , Trideceth-10 , Gleditsia Australis Fruit Extract , Propylene glycol , HydrolyzMenthol , Sodium Gluconate , Fragrance , Amodimethicone , Panthenol , Lime (citrus) , Sodium Chloride , Guar hydroxypropyltrimcnnium chloride , Phenoxyethanol , Potassium hydroxide , Isopropyl Methylphenol , Sodium lactate , Ethylhexyglycerin , Disodium EDTA ",,La Beauty,Hộp x 300ml,Dược mỹ phẩm | Chăm sóc tóc - da đầu,duoc-my-pham | duoc-my-pham/cham-soc-toc-da-dau,True,True,110,0,https://nhathuoclongchau.com.vn/duoc-my-pham/dau-goi-bo-ket-co-dac-la-beauty-300-ml-giam-gay-rung-duong-toc-ong-muot.html,duoc-my-pham,0
29,00038137,"DẦU GỘI HOA BƯỞI LA BEAUTY GIẢM GÃY RỤNG, KÍCH THÍCH MỌC TÓC 300ML","Dầu gội Hoa Bưởi La Beauty giảm gãy rụng, kích thích mọc tóc (300ml)",duoc-my-pham/dau-goi-hoa-buoi-la-beauty-300-ml-giam-gay-rung-kich-thich-moc-toc.html,105000.0,Hộp,đ,https://cdn.nhathuoclongchau.com.vn/unsafe/https://cms-prod.s3-sgn09.fptcloud.com/DSC_09265_8af593f151.png,"Water , Carbomer , Sodium Lauryl Ether Sulfate , Potassium hydroxide , Menthol , Guar hydroxypropyltrimcnnium chloride , o-Cymen-5-ol , Propylene glycol , Tinh dầu bưởi , Sodium Laureth Sulfate , Glycol Distearate , cocamide MEA , Laureth-10 , Cocamidopropyl betaine , Disodium Laureth Sulfosuccinate , Dimethicone , DMDM Hydantoin , Sodium Chloride , Schisandra Chinensis Fruit Extract , Poria Cocos Extract , Polygonum Multiflorum Root Extract , Rehmannia Chinensis Root Extract , Atractylodes lancea root extract , Houttuynia cordata extract , Hà thủ ô , Climbazol , Laureth-23 , Laureth-3 , Viscum Album (Mistletoe) Extract , EDTA-4Na , Astragalus Membranaceus Root Extract , Perilla Frutescens Extract , Cnidium Officinale Rhizome Extract , Schizonepeta Tenuifolia Extract ",,La Beauty,Hộp x 300ml,Dược mỹ phẩm | Chăm sóc tóc - da đầu,duoc-my-pham | duoc-my-pham/cham-soc-toc-da-dau,True,True,110,0,https://nhathuoclongchau.com.vn/duoc-my-pham/dau-goi-hoa-buoi-la-beauty-300-ml-giam-gay-rung-kich-thich-moc-toc.html,duoc-my-pham,0
30,00503328,"KEM DƯỠNG DA TAY REIHAKU HATOMUGI HAND CREAM DƯỠNG ẨM, CHỐNG NHĂN 65G","Kem dưỡng da tay Reihaku Hatomugi Hand Cream dưỡng ẩm, chống nhăn (65g)",duoc-my-pham/kem-duong-am-mem-min-va-chong-nhan-da-tay-reihaku-hatomugi-hand-cream-65g-37621.html,100000.0,Tuýp,đ,https://cdn.nhathuoclongchau.com.vn/unsafe/https://cms-prod.s3-sgn09.fptcloud.com/00503328_kem_duong_am_mem_min_va_chong_nhan_da_tay_reihaku_hatomugi_hand_cream_65g_2220_63ed_large_02d86d3596.jpg,"Fragrance , Phenoxyethanol , Ethylparaben , Methylparaben , Tetrasodium EDTA , Sodium hydroxide , Sodium hyaluronate , Coix Lacryma-Jobi Ma-Yuen Seed Extract , Acrylates/C10-C30 Alkyl Acrylate Crosspolymer , Steareth-6 , Butylene glycol , Squalane , Glycerin , PEG-150 Distearate , Paraffinum Liquidum , Aqua/ Water ",Dạng kem,HATOMUGI,Tuýp x 65g,"Dược mỹ phẩm | Chăm sóc cơ thể | Kem dưỡng da tay, chân",duoc-my-pham | duoc-my-pham/cham-soc-co-the | duoc-my-pham/duong-tay-chan,True,True,110,0,https://nhathuoclongchau.com.vn/duoc-my-pham/kem-duong-am-mem-min-va-chong-nhan-da-tay-reihaku-hatomugi-hand-cream-65g-37621.html,duoc-my-pham,0
31,00503327,KEM CHỐNG NẮNG REIHAKU HATOMUGI TONE UP UV MILKY GEL SPF50+ PA++++ GIÚP NÂNG TONE VÀ DƯỠNG ẨM 70G,Kem chống nắng Reihaku Hatomugi Tone Up UV Milky Gel SPF50+ PA++++ giúp nâng tone và dưỡng ẩm (70g),duoc-my-pham/kem-chong-nang-nang-tone-va-duong-am-da-reihaku-hatomugi-tone-up-uv-milky-gel-spf50-pa-70g-37622.html,179000.0,Tuýp,đ,https://cdn.nhathuoclongchau.com.vn/unsafe/https://cms-prod.s3-sgn09.fptcloud.com/00503327_kem_chong_nang_nang_tone_va_duong_am_da_reihaku_hatomugi_tone_up_uv_milky_gel_spf50_pa_70g_9209_63ed_large_df4a98e165.jpg,"CI 17200 , CI42090 , Methylparaben , Phenoxyethanol , BHT , Sodium hydroxide , Tetrasodium EDTA , Xanthan gum , Cocos Nucifera Seed Oil , Citrus junos fruit , Coix Lacryma-Jobi Ma-Yuen Seed Extract , Aloe barbadensis leaf extract , Prunus Persica Leaf Extract , Rosmarinus Officinalis (Rosemary) Leaf Powder , Mica , Silica , Silica, hydrated , Aluminium hydroxide , Acrylates/C10-C30 Alkyl Acrylate Crosspolymer , Carbomer , Steareth-6 , Dimethicone , Butylene glycol , Octocrylene , Diethylamino hydroxybenzoyl hexyl benzoate , Titanium dioxide , Alcohol Denat , ethylhexyl methoxycinnamate , Aqua/ Water ",Dạng kem,HATOMUGI,Tuýp x 70g,Dược mỹ phẩm | Chăm sóc cơ thể | Chống nắng toàn thân,duoc-my-pham | duoc-my-pham/cham-soc-co-the | duoc-my-pham/chong-nang-toan-than,True,True,110,0,https://nhathuoclongchau.com.vn/duoc-my-pham/kem-chong-nang-nang-tone-va-duong-am-da-reihaku-hatomugi-tone-up-uv-milky-gel-spf50-pa-70g-37622.html,duoc-my-pham,0
32,00503325,"SỮA RỬA MẶT REIHAKU HATOMUGI ACNE CARE AND FACIAL WASHING GIÚP NGỪA MỤN, DƯỠNG ẨM VÀ LÀM SÁNG DA 130G","Sữa rửa mặt Reihaku Hatomugi Acne Care and Facial Washing giúp ngừa mụn, dưỡng ẩm và làm sáng da (130g)",duoc-my-pham/sua-rua-mat-ngua-mun-duong-am-va-lam-sang-da-reihaku-hatomugi-acne-care-and-facial-washing-130g-37624.html,109000.0,Tuýp,đ,https://cdn.nhathuoclongchau.com.vn/unsafe/https://cms-prod.s3-sgn09.fptcloud.com/00503325_sua_rua_mat_ngua_mun_duong_am_va_lam_sang_da_reihaku_hatomugi_acne_care_and_facial_washing_130g_9270_63ed_large_3f5868bde7.jpg,"Fragrance , Ethylparaben , Sodium Chloride , Citric Acid , Tetrasodium EDTA , Camellia japonica seed oil , Arginine , Cetyl-PG Hydroxyethyl Palmitamide , Sodium hydroxide , Cetyl alcohol , Glycol Distearate , Polyquaternium-7 , Glyceryl stearate SE , Glyceryl stearate , Palmitic Acid , Coix Lacryma-Jobi Ma-Yuen Seed Extract 0.01%, Dipotassium Glycyrrhizinate 0.2%, Lauric Acid , Potassium hydroxide , Stearic acid , Peg-8 , Myristic acid , Glycerin , Aqua/ Water ",,HATOMUGI,Tuýp x 130g,"Dược mỹ phẩm | Chăm sóc da mặt | Sữa rửa mặt (Kem, gel, sữa)",duoc-my-pham | duoc-my-pham/cham-soc-da-mat | duoc-my-pham/sua-rua-mat-kem-gel-sua,True,True,110,0,https://nhathuoclongchau.com.vn/duoc-my-pham/sua-rua-mat-ngua-mun-duong-am-va-lam-sang-da-reihaku-hatomugi-acne-care-and-facial-washing-130g-37624.html,duoc-my-pham,0
33,00503324,"SỮA RỬA MẶT TẨY TRANG REIHAKU HATOMUGI W CLEANSING FOAM LÀM SẠCH TẾ BÀO CHẾT, DƯỠNG ẨM 130G","Sữa rửa mặt tẩy trang Reihaku Hatomugi W Cleansing Foam làm sạch tế bào chết, dưỡng ẩm (130g)",duoc-my-pham/sua-rua-mat-tay-trang-reihaku-hatomugi-w-cleansing-foam-130g-37625.html,99000.0,Tuýp,đ,https://cdn.nhathuoclongchau.com.vn/unsafe/https://cms-prod.s3-sgn09.fptcloud.com/00503324_sua_rua_mat_tay_trang_reihaku_hatomugi_w_cleansing_foam_130g_4340_63ed_large_04b889b69d.jpg,"Fragrance , Ethylparaben , Sodium Chloride , Citric Acid , Tetrasodium EDTA , Camellia japonica seed oil , Arginine , Cetyl-PG Hydroxyethyl Palmitamide , Sodium hyaluronate , Alcohol Denat , Persica (Peach) Leaf Extract , Aloe barbadensis leaf extract , Butylene glycol , Cetyl alcohol , Glycol Stearate , Polyquaternium-7 , Glyceryl stearate SE , Glyceryl stearate , Palmitic Acid , Coix Lacryma-Jobi Ma-Yuen Seed Extract 0.01%, Dipotassium Glycyrrhizinate , Lauric Acid , Potassium hydroxide , Stearic acid , Peg-8 , Myristic acid , Glycerin , Water purified ",,HATOMUGI,Tuýp x 130g,"Dược mỹ phẩm | Chăm sóc da mặt | Sữa rửa mặt (Kem, gel, sữa)",duoc-my-pham | duoc-my-pham/cham-soc-da-mat | duoc-my-pham/sua-rua-mat-kem-gel-sua,True,True,110,0,https://nhathuoclongchau.com.vn/duoc-my-pham/sua-rua-mat-tay-trang-reihaku-hatomugi-w-cleansing-foam-130g-37625.html,duoc-my-pham,0
34,00503305,"KEM BÔI CHO BÉ DIZIGONE BABY CHỐNG HĂM TẢ, LÀM DỊU MẪN NGỨA 30G","Kem bôi cho bé Dizigone Baby chống hăm tã, làm dịu mẫn ngứa (30g)",duoc-my-pham/kem-boi-duong-am-diu-man-ngua-ham-da-em-be-dizigone-baby-30g-37609.html,180000.0,Hộp,đ,https://cdn.nhathuoclongchau.com.vn/unsafe/https://cms-prod.s3-sgn09.fptcloud.com/DSC_05521_a6db05df1f.png,"BHT , Fragrance , Thymol , Ethylhexylglycerin , Phenoxyethanol , Bisabolol , Tocopherol acetate , Xanthan gum , Avena Sativa , Sodium benzoate , Potassium sorbate , Calendula Officinalis Flower Extract , Persea Gratissima oil , D-Pantothenol , Cetearyl Alcohol , Nano Silver , Dimethicone , Oryza Sativa (Rice) Germ Oil , Ceteareth-25 , Glycerin , Butyrospermum Parkii (Shea) Butter , Zinc oxide , Coco-Caprylate/Caprate , Glyceryl stearate SE , Purified water ",Dạng kem,Terrapharm,Hộp x 30g,Dược mỹ phẩm | Chăm sóc cơ thể,duoc-my-pham | duoc-my-pham/cham-soc-co-the,True,True,110,0,https://nhathuoclongchau.com.vn/duoc-my-pham/kem-boi-duong-am-diu-man-ngua-ham-da-em-be-dizigone-baby-30g-37609.html,duoc-my-pham,0
35,00503293,GEL BÔI NEOTHERA ACNES HỖ TRỢ ĐIỀU TRỊ MỤN 15ML,Gel bôi Neothera Acnes hỗ trợ làm giảm mụn (15ml),duoc-my-pham/neothera-acnes-gel-15ml-gel-giam-mun-tham-seo-mun-37594.html,169000.0,Hộp,đ,https://cdn.nhathuoclongchau.com.vn/unsafe/https://cms-prod.s3-sgn09.fptcloud.com/neothera_acnes_gel_tuyp_fbdfb8fb11.jpg,"Propanediol , Malic Acid , Propylene glycol , Tartaric acid , Sodium Citrate , Aqua/ Water , Sucrose , Glycolic acid , Sodium lactate , Glycerin , Rhamnose , Urea , Glucose , glycyrrhiza uralensis , Potassium hydroxide , Peg-40 Hydrogenated Castor Oil , Pentylene Glycol , Backhousia Citriodora Leaf Extract , Zinc Lactate , Phenoxyethanol , Ethylhexyl Glycerin , Polyacrylate Crosspolymer-6 , hydroxyethylcellulose , Allantoin , Fragrance , Asiaticosid , Madecassic acid , Asiatic acid ",Nhũ tương (Gel),NEOTHERA,Hộp x 15ml,Dược mỹ phẩm | Chăm sóc da mặt,duoc-my-pham | duoc-my-pham/cham-soc-da-mat,True,True,110,0,https://nhathuoclongchau.com.vn/duoc-my-pham/neothera-acnes-gel-15ml-gel-giam-mun-tham-seo-mun-37594.html,duoc-my-pham,0
36,00503082,"SÁP DƯỠNG ẨM VASELINE ORIGINAL FOBELIFE GIỮ ẨM, BẢO VỆ DA KHÔ, NỨT NẺ 7G","Sáp dưỡng ẩm Vaseline Original Fobelife giữ ẩm, bảo vệ da khô, nứt nẻ (7g)",duoc-my-pham/sap-duong-am-vaseline-original-fobelife-7g-37377.html,35000.0,Hũ,đ,https://cdn.nhathuoclongchau.com.vn/unsafe/https://cms-prod.s3-sgn09.fptcloud.com/00503082_sap_duong_am_vaseline_original_fobelife_7g_5786_6406_large_f85fc68701.jpg,"Hydrogenated Olive Oil , Linolenic acid , Linoleic acid , DMHC Hydantoin , Euphorbia Cerifera (Candelilla) Wax , Oil Unsaponifiables , Olea Europaea Fruit Oil , Frangrance , Panthenol , Cetearyl Alcohol , Disodium EDTA , Paraffinum Liquidum , Petrolatum ",Dạng sáp,Fobelife,Hũ x 7g,"Dược mỹ phẩm | Giải pháp làn da | Dưỡng da bị khô, thiếu ẩm",duoc-my-pham | duoc-my-pham/giai-phap-lan-da | duoc-my-pham/da-bi-kho-thieu-am,True,True,110,0,https://nhathuoclongchau.com.vn/duoc-my-pham/sap-duong-am-vaseline-original-fobelife-7g-37377.html,duoc-my-pham,0
37,00503081,"SÁP DƯỠNG ẨM VASELINE ROSY LOTUS FOBELIFE LÀM MỀM DA , CHỐNG KHÔ DA 7G","Sáp dưỡng ẩm Vaseline Rosy Lotus Fobelife làm mềm da, chống khô da (7g)",duoc-my-pham/sap-duong-am-vaseline-rosy-lotus-fobelife-7g-37378.html,35000.0,Hũ,đ,https://cdn.nhathuoclongchau.com.vn/unsafe/https://cms-prod.s3-sgn09.fptcloud.com/00503081_sap_duong_am_vaseline_rosy_lotus_fobelife_7g_7560_6406_large_6e95a96e0c.jpg,"Linolenic acid , Linoleic acid , DMHC Hydantoin , Frangrance , Euphorbia Cerifera (Candelilla) Wax , Oil Unsaponifiables , Olea Europaea Fruit Oil , Hydrogenated Olive Oil , Panthenol , Disodium EDTA , Cetearyl Alcohol , Paraffinum Liquidum , Petrolatum ",Dạng sáp,Fobelife,Hũ x 7g,"Dược mỹ phẩm | Giải pháp làn da | Dưỡng da bị khô, thiếu ẩm",duoc-my-pham | duoc-my-pham/giai-phap-lan-da | duoc-my-pham/da-bi-kho-thieu-am,True,True,110,0,https://nhathuoclongchau.com.vn/duoc-my-pham/sap-duong-am-vaseline-rosy-lotus-fobelife-7g-37378.html,duoc-my-pham,0
38,00502935,"KEM CHỐNG NẮNG TRANSINO WHITENING UV PROTECTOR SPF 50+ PA++++ DƯỠNG TRẮNG DA, TRỊ NÁM 30ML","Kem chống nắng Transino Whitening UV Protector SPF 50+ PA++++ dưỡng trắng da, hỗ trợ làm sáng da (30ml)",duoc-my-pham/kem-chong-nang-duong-trang-da-transino-whitening-uv-protector-30ml-37229.html,720000.0,Hộp,đ,https://cdn.nhathuoclongchau.com.vn/unsafe/https://cms-prod.s3-sgn09.fptcloud.com/1_d93fff7473.jpg,"Hydrated silica , POLYPHOSPHORYLCHOLINE GLYCOL ACRYLATE , ENGELHARDTIA CHRYSOLEPIS LEAF EXTRACT , SODIUM TREHALOSE SULFATE , Scutellaria Baicalensis Root Extract , Tranexamic acid , Aluminum hydroxide , Trimethylsiloxysilicate , Peg-10 dimethicone , Glycerin , Phenoxyethanol , Methyl Methacrylate Crosspolymer , PEG-32 , Dimethicone , Butylene glycol , Hydrogen Dimethicone , Nylon-9 , DIPHENYLSILOXY PHENYL TRIMETHICONE , Lauryl PEG-9 Polydimethylsiloxyethyl , PEG-6 , Titanium dioxide , Aqua/ Water , Cyclopentasiloxane , PAEONIA SUFFRUTICOSA ROOT EXTRACT , Tocopherols , Silica , Ethylhexylglycerin , Zinc oxide ",,Transino,Hộp x 30ml,Dược mỹ phẩm | Chăm sóc cơ thể | Chống nắng toàn thân,duoc-my-pham | duoc-my-pham/cham-soc-co-the | duoc-my-pham/chong-nang-toan-than,True,True,110,0,https://nhathuoclongchau.com.vn/duoc-my-pham/kem-chong-nang-duong-trang-da-transino-whitening-uv-protector-30ml-37229.html,duoc-my-pham,0
39,00502934,KEM DƯỠNG TRẮNG DA TRANSINO WHITENING REPAIR CREAM EX HỖ TRỢ TRỊ NÁM 35G,Kem dưỡng trắng da Transino Whitening Repair Cream EX hỗ trợ cải thiện tình trạng nám (35g),duoc-my-pham/kem-duong-trang-da-transino-whitening-repair-cream-ex-35g-37230.html,1110000.0,Hộp,đ,https://cdn.nhathuoclongchau.com.vn/unsafe/https://cms-prod.s3-sgn09.fptcloud.com/00502934_kem_duong_trang_da_transino_whitening_repair_cream_ex_35g_7907_6399_large_6c57c59ec1.jpg,"Glycosyl Trehalose＆Hydrogenated Starch Hydrolysate , Aqua/ Water , Cyclopentasiloxane , Glycerin , Alcohol , Peg-10 dimethicone , Butylene glycol , Disteardimonium Hectorite , Tranexamic acid , Petrolatum , Cetyl ethylhexanoate , Phenoxyethanol , MORUS ALBA ROOT EXTRACT , PEG-6 , ASPALATHUS LINEARIS EXTRACT , Achillea Millefolium Extract , SODIUM TREHALOSE SULFATE , GERANIUM ROBERTIANUM EXTRACT , PEG-32 , POLYPHOSPHORYLCHOLINE GLYCOL ACRYLATE , ISODONIS JAPONICUS LEAF , Ectoin , Dipotassium Glycyrrhizate , Magnesium sulfate , Methylparaben , CITRUS AURANTIUM DULCIS (ORANGE) FLOWER WATER , CALCIUM PANTETHEINE SULFONATE ",,Transino,Hộp x 35g,Dược mỹ phẩm | Chăm sóc da mặt | Dưỡng da mặt,duoc-my-pham | duoc-my-pham/cham-soc-da-mat | duoc-my-pham/duong-da-mat,True,True,110,0,https://nhathuoclongchau.com.vn/duoc-my-pham/kem-duong-trang-da-transino-whitening-repair-cream-ex-35g-37230.html,duoc-my-pham,0
40,00502630,"DẦU GIÓ LĂN RED LION MEDICATED OIL WHITE AGIMEXPHARM HƯƠNG LAVENDER & EUCALYPTUS GIÚP GIẢM ĐAU, NGỪA CÔN TRÙNG 10ML","Dầu gió lăn Red Lion Medicated Oil White Agimexpharm hương Lavender & Eucalyptus giúp giảm đau, ngừa côn trùng (10ml)",duoc-my-pham/dau-gio-lan-red-lion-medicated-oil-white-agimexpharm-10ml-lavender-eucaluptus-36880.html,39000.0,Chai,đ,https://cdn.nhathuoclongchau.com.vn/unsafe/https://cms-prod.s3-sgn09.fptcloud.com/00502630_dau_gio_lan_red_lion_medicated_oil_white_agimexpharm_10ml_lavender_eucaluptus_9397_636b_large_8eddfd7540.jpg,"Camphor 700mg, Menthol 1600mg, Eucalyptol 1750mg, Methyl salicylate 3500mg",,Agimexpharm,Chai x 10ml,Dược mỹ phẩm | Chăm sóc cơ thể,duoc-my-pham | duoc-my-pham/cham-soc-co-the,True,True,110,0,https://nhathuoclongchau.com.vn/duoc-my-pham/dau-gio-lan-red-lion-medicated-oil-white-agimexpharm-10ml-lavender-eucaluptus-36880.html,duoc-my-pham,0
41,00502628,"DẦU GIÓ LĂN KIMAGI NEW AGIMEXPHARM GIÚP GIẢM ĐAU, GIỮ ẤM 9ML","Dầu gió lăn Kimagi New Agimexpharm giúp giảm đau, giữ ấm (9ml)",duoc-my-pham/dau-gio-lan-kimagi-new-agimexpharm-9ml-36882.html,38000.0,Chai,đ,https://cdn.nhathuoclongchau.com.vn/unsafe/https://cms-prod.s3-sgn09.fptcloud.com/DSC_09858_96b19318e5.jpg,"Eucalyptol 35%, Menthol 39%, Chlorophyll , Camphor 1.7%, Liquid Paraffin , Ethanol , Methyl salicylate 4.3 ",,Agimexpharm,Chai x 9ml,Dược mỹ phẩm | Chăm sóc cơ thể,duoc-my-pham | duoc-my-pham/cham-soc-co-the,True,True,110,0,https://nhathuoclongchau.com.vn/duoc-my-pham/dau-gio-lan-kimagi-new-agimexpharm-9ml-36882.html,duoc-my-pham,0
42,00502439,GEL TẨY TẾ BÀO CHẾT CÀ PHÊ ĐẮK LẮK COCOON DÀNH CHO DA MẶT 150ML,Gel tẩy tế bào chết cà phê Đắk Lắk Cocoon dành cho da mặt (150ml),duoc-my-pham/ca-phe-dak-lak-lam-sach-da-chet-tren-mat-cocoon-150ml-36689.html,165000.0,Tuýp,đ,https://cdn.nhathuoclongchau.com.vn/unsafe/https://cms-prod.s3-sgn09.fptcloud.com/00502439_ca_phe_dak_lak_lam_sach_da_chet_tren_mat_cocoon_150ml_9745_6375_large_920cc461c9.jpg,"Theobroma Cocoa Seed Butter , Glycerin , Ceteareth-12 , Ceteareth-20 , C15-19 Alkane , Aqua/ Water , Carthamus tinctorius seed oil , Cocamidopropyl betaine , Cetearyl Alcohol , Coffea Robusta (Coffee) Seed Powder , Butyrospermum Parkii Butter , Glyceryl stearate , C10-18 Triglycerides , Tocopherol , Cetyl palmitate , Glycine Soja Sterols , Phospholipids , Glycolipids , Hydroxypropyl Starch Phosphate , Glycine soja oil , Sodium Stearoyl Glutamate , Acrylates-C10-30-Alkyl-Acrylate-Crosspolymer , Olus Oil , Xanthan gum , Phenoxyethanol , Ethylhexylglycerin , Trisodium Ethylenediamine Disuccinate , Sodium hydroxide ",,Cocoon,Tuýp x 150ml,Dược mỹ phẩm | Chăm sóc cơ thể,duoc-my-pham | duoc-my-pham/cham-soc-co-the,True,True,110,0,https://nhathuoclongchau.com.vn/duoc-my-pham/ca-phe-dak-lak-lam-sach-da-chet-tren-mat-cocoon-150ml-36689.html,duoc-my-pham,0
43,00502306,LĂN KHỬ MÙI CƠ THỂ ETIAXIL DETRANSPIRANT AISSELLES PEAUX SENSIBLES ĐẶC TRỊ CHO DA NHẠY CẢM 15ML,Lăn khử mùi cơ thể Etiaxil Detranspirant Aisselles Peaux Sensibles dành cho da nhạy cảm (15ml),duoc-my-pham/lan-khu-mui-dac-tri-cho-da-nhay-cam-etiaxil-detranspirant-aisselles-peaux-sensibles-15ml-36530.html,336000.0,Hộp,đ,https://cdn.nhathuoclongchau.com.vn/unsafe/https://cms-prod.s3-sgn09.fptcloud.com/DSC_03550_8a7532c9b1.jpg,"Hydroxypropylcellulose , Calcium lactate , Aluminium chloride , Alcohol Denat ",,ETIAXIL,Hộp x 15ml,"Dược mỹ phẩm | Chăm sóc cơ thể | Lăn khử mùi, xịt khử mùi",duoc-my-pham | duoc-my-pham/cham-soc-co-the | duoc-my-pham/khu-mui,True,True,110,0,https://nhathuoclongchau.com.vn/duoc-my-pham/lan-khu-mui-dac-tri-cho-da-nhay-cam-etiaxil-detranspirant-aisselles-peaux-sensibles-15ml-36530.html,duoc-my-pham,0
44,00501596,KEM BÔI CESARIN OINTMENT LANCOPHARM HỖ TRỢ LÀM MỜ VẾT SẸO SAU PHẪU THUẬT 30G,Kem bôi Cesarin Ointment Lancopharm hỗ trợ làm mờ vết sẹo sau phẫu thuật (30g),duoc-my-pham/kem-seo-phau-thuat-cesarin-ointment-lacopharm-30g-35759.html,308000.0,Tuýp,đ,https://cdn.nhathuoclongchau.com.vn/unsafe/https://cms-prod.s3-sgn09.fptcloud.com/00501596_kem_seo_phau_thuat_cesarin_ointment_lacopharm_30g_3835_62f9_large_4980b82bef.jpg,"Caprylic/capric triglycerides , Lanolin ",,Crevil,Tuýp x 30g,"Dược mỹ phẩm | Giải pháp làn da | Hỗ trợ mờ sẹo, mờ vết thâm",duoc-my-pham | duoc-my-pham/giai-phap-lan-da | duoc-my-pham/tri-seo-mo-tham,True,True,110,0,https://nhathuoclongchau.com.vn/duoc-my-pham/kem-seo-phau-thuat-cesarin-ointment-lacopharm-30g-35759.html,duoc-my-pham,0
45,00501445,GEL BÔI SUY GIÃN TĨNH MẠCH CHÂN DIOSMIN EXPERT OMNIVEN GAMBE 150ML,Gel bôi suy giãn tĩnh mạch chân Diosmin Expert Omniven Gambe (150ml),duoc-my-pham/gel-boi-suy-gian-tinh-mach-chan-diosmin-expert-omniven-gambe-150ml-35600.html,512000.0,Hộp,đ,https://cdn.nhathuoclongchau.com.vn/unsafe/https://cms-prod.s3-sgn09.fptcloud.com/00501445_gel_boi_suy_gian_tinh_mach_chan_diosmin_expert_omniven_gambe_150ml_3963_62f3_large_32e2561369.jpg,"Vitis Vinifera Oil , Water purified , Prunus Amygdalus Dulcis Oil , Glycerin , Menthol , Helianthus Annuus (Sunflower) Seed Oil , Diosmine , Aesculus Hippocastanum Extract , Polysorbate 60 , Ethylhexylglycerin , Citric Acid , Tocopherol , Phenoxyethanol , Sodium hydroxide , Ascorbyl palmitate , Centella Asiatica Extract , Echinacea angustifolia root extract , Hydroxyethyl Acrylate , Ruscus Aculeatus Root Nut Extract , Squalane , Dipotassium Glycyrrhizate , Disodium EDTA , Vaccinium myrtillus , Escin , Xanthan gum , Lecithin , Sodium carbomer ",Dạng kem,DuLàc,Hộp x 150ml,Dược mỹ phẩm | Chăm sóc cơ thể,duoc-my-pham | duoc-my-pham/cham-soc-co-the,True,True,110,0,https://nhathuoclongchau.com.vn/duoc-my-pham/gel-boi-suy-gian-tinh-mach-chan-diosmin-expert-omniven-gambe-150ml-35600.html,duoc-my-pham,0
46,00500347,SỮA RỬA MẶT NANO THC DECUMAR ADVANCED NGỪA MỤN VÀ LÀM SÁNG DA 50G,Sữa rửa mặt Nano THC Decumar Advanced ngừa mụn và làm sáng da (50g),duoc-my-pham/sua-rua-mat-anti-acne-brightening-cleansing-milk-nano-thc-decumar-advanced-50g-34452.html,99000.0,Tuýp,đ,https://cdn.nhathuoclongchau.com.vn/unsafe/https://cms-prod.s3-sgn09.fptcloud.com/00500347_sua_rua_mat_anti_acne_brightening_cleansing_milk_nano_thc_decumar_advanced_50g_7858_629a_large_f1cb07fbd3.jpg,"Ceteareth 25  , Cetearyl Alcohol  , Disodium Laureth Sulfate  , Stearic acid  , Decyl glucoside  , Ethylene glycol distearate  , Cetyl alcohol  , Camellia japonica seed oil  , Morus alba root bark  , Ergosterol  , Centella Asiatica Extract  , Tetrahydrocurcumin  , Pyrus Malus (Apple) Fruit Extract  , Niacinamide  , triethanolamine  , hydroxyethylcellulose  ",,DECUMAR,Tuýp,"Dược mỹ phẩm | Chăm sóc da mặt | Sữa rửa mặt (Kem, gel, sữa)",duoc-my-pham | duoc-my-pham/cham-soc-da-mat | duoc-my-pham/sua-rua-mat-kem-gel-sua,True,True,110,0,https://nhathuoclongchau.com.vn/duoc-my-pham/sua-rua-mat-anti-acne-brightening-cleansing-milk-nano-thc-decumar-advanced-50g-34452.html,duoc-my-pham,0
47,00033861,MIẾNG DÁN MỤN SOMADERM - SPOT 18 MIẾNG - HỖ TRỢ LÀM LÀNH VẾT THƯƠNG,Miếng dán mụn Somaderm - Spot Young Chemical Vina hỗ trợ làm lành vết thương (18 miếng),duoc-my-pham/mieng-dan-mun-somaderm-spot-18-mieng-33951.html,39000.0,Hộp,đ,https://cdn.nhathuoclongchau.com.vn/unsafe/https://cms-prod.s3-sgn09.fptcloud.com/00033861_mieng_dan_mun_somaderm_spot_18_mieng_8824_62c7_large_488737e9fd.jpg,Thành phần khác ,,YOUNG CHEMICAL,Hộp 18 miếng,"Dược mỹ phẩm | Giải pháp làn da | Kem hỗ trợ giảm mụn, gel hỗ trợ giảm mụn",duoc-my-pham | duoc-my-pham/giai-phap-lan-da | duoc-my-pham/da-mun,True,True,110,0,https://nhathuoclongchau.com.vn/duoc-my-pham/mieng-dan-mun-somaderm-spot-18-mieng-33951.html,duoc-my-pham,0
48,00033663,"DUNG DỊCH KHÁNG KHUẨN DIZIGONE TERRAPHAM TIÊU DIỆT VI KHUẨN, VI NẤM 300ML","Dung dịch kháng khuẩn Dizigone Terrapharm tiêu diệt vi khuẩn, vi nấm (300ml)",duoc-my-pham/dizigone-terrapham-300ml-33750.html,100000.0,Hộp,đ,https://cdn.nhathuoclongchau.com.vn/unsafe/https://cms-prod.s3-sgn09.fptcloud.com/00033663_dizigone_terrapham_300ml_7841_62fb_large_ed69c2b10e.jpg,"Choline Chloride , Purified water ",,Terrapharm,Hộp x 300ml,Dược mỹ phẩm | Chăm sóc cơ thể,duoc-my-pham | duoc-my-pham/cham-soc-co-the,True,True,110,0,https://nhathuoclongchau.com.vn/duoc-my-pham/dizigone-terrapham-300ml-33750.html,duoc-my-pham,0
49,00032958,"SỮA TẮM GỘI CHO BÉ LA BEAUTY BABY GENTLE WASH DỊU NHẸ, KHÔNG KÍCH ỨNG DA 250ML","Sữa tắm gội cho bé La Beauty Baby Gentle Wash dịu nhẹ, không kích ứng da (250ml)",duoc-my-pham/tam-goi-em-be-baby-gentle-wash-250ml-33070.html,89000.0,Chai,đ,https://cdn.nhathuoclongchau.com.vn/unsafe/https://cms-prod.s3-sgn09.fptcloud.com/DSC_09188_f53a3059f4.png,"Water , Cocamidopropyl betaine , Decyl glucoside , Sodium Laureth Sulfate , Olive Oil PEG-7 Esters , Glycerin , PEG-150 Distearate , Centella Asiatica Extract , Fragrance , Polyquaternium-10 , Citric Acid , Sodium benzoate , Piper Betle (Leaf) Extract ",,La Beauty,Chai,"Dược mỹ phẩm | Chăm sóc cơ thể | Sữa tắm, xà bông",duoc-my-pham | duoc-my-pham/cham-soc-co-the | duoc-my-pham/sua-tam-xa-bong,True,True,110,0,https://nhathuoclongchau.com.vn/duoc-my-pham/tam-goi-em-be-baby-gentle-wash-250ml-33070.html,duoc-my-pham,0
50,00013533,"KEM BÔI SẮC NGỌC KHANG DƯỠNG DA BAN ĐÊM, SÁNG DA, MỜ NÁM VÀ DƯỠNG ẨM 30G","Kem bôi Sắc Ngọc Khang dưỡng da ban đêm, sáng da, mờ nám và dưỡng ẩm (30g)",duoc-my-pham/kem-xoa-nam-tri-tan-nhang-sac-ngoc-khang-ban-dem-681.html,268000.0,Hộp,đ,https://cdn.nhathuoclongchau.com.vn/unsafe/https://cms-prod.s3-sgn09.fptcloud.com/DSC_00124_2_2b7678b793.jpg,"Water , Macadamia Ternifolia Seed Oil , Glycerin , Sodium Acrylate/ Sodium Acryloyldimethyl Taurate Copolymer , Polysorbate 60 , Arachidyl alcohol , Behenyl alcohol , Dextrin , Vitamin C , Malic Acid , Fragrance , Capric Triglyceride , Isohexadecane , alpha-Arbutin , Arachidyl Glucoside , Hydroxyehtyl Acrylate/Sodium Acryioyldimethyl Taurate Copolymer , Tannesimna Flower Extract , Allantoin Bisabolol Phenoxyethanol , Ethylhexyl Glycerin , CI 76255 ",Dạng kem,Hoa Thiên Phú,Hộp,Dược mỹ phẩm | Chăm sóc da mặt | Dưỡng da mặt,duoc-my-pham | duoc-my-pham/cham-soc-da-mat | duoc-my-pham/duong-da-mat,True,True,110,0,https://nhathuoclongchau.com.vn/duoc-my-pham/kem-xoa-nam-tri-tan-nhang-sac-ngoc-khang-ban-dem-681.html,duoc-my-pham,0
51,00010362,GEL BÔI MỜ SẸO FIXDERMA SCAR GEL 15ML,Gel bôi mờ sẹo Fixderma Scar Gel (15ml),duoc-my-pham/fixderma-gel-for-scars-15ml050-floz-16459.html,300000.0,Tuýp,đ,https://cdn.nhathuoclongchau.com.vn/unsafe/https://cms-prod.s3-sgn09.fptcloud.com/3_88f527b2d5.png,"Aqua , Allium Cepa Bulb Extract , Aloe barbadensis leaf juice , Nicotinamide , Glycerol , Allantoin , Xanthan gum , Phenoxyethanol , Ethylhexylglycerin , Panthenol , Lactic Acid , Disodium EDTA , Fragrance , Tá dược vừa đủ ",,Fixderma,Tuýp x 15ml,"Dược mỹ phẩm | Giải pháp làn da | Hỗ trợ mờ sẹo, mờ vết thâm",duoc-my-pham | duoc-my-pham/giai-phap-lan-da | duoc-my-pham/tri-seo-mo-tham,True,True,110,0,https://nhathuoclongchau.com.vn/duoc-my-pham/fixderma-gel-for-scars-15ml050-floz-16459.html,duoc-my-pham,0
52,00009953,"KEM BÔI  ABENA ZINC OINTMENT GIẢM VIÊM DA, XOA DỊU VẾT CẮN NHANH CHÓNG 15ML","Kem bôi Abena Zinc Ointment giảm viêm da, xoa dịu vết cắn nhanh chóng (15ml)",thuoc/zinc-ointment-15ml-abena-17775.html,79000.0,Hộp,đ,https://cdn.nhathuoclongchau.com.vn/unsafe/https://cms-prod.s3-sgn09.fptcloud.com/DSC_05596_34e2589a28.jpg,"Zinc oxide 20%, Allantoin ",Dạng kem,Ointment,Hộp x 15ml,Dược mỹ phẩm | Chăm sóc cơ thể,duoc-my-pham | duoc-my-pham/cham-soc-co-the,True,True,110,0,https://nhathuoclongchau.com.vn/thuoc/zinc-ointment-15ml-abena-17775.html,duoc-my-pham,0
53,00017670,"KEM BÔI TRỊ MỤN SULFUR 10% OINTMENT COSPHARM HỖ TRỢ ĐIỀU TRỊ MỤN, GIẢM VIÊM SƯNG 30G",Kem bôi Sulfur 10% Ointment Cospharm hỗ trợ cải thiện tình trạng mụn và giảm viêm sưng (30g),duoc-my-pham/crevil-sulfur-10-ointment-cospharm-30g-kem-ngua-tri-mun-19029.html,245000.0,Tuýp,đ,https://cdn.nhathuoclongchau.com.vn/unsafe/https://cms-prod.s3-sgn09.fptcloud.com/DSC_01291_b08679650d.jpg,"Ethylhexylglycerin , Phenoxyethanol , Sodium hydroxide , Theobroma cacao (cocoa) seed butter , Brassica Campestris (Rapeseed) Sterols , Calendula Officinalis Flower Water , Butyrospermum Parkii (Shea) Butter , Ceteareth-20 , Stearic acid , Polyethylene glycol , Glycerin , Dimethicone , Cetearyl Alcohol , Aqua/ Water , Paraffinum Liquidum , Colloidal Sulfur , Olea Europea (Olive) Seed Oil , Ceteareth-25 ",Dạng kem,Crevil,Tuýp x 30g,"Dược mỹ phẩm | Giải pháp làn da | Kem hỗ trợ giảm mụn, gel hỗ trợ giảm mụn",duoc-my-pham | duoc-my-pham/giai-phap-lan-da | duoc-my-pham/da-mun,True,True,110,0,https://nhathuoclongchau.com.vn/duoc-my-pham/crevil-sulfur-10-ointment-cospharm-30g-kem-ngua-tri-mun-19029.html,duoc-my-pham,0
54,00018162,"DẦU GỘI HAIRCARE BIMEX DƯỠNG TÓC, NGĂN NGỪA GÀU 50ML","Dầu gội Haircare Bimex dưỡng tóc, ngăn ngừa gàu (50ml)",duoc-my-pham/haircare-50g-dau-goi-chong-gau-19491.html,63000.0,Tuýp,đ,https://cdn.nhathuoclongchau.com.vn/unsafe/https://cms-prod.s3-sgn09.fptcloud.com/IMG_3717_b03a26836d.jpg,"Matricaria Chamomilla Extract , Panthenol , PEG-75 Lanolin , Acrylates Copolymer , Sodium Chloride , Natri hydroxide , Phenoxyethanol , Acid citric , Willow bark extract , Piper Betle L extract , Witch Hazel extract , Rosmarinus offcinalis oil , Tocopheryl Acrtate , Piroctol Olamine , Cacboxymethyl Cellulos , Natri laureth sulfat , Ethyhexyl glycerryl , Fragrance Aqua ",Dung dịch,Haircare,Tuýp,Dược mỹ phẩm | Chăm sóc tóc - da đầu | Dầu gội giúp giảm nấm và ngứa da đầu,duoc-my-pham | duoc-my-pham/cham-soc-toc-da-dau | duoc-my-pham/dau-goi-tri-nam,True,True,110,0,https://nhathuoclongchau.com.vn/duoc-my-pham/haircare-50g-dau-goi-chong-gau-19491.html,duoc-my-pham,0
55,00021234,GEL NGHỆ NANO HỖ TRỢ ĐIỀU TRỊ MỤN - NEOCURMA 20G,"Gel Nghệ Nano NeoCurma ngừa mụn, ngừa sẹo, mờ vết thâm (20g)",duoc-my-pham/neocurma-gel-nghe-nano-20g-21573.html,69000.0,Tuýp,đ,https://cdn.nhathuoclongchau.com.vn/unsafe/https://cms-prod.s3-sgn09.fptcloud.com/IMG_3745_1c9f1f9820.jpg,"Nano Curcumin , Vitamin E , Nha đam , Glycerin , Propylene glycol , Ethylhexylglycerin , Aqua , Phenoxyethanol , Tocopherols , Peg-40 Hydrogenated Castor Oil , Chiết xuất liễu thảo , Tinh chất hành tây đỏ , Polyacrylate Crosspolymer-11 , Methol ",Nhũ tương (Gel),La Beauty,Tuýp,"Dược mỹ phẩm | Giải pháp làn da | Hỗ trợ mờ sẹo, mờ vết thâm",duoc-my-pham | duoc-my-pham/giai-phap-lan-da | duoc-my-pham/tri-seo-mo-tham,True,True,110,0,https://nhathuoclongchau.com.vn/duoc-my-pham/neocurma-gel-nghe-nano-20g-21573.html,duoc-my-pham,0
56,00021309,"GEL BÔI NATUREPLEX SCARGEL HỖ TRỢ LÀM MỜ VẾT SẸO, DƯỠNG ẨM DA 35G","Gel bôi Natureplex Scargel hỗ trợ làm mờ vết sẹo, dưỡng ẩm da (35g)",duoc-my-pham/natureplex-scargel-tri-seo-35g-21669.html,342000.0,Tuýp,đ,https://cdn.nhathuoclongchau.com.vn/unsafe/https://cms-prod.s3-sgn09.fptcloud.com/00021309_natureplex_scargel_tri_seo_35g_4617_62af_large_b0fb154cc5.jpg,"Allantoin  , Collagen  , Vitamin B5  , Onion bulb extract  ",,Natureplex,Tuýp,"Dược mỹ phẩm | Giải pháp làn da | Hỗ trợ mờ sẹo, mờ vết thâm",duoc-my-pham | duoc-my-pham/giai-phap-lan-da | duoc-my-pham/tri-seo-mo-tham,True,True,110,0,https://nhathuoclongchau.com.vn/duoc-my-pham/natureplex-scargel-tri-seo-35g-21669.html,duoc-my-pham,0
57,00021441,"KEM BÔI STABIL KREM AFLOFARM VÙNG KHỚP GIẢM ĐAU, KHÁNG VIÊM 75G","Kem bôi Stabil Krem Aflofarm vùng khớp giảm đau, kháng viêm (75g)",duoc-my-pham/stabil-krem-aflofarm-75g-21798.html,250000.0,Tuýp,đ,https://cdn.nhathuoclongchau.com.vn/unsafe/https://cms-prod.s3-sgn09.fptcloud.com/00021441_stabil_krem_aflofarm_75g_9317_5d5a_large_dfb2c313ea.JPG,"Aqua , Cetyl alcohol , Stearyl alcohol , Octyldodecanol , Glycerin , Polysorbate 60 , Benzyl alcohol , Boswellia Serrata Resin Extract , Cetyl palmitate , Glucosamine Sulfate , Dime-thyl Sulfone , Sorbitan Stearate , Mentha Arvensis Leaf Oil ",Dạng kem,Aflofarm,Tuýp,Dược mỹ phẩm | Chăm sóc cơ thể,duoc-my-pham | duoc-my-pham/cham-soc-co-the,True,True,110,0,https://nhathuoclongchau.com.vn/duoc-my-pham/stabil-krem-aflofarm-75g-21798.html,duoc-my-pham,0
58,00028925,"GEL LÀM NÓNG STARBALM WARM GEL 100ML - LÀM NÓNG CƠ, HỖ TRỢ GIẢM ĐAU SAU CHẤN THƯƠNG CƠ XƯƠNG KHỚP","Gel làm nóng Starbalm Warm Gel thư giãn cơ, hạn chế chấn thương do vận động, mỏi cơ (100ml)",duoc-my-pham/gel-lam-nong-starbalm-warm-gel-100ml-29219.html,175000.0,Tuýp,đ,https://cdn.nhathuoclongchau.com.vn/unsafe/https://cms-prod.s3-sgn09.fptcloud.com/DSC_07982_a1db792781.jpg,"Menthol , Eucalyptus oil , Cassia Oil , Ethyl Alcohol , Methyl nicotinate , Azone , Isopropanol , triethanolamine , Purified water , glycerine ",,Starbalm,Tuýp,Dược mỹ phẩm | Chăm sóc cơ thể | Massage,duoc-my-pham | duoc-my-pham/cham-soc-co-the | duoc-my-pham/massage,True,True,110,0,https://nhathuoclongchau.com.vn/duoc-my-pham/gel-lam-nong-starbalm-warm-gel-100ml-29219.html,duoc-my-pham,0
59,00029176,"KEM BÔI CHO BÉ KUTIESKIN GIÚP DƯỠNG ẨM, MỀM DA 30G","Kem bôi cho bé Kutieskin giúp dưỡng ẩm, mềm da (30g)",duoc-my-pham/kutieskin-kem-duong-am-mem-da-cho-be-30g-29423.html,58000.0,Hộp,đ,https://cdn.nhathuoclongchau.com.vn/unsafe/https://cms-prod.s3-sgn09.fptcloud.com/00029176_kutieskin_kem_duong_am_mem_da_cho_be_30g_5514_62cf_large_e521d7d205.jpg,"Purified water , Butyrospermum Parkii Butter , Vaseline , Glycerin , C15-19 Alkane , Xylitylglucoside , Anhydroxylitol , Xylitol , dầu hướng dương , Cetearyl Alcohol , Peg-40 Hydrogenated Castor Oil , Cetyl alcohol , Hydrogenated Lecithin , Palmitic Acid , Hydroxyethyl Acrylate , 2-phenoxyethanol , Yến Mạch , Vitamin E , Fragrance , o-Cymen-5-ol , D-panthenol , C12-16 Alcohols , Ethoxydiglycol , Nano THC ",,Kutieskin,Hộp,"Dược mỹ phẩm | Giải pháp làn da | Dưỡng da bị khô, thiếu ẩm",duoc-my-pham | duoc-my-pham/giai-phap-lan-da | duoc-my-pham/da-bi-kho-thieu-am,True,True,110,0,https://nhathuoclongchau.com.vn/duoc-my-pham/kutieskin-kem-duong-am-mem-da-cho-be-30g-29423.html,duoc-my-pham,0
60,00029177,"KEM BÔI CHO BÉ KUTIESKIN GIÚP DỊU DA, GIẢM KÍCH ỨNG 30G","Kem bôi cho bé Kutieskin giúp dịu da, giảm kích ứng (30g)",duoc-my-pham/kutieskin-kem-boi-diu-da-cho-be-30g-29424.html,96000.0,Hộp,đ,https://cdn.nhathuoclongchau.com.vn/unsafe/https://cms-prod.s3-sgn09.fptcloud.com/00029177_kutieskin_kem_boi_diu_da_cho_be_30g_1911_62cf_large_c68690f485.jpg,"Purified water , C15-19 Alkane , Cetearyl Alcohol , Glycerin , Hexylene glycol , Xylitylglucoside , Hydroxyethyl Acrylate , Yến Mạch , 2-phenoxyethanol , Butyrospermum Parkii Butter , Dimethicone , beta-Sitosterol , Anhydroxylitol , Xylitol , Vitamin E , Dipotassium Glycyrrhizinate , Disodium EDTA , Fragrance , Hạnh nhân , D-panthenol , Ethoxydiglycol , Nano THC ",,Kutieskin,Hộp,Dược mỹ phẩm | Chăm sóc cơ thể,duoc-my-pham | duoc-my-pham/cham-soc-co-the,True,True,110,0,https://nhathuoclongchau.com.vn/duoc-my-pham/kutieskin-kem-boi-diu-da-cho-be-30g-29424.html,duoc-my-pham,0
61,00029178,"KEM BÔI CHO BÉ KUTIESKIN TRỊ CHÀM SỮA, DƯỠNG ẨM 30G",Kem bôi Kutieskin hỗ trợ cải thiện tình trạng chàm sữa và dưỡng ẩm cho da bé (30g),duoc-my-pham/kutieskin-kem-boi-cho-tre-bi-cham-sua-30g-29425.html,225000.0,Hộp,đ,https://cdn.nhathuoclongchau.com.vn/unsafe/https://cms-prod.s3-sgn09.fptcloud.com/QAG_05782_9a0c2526bf.jpg,"Purified water , Vaseline , Anhydroxylitol , Xylitol , Hạnh nhân , Butyrospermum Parkii Butter , Yến Mạch , Peg-40 Hydrogenated Castor Oil , Sodium Acrylate/ Sodium Acryloyldimethyl Taurate Copolymer , Isohexadecane , Polysorbata 60 , Nano Silver , Hydroxyethyl Acrylate , beta-Sitosterol , 2-phenoxyethanol , Lô hội , Vitamin E , Dipotassium Glycyrrhizinate , Fragrance , o-Cymen-5-ol , Dầu quả bơ , D-panthenol , Ethoxydiglycol , Nano THC ",,Kutieskin,Hộp,Dược mỹ phẩm | Giải pháp làn da,duoc-my-pham | duoc-my-pham/giai-phap-lan-da,True,True,110,0,https://nhathuoclongchau.com.vn/duoc-my-pham/kutieskin-kem-boi-cho-tre-bi-cham-sua-30g-29425.html,duoc-my-pham,0
62,00029788,GEL TRỊ SẸO PHỤC HỒI DA QDERMA 20G,Gel phục hồi da Qderma giúp cải thiện tình trạng sẹo (20g),duoc-my-pham/gel-tri-seo-qderma-20g-30053.html,293000.0,Tuýp,đ,https://cdn.nhathuoclongchau.com.vn/unsafe/https://cms-prod.s3-sgn09.fptcloud.com/00029788_gel_tri_seo_qderma_20g_9261_630d_large_213edea830.JPG,"Cyclopentasiloxane , Dimethiconol , Ascorbyl Tetraisopalmitate , Sunflower oil , Aloe Barbadensis Extract , Hydrolyzed Collagen , Allantoin , Alcohol , Aqua , Allium Cepa Bulb Extract , Peg-10 dimethicone ",,K3,Tuýp,"Dược mỹ phẩm | Giải pháp làn da | Hỗ trợ mờ sẹo, mờ vết thâm",duoc-my-pham | duoc-my-pham/giai-phap-lan-da | duoc-my-pham/tri-seo-mo-tham,True,True,110,0,https://nhathuoclongchau.com.vn/duoc-my-pham/gel-tri-seo-qderma-20g-30053.html,duoc-my-pham,0
63,00029863,"XÀ PHÒNG TẮM LA BEAUTY ACNES BODY BAR HỖ TRỢ TRỊ MỤN, NGHỆ CURCUMIN VÀ TINH CHẤT DẦU TRÀM 75G",Xà phòng tắm La Beauty Acnes Body Bar hỗ trợ chăm sóc da với nghệ Curcumin và dầu tràm (75g),duoc-my-pham/acnes-body-bar-la-beauty-75g-xa-phong-tam-tri-mun-nghe-curcumin-va-tinh-chat-dau-tram-30130.html,69000.0,Hộp,đ,https://cdn.nhathuoclongchau.com.vn/unsafe/https://cms-prod.s3-sgn09.fptcloud.com/neoacne_curcumin_1_5ec0e0abaf.jpg,"propylen glycol , Sucrose , Sodium Laureth Sulfate , Cocamidopropyl betaine , Sodium Chloride , BHT , Sorbitol , Glycerin , Water , o-Cymen-5-ol , Nghệ nano , Tràm trà , Crocus Sativus Flower Extract , Alkyl Carboxylic Acid Sodium Salt , Sodium Cocoate , Betel Peper Extract ",,Neo Acnes,Hộp,"Dược mỹ phẩm | Chăm sóc cơ thể | Sữa tắm, xà bông",duoc-my-pham | duoc-my-pham/cham-soc-co-the | duoc-my-pham/sua-tam-xa-bong,True,True,110,0,https://nhathuoclongchau.com.vn/duoc-my-pham/acnes-body-bar-la-beauty-75g-xa-phong-tam-tri-mun-nghe-curcumin-va-tinh-chat-dau-tram-30130.html,duoc-my-pham,0
64,00029867,SVR SEBIACLEAR GEL MOUSSANT - GEL LÀM SẠCH VÀ LOẠI BỎ TẾ BÀO CHẾT KHÔNG CHỨA XÀ PHÒNG 55ML,"Gel SVR Sebiaclear Gel Moussant làm sạch không chứa xà phòng, loại bỏ tế bào da chết (55ml)",duoc-my-pham/svr-sebiaclear-gel-moussant-gel-lam-sach-va-loai-bo-te-bao-chet-khong-chua-xa-phong-55ml-30134.html,140000.0,Tuýp,đ,https://cdn.nhathuoclongchau.com.vn/unsafe/https://cms-prod.s3-sgn09.fptcloud.com/00029867_svr_sebiaclear_gel_moussant_gel_lam_sach_va_loai_bo_te_bao_chet_khong_chua_xa_phong_55ml_5828_62ae_large_f98ee8d32f.JPG,"Aqua , Disodium Laureth Sulfosuccinate , Coco-betaine , PEG-7 Glyceryl Cocoate , Glycerin , Sodium Laureth Sulfate , Gluconolactone , Peg-120 Methyl Glucose Dioleate , Calcium gluconate , Sarcosine , Butylene glycol , Lactic Acid , Pentylene Glycol ",,SVR,Tuýp,"Dược mỹ phẩm | Chăm sóc da mặt | Sữa rửa mặt (Kem, gel, sữa)",duoc-my-pham | duoc-my-pham/cham-soc-da-mat | duoc-my-pham/sua-rua-mat-kem-gel-sua,True,True,110,0,https://nhathuoclongchau.com.vn/duoc-my-pham/svr-sebiaclear-gel-moussant-gel-lam-sach-va-loai-bo-te-bao-chet-khong-chua-xa-phong-55ml-30134.html,duoc-my-pham,0
65,00029924,KEM BÔI TRỊ RẠN DA FIXDERMA PREGGERS STRETCH MARK CREAM DÀNH CHO BÀ BẦU 60G,Kem bôi Fixderma Pregger's Stretch Mark Cream hỗ trợ giảm thiểu rạn da cho bà bầu (60g),duoc-my-pham/fixderma-preggers-stretch-mark-cream-60g-kem-tri-ran-da-danh-cho-ba-bau-30191.html,409000.0,Tuýp,đ,https://cdn.nhathuoclongchau.com.vn/unsafe/https://cms-prod.s3-sgn09.fptcloud.com/DSC_00056_ce7a5949bd.jpg,"Aqua , Hydrolyzed Collagen , Niacinamide , Shea butter , Dicaprylyl Carbonate , Glycerol , Cetearyl Alcohol , Propanediol , Lactic Acid , Caprylyl glycol , Glycerin , Ceramide III , Sodium hyaluronate , Fragrance , Coffea Arabica (Coffee) Seed Oil , Brassica Campestris (Rapeseed) Sterols , Zingiber Officinale Extract , Polyglyceryl-6 Distearate , Jojoba Esters , Polyglyceryl-3 Beeswax , Ceteareth-20 , Caprylhydroxamic Acid , Cocamidopropyl PG-Dimonium Chloride Phosphate ",,Fixderma,Tuýp,Dược mỹ phẩm | Chăm sóc cơ thể,duoc-my-pham | duoc-my-pham/cham-soc-co-the,True,True,110,0,https://nhathuoclongchau.com.vn/duoc-my-pham/fixderma-preggers-stretch-mark-cream-60g-kem-tri-ran-da-danh-cho-ba-bau-30191.html,duoc-my-pham,0
66,00030326,SON DƯỠNG MÔI REBIRTH NHAU THAI CỪU DƯỠNG ẨM VÀ PHỤC HỒI MÔI THÂM 3.7G,Son dưỡng môi Rebirth nhau thai cừu dưỡng ẩm và phục hồi môi thâm (3.7g),duoc-my-pham/son-duong-moi-nhau-thai-cuu-rebirth-37g-30477.html,138000.0,Cây,đ,https://cdn.nhathuoclongchau.com.vn/unsafe/https://cms-prod.s3-sgn09.fptcloud.com/DSC_09698_467315f75d.png,"Dầu Olive , Dầu hạt đào , Tinh dầu hoa ",,Rebirth,Cây,Dược mỹ phẩm | Mỹ phẩm trang điểm | Son môi,duoc-my-pham | duoc-my-pham/my-pham-trang-diem | duoc-my-pham/son-moi,True,True,110,0,https://nhathuoclongchau.com.vn/duoc-my-pham/son-duong-moi-nhau-thai-cuu-rebirth-37g-30477.html,duoc-my-pham,0
67,00030735,"XỊT DƯỠNG DA PANSPRAY PANTHENOL NANO BẠC BIMEX GIẢM ĐAU RÁT, VIÊM, KHÔ DA 130G","Xịt dưỡng da Panspray Panthenol Nano Bạc Bimex giảm đau rát, viêm, khô da (130g)",duoc-my-pham/panspray-panthenol-nano-bac-bimex-130g-xit-duong-da-giam-dau-rat-viem-kho-da-30883.html,155000.0,Chai,đ,https://cdn.nhathuoclongchau.com.vn/unsafe/https://cms-prod.s3-sgn09.fptcloud.com/00030735_panspray_panthenol_nano_bac_bimex_130g_xit_duong_da_giam_dau_rat_viem_kho_da_6438_609d_large_11c4cc60f1.jpg,"Dexpanthenol 4.63, Dung dịch Nano bạc 1, Acid Myristic , Hexadecanol , Na2 EDTA , Isopropyl myristate , Triethenolamine , Polyethylene glycol , Butan , Propane , Acid citric , Frangrance , Water ",Dạng xịt,Panthenol,Chai,Dược mỹ phẩm | Chăm sóc cơ thể | Chăm sóc da nứt nẻ,duoc-my-pham | duoc-my-pham/cham-soc-co-the | duoc-my-pham/tri-nut-da,True,True,110,0,https://nhathuoclongchau.com.vn/duoc-my-pham/panspray-panthenol-nano-bac-bimex-130g-xit-duong-da-giam-dau-rat-viem-kho-da-30883.html,duoc-my-pham,0
68,00031035,"DUNG DỊCH VỆ SINH PHỤ NỮ NATURAL FEMININE LÁ TRẦU KHÔNG VỆ SINH NHẸ NHÀNG, KHÁNG KHUẨN 100ML","Dung dịch vệ sinh phụ nữ Natural Feminine Lá Trầu Không vệ sinh nhẹ nhàng, kháng khuẩn (100ml)",duoc-my-pham/dung-dich-ve-sinh-phu-nu-natural-feminine-la-trau-khong-100ml-31166.html,62000.0,Chai,đ,https://cdn.nhathuoclongchau.com.vn/unsafe/https://cms-prod.s3-sgn09.fptcloud.com/DSC_09168_9763e51a4f.png,"Water , Piper betle extract , Tocopherol , Sodium Laureth Sulphate , Cocamidopropyl betaine , Olive Oil PEG-7 Esters , Gluconolactone , Lactic Acid , Sodium Chloride , Sodium lactate , DMDMH , Sodium Gluconate , Glycerol ",,Natural Feminine,Chai x 100ml,Dược mỹ phẩm | Chăm sóc cơ thể,duoc-my-pham | duoc-my-pham/cham-soc-co-the,True,True,110,0,https://nhathuoclongchau.com.vn/duoc-my-pham/dung-dich-ve-sinh-phu-nu-natural-feminine-la-trau-khong-100ml-31166.html,duoc-my-pham,0
69,00031306,KEM BÔI DIZIGONE NANO BẠC TERRAPHARM SÁT KHUẨN PHỤC HỒI TỔN THƯƠNG DA 25G,"Kem bôi Dizigone Nano Bạc Terrapharm làm sạch da, kháng khuẩn, mờ thâm sẹo (25g)",duoc-my-pham/dizigone-nano-bac-tuyp-25g-31463.html,140000.0,Tuýp,đ,https://cdn.nhathuoclongchau.com.vn/unsafe/https://cms-prod.s3-sgn09.fptcloud.com/00031306_dizigone_nano_bac_tuyp_25g_8953_633b_large_ca3fd63a8c.jpg,"Fragrance , Melaleuca Alternifolia Essential oil , Phenoxyethanol , Chamomilla Recutita Flower extract , Polysorbate 20 , Dimethicone , Nano Silver , Sodium Acryloyldimethyl Taurate Copolymer , Hydroxyethyl Acrylate , Hydrogenated Polydecene , D-panthenol , Cyclopentasiloxane , Polyacrylate Crosspolymer-6 , Aloe barbadensis leaf extract , Bisabolol , Purified water , glycerine ",Dạng kem,Terrapharm,Tuýp x 25g,"Dược mỹ phẩm | Giải pháp làn da | Hỗ trợ mờ sẹo, mờ vết thâm",duoc-my-pham | duoc-my-pham/giai-phap-lan-da | duoc-my-pham/tri-seo-mo-tham,True,True,110,0,https://nhathuoclongchau.com.vn/duoc-my-pham/dizigone-nano-bac-tuyp-25g-31463.html,duoc-my-pham,0
70,00031887,"TINH DẦU TRÀM MỆ ĐOAN GIÚP GIỮ ẤM, GIẢM TRIỆU CHỨNG HO, SỔ MŨI 50ML","Tinh dầu tràm Mệ Đoan giúp giữ ấm, giảm triệu chứng ho, sổ mũi (50ml)",duoc-my-pham/tinh-dau-tram-me-doan-50ml-32016.html,135000.0,Hộp,đ,https://cdn.nhathuoclongchau.com.vn/unsafe/https://cms-prod.s3-sgn09.fptcloud.com/00031887_tinh_dau_tram_me_doan_50ml_3272_62af_large_9f42f0cd06.jpg,"Eucalyptol , α- terpineol ",,Mệ Đoan,Hộp,Dược mỹ phẩm | Sản phẩm từ thiên nhiên | Tinh dầu,duoc-my-pham | duoc-my-pham/san-pham-tu-thien-nhien | duoc-my-pham/tinh-dau,True,True,110,0,https://nhathuoclongchau.com.vn/duoc-my-pham/tinh-dau-tram-me-doan-50ml-32016.html,duoc-my-pham,0
71,00031885,"TINH DẦU TRÀM NGÂM CỦ NÉN MỆ ĐOAN GIÚP XOA BÓP, GIẢM ĐAU 50ML","Tinh dầu tràm ngâm củ nén Mệ Đoan giúp xoa bóp, giảm đau (50ml)",duoc-my-pham/tinh-dau-tram-ngam-cu-nen-me-doan-50ml-32018.html,185000.0,Hộp,đ,https://cdn.nhathuoclongchau.com.vn/unsafe/https://cms-prod.s3-sgn09.fptcloud.com/00031885_tinh_dau_tram_ngam_cu_nen_me_doan_50ml_4726_62ae_large_d5fbc46c8e.JPG,"Eucalyptol , α- terpineol ",,Mệ Đoan,Hộp,Dược mỹ phẩm | Sản phẩm từ thiên nhiên | Tinh dầu,duoc-my-pham | duoc-my-pham/san-pham-tu-thien-nhien | duoc-my-pham/tinh-dau,True,True,110,0,https://nhathuoclongchau.com.vn/duoc-my-pham/tinh-dau-tram-ngam-cu-nen-me-doan-50ml-32018.html,duoc-my-pham,0
72,00032723,"KEM BÔI FIXDERMA SKARFIX TX CREAM GIÚP GIẢM NÁM, TÀN NHANG, VẾT THÂM SAU MỤN 30G","Kem bôi Fixderma Skarfix TX Cream giúp giảm nám, tàn nhang, vết thâm sau mụn (30g)",duoc-my-pham/fixderma-skarfix-tx-cream-30g-kem-tri-nam-32845.html,589000.0,Hộp,đ,https://cdn.nhathuoclongchau.com.vn/unsafe/https://cms-prod.s3-sgn09.fptcloud.com/00032723_fixderma_skarfix_tx_cream_30g_kem_tri_nam_8784_62ae_large_ef92346591.jpg,"Aqua , Tranexamic acid , Caprylic/capric triglyceride , Kojic Dipalmitate , cetearyl alcohol, Dicetyl Phosphate, Ceteth-10 Phosphate , Propanediol , Alpha Arbutin , E-ascorbic acid , Tocopheryl acetate , Ethoxydiglycol , Phenoxyethanol, Ethylhexyglycerin ",,Fixderma,Hộp,"Dược mỹ phẩm | Giải pháp làn da | Kem hỗ trợ mờ nám, tàn nhang, đốm nâu",duoc-my-pham | duoc-my-pham/giai-phap-lan-da | duoc-my-pham/nam-tan-nhang-dom-nau,True,True,110,0,https://nhathuoclongchau.com.vn/duoc-my-pham/fixderma-skarfix-tx-cream-30g-kem-tri-nam-32845.html,duoc-my-pham,0
73,00049302,"GEL RỬA MẶT TEENILICIOUS LÀM SẠCH MỤN, LOẠI BỎ BỤI BẨN VÀ BẢ NHỜN, NGĂN NGỪA MỤN HỘP 60G","Gel rửa mặt Teenilicious làm sạch mụn, loại bỏ bụi bẩn và bả nhờn, ngăn ngừa mụn (60g)",duoc-my-pham/gel-rua-mat-teenilicious-lam-sach-mun-loai-bo-bui-ban-va-ba-nhon-ngan-ngua-mun-hop-60-g.html,147000.0,Hộp,đ,https://cdn.nhathuoclongchau.com.vn/unsafe/https://cms-prod.s3-sgn09.fptcloud.com/DSC_09119_4be9757d50.png,"Aqua , Sodium cocoamphoacetate , Sodium Cocoyl Glycinate , Sodium Cocoyl Apple Amino Acids , Salicylic acid , Phenoxyethanol , Allantoin , Xanthan gum , Melia Azadirachta Leaf Extract , Fragrance , Melaleuca Alternifolia (Tea Tree) Leaf , Ethylhexylglycerin ",Gel,TEENILICIOUS,Hộp,"Dược mỹ phẩm | Chăm sóc da mặt | Sữa rửa mặt (Kem, gel, sữa)",duoc-my-pham | duoc-my-pham/cham-soc-da-mat | duoc-my-pham/sua-rua-mat-kem-gel-sua,True,True,100,0,https://nhathuoclongchau.com.vn/duoc-my-pham/gel-rua-mat-teenilicious-lam-sach-mun-loai-bo-bui-ban-va-ba-nhon-ngan-ngua-mun-hop-60-g.html,duoc-my-pham,0
74,00049301,"GEL BÔI TEENILICIOUS GIẢM MỤN VÀ NGĂN NGỪA ĐẦU ĐEN, MỤN ĐẦU TRẮNG HỘP 15G","Gel bôi Teenilicious giảm mụn và ngăn ngừa mụn đầu đen, mụn đầu trắng (15g)",duoc-my-pham/gel-boi-teenilicious-giam-mun-va-ngan-ngua-dau-den-mun-dau-trang-hop-15-g.html,123000.0,Hộp,đ,https://cdn.nhathuoclongchau.com.vn/unsafe/https://cms-prod.s3-sgn09.fptcloud.com/DSC_09095_7728fdad41.png,"Aqua , Melaleuca Alternifolia (Tea Tree) Leaf , Propanediol , Salicylic acid , Capryloyl Glycine , Allantoin , Phenoxyethanol , Xanthan gum , Melia Azadirachta Leaf Extract , Thymol , Ethylhexylglycerin ",Gel,TEENILICIOUS,Hộp,"Dược mỹ phẩm | Giải pháp làn da | Kem hỗ trợ giảm mụn, gel hỗ trợ giảm mụn",duoc-my-pham | duoc-my-pham/giai-phap-lan-da | duoc-my-pham/da-mun,True,True,100,0,https://nhathuoclongchau.com.vn/duoc-my-pham/gel-boi-teenilicious-giam-mun-va-ngan-ngua-dau-den-mun-dau-trang-hop-15-g.html,duoc-my-pham,0
75,00049300,GEL CHỐNG NẮNG TEENILICIOUS SPF 50 DÀNH CHO DA MỤN VÀ DA NHẠY CẢM HỘP 75G,Gel chống nắng Teenilicious SPF 50 dành cho da mụn và da nhạy cảm (75g),duoc-my-pham/gel-chong-nang-teenilicious-spf-50-danh-cho-da-mun-va-da-nhay-cam-hop-75-g.html,351000.0,Hộp,đ,https://cdn.nhathuoclongchau.com.vn/unsafe/https://cms-prod.s3-sgn09.fptcloud.com/DSC_09149_5ccdfb2dbc.png,"Water , phenylbenzimidazole sulfonic acid , Octocrylene , Dicaprylyl Carbonate , Simmondsia Chinensis (Jojoba) Seed Oil , Sorbitol , Caesalpinia Spinosa Gum , Calendula Officinalis Flower Extract , Phenoxyethanol , Zinc oxide , Tocopheryl acetate , Fragrance , Butyl Methoxydibenzoylmethane , Ethylhexylglycerin , PVP , Silica , Chlorphenesin , Disodium EDTA ",Gel,TEENILICIOUS,Hộp,Dược mỹ phẩm | Chăm sóc da mặt | Kem chống nắng da mặt,duoc-my-pham | duoc-my-pham/cham-soc-da-mat | duoc-my-pham/chong-nang-da-mat,True,True,100,0,https://nhathuoclongchau.com.vn/duoc-my-pham/gel-chong-nang-teenilicious-spf-50-danh-cho-da-mun-va-da-nhay-cam-hop-75-g.html,duoc-my-pham,0
76,00048435,"GEL CHỐNG NẮNG FIXDERMA SHADOW SPF 55+ BẢO VỆ DA KHỎI TIA UV, DƯỠNG ẨM 75G","Gel chống nắng Fixderma Shadow SPF 55+ bảo vệ da khỏi tia UV, dưỡng ẩm (75g)",duoc-my-pham/fixderma-shadow-spf-55-gel-75-g-kem-chong-nang-and-duong-am.html,422000.0,Tuýp,đ,https://cdn.nhathuoclongchau.com.vn/unsafe/https://cms-prod.s3-sgn09.fptcloud.com/DSC_02779_df52c5e191.jpg,"Aqua , phenylbenzimidazole sulfonic acid , Titanium dioxide , Dicaprylyl Carbonate , Octocrylene , Silica , Phenoxyethanol , Tocopheryl acetate , Polyacrylate-13 , Butyl Methoxydibenzoylmethane , Chondrus crispus , Polyisobutene , Fragrance ",Gel,Fixderma,Tuýp,Dược mỹ phẩm | Chăm sóc da mặt | Kem chống nắng da mặt,duoc-my-pham | duoc-my-pham/cham-soc-da-mat | duoc-my-pham/chong-nang-da-mat,True,True,100,0,https://nhathuoclongchau.com.vn/duoc-my-pham/fixderma-shadow-spf-55-gel-75-g-kem-chong-nang-and-duong-am.html,duoc-my-pham,0
77,00045414,KEM DƯỠNG TRẮNG DA BAN NGÀY 5 IN 1 SPF25/PA++ SẮC NGỌC KHANG HTP 30G,"Kem dưỡng trắng da 5 in 1 SPF25/PA++ Sắc Ngọc Khang HTP 30g giúp nâng tông, hiệu chỉnh màu da",duoc-my-pham/kem-duong-trang-da-ban-ngay-5-in-1-spf-25-pa-sac-ngoc-khang-htp-30-g.html,250000.0,Hộp,đ,https://cdn.nhathuoclongchau.com.vn/unsafe/https://cms-prod.s3-sgn09.fptcloud.com/DSC_07389_4f584b7488.jpg,"Aqua , Cyclopentasiloxane , Titanium dioxide , Dimethicone , Glycerin , Squalane , Hydroxyethyl Acrylate , Sodium Acryloyldimethyl , Simmondsia Chinensis (Jojoba) Seed Oil , Cetearyl Alcohol , Silica , ethylhexyl methoxycinnamate , Butyl Methoxydibenzolymethane , Benzophenone-3 , Polysorbate 60 , Allantoin , Acrylamide/Sodium Acrylate Copolymer , DIMETHYLACRYLAMIDE , Sodium hyaluronate , Ascorbic Acid , Ethylhexylglycerin , Acetyl Glycyl Beta - Alanine , alpha-Arbutin , Solanum Lycopersicum Fruit Extract , Hoa hồng đá , Hoa anh đào , phenoxylethanol , Disodium EDTA , Triethoxycaprylylsilane , Phospholipids , Butylene glycol , Aluminum hydroxide , Potassium hydroxide , Stearic acid , Malic Acid , Maltodextrin , Fragrance ",,HTP,Hộp,Dược mỹ phẩm | Chăm sóc da mặt | Dưỡng da mặt,duoc-my-pham | duoc-my-pham/cham-soc-da-mat | duoc-my-pham/duong-da-mat,True,True,100,0,https://nhathuoclongchau.com.vn/duoc-my-pham/kem-duong-trang-da-ban-ngay-5-in-1-spf-25-pa-sac-ngoc-khang-htp-30-g.html,duoc-my-pham,0
78,00043805,DẦU GỘI PHỦ BẠC LAVOX FLASH MÀU ĐEN G01 150ML,Dầu gội phủ bạc Lavox Flash màu đen G01 (150ml),duoc-my-pham/goi-phu-bac-flash-lavox-mau-den-g01-150-ml.html,158000.0,Hộp,đ,https://cdn.nhathuoclongchau.com.vn/unsafe/https://cms-prod.s3-sgn09.fptcloud.com/DSC_09809_3b52998a13.jpg,"Deionized Water , Sodium laurilsulfate , Cocamido Propyl Belaine , Acrylates/Steareth-20 Methacrylate , Sodium Cocoyl Isethionate , Ethanolamine , propylen glycol , Polyquaternium-39 , p-Phenylenediamine , m-Aminophenol , Peg-40 Hydrogenated Castor Oil , Perfume , Sodium sulfide , Resorcinol , Sodium Erythorbate , p-Aminophenol , 2,4-Diaminophenoxyethanol HCL , Sodium edetate , Macadamia Ternifolia Seed Oil , Olive Oil PEG-7 Esters , Argania Spinosa Kernel Oil , Panthenol , Camellia japonica seed oil ",Gel,LAVOX,Hộp,Dược mỹ phẩm | Chăm sóc tóc - da đầu | Dầu gội dầu xả,duoc-my-pham | duoc-my-pham/cham-soc-toc-da-dau | duoc-my-pham/dau-goi-dau-xa,True,True,100,0,https://nhathuoclongchau.com.vn/duoc-my-pham/goi-phu-bac-flash-lavox-mau-den-g01-150-ml.html,duoc-my-pham,0
79,00043046,"KEM DƯỠNG ẨM SÁNG DA FIXDERMA FACE21 FACE CREAM GIÚP DƯỠNG ẨM, LÀM SÁNG DA 50G","Kem dưỡng ẩm sáng da Fixderma Face21 Face Cream giúp dưỡng ẩm, làm sáng da (50g)",duoc-my-pham/kem-duong-am-sang-da-fixderma-face-21-face-cream-50-g.html,366000.0,Hộp,đ,https://cdn.nhathuoclongchau.com.vn/unsafe/https://cms-prod.s3-sgn09.fptcloud.com/DSC_08535_3b19b80977.jpg,"Water , Isononyl Isononanoate , Octocrylene , Niacinamide , Butyrospermum Parkii Butter , Titanium dioxide , Xylitylglucoside, Anhydroxylitol, Xylitol , Cetearyl alcohol, Dicetyl Phosphate, Ceteth-10 , cetearyl alcohol, Dicetyl Phosphate, Ceteth-10 Phosphate , alpha-Arbutin , lecithin, arbutin, linolenic acid, lenoleic acid, tocopheryl acetate, ascorbyl palmitate, glutathione, alcohol, aqua , Phenoxyethanol, Ethylhexyglycerin , Tocopheryl acetate , Phytic Acid , Fragrance ",Dạng kem,Fixderma,Hộp,Dược mỹ phẩm | Chăm sóc da mặt | Dưỡng da mặt,duoc-my-pham | duoc-my-pham/cham-soc-da-mat | duoc-my-pham/duong-da-mat,True,True,100,0,https://nhathuoclongchau.com.vn/duoc-my-pham/kem-duong-am-sang-da-fixderma-face-21-face-cream-50-g.html,duoc-my-pham,0
80,00040682,"SON DƯỠNG ẨM BẠC HÀ OMI BROTHERHOOD MENTURM DÀNH CHO MÔI KHÔ, NỨT NẺ 4G","Son dưỡng ẩm bạc hà Omi Brotherhood Menturm dành cho môi khô, nứt nẻ (4g)",duoc-my-pham/son-duong-am-bac-ha-danh-cho-moi-kho-va-nut-ne-omi-brotherhood-menturm-4g.html,39000.0,Cây,đ,https://cdn.nhathuoclongchau.com.vn/unsafe/https://cms-prod.s3-sgn09.fptcloud.com/DSC_00029_4d777942f0.jpg,"Mineral oil , Paraffin , Petrolatum , Lanolin , Beeswax , Isopropyl myristate , Ceresin , Menthol , Camphor , Eucalyptus Globulus Leaf Oil , Methyl salicylate , Turpentine ",Dạng sáp,OMI,Cây x 4g,Dược mỹ phẩm | Mỹ phẩm trang điểm | Son môi,duoc-my-pham | duoc-my-pham/my-pham-trang-diem | duoc-my-pham/son-moi,True,True,100,0,https://nhathuoclongchau.com.vn/duoc-my-pham/son-duong-am-bac-ha-danh-cho-moi-kho-va-nut-ne-omi-brotherhood-menturm-4g.html,duoc-my-pham,0
81,00038302,DUNG DỊCH VỆ SINH PHỤ NỮ DẠNG BỌT DAILY LADY MOIST VÀ FRESH KHỬ KHUẨN KHỬ MÙI 100ML,Dung dịch vệ sinh phụ nữ dạng bọt Daily Lady Moist và Fresh khử khuẩn khử mùi (100ml),duoc-my-pham/dung-dich-ve-sinh-phu-nu-dang-bot-daily-lady-moist-and-fresh-100-ml-khu-khuan-khu-mui-ngua-kho-rat-1.html,99000.0,Hộp,đ,https://cdn.nhathuoclongchau.com.vn/unsafe/https://cms-prod.s3-sgn09.fptcloud.com/1_595f5ceb5e.jpg,"Aqua , Sodium Laureth Sulfate , Cocamidopropyl betaine , Lauryl glucoside , Sodium Chloride , Glycerin , Propylene glycol , Peg-40 Hydrogenated Castor Oil , Mentha Piperita Extract , Camellia Sinensis Leaf Extract , Aloe barbadensis leaf , Hexylene glycol , Capryloyl Glycine , Xylitylglucoside , Tocopheryl acetate , Lactic Acid , Parfum , Phenoxyethanol , Disodium EDTA ",Dung dịch,DAILY LADY,Hộp x 100ml,Dược mỹ phẩm | Chăm sóc cơ thể,duoc-my-pham | duoc-my-pham/cham-soc-co-the,True,True,100,0,https://nhathuoclongchau.com.vn/duoc-my-pham/dung-dich-ve-sinh-phu-nu-dang-bot-daily-lady-moist-and-fresh-100-ml-khu-khuan-khu-mui-ngua-kho-rat-1.html,duoc-my-pham,0
82,00038140,"DẦU XẢ THẢO DƯỢC LA BEAUTY NUÔI DƯỠNG DA ĐẦU, CHO TÓC SUÔN MƯỢT 300ML","Dầu xả thảo dược La Beauty nuôi dưỡng da đầu, cho tóc suôn mượt (300ml)",duoc-my-pham/dau-xa-thao-duoc-la-beauty-300-ml-nuoi-duong-da-dau-va-toc-suon-muot.html,100000.0,Hộp,đ,https://cdn.nhathuoclongchau.com.vn/unsafe/https://cms-prod.s3-sgn09.fptcloud.com/DSC_08462_177817d8f4.jpg,"Tầm Gửi , IEA-Dodecylbenzenesulfonate , Dầu dừa , Trideceth-10 , Dimethiconol , Aqua/ Water , Glycerin , Behentrimonium Chloride , Stearyl alcohol , Cetostearyl alcohol , Hoàng kỳ , Cetrimonium Chloride , Tía Tô , Frangrance , Cây Giần Sàng , Nấm phục linh , Hà thủ ô , Địa hoàng , Thương truật , Kinh giới , Giấp cá , 1-2-Hexanediol , Ngũ vị tử bắc , Amodimethicone , Phenoxyethanol , Ethylhexylglycerin , Guar hydroxypropyltrimcnnium chloride , Disodium EDTA , Citric Acid ",,La Beauty,Hộp x 300ml,Dược mỹ phẩm | Chăm sóc tóc - da đầu,duoc-my-pham | duoc-my-pham/cham-soc-toc-da-dau,True,True,100,0,https://nhathuoclongchau.com.vn/duoc-my-pham/dau-xa-thao-duoc-la-beauty-300-ml-nuoi-duong-da-dau-va-toc-suon-muot.html,duoc-my-pham,0
83,00503437,"NƯỚC TẨY TRANG COCOON BÍ ĐAO GIÚP LÀM SẠCH, LOẠI BỎ BÃ NHỜN 140ML","Nước tẩy trang Cocoon bí đao giúp làm sạch, loại bỏ bã nhờn (140ml)",duoc-my-pham/nuoc-tay-trang-bi-dao-cocoon-140ml-37757.html,145000.0,Chai,đ,https://cdn.nhathuoclongchau.com.vn/unsafe/https://cms-prod.s3-sgn09.fptcloud.com/00503437_nuoc_tay_trang_bi_dao_cocoon_140ml_3964_640f_large_9245991b58.jpg,"Benincasa cerfera extract (bí đao) , Aqua/ Water , Polyglyceryl-4 Laurate , Polyglyceryl-4 Caprylate , Betaine , Centella Asiatica Extract , Trisodium Ethylenediamine Disuccinate , Propanediol , Glycereth-26 , Glycerin , Sodium lactate , Pyridoxine hydrocloride , Melaleuca alternifolia leaf , Lactic Acid , o-Cymen-5-ol ",,Cocoon,Chai x 140ml,"Dược mỹ phẩm | Chăm sóc da mặt | Nước tẩy trang, dầu tẩy trang",duoc-my-pham | duoc-my-pham/cham-soc-da-mat | duoc-my-pham/nuoc-tay-trang,True,True,100,0,https://nhathuoclongchau.com.vn/duoc-my-pham/nuoc-tay-trang-bi-dao-cocoon-140ml-37757.html,duoc-my-pham,0
84,00503326,KEM CHỐNG NẮNG REIHAKU HATOMUGI UV MILKY GEL SPF50+ PA++++ DƯỠNG ẨM VÀ LÀM SÁNG DA 80G,Kem chống nắng Reihaku Hatomugi UV Milky Gel SPF50+ PA++++ dưỡng ẩm và làm sáng da (80g),duoc-my-pham/kem-chong-nang-duong-am-lam-sang-da-reihaku-hatomugi-uv-milky-gel-spf50-80g-37623.html,199000.0,Tuýp,đ,https://cdn.nhathuoclongchau.com.vn/unsafe/https://cms-prod.s3-sgn09.fptcloud.com/00503326_kem_chong_nang_duong_am_va_lam_sang_da_reihaku_hatomugi_uv_milky_gel_spf50_pa_80g_4289_63ed_large_cec03c1a1e.jpg,"Phenoxyethanol , Ethylparaben , Methylparaben , BHT , Sodium hydroxide , Tetrasodium EDTA , Xanthan gum , Ceramide NG , Sodium hyaluronate , Cocos Nucifera Seed Oil , Citrus Junos Fruit Extract , Aloe barbadensis leaf extract , Prunus Persica Leaf Extract , Rosmarinus Officinalis Leaf Extract , Coix Lacryma-Jobi Ma-Yuen Seed Extract , Carbomer , Butylene glycol , Dimethicone , Steareth-6 , Butyl Methoxydhast Qacryla , Alcohol Denat , ethylhexyl methoxycinnamate , Aqua/ Water ",Dạng kem,HATOMUGI,Tuýp x 80g,Dược mỹ phẩm | Chăm sóc cơ thể | Chống nắng toàn thân,duoc-my-pham | duoc-my-pham/cham-soc-co-the | duoc-my-pham/chong-nang-toan-than,True,True,100,0,https://nhathuoclongchau.com.vn/duoc-my-pham/kem-chong-nang-duong-am-lam-sang-da-reihaku-hatomugi-uv-milky-gel-spf50-80g-37623.html,duoc-my-pham,0
85,00503323,"SỮA TẮM DƯỠNG DA REIHAKU HATOMUGI BODY SOAP LÀM SÁNG, MỀM MỊN DA 800ML","Sữa tắm dưỡng da Reihaku Hatomugi Body Soap làm sáng, mềm mịn da (800ml)",duoc-my-pham/sua-tam-duong-am-va-lam-sang-da-reihaku-hatomugi-body-soap-800ml-37626.html,230000.0,Chai,đ,https://cdn.nhathuoclongchau.com.vn/unsafe/https://cms-prod.s3-sgn09.fptcloud.com/00503323_sua_tam_duong_am_va_lam_sang_da_reihaku_hatomugi_body_soap_800ml_9159_63ed_large_3828709707.jpg,"Fragrance , Ethylparaben , Phenoxyethanol , Tetrasodium EDTA , Alcohol Denat , Polyquaternium-7 , Propylene glycol , Butylene glycol , Sodium hyaluronate , Butyrospermum Parkii (Shea) Butter , Coix Lacryma-Jobi Ma-Yuen Seed Extract 0.01%, Sodium Lauroyl Methylaminopropionate , Sodium cocoyl glutamate , Potassium Cocoyl Glutamate , Sodium Chloride , Cocamide Dea , Sodium Laurenth Sulphate , Cocamidopropyl betaine , Glycol Distearate , Glycerin , cocamide MEA , Potassium hydroxide , Myristic acid , Lauric Acid , Water purified ",,HATOMUGI,Chai x 800ml,"Dược mỹ phẩm | Chăm sóc cơ thể | Sữa tắm, xà bông",duoc-my-pham | duoc-my-pham/cham-soc-co-the | duoc-my-pham/sua-tam-xa-bong,True,True,100,0,https://nhathuoclongchau.com.vn/duoc-my-pham/sua-tam-duong-am-va-lam-sang-da-reihaku-hatomugi-body-soap-800ml-37626.html,duoc-my-pham,0
86,00502953,"TINH DẦU BƯỞI COCOON PHIÊN BẢN NÂNG CẤP DƯỠNG TÓC, NGĂN NGỪA RỤNG TÓC 140ML","Tinh dầu bưởi Cocoon phiên bản nâng cấp dưỡng tóc, ngăn ngừa rụng tóc (140ml)",duoc-my-pham/nuoc-duong-toc-tinh-dau-buoi-cocoon-140ml-phien-ban-nang-cap-37262.html,165000.0,Hộp,đ,https://cdn.nhathuoclongchau.com.vn/unsafe/https://cms-prod.s3-sgn09.fptcloud.com/00502953_nuoc_duong_toc_tinh_dau_buoi_cocoon_140ml_phien_ban_nang_cap_3307_63b8_large_e6bf308b9a.jpg,"Lactic Acid , Xylitol , Arginine , Propanediol , Pelvetia Canaliculata Extract , Maltitol syrup , Isododecane , Xylitylglucoside , Citrus Grandis Peel Oil , Glycerin , C15-19 Alkane , Water , Glycine Soja Germ Extract , Anhydroxylitol , Triticum Vulgare (Wheat) Germ Oil , Glycereth-26 , Bisabolol , Sodium benzoate , Phenoxyethanol , BHT , Ethylhexylglycerin , Trisodium Ethylenediamine Disuccinate , Caprylyl Methicone , Scutellaria Baicalensis Root Extract , Phenyl Trimethicone , Sodium Polyacrylate , Mentha piperita oil , Citrus Aurantium Dulcis (Orange) Fruit Extract , Betaine , Panthenol , Calcium gluconate , Gluconolactone ",,Cocoon,Hộp x 140ml,"Dược mỹ phẩm | Chăm sóc tóc - da đầu | Dưỡng tóc, ủ tóc",duoc-my-pham | duoc-my-pham/cham-soc-toc-da-dau | duoc-my-pham/duong-toc-u-toc,True,True,100,0,https://nhathuoclongchau.com.vn/duoc-my-pham/nuoc-duong-toc-tinh-dau-buoi-cocoon-140ml-phien-ban-nang-cap-37262.html,duoc-my-pham,0
87,00502632,DẦU GIÓ LĂN RED LION MEDICATED OIL YELLOW AGIMEXPHARM PEPPERMINT CLOVE BUD 10ML,Dầu gió lăn Red Lion Medicated Oil Yellow Agimexpharm Peppermint Clove Bud (10ml),duoc-my-pham/dau-gio-lan-red-lion-medicated-oil-yellow-agimexpharm-10ml-peppermint-clove-bud-36878.html,39000.0,Chai,đ,https://cdn.nhathuoclongchau.com.vn/unsafe/https://cms-prod.s3-sgn09.fptcloud.com/00502632_dau_gio_lan_red_lion_medicated_oil_yellow_agimexpharm_10ml_peppermint_clove_bud_3534_636b_large_6502b61888.jpg,"Methyl salicylate 350mg, Peppermint oil 2680mg, Menthol 4500mg",,Agimexpharm,Chai x 10ml,Dược mỹ phẩm | Chăm sóc cơ thể,duoc-my-pham | duoc-my-pham/cham-soc-co-the,True,True,100,0,https://nhathuoclongchau.com.vn/duoc-my-pham/dau-gio-lan-red-lion-medicated-oil-yellow-agimexpharm-10ml-peppermint-clove-bud-36878.html,duoc-my-pham,0
88,00502305,LĂN KHỬ MÙI ETIAXIL DETRANSPIRANT EXTREME PEAUX NORMALES GIÚP KHỬ MÙI CƠ THỂ 15ML,Lăn khử mùi Etiaxil Detranspirant Extreme Peaux Normales giúp khử mùi cơ thể (15ml),duoc-my-pham/lan-khu-mui-dac-tri-cho-da-thuong-etiaxil-detranspirant-aisselles-peaux-normales-15ml-36531.html,336000.0,Hộp,đ,https://cdn.nhathuoclongchau.com.vn/unsafe/https://cms-prod.s3-sgn09.fptcloud.com/DSC_04256_1ff6b586ba.jpg,"PEG-12 Dimethicone , Aluminum chloride , Alcohol Denat ",,ETIAXIL,Hộp x 15ml,"Dược mỹ phẩm | Chăm sóc cơ thể | Lăn khử mùi, xịt khử mùi",duoc-my-pham | duoc-my-pham/cham-soc-co-the | duoc-my-pham/khu-mui,True,True,100,0,https://nhathuoclongchau.com.vn/duoc-my-pham/lan-khu-mui-dac-tri-cho-da-thuong-etiaxil-detranspirant-aisselles-peaux-normales-15ml-36531.html,duoc-my-pham,0
89,00501174,"GEL BÔI SKLEER NATURAL SKIN RESTORATION GIẢM VIÊM, DƯỠNG ẨM, PHỤC HỒI DA TỔN THƯƠNG 30ML","Gel bôi Skleer Natural Skin Restoration giảm viêm, dưỡng ẩm, phục hồi da tổn thương (30ml)",duoc-my-pham/gel-boi-giam-viem-duong-am-va-phuc-hoi-da-ton-thuong-skleer-natural-skin-restoration-gel-30-ml.html,399000.0,Hộp,đ,https://cdn.nhathuoclongchau.com.vn/unsafe/https://cms-prod.s3-sgn09.fptcloud.com/DSC_08548_c0298ed44b.jpg,"2-phenoxyethanol , Carbomer , glycerine , Cinnamon , Caraway , Cardamomin , Turmeric Extract , Tea tree oil , Eucalyptus oil , Aqua/ Water ",Nhũ tương (Gel),SKLEER,Hộp x 30ml,"Dược mỹ phẩm | Chăm sóc cơ thể | Sữa dưỡng thể, kem dưỡng thể",duoc-my-pham | duoc-my-pham/cham-soc-co-the | duoc-my-pham/duong-the,True,True,100,0,https://nhathuoclongchau.com.vn/duoc-my-pham/gel-boi-giam-viem-duong-am-va-phuc-hoi-da-ton-thuong-skleer-natural-skin-restoration-gel-30-ml.html,duoc-my-pham,0
90,00016541,"KEM BÔI TRĨ PROCTOGEL BIMEX GIÚP GIẢM ĐAU, GIẢM VIÊM NHIỄM, LIỀN VẾT THƯƠNG 20G","Kem bôi trĩ Proctogel Bimex giúp giảm đau, giảm viêm nhiễm, liền vết thương (20g)",duoc-my-pham/proctogel-20g-17612.html,73000.0,Tuýp,đ,https://cdn.nhathuoclongchau.com.vn/unsafe/https://cms-prod.s3-sgn09.fptcloud.com/1_873ea72d1f.png,"Nano Curcumin , Chiết xuất xuyên tâm liên , Ngư tinh thảo , Hòe giác , Long não , Quế , Dầu dừa , Kẽm oxyd , Allantoin , Almond oil , Vitamin E , D-panthenol , Vaselin , Cetearyl Alcohol , Ceteareth 20 , Phenoxy ethanol , Ethyl hexyl , Fragrance ",,BIMEX,Tuýp x 20g,Dược mỹ phẩm | Chăm sóc cơ thể,duoc-my-pham | duoc-my-pham/cham-soc-co-the,True,True,100,0,https://nhathuoclongchau.com.vn/duoc-my-pham/proctogel-20g-17612.html,duoc-my-pham,0
91,00017854,"XỊT DƯỠNG DA PANTHENOL NANO BẠC BIMEX DƯỠNG ẨM DA KHÔ, NỨT NẺ 130G","Xịt dưỡng da Panthenol Nano Bạc Bimex dưỡng ẩm da khô, nứt nẻ (130g)",duoc-my-pham/panthenol-nano-bac-spray-bimex-130g-19212.html,155000.0,Chai,đ,https://cdn.nhathuoclongchau.com.vn/unsafe/https://cms-prod.s3-sgn09.fptcloud.com/00017854_panthenol_nano_bac_spray_bimex_130g_5997_5d63_large_5b0882203c.png,"Dexpanthenol , Na2 EDTA , Isopropyl myristate , Polyethylene glycol , Acid citric , Water , Dung dịch Nano bạc , Acid Myristic , Hexadecanol , Triethenolamine , Butan , Propane , Frangrance ",,BIMEX,Chai,Dược mỹ phẩm | Chăm sóc cơ thể,duoc-my-pham | duoc-my-pham/cham-soc-co-the,True,True,100,0,https://nhathuoclongchau.com.vn/duoc-my-pham/panthenol-nano-bac-spray-bimex-130g-19212.html,duoc-my-pham,0
92,00028926,"CHAI XỊT LÀM NÓNG CƠ STARBALM WARM SPRAY 150ML - HỖ TRỢ PHÒNG TRÁNH CHẤN THƯƠNG CHO NGƯỜI CÓ TIỀN SỬ BONG GÂN, CHUỘT RÚT","Chai xịt nóng Starbalm Warm Spray phòng tránh chấn thương cho người có tiền sử bong gân, chuột rút (150ml)",duoc-my-pham/chai-xit-nong-starbalm-warm-spray-150ml-29220.html,220000.0,Chai,đ,https://cdn.nhathuoclongchau.com.vn/unsafe/https://cms-prod.s3-sgn09.fptcloud.com/00028926_chai_xit_nong_starbalm_warm_spray_150ml_7878_62af_large_4a6d77550b.jpg,"Menthol , Borneol , Clove oil , Eucalyptus oil , Pine Tree Oil , Methyl nicotinate ",,Starbalm,Chai,Dược mỹ phẩm | Chăm sóc cơ thể | Massage,duoc-my-pham | duoc-my-pham/cham-soc-co-the | duoc-my-pham/massage,True,True,100,0,https://nhathuoclongchau.com.vn/duoc-my-pham/chai-xit-nong-starbalm-warm-spray-150ml-29220.html,duoc-my-pham,0
93,00028930,"DẦU XOA BÓP STARBALM MASSAGE OIL 50ML - HỖ TRỢ MÁT XA VÙNG CƠ MỎI, LƯU THÔNG MÁU, GIẢM CĂNG THẲNG, MỆT MỎI","Dầu xoa bóp Starbalm Massage Oil thư giãn, mát xa vùng cơ mỏi, lưu thông máu, giảm căng thẳng, mệt mỏi (50ml)",duoc-my-pham/dau-xoa-bop-starbalm-massage-oil-50ml-29224.html,140000.0,Chai,đ,https://cdn.nhathuoclongchau.com.vn/unsafe/https://cms-prod.s3-sgn09.fptcloud.com/00028930_dau_xoa_bop_starbalm_massage_oil_50ml_5981_62af_large_a17887b2b1.jpg,"Menthol , Eucalyptus oil , Clove oil , Dementholised Mint Oil , Pine Tree Oil , Cassia Oil ",,Starbalm,Chai,Dược mỹ phẩm | Chăm sóc cơ thể | Massage,duoc-my-pham | duoc-my-pham/cham-soc-co-the | duoc-my-pham/massage,True,True,100,0,https://nhathuoclongchau.com.vn/duoc-my-pham/dau-xoa-bop-starbalm-massage-oil-50ml-29224.html,duoc-my-pham,0
94,00029923,"KEM BÔI FIXDERMA SKARFIX TX CREAM ĐẶC TRỊ NÁM, TÀN NHANG 15G","Kem bôi Fixderma Skarfix TX Cream giúp làm mờ vết thâm, đốm đen, vết nám, tàn nhang (15g)",duoc-my-pham/fixderma-skarfix-tx-cream-15g-kem-tri-nam-30190.html,301000.0,Hộp,đ,https://cdn.nhathuoclongchau.com.vn/unsafe/https://cms-prod.s3-sgn09.fptcloud.com/00029923_fixderma_skarfix_tx_cream_15g_kem_tri_nam_3940_62ae_large_6e5c18b0c0.jpg,"Tranexamic acid  , Capric Triglyceride  , Cetearyl Alcohol  , Vitamin C  , Tocopheryl acetate  , Kojic Dipalmitate  , Dicetyl phosphate  , Ceteth-10 Phosphate  ",,Fixderma,Hộp,"Dược mỹ phẩm | Giải pháp làn da | Kem hỗ trợ mờ nám, tàn nhang, đốm nâu",duoc-my-pham | duoc-my-pham/giai-phap-lan-da | duoc-my-pham/nam-tan-nhang-dom-nau,True,True,100,0,https://nhathuoclongchau.com.vn/duoc-my-pham/fixderma-skarfix-tx-cream-15g-kem-tri-nam-30190.html,duoc-my-pham,0
95,00031750,KEM BÔI FIXDERMA PREGGERS SOOTHING NIPPLE CREAM DƯỠNG ẨM GIẢM NỨT NÚM VÚ 20G,Kem bôi Fixderma Pregger's Soothing Nipple Cream dưỡng ẩm giảm nứt núm vú (20g),duoc-my-pham/fixderma-preggers-soothing-nipple-cream-20g-kem-duong-am-num-vu-31894.html,329000.0,Tuýp,đ,https://cdn.nhathuoclongchau.com.vn/unsafe/https://cms-prod.s3-sgn09.fptcloud.com/DSC_00221_3f23508eef.jpg,"Caprylic/capric triglyceride , Olea Europaea (Olive) Fruit Oil , Cocos nucifera Oil , Glyceryl Behenate , Glycerol , Hydrogenated castor oil , Glycine Soja (Soybean) Oil , Calendula Officinalis Flower Extract , Tocopherol , Fragrance ",Dạng kem,Fixderma,Tuýp x 20g,Dược mỹ phẩm | Chăm sóc cơ thể,duoc-my-pham | duoc-my-pham/cham-soc-co-the,True,True,100,0,https://nhathuoclongchau.com.vn/duoc-my-pham/fixderma-preggers-soothing-nipple-cream-20g-kem-duong-am-num-vu-31894.html,duoc-my-pham,0
96,00049287,GEL BÔI HỖ TRỢ SINH LÝ NAM BX HIRO MOISTURIZING BODY GEL 30ML,"Gel bôi hỗ trợ sinh lý nam BX Hiro moisturizing body gel giúp dưỡng ẩm, chống viêm (30ml)",duoc-my-pham/gel-boi-ho-tro-sinh-ly-nam-bx-hiro-moisturizing-body-gel-30-ml.html,350000.0,Hộp,đ,https://cdn.nhathuoclongchau.com.vn/unsafe/https://cms-prod.s3-sgn09.fptcloud.com/DSC_08592_2a169357c0.png,"Aqua , Glycerin , Propylene glycol , Carboxymethyl cellulose , Phenoxyethanol , Perfume , Aspartame , Chlorphenesin , Allantoin , Disodium EDTA , Butylene glycol , Aloe barbadensis leaf extract , HAMAMELIS VIRGININANA WATER , Ganoderma Lucidum Extract , Eurycoma longifolia , Panax ginseng root extract , Centella Asiatica Extract , Diazolidinyl urea ",Gel,BX HIRO,Hộp,Dược mỹ phẩm,duoc-my-pham,True,True,90,0,https://nhathuoclongchau.com.vn/duoc-my-pham/gel-boi-ho-tro-sinh-ly-nam-bx-hiro-moisturizing-body-gel-30-ml.html,duoc-my-pham,0
97,00048967,GEL RỬA MẶT DƯỠNG ẨM DÀNH CHO DA KHÔ VÀ DA NHẠY CẢM - SVR TOPIALYSE GEL LAVANT 200ML,"Gel rửa mặt SVR Topialyse Gel Lavant 200ml giúp làm sạch nhẹ nhàng, dưỡng ẩm và làm mềm mịn da",duoc-my-pham/gel-rua-mat-duong-am-danh-cho-da-kho-va-da-nhay-cam-svr-topialyse-gel-lavant-200-ml-1.html,320000.0,Tuýp,đ,https://cdn.nhathuoclongchau.com.vn/unsafe/https://cms-prod.s3-sgn09.fptcloud.com/DSC_07081_fa11df8363.jpg,"Aqua/Water/EAU , Coco-Glucoside , Coco-betaine , Glycerin , Parfum (Fragrance) , Acid citric , Sodium benzoate , Potassium sorbate ",,SVR,Tuýp x 200ml,"Dược mỹ phẩm | Chăm sóc da mặt | Sữa rửa mặt (Kem, gel, sữa)",duoc-my-pham | duoc-my-pham/cham-soc-da-mat | duoc-my-pham/sua-rua-mat-kem-gel-sua,True,True,90,0,https://nhathuoclongchau.com.vn/duoc-my-pham/gel-rua-mat-duong-am-danh-cho-da-kho-va-da-nhay-cam-svr-topialyse-gel-lavant-200-ml-1.html,duoc-my-pham,0
98,00048966,NƯỚC TẨY TRANG DÀNH CHO DA DẦU MỤN - SVR EAU MICELLAIRE SEBIACLEAR 400ML,Nước tẩy trang SVR Eau Micellaire Sebiaclear 400ml làm sạch da và tẩy trang lớp trang điểm dành cho da dầu mụn,duoc-my-pham/nuoc-tay-trang-danh-cho-da-dau-mun-svr-eau-micellaire-sebiaclear-400-ml.html,475000.0,Chai,đ,https://cdn.nhathuoclongchau.com.vn/unsafe/https://cms-prod.s3-sgn09.fptcloud.com/DSC_07077_6b78345004.jpg,"Aqua , Poloxamer 184 , PEG-7 Glyceryl Cocoate , Pentylene Glycol , Propanediol , Gluconolactone , 1,2-Hexanediol , Citric Acid , Sodium hydroxide , Cetrimonium Bromide , Parfum (Fragrance) ",,SVR,Chai x 400ml,"Dược mỹ phẩm | Chăm sóc da mặt | Nước tẩy trang, dầu tẩy trang",duoc-my-pham | duoc-my-pham/cham-soc-da-mat | duoc-my-pham/nuoc-tay-trang,True,True,90,0,https://nhathuoclongchau.com.vn/duoc-my-pham/nuoc-tay-trang-danh-cho-da-dau-mun-svr-eau-micellaire-sebiaclear-400-ml.html,duoc-my-pham,0
99,00048912,KEM CHỐNG NẮNG SẮC NGỌC KHANG SPF 50+ PA++++ NÂNG TONE NHẸ DÀNH CHO MỌI LOẠI DA 50G,Kem chống nắng Sắc Ngọc Khang SPF 50+ PA++++ nâng tone nhẹ dành cho mọi loại da (50g),duoc-my-pham/kem-chong-nang-sac-ngoc-khang-spf-50-pa-nang-tone-nhe-danh-cho-moi-loai-da-50-g.html,166000.0,Hộp,đ,https://cdn.nhathuoclongchau.com.vn/unsafe/https://cms-prod.s3-sgn09.fptcloud.com/DSC_09535_10bb3d35c9.jpg,"Aqua , Octocrylene , ethylhexyl methoxycinnamate , Butylene glycol , Cyclopentasiloxane , Butyl Methoxydibenzoylmethane , Titanium dioxide , Glyceryl stearate , Peg-100 stearate , Methylene Bis-Benzotriazolyl ",Kem,SẮC NGỌC KHANG,Hộp x 50g,Dược mỹ phẩm | Chăm sóc da mặt | Kem chống nắng da mặt,duoc-my-pham | duoc-my-pham/cham-soc-da-mat | duoc-my-pham/chong-nang-da-mat,True,True,90,0,https://nhathuoclongchau.com.vn/duoc-my-pham/kem-chong-nang-sac-ngoc-khang-spf-50-pa-nang-tone-nhe-danh-cho-moi-loai-da-50-g.html,duoc-my-pham,0
100,00048826,BỘT KHỬ MÙI LONGTIME SAO THÁI DƯƠNG 18G,"Bột khử mùi Longtime Sao Thái Dương giúp khử và hạn chế mồ hôi, hết ngứa (18g)",duoc-my-pham/bot-khu-mui-longtime-sao-thai-duong-18-g.html,50000.0,Hộp,đ,https://cdn.nhathuoclongchau.com.vn/unsafe/https://cms-prod.s3-sgn09.fptcloud.com/DSC_04709_1991bb1f05.png,"Bạch phàn , Talc , Zinc oxide , Copper sulfate , Tinh dầu ngải cứu ",Bột,Sao Thái Dương,Hộp,Dược mỹ phẩm | Chăm sóc cơ thể,duoc-my-pham | duoc-my-pham/cham-soc-co-the,True,True,90,0,https://nhathuoclongchau.com.vn/duoc-my-pham/bot-khu-mui-longtime-sao-thai-duong-18-g.html,duoc-my-pham,0
101,00048554,GEL TẮM GỘI CHO BÉ CORINE DE FARME BABY ULTRA RICH CLEANSING GEL DỊU NHẸ DÀNH CHO MỌI LOẠI DA 250ML,Gel tắm gội cho bé Corine de Farme Baby Ultra Rich Cleansing Gel dịu nhẹ dành cho mọi loại da (250ml),duoc-my-pham/corine-de-farme-baby-ultra-rich-cleansing-gel-gel-tam-goi-cho-be-danh-cho-moi-loai-da.html,215000.0,Chai,đ,https://cdn.nhathuoclongchau.com.vn/unsafe/https://cms-prod.s3-sgn09.fptcloud.com/DSC_03795_84dcdb4fa2.png,"Aqua , Lauryl glucoside , Cocamido Propyl Belaine , Sodium Lauroyl Sarcosinate , Decyl glucoside , Glycerin , Citric Acid , Sodium benzoate , Parfum , Coco-Glucoside , glycerin oleate , Panthenol , Calendula Officinalis Extract , Sodium hydroxide , Tocopherol , Hydrogenated Palm Glycerides Citrate ",Gel,Corine De Farme,Chai,Dược mỹ phẩm | Chăm sóc cơ thể,duoc-my-pham | duoc-my-pham/cham-soc-co-the,True,True,90,0,https://nhathuoclongchau.com.vn/duoc-my-pham/corine-de-farme-baby-ultra-rich-cleansing-gel-gel-tam-goi-cho-be-danh-cho-moi-loai-da.html,duoc-my-pham,100
102,00048481,"FIXDERMA PREGGERS LEG RELAXING GEL 60G - GEL DƯỠNG ẨM, GIẢM CHUỘT RÚT, PHÙ NỀ, GIÃN TĨNH MẠCH CHÂN DÀNH CHO BÀ BẦU","Gel Preggers Leg Relaxing 60g Fixderma dưỡng ẩm, giảm chuột rút, phù nề, giãn tĩnh mạch chân cho bà bầu ",duoc-my-pham/fixderma-preggers-leg-relaxing-gel-60-g-gel-duong-am-giam-chuot-rut-phu-ne-gian-tinh-mach-chan-danh-cho-ba-bau.html,312000.0,Tuýp,đ,https://cdn.nhathuoclongchau.com.vn/unsafe/https://cms-prod.s3-sgn09.fptcloud.com/DSC_02911_97f2cadddc.jpg,"Aqua , Butylene glycol , Niacinamide , Propanediol , Caprylyl glycol , Xanthan gum , Alcohol , Aesculus Hippocastanum Extract , Caprylhydroxamic Acid , Glycerin , Fragrance , Polysorbate 20 , Zingiber Zerumbet Extract ",Gel,Fixderma,Tuýp,Dược mỹ phẩm | Chăm sóc cơ thể,duoc-my-pham | duoc-my-pham/cham-soc-co-the,True,True,90,0,https://nhathuoclongchau.com.vn/duoc-my-pham/fixderma-preggers-leg-relaxing-gel-60-g-gel-duong-am-giam-chuot-rut-phu-ne-gian-tinh-mach-chan-danh-cho-ba-bau.html,duoc-my-pham,100
103,00048415,"MẶT NẠ PAX MOLY HYALURONIC ACID DEEP SEA WATER MASK PACK DƯỠNG ẨM, SÁNG DA VÀ CHỐNG LÃO HÓA HỘP X 10 MIẾNG","Mặt nạ Pax Moly Hyaluronic Acid Deep Sea Water Mask Pack dưỡng ẩm, sáng da và chống lão hóa (10 miếng)",duoc-my-pham/pax-moly-hyaluronic-acid-deep-sea-water-mask-pack-10-mieng-blue-mat-na-duong-da-mem-min-duong-am-sang-da-chong-lao-hoa.html,22000.0,Miếng,đ,https://cdn.nhathuoclongchau.com.vn/unsafe/https://cms-prod.s3-sgn09.fptcloud.com/DSC_02858_f818e1f5e4.jpg,"Water , Glycerin , Niacinamide , sea water , Phenoxyethanol , Xanthan gum , Butylene glycol , 1,2-Hexanediol , Carbomer , PEG-60 Hydrogenated castor oil , Undaria pinnatifida , Laminaria japonica , Ecklonia cava extract ",,PAX MOLY,Hộp 10 Miếng,Dược mỹ phẩm | Chăm sóc da mặt | Mặt nạ,duoc-my-pham | duoc-my-pham/cham-soc-da-mat | duoc-my-pham/mat-na,True,True,90,0,https://nhathuoclongchau.com.vn/duoc-my-pham/pax-moly-hyaluronic-acid-deep-sea-water-mask-pack-10-mieng-blue-mat-na-duong-da-mem-min-duong-am-sang-da-chong-lao-hoa.html,duoc-my-pham,100
104,00048414,"MẶT NẠ MIẾNG DƯỠNG ẨM PAX MOLY SUPER AQUA MASK PACK LÀM MỀM MỊN, CẢI THIỆN ĐỘ ĐÀN HỒI DA HỘP X 10 MIẾNG","Mặt nạ miếng dưỡng ẩm Pax Moly Super Aqua Mask Pack làm mềm mịn, cải thiện độ đàn hồi da (10 miếng)",duoc-my-pham/pax-moly-super-aqua-mask-pack-10-mieng-mat-na-duong-da-mem-min-duong-am-cai-thien-do-dan-hoi.html,22000.0,Miếng,đ,https://cdn.nhathuoclongchau.com.vn/unsafe/https://cms-prod.s3-sgn09.fptcloud.com/DSC_03282_4b7a9fa1b5.jpg,"Water , Glycerin , Niacinamide , sea water , propylen glycol , Butylen glycol , Hydroxyacetophenone , Propanediol , Centella Asiatica Extract , 1,2-Hexanediol , Carbomer , triethanolamine , PEG-60 Hydrogenated castor oil , Geranium maculatum , Althaea rosea flower ",,PAX MOLY,Hộp 10 Miếng,Dược mỹ phẩm | Chăm sóc da mặt | Mặt nạ,duoc-my-pham | duoc-my-pham/cham-soc-da-mat | duoc-my-pham/mat-na,True,True,90,0,https://nhathuoclongchau.com.vn/duoc-my-pham/pax-moly-super-aqua-mask-pack-10-mieng-mat-na-duong-da-mem-min-duong-am-cai-thien-do-dan-hoi.html,duoc-my-pham,100
105,00048413,MẶT NẠ PAX MOLY REAL COLLAGEN MASK PACK DƯỠNG DA MỀM MỊN DƯỠNG ẨM CẢI THIỆN ĐỘ ĐÀN HỒI DA HỘP X 10 MIẾNG,Mặt nạ Pax Moly Real Collagen Mask Pack dưỡng da mềm mịn dưỡng ẩm cải thiện độ đàn hồi da (10 miếng),duoc-my-pham/pax-moly-real-collagen-mask-pack-10-mieng-violet-mat-na-duong-da-mem-min-duong-am-cai-thien-do-dan-hoi-da.html,22000.0,Miếng,đ,https://cdn.nhathuoclongchau.com.vn/unsafe/https://cms-prod.s3-sgn09.fptcloud.com/DSC_02845_d1c99603c5.jpg,"Water , Glycerin , Niacinamide , Carbomer , triethanolamine , Disodium EDTA , Hydroxyethyl cellulose , Betaine , Sodium hyaluronate , Polysorbate 20 , Collagen , Panax Ginseng Extract , Illicium Verum Extract , Fruit Extract , Lactobacillus ",,PAX MOLY,Hộp 10 Miếng,Dược mỹ phẩm | Chăm sóc da mặt | Mặt nạ,duoc-my-pham | duoc-my-pham/cham-soc-da-mat | duoc-my-pham/mat-na,True,True,90,0,https://nhathuoclongchau.com.vn/duoc-my-pham/pax-moly-real-collagen-mask-pack-10-mieng-violet-mat-na-duong-da-mem-min-duong-am-cai-thien-do-dan-hoi-da.html,duoc-my-pham,100
106,00048412,"MẶT NẠ PAX MOLY REAL VITAMIN B5 MASK PACK (RED) DƯỠNG ẨM, SĂN CHẮC DA 10 MIẾNG","Mặt nạ Pax Moly Real Vitamin B5 Mask Pack (Red) dưỡng ẩm, săn chắc da (10 miếng)",duoc-my-pham/pax-moly-real-vitamin-b5-mask-pack-10-mieng-red-mat-na-duong-da-mem-min-duong-am-san-chac.html,22000.0,Miếng,đ,https://cdn.nhathuoclongchau.com.vn/unsafe/https://cms-prod.s3-sgn09.fptcloud.com/DSC_02835_f6f46f2336.jpg,"Water , Glycerin , Butylen glycol , Phenoxy ethanol , Xanthan gum , triethanolamine , PEG-60 Hydrogenated castor oil , Disodium EDTA , Fragrance , Tocophery acetate , Niacinamide , Betaine , Allantoin , Chamaecyparis Obtusa Water , Polysorbate 20 , Retinol , Capsicum Annuum Fruit , Citrus Limon (Lemon) , Tomato (Solanum Lycopersicum) Extract ",,PAX MOLY,Hộp 10 Miếng,Dược mỹ phẩm | Chăm sóc da mặt | Mặt nạ,duoc-my-pham | duoc-my-pham/cham-soc-da-mat | duoc-my-pham/mat-na,True,True,90,0,https://nhathuoclongchau.com.vn/duoc-my-pham/pax-moly-real-vitamin-b5-mask-pack-10-mieng-red-mat-na-duong-da-mem-min-duong-am-san-chac.html,duoc-my-pham,100
107,00048411,"MẶT NẠ GIẤY PAX MOLY REAL RETINOL DƯỠNG ẨM, MỀM MỊN, SĂN CHẮC DA HỘP X 10 MIẾNG","Mặt nạ giấy Pax Moly Real Retinol dưỡng ẩm, mềm mịn, săn chắc da (10 miếng)",duoc-my-pham/pax-moly-real-retinol-mask-pack-10-mieng-black-mat-na-duong-da-mem-min-duong-am-san-chac-chong-lao-hoa.html,22000.0,Miếng,đ,https://cdn.nhathuoclongchau.com.vn/unsafe/https://cms-prod.s3-sgn09.fptcloud.com/DSC_02847_fcb04b4584.jpg,"Water , Glycerin , Butylen glycol , Phenoxy ethanol , Xanthan gum , triethanolamine , PEG-60 Hydrogenated castor oil , Disodium EDTA , Fragrance , Adenosin , Niacinamide , Betaine , Allantoin , Cucumis Sativus Fruit Extract , Oenothera biennis l. oil ",,PAX MOLY,Hộp 10 Miếng,Dược mỹ phẩm | Chăm sóc da mặt | Mặt nạ,duoc-my-pham | duoc-my-pham/cham-soc-da-mat | duoc-my-pham/mat-na,True,True,90,0,https://nhathuoclongchau.com.vn/duoc-my-pham/pax-moly-real-retinol-mask-pack-10-mieng-black-mat-na-duong-da-mem-min-duong-am-san-chac-chong-lao-hoa.html,duoc-my-pham,100
108,00048410,"TINH CHẤT PAX MOLY ELASTIC (ROSE) GIÚP DA MỀM MỊN, CẢI THIỆN ĐỘ ĐÀN HỒI 30ML","Tinh chất Pax Moly Elastic (Rose) giúp da mềm mịn, cải thiện độ đàn hồi (30ml)",duoc-my-pham/pax-moly-elastic-30-ml-rose-tinh-chat-duong-da-giup-da-mem-min-duong-am-giam-nep-nhan-cai-thien-do-dan-hoi.html,300000.0,Hộp,đ,https://cdn.nhathuoclongchau.com.vn/unsafe/https://cms-prod.s3-sgn09.fptcloud.com/DSC_02754_a2bd6518fc.jpg,"Water , Niacinamide , Hydrolyzed Collagen , 1,2-Hexanediol , Methylpropanediol , Carbomer , Chamomile recutita , FREESIA REFACTA , HYDROLYZED EXTENSIN , Actinidia Chinensis Fruit Extract , Vitis Vinifera Fruit ",Serum,PAX MOLY,Hộp,"Dược mỹ phẩm | Chăm sóc da mặt | Serum, Essence hoặc Ampoule",duoc-my-pham | duoc-my-pham/cham-soc-da-mat | duoc-my-pham/serum-essence-hoac-ampoule,True,True,90,0,https://nhathuoclongchau.com.vn/duoc-my-pham/pax-moly-elastic-30-ml-rose-tinh-chat-duong-da-giup-da-mem-min-duong-am-giam-nep-nhan-cai-thien-do-dan-hoi.html,duoc-my-pham,100
109,00048409,"TINH CHẤT DƯỠNG DA PAX MOLY BLEMISH CARE (ORANGE) GIÚP DƯỠNG ẨM, LÀM SÁNG DA 30ML","Tinh chất dưỡng da Pax Moly Blemish Care (Orange) giúp dưỡng ẩm, làm sáng da (30ml)",duoc-my-pham/pax-moly-blemish-care-30-ml-orange-tinh-chat-duong-da-giup-da-mem-min-duong-am-lam-sang-da-mo-tham-nam-tan-nhang.html,300000.0,Hộp,đ,https://cdn.nhathuoclongchau.com.vn/unsafe/https://cms-prod.s3-sgn09.fptcloud.com/DSC_02730_4bbf2f9697.jpg,"Water , Niacinamide , Hippophae Rhamnoides Kernel Extract , Glycerin , Panthenol , Butylene glycol , 1,2-Hexanediol , Methylpropanediol , Tromethamine , Adenosin , Honey , Citrus aurantium dulcis peel oil , Vitis Vinifera Fruit ",Serum,PAX MOLY,Hộp,"Dược mỹ phẩm | Chăm sóc da mặt | Serum, Essence hoặc Ampoule",duoc-my-pham | duoc-my-pham/cham-soc-da-mat | duoc-my-pham/serum-essence-hoac-ampoule,True,True,90,0,https://nhathuoclongchau.com.vn/duoc-my-pham/pax-moly-blemish-care-30-ml-orange-tinh-chat-duong-da-giup-da-mem-min-duong-am-lam-sang-da-mo-tham-nam-tan-nhang.html,duoc-my-pham,100
110,00048408,"TINH CHẤT DƯỠNG ẨM PAX MOLY MOISTURE SERUM (BLUE) GIÚP DA MỀM MỊN, CẢI THIỆN ĐỘ ĐÀN HỒI 30ML","Tinh chất dưỡng ẩm Pax Moly Moisture Serum (Blue) giúp da mềm mịn, cải thiện độ đàn hồi (30ml)",duoc-my-pham/pax-moly-moisture-30-ml-blue-tinh-chat-duong-da-giup-da-mem-min-duong-am-cai-thien-do-dan-hoi.html,300000.0,Hộp,đ,https://cdn.nhathuoclongchau.com.vn/unsafe/https://cms-prod.s3-sgn09.fptcloud.com/DSC_02741_5d9cbf555a.jpg,"Water , Niacinamide , Hyaluronic acid , Glycerin , Panthenol , Butylene glycol , 1,2-Hexanediol , Methylpropanediol , Carbomer , Tromethamine , Xanthan gum , Allantoin ",Serum,PAX MOLY,Hộp,"Dược mỹ phẩm | Chăm sóc da mặt | Serum, Essence hoặc Ampoule",duoc-my-pham | duoc-my-pham/cham-soc-da-mat | duoc-my-pham/serum-essence-hoac-ampoule,True,True,90,0,https://nhathuoclongchau.com.vn/duoc-my-pham/pax-moly-moisture-30-ml-blue-tinh-chat-duong-da-giup-da-mem-min-duong-am-cai-thien-do-dan-hoi.html,duoc-my-pham,100
111,00047631,KEM TẨY TẾ BÀO CHẾT SẮC NGỌC KHANG LÀM SẠCH SÁNG MỊN ĐỀU MÀU DA 120G,Kem tẩy tế bào chết Sắc Ngọc Khang làm sạch sáng mịn đều màu da (120g),duoc-my-pham/tay-te-bao-chet-da-mat-lam-sach-sang-min-va-deu-mau-da-sac-ngoc-khang-120-g.html,140000.0,Tuýp,đ,https://cdn.nhathuoclongchau.com.vn/unsafe/https://cms-prod.s3-sgn09.fptcloud.com/DSC_00106_2_48f0bdddd8.jpg,"Aqua , Coffea Robusta (Coffee) Seed Powder , propylen glycol , Cocamido Propyl Belaine , Cetyl alcohol , Dimethicone , Glycerin , Oryza Sativa Bran , Olea Europaea (Olive) Fruit Oil ",Gel,SẮC NGỌC KHANG,Tuýp,Dược mỹ phẩm | Chăm sóc da mặt | Tẩy tế bào chết,duoc-my-pham | duoc-my-pham/cham-soc-da-mat | duoc-my-pham/tay-te-bao-chet,True,True,90,0,https://nhathuoclongchau.com.vn/duoc-my-pham/tay-te-bao-chet-da-mat-lam-sach-sang-min-va-deu-mau-da-sac-ngoc-khang-120-g.html,duoc-my-pham,100
112,00047493,GEL TẮM GỘI TRẺ EM - MUSTELA GENTLE CLEANSING GEL LAVANT DOUX 500ML,Gel tắm gội trẻ em Mustela Gentle Cleansing Gel Lavant Doux 500ml giúp làm sạch mái tóc và làn da,duoc-my-pham/gel-tam-goi-tre-em-mustela-gentle-cleansing-gel-lavant-doux-500-ml.html,335000.0,Chai,đ,https://cdn.nhathuoclongchau.com.vn/unsafe/https://cms-prod.s3-sgn09.fptcloud.com/DSC_07072_8968b93602.jpg,"Aqua/Water/EAU , Glycerin , Cocamido Propyl Belaine , Sodium myreth sulfate , PEG-7 Glyceryl Cocoate , Coco-Glucoside , PEG-150 Distearate , Glyceryl Cappylate , Glycol Distearate , Parfum (Fragrance) , Citric Acid , Panthenol , Potassium sorbate , Persea Gratissima Fruit Extract ",,MUSTELA,Chai x 500ml,"Dược mỹ phẩm | Chăm sóc cơ thể | Sữa tắm, xà bông",duoc-my-pham | duoc-my-pham/cham-soc-co-the | duoc-my-pham/sua-tam-xa-bong,True,True,90,0,https://nhathuoclongchau.com.vn/duoc-my-pham/gel-tam-goi-tre-em-mustela-gentle-cleansing-gel-lavant-doux-500-ml.html,duoc-my-pham,100
113,00047449,"DẦU MASSAGE CHO BÉ NOURISH & CARE BABY OIL COBOTE DƯỠNG ẨM, LÀM DỊU VẾT CÔN TRÙNG CẮN  50ML","Dầu massage cho bé Nourish & Care Baby Oil Cobote dưỡng ẩm, làm dịu vết côn trùng cắn (50ml)",duoc-my-pham/dau-massage-cho-be-nourish-and-care-baby-oil-cobote-100-ml-duong-am-giu-am-lam-diu-vet-con-trung-can-giam-rom-say-cut-trau-cho-be.html,139000.0,Hộp,đ,https://cdn.nhathuoclongchau.com.vn/unsafe/https://cms-prod.s3-sgn09.fptcloud.com/DSC_02425_5e841896cc.jpg,"Cocos nucifera Oil , Sesamum Indicum (Sesame) Seed Oil (Sesamum Indicum) , Oryza Sativa (Rice) Bran , Caprylic/capric triglyceride , Squalane , Tocopheryl acetate , Bisabolol , Melaleuca Leucadendron Cajaputi Oil ",Dung dịch,COBOTE,Hộp,Dược mỹ phẩm | Chăm sóc cơ thể,duoc-my-pham | duoc-my-pham/cham-soc-co-the,True,True,90,0,https://nhathuoclongchau.com.vn/duoc-my-pham/dau-massage-cho-be-nourish-and-care-baby-oil-cobote-100-ml-duong-am-giu-am-lam-diu-vet-con-trung-can-giam-rom-say-cut-trau-cho-be.html,duoc-my-pham,100
114,00047371,KEM BÔI DƯỠNG ẨM DA LÔ HỘI ALOINS EAUDÉ CREAM S DÙNG CHO MẶT VÀ TOÀN THÂN 180G,Kem dưỡng ẩm da lô hội Aloins Eaudé Cream S dùng cho mặt và toàn thân (180g),duoc-my-pham/kem-duong-am-da-lo-hoi-dung-cho-mat-va-toan-than-aloins-eaude-creams-180-g-1.html,390000.0,Hũ,đ,https://cdn.nhathuoclongchau.com.vn/unsafe/https://cms-prod.s3-sgn09.fptcloud.com/DSC_01825_93bffbacf8.jpg,"Glycyrrhetinyl stearate , Water , Glycerin , Mineral oil , Isopropyl myristate , Sorbitol , Cetyl alcohol , Glyceryl stearate , Ceteth-20 , Ceresin , Aloe barbadensis leaf extract , Sorbitan Stearate , Stearic acid , Dimethicone , Stearamide , PVP , Sodium cetyl sulfate , Laureth-9 , Tocopherol , Butylene glycol , Methylparaben , Propylparaben ",Dạng kem,ALOINS,Hũ,"Dược mỹ phẩm | Chăm sóc cơ thể | Sữa dưỡng thể, kem dưỡng thể",duoc-my-pham | duoc-my-pham/cham-soc-co-the | duoc-my-pham/duong-the,True,True,90,0,https://nhathuoclongchau.com.vn/duoc-my-pham/kem-duong-am-da-lo-hoi-dung-cho-mat-va-toan-than-aloins-eaude-creams-180-g-1.html,duoc-my-pham,100
115,00046404,"SỮA TẮM GỘI CHO TRẺ SƠ SINH VÀ TRẺ NHỎ 2IN1 BIMUNICA DỊU NHẸ, AN TOÀN CHO DA VÀ TÓC 250ML","Sữa tắm gội cho trẻ sơ sinh và trẻ nhỏ 2in1 Bimunica dịu nhẹ, an toàn cho da và tóc (250ml)",duoc-my-pham/sua-tam-goi-2-in-1-bimunica-250-ml-danh-cho-tre-so-sinh-va-tre-nho.html,220000.0,Chai,đ,https://cdn.nhathuoclongchau.com.vn/unsafe/https://cms-prod.s3-sgn09.fptcloud.com/DSC_06402_4c407ba14d.jpg,"Water , Cocamidopropyl , Betaine , Coco-Glucoside , Lauroyl Methyl Glucamide , Glycerin , Citrus Unshiu Peel Extract , Panthenol , Gossypium Herbaceum extract , Chamomilla Recutita Flower , Polyquatermium-10 , Xanthan gum , Propanediol , Citric Acid , Fragrance ",,BIMUNICA,Chai,"Dược mỹ phẩm | Chăm sóc cơ thể | Sữa tắm, xà bông",duoc-my-pham | duoc-my-pham/cham-soc-co-the | duoc-my-pham/sua-tam-xa-bong,True,True,90,0,https://nhathuoclongchau.com.vn/duoc-my-pham/sua-tam-goi-2-in-1-bimunica-250-ml-danh-cho-tre-so-sinh-va-tre-nho.html,duoc-my-pham,100
116,00045847,"KEM BÔI URIAGE XEMOSE CRÈME REPLIPIDANTE ANTI-IRRIATIONS GIẢM VIÊM DA CƠ ĐỊA, MỀM DA 200ML","Kem bôi Uriage Xémose Crème Replipidante Anti-Irriations giảm viêm da cơ địa, mềm da (200ml)",duoc-my-pham/kem-boi-uriage-xemose-creme-replipidante-anti-irriations-giam-viem-da-co-dia-mem-da-200-ml.html,464000.0,Hộp,đ,https://cdn.nhathuoclongchau.com.vn/unsafe/https://cms-prod.s3-sgn09.fptcloud.com/DSC_9718_350b627b6b.png,"Aqua , Paraffinum Liquidum , Butyrospermum Parkii (Shea) Butter , Dicaprylyl Ether , Glycerin , Polysorbate 60 , Butylene glycol , Cetyl alcohol , Squalane , Sodium Polyacrylate , Glyceryl stearate , Peg-100 stearate , Brassica Campestris (Rapeseed) Sterols , Dimethicone , Chlorphenesin , Tocopheryl acetate , Cetrimonium Bromide , o-Cymen-5-ol , Piroctone Olamine , Xanthan gum , Raspberry , RASPBERRY SEED OIL/PALM OIL AMINOPROPANEDIOL ESTERS , Asiaticoside , Phytosphingosine , Borage Seed Oil Aminopropanediol Amides ",,Uriage,Hộp x 200ml,Dược mỹ phẩm | Chăm sóc cơ thể,duoc-my-pham | duoc-my-pham/cham-soc-co-the,True,True,90,0,https://nhathuoclongchau.com.vn/duoc-my-pham/kem-boi-uriage-xemose-creme-replipidante-anti-irriations-giam-viem-da-co-dia-mem-da-200-ml.html,duoc-my-pham,100
117,00044795,"MẶT NẠ MIẾNG JMSOLUTION ACTIVE GOLDEN CAVIAR NOURISHING MASK TRỨNG CÁ TẦM PHỤC HỒI, LÀM SÁNG DA GÓI 30ML","Mặt nạ miếng JMSolution Active Golden Caviar Nourishing Mask trứng cá tầm phục hồi, làm sáng da (Gói 30ml)",duoc-my-pham/jmsolution-active-golden-caviar-nourishing-mask-30-ml-mat-na-trung-ca-tam-phuc-hoi-tai-tao-da.html,28000.0,Cái,đ,https://cdn.nhathuoclongchau.com.vn/unsafe/https://cms-prod.s3-sgn09.fptcloud.com/DSC_04749_465837e922.jpg,"Water , Glycerin , Glycereth-26 , Methylpropanediol , Phenoxyethanol , Trehalose , Carbomer , Allantoin , Betaine , PEG-60 Hydrogenated castor oil , triethanolamine , Butylene glycol , Ethylhexyglycerin , Disodium EDTA , 1,2-Hexanediol , Glyceryl polyacrylate , Caviar Extract ",,JM SOLUTION,Cái,Dược mỹ phẩm | Chăm sóc da mặt | Mặt nạ,duoc-my-pham | duoc-my-pham/cham-soc-da-mat | duoc-my-pham/mat-na,True,True,90,0,https://nhathuoclongchau.com.vn/duoc-my-pham/jmsolution-active-golden-caviar-nourishing-mask-30-ml-mat-na-trung-ca-tam-phuc-hoi-tai-tao-da.html,duoc-my-pham,100
118,00044794,MẶT NẠ JMSOLUTION ACTIVE BIRDS' NEST MOISTURE MASK PRIME CẤP ẨM SÂU,Mặt nạ JMSolution Active Birds' Nest Moisture Mask Prime cấp ẩm sâu,duoc-my-pham/mat-na-jmsolution-active-birds-nest-moisture-mask-prime.html,28000.0,Cái,đ,https://cdn.nhathuoclongchau.com.vn/unsafe/https://cms-prod.s3-sgn09.fptcloud.com/DSC_04753_6b2f384509.jpg,"Water , Glycerin , Methylpropanediol , Phenoxyethanol , hydroxyethylcellulose , Butylene glycol , Polysorbate 80 , Betaine , Allantoin , Swiftlet Nest Extract , Carbomer , triethanolamine , Disodium EDTA , 1,2-Hexanediol , Ethylhexylglycerin , Dipotassium Glycyrrhizinate , Fragrance ",,JM SOLUTION,Cái,Dược mỹ phẩm | Chăm sóc da mặt | Mặt nạ,duoc-my-pham | duoc-my-pham/cham-soc-da-mat | duoc-my-pham/mat-na,True,True,90,0,https://nhathuoclongchau.com.vn/duoc-my-pham/mat-na-jmsolution-active-birds-nest-moisture-mask-prime.html,duoc-my-pham,100
119,00044793,MẶT NẠ GIẤY JMSOLUTION WATER LUMINOUS S.O.S RINGER MASK CẤP ẨM CHUYÊN SÂU LÀM DỊU DA GIẢM KÍCH ỨNG,Mặt nạ giấy JMSolution Water Luminous S.O.S Ringer Mask cấp ẩm chuyên sâu làm dịu da giảm kích ứng,duoc-my-pham/jmsolution-water-luminous-s-o-s-ringer-mask-35-ml-mat-na-cap-am-chuyen-sau-lam-diu-da-1.html,28000.0,Cái,đ,https://cdn.nhathuoclongchau.com.vn/unsafe/https://cms-prod.s3-sgn09.fptcloud.com/DSC_04758_0b4f5ae476.jpg,"Water , Glycereth-26 , PEG/PPG-17/6 copolymer , Glycerin , Niacinamide , hydroxyethyl urea , Phenoxyethanol , Trehalose , Arginine , Betaine , Panthenol , Allantoin , Ethylhexylglycerin , Maltodextrin , Butylene glycol , hydroxyethylcellulose ",,JM SOLUTION,Cái,Dược mỹ phẩm | Chăm sóc da mặt | Mặt nạ,duoc-my-pham | duoc-my-pham/cham-soc-da-mat | duoc-my-pham/mat-na,True,True,90,0,https://nhathuoclongchau.com.vn/duoc-my-pham/jmsolution-water-luminous-s-o-s-ringer-mask-35-ml-mat-na-cap-am-chuyen-sau-lam-diu-da-1.html,duoc-my-pham,100
120,00044082,"DUNG DỊCH VỆ SINH PHỤ NỮ DẠNG BỌT NATURAL FEMININE LÁ SEN LÀM SẠCH, KHÔNG GÂY KHÔ RÁT KÍCH ỨNG 160ML","Dung dịch vệ sinh phụ nữ dạng bọt Natural Feminine làm sạch, không gây khô rát kích ứng (160ml)",duoc-my-pham/dung-dich-ve-sinh-phu-nu-dang-bot-natural-feminine-la-sen-160-ml-1.html,135000.0,Hộp,đ,https://cdn.nhathuoclongchau.com.vn/unsafe/https://cms-prod.s3-sgn09.fptcloud.com/DSC_09198_ce57d8d10d.png,"Aqua , Cocamido Propyl Belaine , Disodium Laureth Sulfosuccinate , Decyl glucoside , Poly-quaternium-7 , Sodium benzoate , Niacinamide , Vitamin B5 , Nelumbo nucifera leaf extract , Aloe barbadensis leaf extract , Glycerin , Piper Betle (Leaf) Extract , Camellia Sinensis Leaf Extract , Rosa Centifolia Flower Extract , Prunus Mume Fruit Extract , Centella Asiatica Extract , Undaria Pinnatifida Extract ",Dạng bọt,Natural Feminine,Hộp,"Dược mỹ phẩm | Chăm sóc cơ thể | Lăn khử mùi, xịt khử mùi",duoc-my-pham | duoc-my-pham/cham-soc-co-the | duoc-my-pham/khu-mui,True,True,90,0,https://nhathuoclongchau.com.vn/duoc-my-pham/dung-dich-ve-sinh-phu-nu-dang-bot-natural-feminine-la-sen-160-ml-1.html,duoc-my-pham,100
121,00044081,"DUNG DỊCH VỆ SINH PHỤ NỮ DẠNG BỌT NATURAL FEMININE LAVENDER LÀM SẠCH VÀ BẢO VỆ VÙNG KÍN, DUY TRÌ CÂN BẰNG PH 160ML","Dung dịch vệ sinh phụ nữ dạng bọt Natural Feminine Lavender làm sạch và bảo vệ vùng kín, duy trì cân bằng pH (160ml)",duoc-my-pham/dung-dich-ve-sinh-phu-nu-dang-bot-natural-feminine-lavender-160-ml.html,135000.0,Hộp,đ,https://cdn.nhathuoclongchau.com.vn/unsafe/https://cms-prod.s3-sgn09.fptcloud.com/DSC_09254_222f7620fd.png,"Aqua , Cocamidopropyl betaine , Disodium Laureth Sulfosuccinate , Decyl glucoside , Poly-quaternium-7 , Sodium benzoate , Niacinamide , Vitamin B5 , Bellis Perennis Flower Extract , Piper Betle (Leaf) Extract , Aloe barbadensis leaf extract , Camellia Sinensis Leaf Extract , Rosa Centifolia Flower Extract , Prunus Mume Fruit Extract ",Dạng bọt,Natural Feminine,Hộp x 160ml,"Dược mỹ phẩm | Chăm sóc cơ thể | Lăn khử mùi, xịt khử mùi",duoc-my-pham | duoc-my-pham/cham-soc-co-the | duoc-my-pham/khu-mui,True,True,90,0,https://nhathuoclongchau.com.vn/duoc-my-pham/dung-dich-ve-sinh-phu-nu-dang-bot-natural-feminine-lavender-160-ml.html,duoc-my-pham,100
122,00043806,GỘI PHỦ BẠC FLASH LAVOX MÀU NÂU CÀ PHÊ G04 150ML,Gội phủ bạc Flash Lavox màu nâu cà phê G04 (150ml),duoc-my-pham/goi-phu-bac-flash-lavox-mau-nau-ca-phe-g04-150-ml.html,158000.0,Hộp,đ,https://cdn.nhathuoclongchau.com.vn/unsafe/https://cms-prod.s3-sgn09.fptcloud.com/DSC_09837_d1295f97b4.jpg,"Deionized Water , Sodium laurilsulfate , Cocamido Propyl Belaine , Acrylates/Steareth-20 Methacrylate , Sodium Cocoyl Isethionate , Ethanolamine , propylen glycol , Polyquaternium-39 , p-Phenylenediamine , m-Aminophenol , Peg-40 Hydrogenated Castor Oil , Perfume , Sodium sulfide , Resorcinol , Sodium Erythorbate , p-Aminophenol , Sodium edetate , Macadamia Ternifolia Seed Oil , Olive Oil PEG-7 Esters , Argania Spinosa Kernel Oil , Panthenol , Camellia japonica seed oil , Polyquatermium-7 , 4-amino-2-hydroxybenzoic acid ",Gel,LAVOX,Hộp,Dược mỹ phẩm | Chăm sóc tóc - da đầu | Dầu gội dầu xả,duoc-my-pham | duoc-my-pham/cham-soc-toc-da-dau | duoc-my-pham/dau-goi-dau-xa,True,True,90,0,https://nhathuoclongchau.com.vn/duoc-my-pham/goi-phu-bac-flash-lavox-mau-nau-ca-phe-g04-150-ml.html,duoc-my-pham,100
123,00043048,KEM BÔI FIXDERMA NIGRILITE LÀM MỜ VẾT THÂM CƠ THỂ 50G,Kem bôi Fixderma Nigrilite làm mờ vết thâm cơ thể (50g),duoc-my-pham/kem-duong-lam-mo-cac-vet-tham-tren-co-the-fixderma-nigrilite-cream-50-g.html,270000.0,Hộp,đ,https://cdn.nhathuoclongchau.com.vn/unsafe/https://cms-prod.s3-sgn09.fptcloud.com/DSC_08517_f51e0d88e1.jpg,"Water , Lactic Acid , Urea , Prunus Amygdalus Dulcis Oil , Lecithin, Retinol, Water, Glycerin , Aloe barbadensis leaf juice , Glycerin , Cetearyl Alcohol, Ceteareth-20 , Simmondsia Chinensis Seed Oil , Phenoxyethanol, Ethylhexyglycerin , Melaleuca Alternifolia Leaf Oil , Zinc oxide , Camphor , Xanthan gum ",Dạng kem,Fixderma,Hộp,"Dược mỹ phẩm | Giải pháp làn da | Da sạm, xỉn màu",duoc-my-pham | duoc-my-pham/giai-phap-lan-da | duoc-my-pham/da-sam-xin-mau,True,True,90,0,https://nhathuoclongchau.com.vn/duoc-my-pham/kem-duong-lam-mo-cac-vet-tham-tren-co-the-fixderma-nigrilite-cream-50-g.html,duoc-my-pham,100
124,00042799,XỊT KHỬ MÙI ETIAXIL DEODORANT ANTI TRANSPIRANT PROTECTION 48H KHỬ MÙI HÔI CHÂN VÀ CƠ THỂ 100ML,Xịt khử mùi Etiaxil Deodorant Anti Transpirant Protection 48h khử mùi hôi chân và cơ thể (100ml),duoc-my-pham/xit-khu-mui-hoi-chan-etiaxil-deodorant-anti-transpirant-protection-48-h-100-ml.html,290000.0,Chai,đ,https://cdn.nhathuoclongchau.com.vn/unsafe/https://cms-prod.s3-sgn09.fptcloud.com/DSC_06058_3c56e48f6b.jpg,"Aqua , Aluminum sesquichlorohydrate , Propylene glycol , Glycerin , Triethyl citrate , Peg-40 Hydrogenated Castor Oil , Coco-Glucoside , Parfum , 2-methyl 5-cyclohexylpenta-nol ",Dạng xịt,ETIAXIL,Chai,"Dược mỹ phẩm | Chăm sóc cơ thể | Lăn khử mùi, xịt khử mùi",duoc-my-pham | duoc-my-pham/cham-soc-co-the | duoc-my-pham/khu-mui,True,True,90,0,https://nhathuoclongchau.com.vn/duoc-my-pham/xit-khu-mui-hoi-chan-etiaxil-deodorant-anti-transpirant-protection-48-h-100-ml.html,duoc-my-pham,100
125,00042104,MẶT NẠ NGỦ MỀM MỊN VÀ CĂNG BÓNG DA MẶT CARE:NEL AQUA NIGHT MASK 15ML,Mặt nạ ngủ Care:nel Aqua Night Mask giúp làm mềm mịn và căng bóng da mặt (15ml),duoc-my-pham/mat-na-ngu-mem-min-va-cang-bong-da-mat-care-nel-aqua-night-mask-15-ml.html,70000.0,Hộp,đ,https://cdn.nhathuoclongchau.com.vn/unsafe/https://cms-prod.s3-sgn09.fptcloud.com/1_9dbb748ea6.jpg,"Water , Cyclopentasiloxane , Butylene glycol , Glycerin , Cyclohexasiloxane , Propanediol , Trehalose , Portulaca Oleracea Extract , Centella Asiatica Extract , Arnica Montana Flower Extract , Helianthus Annuus (Sunflower) Seed Oil , Hydrogenated Lecithin , Ceramide NP , Phytosphingosine , Camellia Sinensis Leaf Extract , Moringa Pterygosperma Seed Extract ",Dạng kem,CARE:NEL,Hộp,Dược mỹ phẩm | Chăm sóc da mặt | Dưỡng da mặt,duoc-my-pham | duoc-my-pham/cham-soc-da-mat | duoc-my-pham/duong-da-mat,True,True,90,0,https://nhathuoclongchau.com.vn/duoc-my-pham/mat-na-ngu-mem-min-va-cang-bong-da-mat-care-nel-aqua-night-mask-15-ml.html,duoc-my-pham,100
126,00042099,MẶT NẠ NGỦ MÔI DƯỠNG ẨM CARE:NEL BERRY HƯƠNG DÂU 5G,Mặt nạ ngủ môi dưỡng ẩm Care:nel Berry hương dâu (5g),duoc-my-pham/mat-na-ngu-moi-duong-am-cang-bong-mem-min-moi-huong-dau-care-nel-berry-lip-night-mask-5-g.html,70000.0,Hộp,đ,https://cdn.nhathuoclongchau.com.vn/unsafe/https://cms-prod.s3-sgn09.fptcloud.com/carenel_61aa187522.jpg,"Polyisobutene , Mineral oil , Petrolatum , Disostearyl Malate , Apis mellifera (bees) wax , Euphorbia Cerifera (Candelilla) Wax , Ceresin , Sorbitan Sesquioleate , Caprylyl glycol , Fragrance , Titanium dioxide , Hydrogenated Styrene/Isoprene Copolymer , Polyglyceryl-2 Trisostearate , Synthetic Fluorphlogopite , Tocopheryl acetate , 1,2 Hexanediol , CI 19140 , CI 15850 , Tin Oxide , Olea Europaea (Olive) Fruit Oil , Butylene glycol , Macadamia Integrifolia Seed Oil , Tocopherol , Lavandula Angustifolia (Lavender) Flower Extract , Water , Rosa Canina Flower Extract , Chamomilla Recutita (Matricaria) Flower Extract , Paeonia Officinalis Flower Extract , Rosa Centifolia Flower Extract , Camellia Japonica Rower Extract , Lillum Tigrinum Extract , Rubus idaeus (Raspberry) Fruit Extract , Fragaria Chiloensis (Strawberry) Fruit Extract , Punica Granatum Fruit Extract , Tricholoma Matsutaks Extract , Nelumbo Nucifera Flower Extract , Schizandra Chinensis Fruit Extract , Panax ginseng root extract , Moringa Pterygosperma Seed Extract ",Dạng sáp,CARE:NEL,Hộp,Dược mỹ phẩm | Mỹ phẩm trang điểm,duoc-my-pham | duoc-my-pham/my-pham-trang-diem,True,True,90,0,https://nhathuoclongchau.com.vn/duoc-my-pham/mat-na-ngu-moi-duong-am-cang-bong-mem-min-moi-huong-dau-care-nel-berry-lip-night-mask-5-g.html,duoc-my-pham,100
127,00040681,KEM BÔI DƯỠNG ẨM CHO BÉ TO PLAN OKOSAMA CREAM CHỐNG NỨT NẺ DA 110G,Kem bôi dưỡng ẩm cho bé To Plan Okosama Cream chống nứt nẻ da (110g),duoc-my-pham/kem-duong-am-chong-nut-ne-da-cho-be-to-plan-okosama-cream-110-g.html,249000.0,Hộp,đ,https://cdn.nhathuoclongchau.com.vn/unsafe/https://cms-prod.s3-sgn09.fptcloud.com/DSC_00014_f49f006ae1.jpg,"Water , Glycerin , Triethylhexanoin , Butylene glycol , Cyclopentasiloxane , Glyceryl stearate , Triisostearin , Stearic acid , Behenyl alcohol , Polysorbate 60 , Dimethicone , Carbomer , Phenoxyethanol , Methylparaben , Arginine , Xanthan gum , Sodium hyaluronate , Polyquaternium-51 , Tocopheryl acetate , Betaine , Sodium PCA , Sorbitol , Serine , Glycine , Glutamic Acid , Alanine , Lysine , Threonine , Proline , Hydrolyzed Collagen , Ceramide 3 , Ceramide 6 II , Ceramide 1 , Phytosphingosine , Cholesterol , SODIUM LAUROYL LACTYLATE ",Dạng kem,OMI,Hộp x 110g,Dược mỹ phẩm | Chăm sóc cơ thể,duoc-my-pham | duoc-my-pham/cham-soc-co-the,True,True,90,0,https://nhathuoclongchau.com.vn/duoc-my-pham/kem-duong-am-chong-nut-ne-da-cho-be-to-plan-okosama-cream-110-g.html,duoc-my-pham,100
128,00039221,NƯỚC NHUỘM PHỦ BẠC NÂU HẠT DẺ SEEDBEE WATER COLORING MEDIUM BROWN NBIYAN 30G,Nước nhuộm phủ bạc nâu hạt dẻ Seedbee Water Coloring Medium Brown NBIYAN (30g),duoc-my-pham/nuoc-nhuom-phu-bac-nau-hat-de-seedbee-water-coloring-medium-browm-nbiyan-30-g.html,299000.0,Hộp,đ,https://cdn.nhathuoclongchau.com.vn/unsafe/https://cms-prod.s3-sgn09.fptcloud.com/DSC_09932_bc701e2141.jpg,"Zea mays starch , Sorbitol , Maltodextrin , Cellulose gum , Sodium Polyacrylate , Xylitol , Sodium sulfate , Coix Lacryma-Jobi Ma-Yuen Seed Extract , Salvia officinalis leaf extract , Acacia Concinna Fruit Powder , 2,4-Diaminophenoxyethanol HCL , p-Phenylenediamine , Camellia Sinensis Leaf Extract , m-Aminophenol , Lavandula angustifolia (lavender) oil , Aloe Barbadensis Extract , p-Aminophenol , 4-Nitro-o-Phenylenediamine , Panthenol , Ascorbic Acid , Biotin , Disodium EDTA , Oryza Sativa (Rice) Bran , Glycine max seed , Phaseolus Radiatus Seed Powder , Sesamum Indicum (Sesame) Seed Oil (Sesamum Indicum) , Hordeum Vulgare Powder , Polygonum Fagopyrum (Buckwheat) Flour , Vigna Angularis Seed Powder , Glycyrrhiza Glabra (Licorice) Root Powder , Sophora flavescens root , Avena Sativa (oat) kernel meal , Rosmarinus Officinalis (Rosemary) Extract , Chamomilla Recutita (Matricaria) Flower Extract , Jasminum Officinale (Jasmine) Flower Powder , Thymus Vulgaris Extract , Melissa Officinalis Leaf Extract , Anethum Graveolens (Dill) Leaf Powder , Ocimum basilicum , Eucalyptus Globulus Leaf Extract , Eclipta Prostrata Leaf Powder , Laminaria Angustata Extract , Phaseolus Angularis Seed Powder , Salvia Hispanica (Hạt chia) , Undaria pinnatifida , Yeast Ribes Nigrum (Black Currant) Fruit Powder , Pueraria Lobata , Pinus Densiflora Leaf Extract , Ginkgo biloba extract , Artemisia Princeps Leaf Extract , Cnidium Officinale Rhizome Extract ",Dung dịch,NBIYAN,Hộp x 30g,Dược mỹ phẩm | Chăm sóc tóc - da đầu,duoc-my-pham | duoc-my-pham/cham-soc-toc-da-dau,True,True,90,0,https://nhathuoclongchau.com.vn/duoc-my-pham/nuoc-nhuom-phu-bac-nau-hat-de-seedbee-water-coloring-medium-browm-nbiyan-30-g.html,duoc-my-pham,100
129,00039220,NƯỚC NHUỘM PHỦ BẠC - NÂU ĐEN SEEDBEE WATER COLORING DARK BROWN NBIYAN 30G,Nước nhuộm phủ bạc - nâu đen Seedbee Water Coloring Dark Brown Nbiyan (30g),duoc-my-pham/nuoc-nhuom-phu-bac-nau-den-seedbee-water-coloring-dark-brown-nbiyan-30-g.html,299000.0,Hộp,đ,https://cdn.nhathuoclongchau.com.vn/unsafe/https://cms-prod.s3-sgn09.fptcloud.com/DSC_09956_1_791c90bc01.jpg,"Zea mays starch , Sorbitol , Maltodextrin , Cellulose gum , Sodium Polyacrylate , Xylitol , Sodium sulfate , Coix Lacryma-Jobi Ma-Yuen Seed Extract , Salvia officinalis leaf extract , Camellia Sinensis Leaf Extract , Acacia Concinna Fruit Powder , 2,4-Diaminophenoxyethanol HCL , p-Phenylenediamine , m-Aminophenol , Aloe Barbadensis Extract , p-Aminophenol , 4-Nitro-o-Phenylenediamine , Panthenol , Ascorbic Acid , Biotin , Disodium EDTA , Oryza Sativa (Rice) Bran , Glycine max seed , Phaseolus Radiatus Seed Powder , Sesamum Indicum (Sesame) Seed Oil (Sesamum Indicum) , Hordeum Vulgare Powder , Polygonum Fagopyrum (Buckwheat) Flour , Vigna Angularis Seed Powder , Glycyrrhiza Glabra (Licorice) Root Powder , Sophora flavescens root , Avena Sativa (oat) kernel meal , Rosmarinus Officinalis (Rosemary) Extract , Lavandula angustifolia (lavender) oil , Chamomilla Recutita (Matricaria) Flower Extract , Jasminum Officinale (Jasmine) Flower Powder , Thymus Vulgaris Extract , Melissa Officinalis Leaf Extract , Anethum Graveolens (Dill) Leaf Powder , Ocimum basilicum , Eucalyptus Globulus Leaf Extract , Eclipta Prostrata Leaf Powder , Laminaria Angustata Extract , Phaseolus Angularis Seed Powder , Salvia Hispanica (Hạt chia) , Undaria pinnatifida , Yeast Ribes Nigrum (Black Currant) Fruit Powder , Pueraria Lobata , Pinus Densiflora Leaf Extract , Ginkgo biloba extract , Artemisia Princeps Leaf Extract , Cnidium Officinale Rhizome Extract ",Dung dịch,NBIYAN,Hộp x 30g,Dược mỹ phẩm | Chăm sóc tóc - da đầu,duoc-my-pham | duoc-my-pham/cham-soc-toc-da-dau,True,True,90,0,https://nhathuoclongchau.com.vn/duoc-my-pham/nuoc-nhuom-phu-bac-nau-den-seedbee-water-coloring-dark-brown-nbiyan-30-g.html,duoc-my-pham,100
130,00039219,NƯỚC NHUỘM PHỦ BẠC ĐEN TỰ NHIÊN SEEDBEE WATER COLORING NATURAL BLACK NBIYAN 30G,Nước nhuộm phủ bạc đen tự nhiên Seedbee Water Coloring Natural Black NBIYAN (30g),duoc-my-pham/nuoc-nhuom-phu-bac-den-tu-nhien-seedbee-water-coloring-natural-black-nbiyan-30-g.html,299000.0,Hộp,đ,https://cdn.nhathuoclongchau.com.vn/unsafe/https://cms-prod.s3-sgn09.fptcloud.com/DSC_09942_b687e8a034.jpg,"Zea mays starch , Sorbitol , Maltodextrin , Cellulose gum , Sodium Polyacrylate , Xylitol , Sodium sulfate , Coix Lacryma-Jobi Ma-Yuen Seed Extract , Salvia officinalis leaf extract , Camellia Sinensis Leaf Extract , Acacia Concinna Fruit Powder , 2,4-Diaminophenoxyethanol HCL , p-Phenylenediamine , m-Aminophenol , Lavandula angustifolia (lavender) oil , Aloe Barbadensis Extract , p-Aminophenol , 4-Nitro-o-Phenylenediamine , Panthenol , Ascorbic Acid , Biotin , Disodium EDTA , Oryza Sativa (Rice) Bran , Glycine max seed , Phaseolus Radiatus Seed Powder , Sesamum Indicum (Sesame) Seed Oil (Sesamum Indicum) , Hordeum Vulgare Powder , Polygonum Fagopyrum (Buckwheat) Flour , Vigna Angularis Seed Powder , Glycyrrhiza Glabra (Licorice) Root Powder , Sophora flavescens root , Avena Sativa (oat) kernel meal , Rosmarinus Officinalis (Rosemary) Extract , Chamomilla Recutita (Matricaria) Flower Extract , Jasminum Officinale (Jasmine) Flower Powder , Thymus Vulgaris Extract , Melissa Officinalis Leaf Extract , Anethum Graveolens (Dill) Leaf Powder , Ocimum basilicum , Eucalyptus Globulus Leaf Extract , Eclipta Prostrata Leaf Powder , Laminaria Angustata Extract , Phaseolus Angularis Seed Powder , Salvia Hispanica (Hạt chia) , Undaria pinnatifida , Yeast Ribes Nigrum (Black Currant) Fruit Powder , Pueraria Lobata , Pinus Densiflora Leaf Extract , Ginkgo biloba extract , Artemisia Princeps Leaf Extract , Cnidium Officinale Rhizome Extract ",Dung dịch,NBIYAN,Hộp x 30g,Dược mỹ phẩm | Chăm sóc tóc - da đầu,duoc-my-pham | duoc-my-pham/cham-soc-toc-da-dau,True,True,90,0,https://nhathuoclongchau.com.vn/duoc-my-pham/nuoc-nhuom-phu-bac-den-tu-nhien-seedbee-water-coloring-natural-black-nbiyan-30-g.html,duoc-my-pham,100
131,00038303,"DUNG DỊCH VỆ SINH PHỤ NỮ DẠNG BỌT DAILY LADY CARE VÀ CALM KHÁNG VIÊM, GIẢM ĐAU RÁT 100ML","Dung dịch vệ sinh phụ nữ dạng bọt Daily Lady Care và Calm kháng viêm, giảm đau rát (100ml)",duoc-my-pham/dung-dich-ve-sinh-phu-nu-dang-bot-daily-lady-care-and-calm-100-ml-khang-viem-giam-dau-rat-vi-nam-1.html,99000.0,Hộp,đ,https://cdn.nhathuoclongchau.com.vn/unsafe/https://cms-prod.s3-sgn09.fptcloud.com/1_54d9372886.jpg,"Aqua , Sodium Laureth Sulfate , Cocamidopropyl betaine , Lauryl glucoside , Sodium Chloride , Glycerin , Propylene glycol , Peg-40 Hydrogenated Castor Oil , Piper Betle (Leaf) Extract , Houttuynia cordata extract , Melaleuca Alternifolia (Tea Tree) Leaf Extract , Hexylene glycol , Capryloyl Glycine , Xylitylglucoside , Tocopheryl acetate , Lactic Acid , Parfum , Phenoxyethanol , Disodium EDTA ",Dung dịch,DAILY LADY,Hộp x 100ml,Dược mỹ phẩm | Chăm sóc cơ thể,duoc-my-pham | duoc-my-pham/cham-soc-co-the,True,True,90,0,https://nhathuoclongchau.com.vn/duoc-my-pham/dung-dich-ve-sinh-phu-nu-dang-bot-daily-lady-care-and-calm-100-ml-khang-viem-giam-dau-rat-vi-nam-1.html,duoc-my-pham,100
132,C052300000460,"MẶT NẠ BANOBAGI STEM CELL VITAMIN CẤP ẨM, DƯỠNG SÁNG DA, NÂNG TÔNG 10 GÓI X 30G","Mặt nạ Banobagi Stem Cell Vitamin cấp ẩm, dưỡng sáng da, nâng tông (30g)",duoc-my-pham/mat-na-cap-am-duong-sang-da-va-nang-tong-banobagi-stem-cell-vitamin-mask-whitening-and-tone-up-30-g.html,28000.0,Gói,đ,https://cdn.nhathuoclongchau.com.vn/unsafe/https://cms-prod.s3-sgn09.fptcloud.com/DSC_00025_00386132d2.jpg,"Water , Methylpropanediol , Niacinamide , Panthenol , acrylates/C10-30 alkyl acrylate crosspolymer , Chlorphenesin , Hydroxyacetophenone , Tromethamine , Sodium hyaluronate , Allantoin , Trehalose , Xanthan gum , Adenosine , Dipotassium Glycyrrhizate , Disodium EDTA , Thiamine HCl , Riboflavin , Niacin , Carnitine HCl , Pantothenic acid , Biotin , Folic Acid , Acid Ascorbic , Tocopherol , Candida albicans , 1,2-Hexanediol , Cyclodextrin , Maltodextrin , Glyceryl Linoleate , Polygonum Root , Lime (citrus) , Macadamia Ternifolia Seed Oil , Cocos Nucifera (Coconut) Oil , Glyceryl Linolenate , Malus Domestica Fruit Water , Glyceryl Arachidonate , Sodium Citrate , Camellia Sinensis Leaf Extract , Citric Acid , Cyanocobalamin , Ascorbyl palmitate ",,Banobagi,Hộp 10 Gói x 30g,Dược mỹ phẩm | Chăm sóc da mặt | Mặt nạ,duoc-my-pham | duoc-my-pham/cham-soc-da-mat | duoc-my-pham/mat-na,True,True,90,0,https://nhathuoclongchau.com.vn/duoc-my-pham/mat-na-cap-am-duong-sang-da-va-nang-tong-banobagi-stem-cell-vitamin-mask-whitening-and-tone-up-30-g.html,duoc-my-pham,100
133,C052300000458,"MẶT NẠ CẤP ẨM, DƯỠNG SÁNG DA CHO DA MỤN BANOBAGI STEM CELL VITAMIN MASK WHITENING VÀ AC CARE 10 GÓI X 30G","Mặt nạ cấp ẩm, dưỡng sáng da cho da mụn Banobagi Stem Cell Vitamin Mask Whitening và AC Care (30g)",duoc-my-pham/mat-na-cap-am-va-duong-sang-da-cho-da-mun-banobagi-stem-cell-vitamin-mask-whitening-and-ac-care-30-g.html,28000.0,Gói,đ,https://cdn.nhathuoclongchau.com.vn/unsafe/https://cms-prod.s3-sgn09.fptcloud.com/DSC_00036_f81526ba97.jpg,"Water , Methylpropanediol , Niacinamide , Panthenol , acrylates/C10-30 alkyl acrylate crosspolymer , Chlorphenesin , Hydroxyacetophenone , Tromethamine , Sodium hyaluronate , Allantoin , Trehalose , Xanthan gum , Adenosine , Dipotassium Glycyrrhizate , Disodium EDTA , Centella Asiatica Extract , Melaleuca Alternifolia (Tea Tree) Leaf Extract , Nelumbo Nucifera Flower Extract , Saccharomyces/Iron Ferment , Thiamine HCl , Riboflavin , Niacin , Carnitine HCl , Pantothenic acid , Biotin , Folic Acid , Ascorbic Acid , Tocopherol , Candida albicans , 1,2-Hexanediol , Cyclodextrin , Maltodextrin , Glyceryl Linoleate , Myrica Cerifera Fruit Wax , Citrus Junos Fruit Extract , Malus Domestica Fruit Water , Macadamia Ternifolia Seed Oil , Cocos Nucifera (Coconut) Oil , Glyceryl Linolenate , Glyceryl Arachidonate , Sodium Citrate , Acid citric , Camellia Sinensis Leaf Extract , Pueraria Lobata , Cyanocobalamin , Ascorbyl palmitate ",,Banobagi,Hộp 10 Gói x 30g,Dược mỹ phẩm | Chăm sóc da mặt | Mặt nạ,duoc-my-pham | duoc-my-pham/cham-soc-da-mat | duoc-my-pham/mat-na,True,True,90,0,https://nhathuoclongchau.com.vn/duoc-my-pham/mat-na-cap-am-va-duong-sang-da-cho-da-mun-banobagi-stem-cell-vitamin-mask-whitening-and-ac-care-30-g.html,duoc-my-pham,100
134,C052300000457,MẶT NẠ CẤP ẨM BANOBAGI STEM CELL VITAMIN MASK DƯỠNG SÁNG DA 10 GÓI X 30G,Mặt nạ cấp ẩm Banobagi Stem Cell Vitamin Mask dưỡng sáng da (30g),duoc-my-pham/mat-na-cap-am-duong-sang-da-va-thu-gian-banobagi-stem-cell-vitamin-mask-whitening-and-relaxing-revital-30-g.html,28000.0,Gói,đ,https://cdn.nhathuoclongchau.com.vn/unsafe/https://cms-prod.s3-sgn09.fptcloud.com/DSC_00046_c3aa8d101d.jpg,"Water , Methylpropanediol , Niacinamide , Panthenol , Centella Asiatica Extract , Sodium hyaluronate , Madecassoside , Asiaticoside , Asiatic acid , Madecassic acid , Viscum Album (Mistletoe) Extract , Rosmarinus Officinalis (Rosemary) Extract , Thiamine HCl , Riboflavin , Niacin , Carnitine HCl , Pantothenic acid , Biotin , Folic Acid , Ascorbic Acid , Tocopherol , Cyanocobalamin , Citric Acid , Sodium Citrate , Maltodextrin , Glyceryl Linoleate , Glyceryl Linolenate , Glyceryl Arachidonate , Ascorbyl palmitate , Trehalose , Allantoin , Xanthan gum , Adenosine , Dipotassium Glycyrrhizate , acrylates/C10-30 alkyl acrylate crosspolymer , Tromethamine , Hydroxyacetophenone , Chlorphenesin , Disodium EDTA ",,Banobagi,Hộp 10 Gói x 30g,Dược mỹ phẩm | Chăm sóc da mặt | Mặt nạ,duoc-my-pham | duoc-my-pham/cham-soc-da-mat | duoc-my-pham/mat-na,True,True,90,0,https://nhathuoclongchau.com.vn/duoc-my-pham/mat-na-cap-am-duong-sang-da-va-thu-gian-banobagi-stem-cell-vitamin-mask-whitening-and-relaxing-revital-30-g.html,duoc-my-pham,100
135,C052300000456,MẶT NẠ CẤP ẨM BANOBAGI STEM CELL VITAMIN MASK WHITENING VÀ MOISTURE DƯỠNG SÁNG DA 10 GÓI X 30G,Mặt nạ cấp ẩm Banobagi Stem Cell Vitamin Mask Whitening và Moisture dưỡng sáng da (30g),duoc-my-pham/mat-na-cap-am-va-duong-sang-da-banobagi-stem-cell-vitamin-mask-whitening-and-moisture-30-g.html,28000.0,Gói,đ,https://cdn.nhathuoclongchau.com.vn/unsafe/https://cms-prod.s3-sgn09.fptcloud.com/DSC_00041_bbc8b94616.jpg,"Water , Methylpropanediol , Niacinamide , Panthenol , acrylates/C10-30 alkyl acrylate crosspolymer , Chlorphenesin , Hydroxyacetophenone , Tromethamine , Trehalose , Allantoin , Xanthan gum , Adenosine , Dipotassium Glycyrrhizate , Disodium EDTA , Opuntia Ficus-Indica Stem Extract , Candida albicans , 1,2-Hexanediol , Hyaluronic acid , Hydroxypropyl Guar Hydroxypropyltrimonium Chloride , Potassium , Cyclodextrin , Sodium hyaluronate , SODIUM ACETYLATED HYALURONATE , Tocopherol , Thiamine HCl , Riboflavin , Pantothenic acid , Niacin , Folic Acid , Carnitine HCl , Biotin , Ascorbic Acid , Maltodextrin , Glyceryl Linoleate , Camellia Sinensis Leaf Extract , MORUS ALBA ROOT EXTRACT , Kaempferia Galanga Root Extract , Macadamia Ternifolia Seed Oil , Cocos Nucifera (Coconut) Oil , Glyceryl Linolenate , Pueraria Lobata , Glyceryl Arachidonate , Sodium Citrate , Citrus Junos Fruit Extract , Malus Domestica Fruit Water , Pinus radiata bark extract , Citric Acid , Cyanocobalamin , Ascorbyl palmitate ",,Banobagi,Hộp 10 Gói x 30g,Dược mỹ phẩm | Chăm sóc da mặt | Mặt nạ,duoc-my-pham | duoc-my-pham/cham-soc-da-mat | duoc-my-pham/mat-na,True,True,90,0,https://nhathuoclongchau.com.vn/duoc-my-pham/mat-na-cap-am-va-duong-sang-da-banobagi-stem-cell-vitamin-mask-whitening-and-moisture-30-g.html,duoc-my-pham,100
136,C052300000453,MẶT NẠ CẤP ẨM BANOBAGI STEM CELL VITAMIN MASK WHITENING VÀ AQUA HYDRATING DƯỠNG SÁNG DA 10 GÓI X 30G,Mặt nạ cấp ẩm Banobagi Stem Cell Vitamin Mask Whitening và Aqua Hydrating dưỡng sáng da (30g),duoc-my-pham/mat-na-cap-am-cap-nuoc-va-duong-sang-da-banobagi-stem-cell-vitamin-mask-whitening-and-aqua-hydrating-30-g.html,28000.0,Gói,đ,https://cdn.nhathuoclongchau.com.vn/unsafe/https://cms-prod.s3-sgn09.fptcloud.com/DSC_00031_448a440a49.jpg,"Water , Methylpropanediol , Niacinamide , Panthenol , Punica Granatum Fruit Extract , Xylitylglucoside , Anhydroxylitol , Xylitol , Glucose , Cocos Nucifera (Coconut) Oil , Caprylic/capric triglyceride , Hydrogenated Lecithin , Ceramide NP , Thiamine HCl , Riboflavin , Niacin , Carnitine HCl , Pantothenic acid , Biotin , Folic Acid , Ascorbic Acid , Tocopherol , Cyanocobalamin , Citric Acid , Sodium Citrate , Maltodextrin , Glyceryl Linoleate , Glyceryl Linolenate , Glyceryl Arachidonate , Ascorbyl palmitate , Trehalose , Sodium hyaluronate , Allantoin , Xanthan gum , Adenosine , Dipotassium Glycyrrhizate , acrylates/C10-30 alkyl acrylate crosspolymer , Tromethamine , Hydroxyacetophenone , Chlorphenesin , Disodium EDTA ",,Banobagi,Hộp 10 Gói,Dược mỹ phẩm | Chăm sóc da mặt | Mặt nạ,duoc-my-pham | duoc-my-pham/cham-soc-da-mat | duoc-my-pham/mat-na,True,True,90,0,https://nhathuoclongchau.com.vn/duoc-my-pham/mat-na-cap-am-cap-nuoc-va-duong-sang-da-banobagi-stem-cell-vitamin-mask-whitening-and-aqua-hydrating-30-g.html,duoc-my-pham,100
137,C042300000097,"GEL DƯỠNG THỂ CHỐNG NẮNG REIHAKU HATOMUGI SPF 31 PA+++ DƯỠNG ẨM, LÀM SÁNG DA 250ML","Gel dưỡng thể chống nắng Reihaku Hatomugi SPF31 PA+++ dưỡng ẩm, làm sáng da (250ml)",duoc-my-pham/sua-duong-the-chong-nang-duong-am-va-lam-sang-da-reihaku-hatomugi-uv-milky-gel-250-ml.html,209000.0,Chai,đ,https://cdn.nhathuoclongchau.com.vn/unsafe/https://cms-prod.s3-sgn09.fptcloud.com/IMG_0319_36069cceed.jpg,"Aqua/ Water , Butylene glycol ",,HATOMUGI,Chai x 250ml,Dược mỹ phẩm | Chăm sóc cơ thể | Chống nắng toàn thân,duoc-my-pham | duoc-my-pham/cham-soc-co-the | duoc-my-pham/chong-nang-toan-than,True,True,90,0,https://nhathuoclongchau.com.vn/duoc-my-pham/sua-duong-the-chong-nang-duong-am-va-lam-sang-da-reihaku-hatomugi-uv-milky-gel-250-ml.html,duoc-my-pham,100
138,C042300000096,DẦU TẨY TRANG LÀM SẠCH SÂU SOFTYMO DEEP CLEANSING OIL KOSE (VÀNG) 230ML,Dầu tẩy trang làm sạch sâu Softymo Deep Cleansing Oil Kose (Vàng) (230ml),duoc-my-pham/dau-tay-trang-lam-sach-sau-softymo-deep-cleansing-oil-kose-230-ml-vang.html,179000.0,Chai,đ,https://cdn.nhathuoclongchau.com.vn/unsafe/https://cms-prod.s3-sgn09.fptcloud.com/IMG_0324_6715ddaf9f.jpg,"Mineral oil , ORYZA SATIVA (RICE) BRAN OIL , Sorbeth-30 , Cyclomethicone , Phenoxyethanol , Glycerin , CITRUS AURANTIUM DULCIS (ORANGE) FLOWER WATER , Carthamus Tinctorius (Safflower) Bud Extract , Propylene glycol , Aqua/ Water , BHT , Butyrospermum Parkii (Shea) Butter Extract , Macadamia Ternifolia Oil , Olea Europaea (Olive) Fruit Oil , Sesamum Indicum (Sesame) Seed Oil (Sesamum Indicum) , Simmondsia Chinensis Seed Oil , Tocopherols ",Dạng dầu,KOSE,Chai x 230ml,"Dược mỹ phẩm | Chăm sóc da mặt | Nước tẩy trang, dầu tẩy trang",duoc-my-pham | duoc-my-pham/cham-soc-da-mat | duoc-my-pham/nuoc-tay-trang,True,True,90,0,https://nhathuoclongchau.com.vn/duoc-my-pham/dau-tay-trang-lam-sach-sau-softymo-deep-cleansing-oil-kose-230-ml-vang.html,duoc-my-pham,100
139,C042300000093,DẦU TẨY TRANG LÀM SẠCH NHANH SOFTYMO SPEEDY CLEANSING OIL KOSE (HỒNG) 230ML,Dầu tẩy trang làm sạch nhanh Softymo Speedy Cleansing Oil Kose (Hồng) (230ml),duoc-my-pham/dau-tay-trang-lam-sach-nhanh-softymo-speedy-cleansing-oil-kose-230-ml-hong.html,179000.0,Chai,đ,https://cdn.nhathuoclongchau.com.vn/unsafe/https://cms-prod.s3-sgn09.fptcloud.com/IMG_0334_e2906c81d5.jpg,"Mineral oil , Peg-8 , Cetyl ethylhexanoate , Cyclomethicone , Aqua/ Water , Glycerin , Carthamus tinctorius seed oil , Isopropyl myristate , Propylene Glycol Dicaprylate/Dicaprate , Zea mays (corn) starch , Phenoxyethanol , Butyrospermum Parkii (Shea) Butter Extract , Helianthus Annuus (Sunflower) Seed Oil , Olea Europea (Olive) Seed Oil , Sesamum Indicum (Sesame) Seed Oil (Sesamum Indicum) , Simmondsia Chinensis Seed Oil , Tocopherols ",Dạng dầu,KOSE,Chai x 230ml,"Dược mỹ phẩm | Chăm sóc da mặt | Nước tẩy trang, dầu tẩy trang",duoc-my-pham | duoc-my-pham/cham-soc-da-mat | duoc-my-pham/nuoc-tay-trang,True,True,90,0,https://nhathuoclongchau.com.vn/duoc-my-pham/dau-tay-trang-lam-sach-nhanh-softymo-speedy-cleansing-oil-kose-230-ml-hong.html,duoc-my-pham,100
140,00503918,"XỊT MỤN FIXDERMA SALYZAP GIẢM MỤN TRÊN LƯNG VÀ TOÀN THÂN, KIỂM SOÁT DẦU 50ML","Xịt mụn Fixderma Salyzap giảm mụn trên lưng và toàn thân, kiểm soát dầu (50ml)",duoc-my-pham/xit-tri-mun-fixderma-salyzap-for-body-acne-body-spray-50-ml-1.html,366000.0,Hộp,đ,https://cdn.nhathuoclongchau.com.vn/unsafe/https://cms-prod.s3-sgn09.fptcloud.com/IMG_0078_f991b3036e.jpg,"Retinol , Tocopherols , Sodium ascorbate , Tea tree oil , Disodium EDTA , Caprylic/capric triglycerides , Peg-40 Hydrogenated Castor Oil , Panthenol , Allantoin , Capryloyl Glycine , triethanolamine , Salicylic acid , Propanol-2 , Propylene glycol , Aqua/ Water ",Dạng xịt,Fixderma,Hộp x 50ml,Dược mỹ phẩm | Chăm sóc da mặt,duoc-my-pham | duoc-my-pham/cham-soc-da-mat,True,True,90,0,https://nhathuoclongchau.com.vn/duoc-my-pham/xit-tri-mun-fixderma-salyzap-for-body-acne-body-spray-50-ml-1.html,duoc-my-pham,100
141,00503585,SỮA RỬA MẶT DƯỠNG TRẮNG TRANSINO CLEAR WASH EX HỖ TRỢ TRỊ NÁM 100G,Sữa rửa mặt dưỡng trắng Transino Clear Wash EX hỗ trợ làm sáng da (100g),duoc-my-pham/sua-rua-mat-duong-trang-da---tri-nam-transino-clear-wash-ex-100g-37886.html,500000.0,Hộp,đ,https://cdn.nhathuoclongchau.com.vn/unsafe/https://cms-prod.s3-sgn09.fptcloud.com/00503585_sua_rua_mat_duong_trang_da_tri_nam_transino_clear_wash_ex_100g_5357_6411_large_6253370bb6.jpg,"POLYPHOSPHORYLCHOLINE GLYCOL ACRYLATE , Trehalose , Moroccan Lava Clay , Ascorbyl Glucoside , Cellulose gum , Cetyl alcohol , CITRUS AURANTIUM DULCIS (ORANGE) FLOWER WATER , PEG-20 GLYCERYL ISOSTEARATE , Disodium phosphate , GLYCERIN/OXYBUTYLENE COPOLYMER STEARYL ETHER , Polyquaternium-39 , Decyl glucoside , Dipropylene glycol , Polyquaternium-7 , Maltitol syrup , Palmitic Acid , Lauric Acid , Potassium hydroxide , Stearic acid , Myristic acid , Glycerin , Aqua/ Water ",,Transino,Hộp x 100g,"Dược mỹ phẩm | Chăm sóc da mặt | Sữa rửa mặt (Kem, gel, sữa)",duoc-my-pham | duoc-my-pham/cham-soc-da-mat | duoc-my-pham/sua-rua-mat-kem-gel-sua,True,True,90,0,https://nhathuoclongchau.com.vn/duoc-my-pham/sua-rua-mat-duong-trang-da---tri-nam-transino-clear-wash-ex-100g-37886.html,duoc-my-pham,100
142,00503582,NƯỚC HOA HỒNG TRANSINO WHITENING CLEAR LOTION EX DƯỠNG TRẮNG DA TRỊ NÁM 150ML,Nước hoa hồng Transino Whitening Clear Lotion EX dưỡng trắng da ngừa nám (150ml),duoc-my-pham/nuoc-hoa-hong-duong-trang-da-tri-nam-transino-whitening-clear-lotion-ex-150ml-37889.html,920000.0,Hộp,đ,https://cdn.nhathuoclongchau.com.vn/unsafe/https://cms-prod.s3-sgn09.fptcloud.com/00503582_nuoc_hoa_hong_duong_trang_da_tri_nam_transino_whitening_clear_lotion_ex_150ml_1699_6411_large_8c727036ac.jpg,"Aqua/ Water , Glycerin , Butylene glycol , Diglycerin , Tranexamic acid , Sorbitol , Phenoxyethanol , Citric Acid , Xanthan gum , Methylparaben , Peg-75 , ORIGANUM MAJORANA LEAF , Lactobacillus , POLYGLYCERYL-10 EICOSANEDIOATE/TETRADECANEDIOATE , Hydrogenated starch hydrolysate , BIS-ETHOXYDIGLYCOL CYCLOHEXANE 1,4-DICARBOXYLATE , CALCIUM PANTETHEINE SULFONATE , POLYPHOSPHORYLCHOLINE GLYCOL ACRYLATE , ISODONIS JAPONICUS LEAF , MORUS ALBA ROOT EXTRACT , GERANIUM ROBERTIANUM EXTRACT , SODIUM TREHALOSE SULFATE , Achillea Millefolium Extract , Glycosyl Trehalose ",,Transino,Hộp x 150ml,Dược mỹ phẩm | Chăm sóc da mặt | Toner (nước hoa hồng) / Lotion,duoc-my-pham | duoc-my-pham/cham-soc-da-mat | duoc-my-pham/toner-nuoc-hoa-hong-lotion,True,True,90,0,https://nhathuoclongchau.com.vn/duoc-my-pham/nuoc-hoa-hong-duong-trang-da-tri-nam-transino-whitening-clear-lotion-ex-150ml-37889.html,duoc-my-pham,100
143,00503365,LĂN KHỬ MÙI ETIAXIL DETRANSPIRANT PEAUX SENSIBLES ĐẶC TRỊ CHO DA SIÊU NHẠY CẢM 15ML,Lăn khử mùi Etiaxil Detranspirant Peaux Sensibles cho da siêu nhạy cảm (15ml),duoc-my-pham/lan-khu-mui-dac-tri-cho-da-sieu-nhay-cam-etiaxil-detranspirant-comfort-peaux-sensibles-15-ml.html,336000.0,Hộp,đ,https://cdn.nhathuoclongchau.com.vn/unsafe/https://cms-prod.s3-sgn09.fptcloud.com/DSC_04769_72d751924b.jpg,"Aqua , Aluminium chloride , Dipropylheptyl Carbonate , Tocopherols , C15-19 Alkane , Glycerin , Polyacrylate Crosspolymer-6 , Sodium hydroxide , PPG-20 Methyl Glucose Ether ",,ETIAXIL,Hộp x 15ml,"Dược mỹ phẩm | Chăm sóc cơ thể | Lăn khử mùi, xịt khử mùi",duoc-my-pham | duoc-my-pham/cham-soc-co-the | duoc-my-pham/khu-mui,True,True,90,0,https://nhathuoclongchau.com.vn/duoc-my-pham/lan-khu-mui-dac-tri-cho-da-sieu-nhay-cam-etiaxil-detranspirant-comfort-peaux-sensibles-15-ml.html,duoc-my-pham,100
144,00503066,"SON DƯỠNG MÔI SEBAMED LIP DEFENSE DƯỠNG ẨM, NGĂN NGỪA KHÔ, NỨT MÔI 4.8G","Son dưỡng môi Sebamed Lip Defense dưỡng ẩm, ngăn ngừa khô, nứt môi (4.8g)",duoc-my-pham/son-duong-moi-sebamed-lip-defense-48g-37367.html,149000.0,Cây,đ,https://cdn.nhathuoclongchau.com.vn/unsafe/https://cms-prod.s3-sgn09.fptcloud.com/00503066_son_duong_moi_sebamed_lip_defense_48g_3999_63b3_large_43021a79ae.jpg,"Parfum , Bisabolol , Butyl Methoxydibenzoylmethane , Glyceryl Ricinoleate , Simmondsia Chinensis Seed Oil , Oryza Sativa Bran Wax , C12-15 Alkyl Benzoate , Tocopheryl acetate , Ethylhexyl Salicylate , Caprylic/capric triglyceride , Ricinus communis seed oil , Isoamyl p-Methoxycinnamate , Cera alba , Caprylic/Capric/Succinic Triglyceride ",,Sebamed,Cây x 4.8g,Dược mỹ phẩm | Mỹ phẩm trang điểm | Son môi,duoc-my-pham | duoc-my-pham/my-pham-trang-diem | duoc-my-pham/son-moi,True,True,90,0,https://nhathuoclongchau.com.vn/duoc-my-pham/son-duong-moi-sebamed-lip-defense-48g-37367.html,duoc-my-pham,100
145,00503065,"SON DƯỠNG MÔI HƯƠNG DÂU SEBAMED LIP DEFENSE DƯỠNG ẨM, CHỐNG KHÔ NỨT 4.8G","Son dưỡng môi hương dâu Sebamed Lip Defense dưỡng ẩm, chống khô nứt (4.8g)",duoc-my-pham/son-duong-moi-huong-dau-sebamed-lip-defense-strawberry-48g-37368.html,149000.0,Cây,đ,https://cdn.nhathuoclongchau.com.vn/unsafe/https://cms-prod.s3-sgn09.fptcloud.com/00503065_son_duong_moi_huong_dau_sebamed_lip_defense_strawberry_48g_2636_63b3_large_75b58075b6.jpg,"CI 73360 , CI 77499 , Sodium sulfate , Sodium Chloride , Parfum , Bisabolol , Butyl Methoxydibenzoylmethane , Glyceryl Ricinoleate , Simmondsia Chinensis Seed Oil , Oryza Sativa Bran Cera , C12-15 Alkyl Benzoate , Tocopheryl acetate , Ethylhexyl Salicylate , Caprylic/capric triglyceride , Ricinus communis seed oil , Isoamyl p-Methoxycinnamate , Cera alba , Caprylic-Capric-Triglyceride ",,Sebamed,Cây x 4.8g,Dược mỹ phẩm | Mỹ phẩm trang điểm | Son môi,duoc-my-pham | duoc-my-pham/my-pham-trang-diem | duoc-my-pham/son-moi,True,True,90,0,https://nhathuoclongchau.com.vn/duoc-my-pham/son-duong-moi-huong-dau-sebamed-lip-defense-strawberry-48g-37368.html,duoc-my-pham,100
146,00502933,"TINH CHẤT DƯỠNG TRẮNG DA TRANSINO MELANO SIGNAL ESSENCE GIÚP NGĂN NGỪA ĐỐM NÂU, LÀM SÁNG DA 30G","Tinh chất dưỡng trắng da Transino Melano Signal Essence giúp ngăn ngừa đốm nâu, làm sáng da (30g)",duoc-my-pham/tinh-chat-duong-trang-da-transino-melano-signal-essence-30-g.html,1250000.0,Hộp,đ,https://cdn.nhathuoclongchau.com.vn/unsafe/https://cms-prod.s3-sgn09.fptcloud.com/DSC_07589_d5afb3e82a.jpg,"Sorbitan Stearate , Aqua/ Water , Butylene glycol , Squalane , Hydrogenated Coco-glycerides , Tranexamic acid , Triethylhexanoin , Behenyl alcohol , Cetyl alcohol , PEG-25 STEARATE , Dimethicone , Methylparaben , Phytosterols , Propylparaben , Carthamus Tinctorius Flower Bud Extract , Achillea Millefolium Extract , SODIUM TREHALOSE SULFATE , GERANIUM ROBERTIANUM EXTRACT , Phenoxyethanol , POLYPHOSPHORYLCHOLINE GLYCOL ACRYLATE , ISODONIS JAPONICUS LEAF , Hydrogenated Lecithin , MORUS ALBA ROOT EXTRACT , Palmitic Acid , Stearic acid , BIS-ETHOXYDIGLYCOL CYCLOHEXANE 1,4-DICARBOXYLATE , CALCIUM PANTETHEINE SULFONATE ",Serum,Transino,Hộp x 30g,Dược mỹ phẩm | Chăm sóc da mặt,duoc-my-pham | duoc-my-pham/cham-soc-da-mat,True,True,90,0,https://nhathuoclongchau.com.vn/duoc-my-pham/tinh-chat-duong-trang-da-transino-melano-signal-essence-30-g.html,duoc-my-pham,100
147,00502932,SỮA DƯỠNG TRẮNG DA TRANSINO WHITENING CLEAR MILK EX NGĂN NGỪA NÁM 100ML,Sữa dưỡng trắng da Transino Whitening Clear Milk EX ngăn ngừa nám (100ml),duoc-my-pham/sua-duong-trang-da-transino-whitening-clear-milk-ex-100ml-37232.html,920000.0,Hộp,đ,https://cdn.nhathuoclongchau.com.vn/unsafe/https://cms-prod.s3-sgn09.fptcloud.com/00502932_sua_duong_trang_da_transino_whitening_clear_milk_ex_100ml_5861_6399_large_439e6bf688.jpg,"Methylparaben , DIPHENYLSILOXY PHENYL TRIMETHICONE , Sorbitan Stearate , Phenoxyethanol , GLYCERIN/OXYBUTYLENE COPOLYMER STEARYL ETHER , PEG-150 Stearate , Tranexamic acid , Glycerin , Alcohol , Cetyl ethylhexanoate , Butylene glycol , HYDROGENATED POLY (C6-14 OLEFIN) , Aqua/ Water , PEG-32 , Diglycerin , PEG-6 , CALCIUM PANTETHEINE SULFONATE , Cetyl alcohol , GERANIUM ROBERTIANUM EXTRACT , MORUS ALBA ROOT EXTRACT , ISODONIS JAPONICUS LEAF , Rosa Multiflora Fruit Extract , POLYPHOSPHORYLCHOLINE GLYCOL ACRYLATE , Carbomer , SODIUM TREHALOSE SULFATE , Potassium hydroxide , SUCROSE PALMITATE , Pentasodium pentetate , Tocopherols , Sucrose Stearate , Xanthan gum , BIS-ETHOXYDIGLYCOL CYCLOHEXANE 1,4-DICARBOXYLATE , Hydrogenated Lecithin , Achillea Millefolium Extract ",,Transino,Hộp x 100ml,Dược mỹ phẩm | Chăm sóc da mặt | Dưỡng da mặt,duoc-my-pham | duoc-my-pham/cham-soc-da-mat | duoc-my-pham/duong-da-mat,True,True,90,0,https://nhathuoclongchau.com.vn/duoc-my-pham/sua-duong-trang-da-transino-whitening-clear-milk-ex-100ml-37232.html,duoc-my-pham,100
148,00502793,DẦU GỘI SEBAMED EXTREME DRY SKIN 5% UREA GIẢM KHÔ NGỨA 200ML,Dầu gội Sebamed Extreme Dry Skin 5% Urea giảm khô ngứa (200ml),duoc-my-pham/dau-goi-dau-giam-kho-ngua-sebamed-extreme-dry-skin-relief-shampoo-5-urea-200ml-37084.html,338000.0,Chai,đ,https://cdn.nhathuoclongchau.com.vn/unsafe/https://cms-prod.s3-sgn09.fptcloud.com/00502793_dau_goi_dau_giam_kho_ngua_sebamed_extreme_dry_skin_relief_shampoo_5_urea_200ml_9855_6391_large_6c9f770d67.jpg,"Sodium benzoate , Phenoxyethanol , PEG/PPG-120/10 Trimethylolpropane Trioleate , Peg-120 Methyl Glucose Dioleate , Citric Acid , Laureth-2 , Hydroxypropyl Oxidized Starch PG-Trimonium Chloride , Parfum , Sodium lauryl sulfoacetate , Lauryl glucoside , Laureth-9 , Disodium Laureth Sulfosuccinate , Urea , Sodium Laureth Sulfate , Aqua/ Water ",,Sebamed,Chai x 200ml,Dược mỹ phẩm | Chăm sóc tóc - da đầu | Dầu gội dầu xả,duoc-my-pham | duoc-my-pham/cham-soc-toc-da-dau | duoc-my-pham/dau-goi-dau-xa,True,True,90,0,https://nhathuoclongchau.com.vn/duoc-my-pham/dau-goi-dau-giam-kho-ngua-sebamed-extreme-dry-skin-relief-shampoo-5-urea-200ml-37084.html,duoc-my-pham,100
149,00502791,"KEM BÔI DƯỠNG ẨM SEBAMED EXTREME DRY SKIN RELIEF FACE CREAM 5% UREA CHO DA KHÔ, VIÊM DA CƠ ĐỊA 50ML","Kem bôi dưỡng ẩm Sebamed Extreme Dry Skin Relief Face Cream 5% Urea cho da khô, viêm da cơ địa (50ml)",duoc-my-pham/kem-duong-am-cho-da-kho-viem-da-co-dia-sebamed-extreme-dry-skin-relief-face-cream-5-urea-50ml-37086.html,400000.0,Hộp,đ,https://cdn.nhathuoclongchau.com.vn/unsafe/https://cms-prod.s3-sgn09.fptcloud.com/00502791_kem_duong_am_cho_da_kho_viem_da_co_dia_sebamed_extreme_dry_skin_relief_face_cream_5_urea_50ml_5861_6397_large_5a7f742295.jpg,"Sodium benzoate , Phenoxyethanol , Benzyl alcohol , Parfum , Sodium hydroxide , Sodium carbomer , Citric Acid , Bisabolol , Madecassic acid , Asiatic acid , Asiaticoside , Cetearyl Alcohol , Panthenol , Glyceryl Stearate Citrate , Tocopheryl acetate , Propylene glycol , Urea , Caprylic/capric triglyceride , Aqua/ Water ",Dạng kem,Sebamed,Hộp x 50ml,"Dược mỹ phẩm | Chăm sóc cơ thể | Sữa dưỡng thể, kem dưỡng thể",duoc-my-pham | duoc-my-pham/cham-soc-co-the | duoc-my-pham/duong-the,True,True,90,0,https://nhathuoclongchau.com.vn/duoc-my-pham/kem-duong-am-cho-da-kho-viem-da-co-dia-sebamed-extreme-dry-skin-relief-face-cream-5-urea-50ml-37086.html,duoc-my-pham,100
150,00501426,"DẦU GỘI KHÔ BATISTE DRY SHAMPOO FRUITY VÀ CHEEKY CHERRY LÀM SẠCH TÓC, GIẢM BẾT DẦU HƯƠNG CHERRY 200ML","Dầu gội khô Batiste Dry Shampoo Fruity và Cheeky Cherry làm sạch tóc, giảm bết dầu hương cherry (200ml)",duoc-my-pham/batiste-dry-shampoo-fruity-cheeky-cherry-200ml-dau-goi-kho-huong-cherry-35579.html,156000.0,Chai,đ,https://cdn.nhathuoclongchau.com.vn/unsafe/https://cms-prod.s3-sgn09.fptcloud.com/00501426_batiste_dry_shampoo_fruity_cheeky_cherry_200ml_dau_goi_kho_huong_cherry_7469_62f2_large_0f43a17176.jpg,"Isobutane , Propane , Oryza Sativa (Rice) Bran , Limonene , Parfum (Fragrance) , Cetrimonium Chloride , Distearyldimonium , Linalool , Alcohol Denat ",,Church & Dwight,Chai x 200ml,Dược mỹ phẩm | Chăm sóc tóc - da đầu | Dầu gội dầu xả,duoc-my-pham | duoc-my-pham/cham-soc-toc-da-dau | duoc-my-pham/dau-goi-dau-xa,True,True,90,0,https://nhathuoclongchau.com.vn/duoc-my-pham/batiste-dry-shampoo-fruity-cheeky-cherry-200ml-dau-goi-kho-huong-cherry-35579.html,duoc-my-pham,100
151,00033699,"NƯỚC HOA HỒNG LA BEAUTY DƯỠNG ẨM, LÀM MỀM DA 150ML","Nước hoa hồng La Beauty dưỡng ẩm, làm mềm da (150ml)",duoc-my-pham/nuoc-hoa-hong-la-beauty-150ml-duong-am-lam-mem-da-33785.html,110000.0,Hộp,đ,https://cdn.nhathuoclongchau.com.vn/unsafe/https://cms-prod.s3-sgn09.fptcloud.com/DSC_09283_24daa8d8dd.png,"Water , Sodium benzoate , Allantoin , Glycerin , Panthenol , Xylitylglucoside , Anhydroxylitol , Xylitol , Tầm xuân , Prunus flora extrax , Robinia pseudoacacia pollen , Prunus Serrulata Flower Extract , Magnolia Kobus Branch/flower/leaf Extract , Loa kèn , thymus vulgaris flower/ leaf extract , Butylene glycol , 1,2-Hexanediol , Aloe barbadensis leaf extract , Phenoxyethanol , Peg-40 Hydrogenated Castor Oil , Ethylhexyglycerin , Fragrance , Calendula officinalis flower , Acid citric ",,La Beauty,Hộp,Dược mỹ phẩm | Chăm sóc da mặt | Toner (nước hoa hồng) / Lotion,duoc-my-pham | duoc-my-pham/cham-soc-da-mat | duoc-my-pham/toner-nuoc-hoa-hong-lotion,True,True,90,0,https://nhathuoclongchau.com.vn/duoc-my-pham/nuoc-hoa-hong-la-beauty-150ml-duong-am-lam-mem-da-33785.html,duoc-my-pham,100
152,00033675,MẶT NẠ XÔNG HƠI MẮT MEGRHYTHM KHÔNG HƯƠNG,"Mặt nạ xông hơi mắt MegRhythm KAO không hương dễ chịu, thư giãn đôi mắt (5 miếng)",duoc-my-pham/mat-na-xong-hoi-mat-megrhythm-khong-huong-33759.html,140000.0,Hộp,đ,https://cdn.nhathuoclongchau.com.vn/unsafe/https://cms-prod.s3-sgn09.fptcloud.com/00033675_mat_na_xong_hoi_mat_megrhythm_khong_huong_9663_641a_large_b1d577c8a2.jpg,,,Kao,Hộp 5 miếng,Dược mỹ phẩm | Chăm sóc da vùng mắt | Dưỡng da mắt,duoc-my-pham | duoc-my-pham/cham-soc-da-vung-mat | duoc-my-pham/duong-da-ngan-ngua-lao-hoa-vung-mat,True,True,90,0,https://nhathuoclongchau.com.vn/duoc-my-pham/mat-na-xong-hoi-mat-megrhythm-khong-huong-33759.html,duoc-my-pham,100
153,00033674,MẶT NẠ XÔNG HƠI MẮT MEGRHYTHM HƯƠNG HOA CÚC,"Mặt nạ xông hơi mắt MegRhythm KAO hương hoa cúc dễ chịu, thư giãn đôi mắt (5 miếng)",duoc-my-pham/mat-na-xong-hoi-mat-megrhythm-huong-hoa-cuc-33760.html,140000.0,Hộp,đ,https://cdn.nhathuoclongchau.com.vn/unsafe/https://cms-prod.s3-sgn09.fptcloud.com/00033674_mat_na_xong_hoi_mat_megrhythm_huong_hoa_cuc_5363_6417_large_8785dfe680.jpg,,,Kao,Hộp 5 miếng,Dược mỹ phẩm | Chăm sóc da vùng mắt | Dưỡng da mắt,duoc-my-pham | duoc-my-pham/cham-soc-da-vung-mat | duoc-my-pham/duong-da-ngan-ngua-lao-hoa-vung-mat,True,True,90,0,https://nhathuoclongchau.com.vn/duoc-my-pham/mat-na-xong-hoi-mat-megrhythm-huong-hoa-cuc-33760.html,duoc-my-pham,100
154,00033673,MẶT NẠ XÔNG HƠI MẮT MEGRHYTHM HƯƠNG HOA OẢI HƯƠNG,"Mặt nạ xông hơi mắt MegRhythm KAO hương hoa oải hương dễ chịu, thư giãn đôi mắt (5 miếng)",duoc-my-pham/mat-na-xong-hoi-mat-megrhythm-huong-hoa-oai-huong-33772.html,140000.0,Hộp,đ,https://cdn.nhathuoclongchau.com.vn/unsafe/https://cms-prod.s3-sgn09.fptcloud.com/00033673_mat_na_xong_hoi_mat_megrhythm_huong_hoa_oai_huong_7088_6417_large_0402250c18.jpg,,,Kao,Hộp 5 miếng,Dược mỹ phẩm | Chăm sóc da vùng mắt | Dưỡng da mắt,duoc-my-pham | duoc-my-pham/cham-soc-da-vung-mat | duoc-my-pham/duong-da-ngan-ngua-lao-hoa-vung-mat,True,True,90,3.7665021999999997,https://nhathuoclongchau.com.vn/duoc-my-pham/mat-na-xong-hoi-mat-megrhythm-huong-hoa-oai-huong-33772.html,duoc-my-pham,100
155,00032803,SÁP KHỬ MÙI DEONATULLE SOFT STONE DOUBLE NON MENTHOL LĂN KHỬ MÙI ĐÁ KHOÁNG CHO NAM DẠNG SÁP 20G,Sáp khử mùi Deonatulle Soft Stone Double Non-Menthol lăn khử mùi đá khoáng cho nam dạng sáp (20g),duoc-my-pham/deonatulle-soft-stone-double-non-menthol-for-men-20g-lan-khu-mui-da-khoang-dang-sap-cho-nam-32917.html,298000.0,Tuýp,đ,https://cdn.nhathuoclongchau.com.vn/unsafe/https://cms-prod.s3-sgn09.fptcloud.com/DSC_01293_a01a9236fb.jpg,"Potassium alum , Cyclopentasiloxane , PPG-14 Butyl Ether , Stearyl alcohol , Sorbitan Sesquioleate , Hydrogenated castor oil , Menthoxypropanediol , Mica , Zinc oxide , Hydroxyapatite , o-Cymen-5-ol , Tocopherol , Sanguisorba Officinalis Root Extract ",,Deonatulle,Tuýp,"Dược mỹ phẩm | Chăm sóc cơ thể | Lăn khử mùi, xịt khử mùi",duoc-my-pham | duoc-my-pham/cham-soc-co-the | duoc-my-pham/khu-mui,True,True,90,0,https://nhathuoclongchau.com.vn/duoc-my-pham/deonatulle-soft-stone-double-non-menthol-for-men-20g-lan-khu-mui-da-khoang-dang-sap-cho-nam-32917.html,duoc-my-pham,100
156,00032801,SÁP KHỬ MÙI DEONATULLE SOFT STONE DOUBLE DEODORANT GIÚP GIẢM TIẾT MỒ HÔI PHÙ HỢP MỌI LOẠI DA 20G,Sáp khử mùi Deonatulle Soft Stone Double Deodorant giúp giảm tiết mồ hôi phù hợp mọi loại da (20g),duoc-my-pham/deonatulle-soft-stone-double-deodorant-20g-lan-khu-mui-da-khoang-dang-sap-cho-moi-loai-da-32919.html,335000.0,Tuýp,đ,https://cdn.nhathuoclongchau.com.vn/unsafe/https://cms-prod.s3-sgn09.fptcloud.com/DSC_09136_b6648dcdc0.jpg,"Potassium alum , Cyclopentasiloxane , PPG - 14 Butyl Ether , Stearyl alcohol , SORBITAN SESQUIISOSTEARATE , Hydrogenated castor oil , Menthol , Zinc oxide , Tocopherol , o-Cymen-5-ol , Caprylic/capric triglyceride , Epigallocatechin gallate ",,Deonatulle,Tuýp,"Dược mỹ phẩm | Chăm sóc cơ thể | Lăn khử mùi, xịt khử mùi",duoc-my-pham | duoc-my-pham/cham-soc-co-the | duoc-my-pham/khu-mui,True,True,90,0,https://nhathuoclongchau.com.vn/duoc-my-pham/deonatulle-soft-stone-double-deodorant-20g-lan-khu-mui-da-khoang-dang-sap-cho-moi-loai-da-32919.html,duoc-my-pham,100
157,00032782,"KEM BÔI NEO AQUA DƯỠNG DA, CHỐNG KHÔ, NỨT NẺ 50G","Kem bôi Neo Aqua dưỡng da, chống khô, nứt nẻ (50g)",duoc-my-pham/neo-aqua-50g-kem-duong-da-chong-kho-nut-ne-da-32904.html,130000.0,Hộp,đ,https://cdn.nhathuoclongchau.com.vn/unsafe/https://cms-prod.s3-sgn09.fptcloud.com/neoaqua_hop_lo_6c25dee43c.jpg,"Urea , Sodium hyaluronate , Vitamin E , Aquaxyl , Tảo biển đỏ ",,NeoAqua,Hộp,"Dược mỹ phẩm | Giải pháp làn da | Dưỡng da bị khô, thiếu ẩm",duoc-my-pham | duoc-my-pham/giai-phap-lan-da | duoc-my-pham/da-bi-kho-thieu-am,True,True,90,0,https://nhathuoclongchau.com.vn/duoc-my-pham/neo-aqua-50g-kem-duong-da-chong-kho-nut-ne-da-32904.html,duoc-my-pham,100
158,00014851,"TINH DẦU BƯỞI YANAGIYA HAIR TONIC DƯỠNG TÓC, NGỪA RỤNG 240ML","Tinh dầu bưởi Yanagiya Hair Tonic dưỡng tóc, ngừa rụng (240ml)",duoc-my-pham/hair-tonic-240ml-tinh-dau-buoi-yanagiya-15333.html,219000.0,Chai,đ,https://cdn.nhathuoclongchau.com.vn/unsafe/https://cms-prod.s3-sgn09.fptcloud.com/00014851_hair_tonic_240ml_tinh_dau_buoi_yanagiya_8981_5cca_large_02368349ff.jpg,"Tocopheryl acetate  , Dipotassium Glycyrrhizate  , Menthol  , Dipropylene glycol  , Peg-40 Hydrogenated Castor Oil  , Glucosylrutin  , Citric Acid  , Alcohol  , Sodium Citrate  , Water  , Citrus Aurantium Amara (bitter orange) Peel Extract  , Menthol Citrus Unshiu Peel Extract  ",Dung dịch,YANAGIYA,Chai x 240ml,"Dược mỹ phẩm | Chăm sóc tóc - da đầu | Dưỡng tóc, ủ tóc",duoc-my-pham | duoc-my-pham/cham-soc-toc-da-dau | duoc-my-pham/duong-toc-u-toc,True,True,90,0,https://nhathuoclongchau.com.vn/duoc-my-pham/hair-tonic-240ml-tinh-dau-buoi-yanagiya-15333.html,duoc-my-pham,100
159,00013661,"GEL VỆ SINH PHỤ NỮ HERBAL NANO VINAPHARMA GIÚP VỆ SINH, KHỬ MÙI, BẢO VỆ VÙNG KÍN 105G","Gel vệ sinh phụ nữ Herbal Nano Vinapharma giúp vệ sinh, khử mùi, bảo vệ vùng kín (105g)",duoc-my-pham/ve-sinh-pn-herbal-nano-vinapharma-15910.html,69000.0,Chai,đ,https://cdn.nhathuoclongchau.com.vn/unsafe/https://cms-prod.s3-sgn09.fptcloud.com/00013661_ve_sinh_pn_herbal_nano_vinapharma_5245_5d00_large_40f6936e4f.JPG,"Water  , Sodium lauryl sulfate  , Cocamidopropyl betaine  , Lactic Acid  , Polyethylene glycol  , Disodium EDTA, anhydrous  , Sodium Chloride  , Cocamide Dea  , Potassium sorbate  , Chlorhexidine digluconate  , Tocopherol  , Aloe barbadensis leaf  , Melaleuca alternifolia  , Curcuma Longa Root  , Hyaluronic acid  , Fragrance  ",Nhũ tương (Gel),VINAPHARMA,Chai,"Dược mỹ phẩm | Chăm sóc cơ thể | Lăn khử mùi, xịt khử mùi",duoc-my-pham | duoc-my-pham/cham-soc-co-the | duoc-my-pham/khu-mui,True,True,90,0,https://nhathuoclongchau.com.vn/duoc-my-pham/ve-sinh-pn-herbal-nano-vinapharma-15910.html,duoc-my-pham,100
160,00022006,SỮA RỬA MẶT ROSETTE ACNE CLEAR BÙN BIỂN GIÚP GIẢM MỤN 120G,Sữa rửa mặt Rosette Acne Clear bùn biển giúp giảm mụn (120g),duoc-my-pham/sua-rua-mat-bun-bien-giam-mun-rosette-acne-clear-120g-22349.html,185000.0,Chai,đ,https://cdn.nhathuoclongchau.com.vn/unsafe/https://cms-prod.s3-sgn09.fptcloud.com/00022006_sua_rua_mat_bun_bien_giam_mun_rosette_acne_clear_120g_5962_63db_large_d5ceab1ffe.jpg,"Nước (aqua) , Stearyl Glycyrrhetinate , Myristic acid , Glycerin , Palmitic Acid , Stearic acid , Lauric Acid , Potassium hydroxide , Butylene glycol , Cocamidopropyl betaine , Kaolin , Betaine , Olive oil , Phellodendron Amurense Bark Extract , Soybean , Polyquaternium-7 , Etidronic acid , Tetrasodium EDTA , Sodium benzoate , Fragrance , Lauramidopropyl Betaine , Potassium Cocoyl Glycinate , Glycosyl Trehalose＆Hydrogenated Starch Hydrolysate , Tanakura Cray , Hydrogenated Lecithin , Houttuynia cordata extract , Polyquaternium-39 ",,Rosette,Chai,"Dược mỹ phẩm | Chăm sóc da mặt | Sữa rửa mặt (Kem, gel, sữa)",duoc-my-pham | duoc-my-pham/cham-soc-da-mat | duoc-my-pham/sua-rua-mat-kem-gel-sua,True,True,90,0,https://nhathuoclongchau.com.vn/duoc-my-pham/sua-rua-mat-bun-bien-giam-mun-rosette-acne-clear-120g-22349.html,duoc-my-pham,100
161,00022007,SỮA RỬA MẶT ĐẤT SÉT ROSETTE GHASSOUL BRIGHT GIÚP SÁNG DA 120G,Sữa rửa mặt đất sét Rosette Ghassoul Bright giúp sáng da (120g),duoc-my-pham/sua-rua-mat-dat-set-sang-da-rosette-ghassoul-bright-120g-22350.html,185000.0,Chai,đ,https://cdn.nhathuoclongchau.com.vn/unsafe/https://cms-prod.s3-sgn09.fptcloud.com/00022007_sua_rua_mat_dat_set_sang_da_rosette_ghassoul_bright_120g_8916_5dba_large_f86ab0ac7a.jpg,"Nước (aqua) , Stearic acid , Glycerin , Dipropylene glycol , Kaolin , Lauramidopropyl Betaine , Talc , Argania Spinosa Kernel Oil , Fragrance , Potassium Myristate , Potassium Stearate , Potassium Laurate , Moroccan Lava Clay , Sodium Trehalose Octenylsuccinate , Glycyrrhetinic Acid ",,Rosette,Chai,"Dược mỹ phẩm | Chăm sóc da mặt | Sữa rửa mặt (Kem, gel, sữa)",duoc-my-pham | duoc-my-pham/cham-soc-da-mat | duoc-my-pham/sua-rua-mat-kem-gel-sua,True,True,90,0,https://nhathuoclongchau.com.vn/duoc-my-pham/sua-rua-mat-dat-set-sang-da-rosette-ghassoul-bright-120g-22350.html,duoc-my-pham,100
162,00022782,SỮA RỬA MẶT NGHỆ NANO NGỪA MỤN NEO CLEANSER 86G,"Sữa rửa mặt nghệ Nano Neo Cleanser ngừa mụn, ngừa sẹo, mờ vết thâm (86g)",duoc-my-pham/sua-rua-mat-nghe-nano-ngua-mun-neo-cleanser-86g-23102.html,85000.0,Tuýp,đ,https://cdn.nhathuoclongchau.com.vn/unsafe/https://cms-prod.s3-sgn09.fptcloud.com/neocleanser_c3eaf6241e.jpg,"Nước (aqua) , Curcumin , Cocamidopropyl betaine , Cocamide Dea , Propylene glycol , triethanolamine , glycerine , DMDM Hydantoin , Acylates , Sodium Laurenth Sulphate , Olive Oil PEG-7 Esters , Polyquaternium-7 , Acid Salicylic ",,La Beauty,Tuýp,"Dược mỹ phẩm | Chăm sóc da mặt | Sữa rửa mặt (Kem, gel, sữa)",duoc-my-pham | duoc-my-pham/cham-soc-da-mat | duoc-my-pham/sua-rua-mat-kem-gel-sua,True,True,90,0,https://nhathuoclongchau.com.vn/duoc-my-pham/sua-rua-mat-nghe-nano-ngua-mun-neo-cleanser-86g-23102.html,duoc-my-pham,100
163,00029540,CORINE DE FARME BABY HAIR  BODY WASH - SỮA TẮM GỘI CHO BÉ DÀNH CHO MỌI LOẠI DA 250ML,Gel gội và tắm cho bé Corine De Farme Hair And Body Wash dành cho mọi loại da (250ml),duoc-my-pham/corine-de-farme-baby-hair-body-wash-sua-tam-goi-cho-be-danh-cho-moi-loai-da-250ml-29804.html,185000.0,Chai,đ,https://cdn.nhathuoclongchau.com.vn/unsafe/https://cms-prod.s3-sgn09.fptcloud.com/corine_79e3c9934d.jpg,"Aqua , Glycerin , Cocamidopropyl betaine , Decyl glucoside , Parfum , Sodium Chloride , Citric Acid , Sodium benzoate , Peg-6 Caprylic , Polyquaternium-10 , Potassium sorbate , Calendula Officinalis Flower Extract , Sodium hydroxide , Sodium Lauroyl Sarcosinate , PEG-150 Pentaerythrityl Tetrastearate , Styrene Acrylates Copolymer ",Dung dịch,Corine De Farme,Chai,"Dược mỹ phẩm | Chăm sóc cơ thể | Sữa tắm, xà bông",duoc-my-pham | duoc-my-pham/cham-soc-co-the | duoc-my-pham/sua-tam-xa-bong,True,True,90,0,https://nhathuoclongchau.com.vn/duoc-my-pham/corine-de-farme-baby-hair-body-wash-sua-tam-goi-cho-be-danh-cho-moi-loai-da-250ml-29804.html,duoc-my-pham,100
164,00031751,"KEM BÔI FIXDERMA FOOT CREAM DƯỠNG ẨM, LÀM MỀM GÓT CHÂN 60G","Kem bôi Fixderma Foot Cream dưỡng ẩm, làm mềm gót chân (60g)",duoc-my-pham/fixderma-foot-cream-60g-cung-cap-do-am-mem-da-got-chan-31889.html,225000.0,Tuýp,đ,https://cdn.nhathuoclongchau.com.vn/unsafe/https://cms-prod.s3-sgn09.fptcloud.com/DSC_03019_cd2cc31994.jpg,"Fragrance , Disodium EDTA , Xanthan gum , Menthol Crystals , Ethylhexylglycerin , Urea , Stearic acid , Lactic Acid , Phenoxyethanol , Allantoin , Cetearyl Alcohol , Cyclopentasiloxane , Aqua/ Water , Glycerol , Paraffinum Liquidum ",Dạng kem,Fixderma,Tuýp x 60g,Dược mỹ phẩm | Chăm sóc cơ thể | Chăm sóc da nứt nẻ,duoc-my-pham | duoc-my-pham/cham-soc-co-the | duoc-my-pham/tri-nut-da,True,True,90,0,https://nhathuoclongchau.com.vn/duoc-my-pham/fixderma-foot-cream-60g-cung-cap-do-am-mem-da-got-chan-31889.html,duoc-my-pham,100
165,00049588,"BỌT VỆ SINH PHỤ NỮ KINGLUUB LÀM SẠCH, KHỬ MÙI HƯƠNG HOA HỒNG HỘP 100ML","Bọt vệ sinh phụ nữ Kingluub làm sạch, khử mùi hương hoa hồng (100ml)",duoc-my-pham/bot-ve-sinh-phu-nu-kingluub-lam-sach-khu-mui-huong-hoa-hong-hop-100-ml.html,176000.0,Hộp,đ,https://cdn.nhathuoclongchau.com.vn/unsafe/https://cms-prod.s3-sgn09.fptcloud.com/DSC_01271_0ebceed469.jpg,"Water , Cocamido Propyl Belaine , Disodium Laureth Sulfosuccinate , Decyl glucoside , Piper Betle (Leaf) Extract , Rosa damascena extract , Perilla Frutescens Extract , Glycerin , Polyquatermium-7 , Lactobacillus ",Dạng bọt,KINGLUUB,Hộp x 100ml,Dược mỹ phẩm | Chăm sóc cơ thể,duoc-my-pham | duoc-my-pham/cham-soc-co-the,True,True,80,0,https://nhathuoclongchau.com.vn/duoc-my-pham/bot-ve-sinh-phu-nu-kingluub-lam-sach-khu-mui-huong-hoa-hong-hop-100-ml.html,duoc-my-pham,100
166,00049567,"BÚT CHẤM VẾT ĐỐT MUỖI, CÔN TRÙNG DR.CICCARELLI S.O.S PELLE AFTER BITE PEN GIÚP LÀM DỊU VÀ GIẢM NGỨA TỨC THÌ 15ML","Bút chấm vết đốt muỗi, côn trùng Dr.Ciccarelli S.O.S Pelle After Bite Pen giúp làm dịu và giảm ngứa tức thì (15ml)",duoc-my-pham/but-cham-vet-dot-muoi-con-trung-dr-ciccarelli-s-o-s-pelle-after-bite-pen-giup-lam-diu-va-giam-ngua-tuc-thi-15-ml.html,297000.0,Cây,đ,https://cdn.nhathuoclongchau.com.vn/unsafe/https://cms-prod.s3-sgn09.fptcloud.com/DSC_01187_6841f1167a.png,"Aqua , Alcohol Denat , Aluminum chloride , Glycerin , Maltodextrin , hydroxyethylcellulose , Olea europaea leaf ",Dung dịch,DR.CICCARELLI,Cây x 15ml,Dược mỹ phẩm | Chăm sóc cơ thể,duoc-my-pham | duoc-my-pham/cham-soc-co-the,True,True,80,0,https://nhathuoclongchau.com.vn/duoc-my-pham/but-cham-vet-dot-muoi-con-trung-dr-ciccarelli-s-o-s-pelle-after-bite-pen-giup-lam-diu-va-giam-ngua-tuc-thi-15-ml.html,duoc-my-pham,100
167,00049566,XỊT KHỬ MÙI GIÀY VÀ CHÂN DR.CICCARELLI TIMODORE DEODORANT SPRAY CHAI 150ML,Xịt khử mùi giày và chân Dr.Ciccarelli Timodore Deodorant Spray (150ml),duoc-my-pham/xit-khu-mui-giay-va-chan-dr-ciccarelli-timodore-deodorant-spray-chai-150-ml.html,264000.0,Chai,đ,https://cdn.nhathuoclongchau.com.vn/unsafe/https://cms-prod.s3-sgn09.fptcloud.com/DSC_01162_84e2ae3622.png,"Butan , Alcohol Denat , Propane , Aqua , Menthol , Parfum , Propylene glycol , Tocopheryl acetate , Triethyl citrate , Undecylenic acid , Benzyl benzoat , Citral , Citronellol , Hexyl cinnamal , Lactic Acid ",Dạng xịt,DR.CICCARELLI,Chai x 150ml,Dược mỹ phẩm | Chăm sóc cơ thể,duoc-my-pham | duoc-my-pham/cham-soc-co-the,True,True,80,0,https://nhathuoclongchau.com.vn/duoc-my-pham/xit-khu-mui-giay-va-chan-dr-ciccarelli-timodore-deodorant-spray-chai-150-ml.html,duoc-my-pham,100
168,00049565,KEM BÔI DR.CICCARELLI S.O.S PELLE SKIN RESCUE CREAM LÀM DỊU VÀ GIẢM KÍCH ỨNG DA HỘP 25ML,Kem bôi Dr.Ciccarelli S.O.S Pelle Skin Rescue Cream làm dịu và giảm kích ứng da (25ml),duoc-my-pham/kem-boi-dr-ciccarelli-s-o-s-pelle-skin-rescue-cream-lam-diu-va-giam-kich-ung-da-hop-25-ml.html,220000.0,Hộp,đ,https://cdn.nhathuoclongchau.com.vn/unsafe/https://cms-prod.s3-sgn09.fptcloud.com/DSC_01131_6136a3a49a.png,"Aqua , Betaine , Hydrogenated Polyisobutene , C15-19 Alkane , C20-22 Alcohols , C20-22 Alkyl Phosphate , Ethylhexyl Stearate , Maltodextrin , Cetyl alcohol , Canola oil , Capric/Capric triglyceride , Olea europaea leaf , triethanolamine , Butyrospermum Parkii Butter , Caprylyl glycol , Hydroxyethyl Acrylate , Parfum , Triethyl citrate ",Dạng kem,DR.CICCARELLI,Hộp x 25ml,"Dược mỹ phẩm | Chăm sóc cơ thể | Kem dưỡng da tay, chân",duoc-my-pham | duoc-my-pham/cham-soc-co-the | duoc-my-pham/duong-tay-chan,True,True,80,0,https://nhathuoclongchau.com.vn/duoc-my-pham/kem-boi-dr-ciccarelli-s-o-s-pelle-skin-rescue-cream-lam-diu-va-giam-kich-ung-da-hop-25-ml.html,duoc-my-pham,100
169,00049564,"NƯỚC SÚC MIỆNG DR.CICCARELLI S.O.S DENTI GIẢM MẢNG BÁM VÔI RĂNG, BẢO VỆ RĂNG VÀ NƯỚU CHAI 400ML","Nước súc miệng Dr.Ciccarelli S.O.S Denti giảm mảng bám vôi răng, bảo vệ răng và nướu (400ml)",duoc-my-pham/nuoc-suc-mieng-dr-ciccarelli-s-o-s-denti-giam-mang-bam-voi-rang-bao-ve-rang-va-nuou-chai-400-ml.html,198000.0,Chai,đ,https://cdn.nhathuoclongchau.com.vn/unsafe/https://cms-prod.s3-sgn09.fptcloud.com/DSC_01099_c9f7178260.png,"Aqua , Propylene glycol , Polysorbate 20 , Peg-40 Hydrogenated Castor Oil , Sodium benzoate , Hydroxyacetophenone , 1,2-Hexanediol , Aroma , Caprylyl glycol , Lactic Acid , Chlorhexidine digluconate , Cocamidopropyl betaine , Glycerin , Propolis Extract , Sodium bicarbonate , Sodium lactate , Sodium fluoride , Centella Asiatica Extract ",Dung dịch,DR.CICCARELLI,Chai x 400ml,Dược mỹ phẩm | Chăm sóc cơ thể,duoc-my-pham | duoc-my-pham/cham-soc-co-the,True,True,80,0,https://nhathuoclongchau.com.vn/duoc-my-pham/nuoc-suc-mieng-dr-ciccarelli-s-o-s-denti-giam-mang-bam-voi-rang-bao-ve-rang-va-nuou-chai-400-ml.html,duoc-my-pham,100
170,00049346,"GEL TẮM URIAGE XEMOSE HUILE LAVANTE APAISANTE DÀNH CHO DA KHÔ, VIÊM DA CƠ ĐỊA 200ML","Gel tắm Uriage Xemoss Huile Lavante Apaisante dành cho da khô, viêm da cơ địa (200ml)",duoc-my-pham/gel-tam-uriage-xemose-huile-lavante-apaisante-danh-cho-da-kho-viem-da-co-dia-200-ml.html,334000.0,Tuýp,đ,https://cdn.nhathuoclongchau.com.vn/unsafe/https://cms-prod.s3-sgn09.fptcloud.com/DSC_09522_e989506540.jpg,"Aqua , Glycerin , Hydrogenated starch hydrolysate , Sodium cocoamphoacetate , PEG-7 Glyceryl Cocoate , Sodium cocoyl glutamate , Sodium Laureth Sulfate , Sodium Laureth-8 Sulfate , Ceteareth-60 Myristyl Glycol , Polysorbate 20 , Citric Acid , Coco-Glucoside , Glyceryl oleate , Magnesium Laureth Sulfate , Sodium Oleth Sulfate , Polyquaternium-10 , Magnesium Laureth-8 Sulfate , Peg-75 Shea Butter Glycerides , Isopropyl Alcohol , Brassica Campestris (Rapeseed) Sterols , Tocopherol , RASPBERRY SEED OIL/PALM OIL AMINOPROPANEDIOL ESTERS ",,Uriage,Tuýp x 200ml,Dược mỹ phẩm | Chăm sóc cơ thể,duoc-my-pham | duoc-my-pham/cham-soc-co-the,True,True,80,0,https://nhathuoclongchau.com.vn/duoc-my-pham/gel-tam-uriage-xemose-huile-lavante-apaisante-danh-cho-da-kho-viem-da-co-dia-200-ml.html,duoc-my-pham,100
171,00044758,KEM TẨY TRANG TRANSINO CLEAR CLEANSING EX 110G,"Kem tẩy trang Transino Clear Cleansing Ex giúp loại bỏ lớp trang điểm, bụi bẩn lỗ chân lông và dầu thừa (110g)",duoc-my-pham/kem-tay-trang-transino-clear-cleansing-ex-110-g.html,500000.0,Hộp,đ,https://cdn.nhathuoclongchau.com.vn/unsafe/https://cms-prod.s3-sgn09.fptcloud.com/DSC_04685_a1044a978d.jpg,"Aqua/ Water , Cetyl ethylhexanoate , Ethylhexyl Palmitate , Pentaerythrityl Tetraethylhexanoate , Butylene glycol , Dicaprylyl Carbonate , Mineral oil , PEG-12 ISOSTEARATE , PEG-25 STEARATE , Beeswax , Squalane , PEG-20 GLYCERYL ISOSTEARATE , Sorbitan Stearate , Phenoxyethanol ",,Transino,Hộp,"Dược mỹ phẩm | Chăm sóc da mặt | Nước tẩy trang, dầu tẩy trang",duoc-my-pham | duoc-my-pham/cham-soc-da-mat | duoc-my-pham/nuoc-tay-trang,True,True,80,0,https://nhathuoclongchau.com.vn/duoc-my-pham/kem-tay-trang-transino-clear-cleansing-ex-110-g.html,duoc-my-pham,100
172,00039024,"GEL BÔI VEINCO LANCOPHARM DƯỠNG ẨM, LÀM DỊU DA CHÂN, GIÚP CẢI THIỆN SUY GIÃN TĨNH MẠCH HỘP 100G","Gel bôi Veinco Lancopharm dưỡng ẩm, làm dịu da chân, giúp cải thiện suy giãn tĩnh mạch (100g)",duoc-my-pham/gel-boi-veinco-lancopharm-giup-cai-thien-suy-gian-tinh-mach-hop-100-g.html,375000.0,Hộp,đ,https://cdn.nhathuoclongchau.com.vn/unsafe/https://cms-prod.s3-sgn09.fptcloud.com/QAG_05815_607119f5b6.jpg,"Porphyridium Cruentum Extract , Ethyhexyl glycerryl , Glycerin , Eucalyptus Leaf , Propylene glycol , Menthol ",Gel,LANCOPHARM,Hộp x 100g,"Dược mỹ phẩm | Chăm sóc cơ thể | Kem dưỡng da tay, chân",duoc-my-pham | duoc-my-pham/cham-soc-co-the | duoc-my-pham/duong-tay-chan,True,True,80,0,https://nhathuoclongchau.com.vn/duoc-my-pham/gel-boi-veinco-lancopharm-giup-cai-thien-suy-gian-tinh-mach-hop-100-g.html,duoc-my-pham,100
173,C052300000452,"MẶT NẠ CẤP ẨM VÀ DƯỠNG SÁNG DA, LOẠI BỎ ĐỐM ĐEN VÀ TÀN NHANG BANOBAGI STEM CELL VITAMIN MASK WHITENING & DARK SPOT CARE 30G","Mặt nạ Banobagi Stem Cell Vitamin Mask Whitening & Dark Spot Care chống nhăn da, trắng da, mờ nám (30g)",duoc-my-pham/mat-na-cap-am-va-duong-sang-da-loai-bo-dom-den-va-tan-nhang-banobagi-stem-cell-vitamin-mask-whitening-and-dark-spot-care-30-g.html,28000.0,Gói,đ,https://cdn.nhathuoclongchau.com.vn/unsafe/https://cms-prod.s3-sgn09.fptcloud.com/DSC_00016_1e5a798909.jpg,"Water , Methylpropanediol , Panthenol , acrylates/C10-30 alkyl acrylate crosspolymer , Chlorphenesin , Hydroxyacetophenone , Tromethamine , Sodium hyaluronate , Trehalose , Allantoin , Xanthan gum , Adenosine , Dipotassium Glycyrrhizate , Disodium EDTA , Vitis Vinifera (Grape) Seed Oil , Tranexamic acid , Tocopherol , Thiamine HCl , Riboflavin , Pantothenic acid , Niacin , Folic Acid , Carnitine HCl , Biotin , Ascorbic Acid , Maltodextrin , Glyceryl Linoleate , Glyceryl Arachidonate , Glyceryl Linolenate , Sodium Citrate , Citric Acid , Cyanocobalamin , Ascorbyl palmitate , Niacinamide ",,Banobagi,Hộp 10 Gói x 30g,Dược mỹ phẩm | Chăm sóc da mặt | Mặt nạ,duoc-my-pham | duoc-my-pham/cham-soc-da-mat | duoc-my-pham/mat-na,True,True,80,0,https://nhathuoclongchau.com.vn/duoc-my-pham/mat-na-cap-am-va-duong-sang-da-loai-bo-dom-den-va-tan-nhang-banobagi-stem-cell-vitamin-mask-whitening-and-dark-spot-care-30-g.html,duoc-my-pham,100
174,C042300000094,NƯỚC TẨY TRANG LÀM SẠCH NHANH SOFTYMO SPEEDY CLEANSING LIQUID KOSE 230ML (XANH),Nước tẩy trang Softymo Speedy Cleansing Liquid Kosé làm sạch nhanh lớp trang điểm trên da (230ml),duoc-my-pham/dau-tay-trang-lam-sach-nhanh-softymo-speedy-cleansing-liquid-kose-230-ml-xanh.html,179000.0,Chai,đ,https://cdn.nhathuoclongchau.com.vn/unsafe/https://cms-prod.s3-sgn09.fptcloud.com/IMG_0329_14c7818965.jpg,"Aqua/ Water , Dipropylene glycol , PEG-20 GLYCERYL ISOSTEARATE , Butylene glycol , Methyl Gluceth-20 , PEG-32 , PEG-6 , Glycerin , Natri citrat , Citric Acid , Chamomilla Recutita (Matricaria) Flower Extract , Lavandula angustifolia (lavender) oil , Mentha piperita (peppermint) oil , Thymus Vulgaris Extract , Rosemary ",,KOSE,Chai x 230ml,"Dược mỹ phẩm | Chăm sóc da mặt | Nước tẩy trang, dầu tẩy trang",duoc-my-pham | duoc-my-pham/cham-soc-da-mat | duoc-my-pham/nuoc-tay-trang,True,True,80,0,https://nhathuoclongchau.com.vn/duoc-my-pham/dau-tay-trang-lam-sach-nhanh-softymo-speedy-cleansing-liquid-kose-230-ml-xanh.html,duoc-my-pham,100
175,00503583,MẶT NẠ DƯỠNG TRẮNG DA - TRỊ NÁM TRANSINO WHITENING FACIAL MASK EX 4 MIẾNG X 20ML,Mặt nạ dưỡng trắng da Transino Whitening Facial Mask EX ngăn ngừa nám và tàn nhang (4 miếng x 20ml),duoc-my-pham/mat-na-duong-trang-da---tri-nam-transino-whitening-facial-mask-ex-4-mieng-x-20ml-37888.html,500000.0,Hộp,đ,https://cdn.nhathuoclongchau.com.vn/unsafe/https://cms-prod.s3-sgn09.fptcloud.com/00503583_mat_na_duong_trang_da_tri_nam_transino_whitening_facial_mask_ex_4_mieng_x_20ml_6445_6411_large_fc642759da.jpg,"Dipotassium Glycyrrhizinate , Aqua/ Water , Butylene glycol , Glycerin , Tranexamic acid , Peg-8 , Sorbitol , PEG-50 HYDROGENATED CASTOR OIL , Phenoxyethanol , Dimethicone , Carbomer , Ethylhexylglycerin , Lecithin, hydrogenated , CALCIUM PANTETHEINE SULFONATE , PEG-150 Stearate , ISODONIS JAPONICUS LEAF , Methylparaben , POLYPHOSPHORYLCHOLINE GLYCOL ACRYLATE , Citric Acid , GERANIUM ROBERTIANUM EXTRACT , GLYCERIN/OXYBUTYLENE COPOLYMER STEARYL ETHER , Glyceryl stearate , SODIUM TREHALOSE SULFATE , SODIUM ACETYLATED HYALURONATE , MORUS ALBA ROOT EXTRACT , Potassium hydroxide , GLYCERYLAMIDOETHYL METHACRYLATE , Cetyl alcohol , Achillea Millefolium Extract ",,Transino,Hộp 4 Miếng x 20ml,Dược mỹ phẩm | Chăm sóc da mặt | Mặt nạ,duoc-my-pham | duoc-my-pham/cham-soc-da-mat | duoc-my-pham/mat-na,True,True,80,0,https://nhathuoclongchau.com.vn/duoc-my-pham/mat-na-duong-trang-da---tri-nam-transino-whitening-facial-mask-ex-4-mieng-x-20ml-37888.html,duoc-my-pham,100
176,00502795,"KEM DƯỠNG BAN NGÀY CHO DA SIÊU NHẠY CẢM, DỄ MẪN ĐỎ - SEBAMED ANTI-REDNESS LIGHT DAY CARE 50ML",Kem dưỡng ban ngày Sebamed Anti-Redness Light Day Care dành cho da rất nhạy cảm và dễ bị đỏ (50ml),duoc-my-pham/kem-duong-ban-ngay-cho-da-sieu-nhay-cam-de-man-do-sebamed-anti-redness-light-day-care-50ml-37082.html,655000.0,Tuýp,đ,https://cdn.nhathuoclongchau.com.vn/unsafe/https://cms-prod.s3-sgn09.fptcloud.com/00502795_kem_duong_ban_ngay_cho_da_sieu_nhay_cam_de_man_do_sebamed_anti_redness_light_day_care_50ml_6091_6391_large_4aae74cc11.jpg,"CI 61570 , CI 47005 , Benzyl alcohol , Sorbic Acid , Sodium hydroxide , Citric Acid , Disodium phosphate , Sodium Chloride , Xanthan gum , hydroxypropyl methylcellulose , Butylene glycol , Propylene glycol , Decyl glucoside , Caprylic/capric triglyceride , Allantoin , Tocopherol , Pentylene Glycol , 4-T-BUTYLCYCLOHEXANOL , DIETHYLHEXYL SYRINGYLIDENEMALONATE , Centella Asiatica Extract , PHYSALIS PUBESCENS FRUIT JUICE , 1,2-Hexanediol , Disodium Cetearyl Sulfosuccinate , Glyceryl stearate , Ethylhexyl Stearate , Butyrospermum Parkii Butter , Bis-ethylhexyloxyphenol Methoxyphenyl Triazine , Dicaprylyl Ether , Aqua/ Water , Glycerin , DIBUTYL ADIPATE , Propylheptyl Caprylate , Cetearyl Alcohol , SODIUM CARBOXYMETHYL , TRIS-BIPHENYL TRIAZINE , Zea mays starch , Ethylhexyl Triazone , Tocopheryl acetate , METHYLENE BIS-BENZOTRIAZOLYL TETRAMETHYLBUTYLPHENOL ",,Sebamed,Tuýp x 50ml,"Dược mỹ phẩm | Chăm sóc cơ thể | Sữa dưỡng thể, kem dưỡng thể",duoc-my-pham | duoc-my-pham/cham-soc-co-the | duoc-my-pham/duong-the,True,True,80,0,https://nhathuoclongchau.com.vn/duoc-my-pham/kem-duong-ban-ngay-cho-da-sieu-nhay-cam-de-man-do-sebamed-anti-redness-light-day-care-50ml-37082.html,duoc-my-pham,100
177,00502790,"SỮA DƯỠNG ẨM SEBAMED EXTREME DRY SKIN REPAIR LOTION 10% UREA CHO DA KHÔ, VIÊM DA CƠ ĐỊA 200ML","Sữa dưỡng ẩm Sebamed Extreme Dry Skin Repair Lotion 10% Urea cho da khô, viêm da cơ địa (200ml)",duoc-my-pham/sua-duong-am-cho-da-kho-viem-da-co-dia-sebamed-extreme-dry-skin-repair-lotion-10-urea-200ml-37087.html,380000.0,Chai,đ,https://cdn.nhathuoclongchau.com.vn/unsafe/https://cms-prod.s3-sgn09.fptcloud.com/00502790_sua_duong_am_cho_da_kho_viem_da_co_dia_sebamed_extreme_dry_skin_repair_lotion_10_urea_200ml_7276_6391_large_e0c85916ff.jpg,"Aqua/ Water , Hexyldecanol , Hexyldecyl Laurate , Urea , Coco-Caprylate/Caprate , Glycerin , Polyglyceryl-3 Polyricinoleate , Prunus Amygdalus Dulcis Oil , Magnesium sulfate , Polyglyceryl-3 Diisostearate , Caprylic/capric triglyceride , Lecithin , Ascorbyl palmitate , Lactic Acid , Citric Acid , Parfum , Benzyl alcohol , Phenoxyethanol , Sodium benzoate , Cera alba ",,Sebamed,Chai x 200ml,"Dược mỹ phẩm | Chăm sóc cơ thể | Sữa dưỡng thể, kem dưỡng thể",duoc-my-pham | duoc-my-pham/cham-soc-co-the | duoc-my-pham/duong-the,True,True,80,0,https://nhathuoclongchau.com.vn/duoc-my-pham/sua-duong-am-cho-da-kho-viem-da-co-dia-sebamed-extreme-dry-skin-repair-lotion-10-urea-200ml-37087.html,duoc-my-pham,100
178,00046888,SỮA RỬA MẶT CETAPHIL OILY SKIN CLEANSER CHO DA DẦU NHẠY CẢM 125ML,Sữa rửa mặt Cetaphil Oily Skin Cleanser cho da dầu nhạy cảm (125ml),duoc-my-pham/sua-rua-mat-cho-da-dau-nhay-cam-cetaphil-oily-skin-cleanser-125-ml-1.html,175000.0,Chai,đ,https://cdn.nhathuoclongchau.com.vn/unsafe/https://cms-prod.s3-sgn09.fptcloud.com/TUK_05784_a5a1480a0a.jpg,"Aqua , Glycerin , Cocamido Propyl Belaine , Disodium Laureth Sulfosuccinate , Sodium cocoamphoacetate , Sodium benzoate , Parfum , Amyl cinnamal , Citronellol , Geraniol , Hydroxycitronellal , Linalool , Sodium Chloride , Citric Acid ",,Cetaphil,Chai,"Dược mỹ phẩm | Chăm sóc da mặt | Sữa rửa mặt (Kem, gel, sữa)",duoc-my-pham | duoc-my-pham/cham-soc-da-mat | duoc-my-pham/sua-rua-mat-kem-gel-sua,True,True,70,0,https://nhathuoclongchau.com.vn/duoc-my-pham/sua-rua-mat-cho-da-dau-nhay-cam-cetaphil-oily-skin-cleanser-125-ml-1.html,duoc-my-pham,100
179,00046720,"DẦU GỘI DƯỢC LIỆU NGUYÊN XUÂN VÀNG HOA LINH GIẢM GÃY RỤNG, PHÙ HỢP CHO TÓC DẦU, TÓC BẾT HỘP 260G","Dầu gội dược liệu Nguyên Xuân vàng hoa linh giảm gãy rụng, da đầu nhiều dầu (260g)",duoc-my-pham/dau-goi-duoc-lieu-nguyen-xuan-vang-hoa-linh-275-ml-giam-gay-rung-da-dau-nhieu-dau-1.html,111000.0,Chai,đ,https://cdn.nhathuoclongchau.com.vn/unsafe/https://cms-prod.s3-sgn09.fptcloud.com/QAG_05803_110f715329.jpg,"Natri hydroxide , Acid hydrochloric , Caramel , Polyquaternium , EDTA sodium , Natri Citrate , Menthol , Zinc Pyrithione , Acid citric , Climbazol , Piroctone Olamine , DMDM Hydantoin , Amino acid , Nasturtium offcinale , Adiantum Capillus Veneris Leaf , Urtica Dioica Extract , Bạch quả , Hà thủ ô , Cỏ ngũ sắc , Núc nác , Dâu tằm , Cỏ mần trầu , Bồ kết (Quả) , Dầu Olive , Carbopol polymer , Natri PCA (Sodium Pyrrolidone Caboxylic Acid) , Dirnethicone , Dimethiconol , Natri laureth sulfat ",Dung dịch,Nguyên Xuân,Chai x 260g,Dược mỹ phẩm | Chăm sóc tóc - da đầu | Dầu gội dầu xả,duoc-my-pham | duoc-my-pham/cham-soc-toc-da-dau | duoc-my-pham/dau-goi-dau-xa,True,True,70,0,https://nhathuoclongchau.com.vn/duoc-my-pham/dau-goi-duoc-lieu-nguyen-xuan-vang-hoa-linh-275-ml-giam-gay-rung-da-dau-nhieu-dau-1.html,duoc-my-pham,100
180,00046718,"DẦU GỘI DƯỢC LIỆU NGUYÊN XUÂN XANH LÁ DƯỠNG TÓC, PHỤC HỒI TÓC HƯ TỔN HỘP 260G","Dầu gội dược liệu Nguyên Xuân xanh lá dưỡng tóc, phục hồi tóc hư tổn (260g)",duoc-my-pham/dau-goi-duoc-lieu-nguyen-xuan-xanh-la-275-ml-duong-toc-phuc-hoi-hu-ton.html,94000.0,Chai,đ,https://cdn.nhathuoclongchau.com.vn/unsafe/https://cms-prod.s3-sgn09.fptcloud.com/QAG_05760_90d423ad7c.jpg,"Purified water , Sodium Laureth Sulfate , Cocamidopropyl betaine , Dimethiconol , Dimethicone , Propylene glycol , Sodium Chloride , Fragrance , Carbomer , Olive Oil PEG-7 Esters , Gleditsia Triacanthos extract , Eleusine Indica , Morus Alba extract , Oroxylum Indicum , Ageratum Conyzoides Extract , Polygonum Multiflorum Root Extract , Ginkgo biloba extract ",,Nguyên Xuân,Chai,Dược mỹ phẩm | Chăm sóc tóc - da đầu | Dầu gội dầu xả,duoc-my-pham | duoc-my-pham/cham-soc-toc-da-dau | duoc-my-pham/dau-goi-dau-xa,True,True,70,0,https://nhathuoclongchau.com.vn/duoc-my-pham/dau-goi-duoc-lieu-nguyen-xuan-xanh-la-275-ml-duong-toc-phuc-hoi-hu-ton.html,duoc-my-pham,100
181,00045397,"DUNG DỊCH VỆ SINH PHỤ NỮ GYNOFAR SẠCH KHUẨN, GIỮ CÂN BẰNG PH DA 500ML","Dung dịch vệ sinh phụ nữ Gynofar sạch khuẩn, giữ cân bằng pH da (500ml)",duoc-my-pham/dung-dich-dung-ngoai-pharmedic-gynofar-500-ml-1.html,24000.0,Chai,đ,https://cdn.nhathuoclongchau.com.vn/unsafe/https://cms-prod.s3-sgn09.fptcloud.com/DSC_05027_e6009cfebf.jpg,"Water , Sodium lauryl sulfate , Alcohol , Polysorbat 80 , Copper sulfate , Menthol , Mentha arvensis top , Tetrasodium EDTA , Citric Acid , Fragrance , CI 19140 , CI 42051 ",Dung dịch,Pharmedic,Chai,Dược mỹ phẩm | Chăm sóc cơ thể,duoc-my-pham | duoc-my-pham/cham-soc-co-the,True,True,70,0,https://nhathuoclongchau.com.vn/duoc-my-pham/dung-dich-dung-ngoai-pharmedic-gynofar-500-ml-1.html,duoc-my-pham,100
182,00043484,"GEL BÔI ACTIDEM DERMA EXTRA GIẢM MỤN, MỜ THÂM 18G","Gel bôi Actidem Derma Extra giảm mụn, mờ thâm (18g)",duoc-my-pham/gel-boi-giam-mun-mo-tham-actidem-derma-extra-gel-18-g.html,145000.0,Hộp,đ,https://cdn.nhathuoclongchau.com.vn/unsafe/https://cms-prod.s3-sgn09.fptcloud.com/QAG_05843_e63a9a0efd.jpg,"Aqua , Potassium azeloyal diglycinate , Niacinamide , Polysorbate 20 , Centella Asiatica Extract , D-panthenol , Glycolic acid , Lactic Acid , Sodium hydroxide , Zinc PCA , Hyaluronic acid , EDTA , Parfum , Phenoxyethanol , Ethylhexyl Glycerin ",Nhũ tương (Gel),ACTIDEM,Hộp,Dược mỹ phẩm | Chăm sóc da mặt | Dưỡng da mặt,duoc-my-pham | duoc-my-pham/cham-soc-da-mat | duoc-my-pham/duong-da-mat,True,True,70,0,https://nhathuoclongchau.com.vn/duoc-my-pham/gel-boi-giam-mun-mo-tham-actidem-derma-extra-gel-18-g.html,duoc-my-pham,100
183,00041063,"KEM BÔI CERAVE MOISTURIZING CREAM DƯỠNG ẨM, PHỤC HỒI CHO DA KHÔ 50ML","Kem bôi CeraVe Moisturizing Cream dưỡng ẩm, phục hồi cho da khô (50ml)",duoc-my-pham/kem-duong-am-danh-cho-da-kho-cerave-moisturizing-cream-50-ml-1.html,180000.0,Tuýp,đ,https://cdn.nhathuoclongchau.com.vn/unsafe/https://cms-prod.s3-sgn09.fptcloud.com/DSC_00447_a4eab6b990.jpg,"CERAMIDE EOP , Ceteareth-20 , Aqua/ Water , Petrolatum , Glycerin , Potassium phosphate , Ceramide NP , Cetearyl Alcohol , Ceramide AP , Caprylic/capric triglycerides , Cetyl alcohol , Tocopherols , Dimethicone , Behentrimonium Methosulfate , SODIUM LAUROYL LACTYLATE , Sodium hyaluronate , Cholesterol , Phenoxyethanol , Disodium EDTA , Dipotassium phosphate , Phytosphingosine , Xanthan gum , Ethylhexylglycerin , Carbomer , Aqua/ Water ",,Cerave,Tuýp x 50ml,"Dược mỹ phẩm | Chăm sóc cơ thể | Sữa dưỡng thể, kem dưỡng thể",duoc-my-pham | duoc-my-pham/cham-soc-co-the | duoc-my-pham/duong-the,True,True,70,0,https://nhathuoclongchau.com.vn/duoc-my-pham/kem-duong-am-danh-cho-da-kho-cerave-moisturizing-cream-50-ml-1.html,duoc-my-pham,100
184,00041062,SỮA RỬA MẶT CERAVE FOAMING CLEANSER LÀM SẠCH SÂU DÀNH CHO DA DẦU 473ML,Sữa rửa mặt CeraVe Foaming Cleanser làm sạch sâu dành cho da dầu (473ml),duoc-my-pham/sua-rua-mat-lam-sach-sau-danh-cho-da-dau-cerave-foaming-cleanser-473-ml.html,490000.0,Chai,đ,https://cdn.nhathuoclongchau.com.vn/unsafe/https://cms-prod.s3-sgn09.fptcloud.com/DSC_00420_9eca1db0a1.jpg,"Ceramide AP , Aqua/ Water , Cocamidopropyl , Glycerin , Sodium Lauroyl Sarcosinate , Propanediol , PEG-150 Pentaerythrityl Tetrastearate , Niacinamide , Peg-6 Caprylic , Ceramide NP , CERAMIDE EOP , Citric Acid , Sodium methyl cocoyl taurate , Sodium benzoate , Sodium Chloride , SODIUM LAUROYL LACTYLATE , Sodium hyaluronate , Cholesterol , Phenoxyethanol , Disodium EDTA , Tetrasodium EDTA , Phytosphingosine , Xanthan gum , Ethylhexylglycerin , Carbomer ",,Cerave,Chai x 473ml,"Dược mỹ phẩm | Chăm sóc da mặt | Sữa rửa mặt (Kem, gel, sữa)",duoc-my-pham | duoc-my-pham/cham-soc-da-mat | duoc-my-pham/sua-rua-mat-kem-gel-sua,True,True,70,0,https://nhathuoclongchau.com.vn/duoc-my-pham/sua-rua-mat-lam-sach-sau-danh-cho-da-dau-cerave-foaming-cleanser-473-ml.html,duoc-my-pham,100
185,00040877,"NƯỚC TẮM GỘI THẢO DƯỢC DR.PAPIE STARMED DƯỠNG TÓC MƯỢT MẠI, DA ĐẦU KHỎE MẠNH 230ML","Nước tắm gội thảo dược Dr.Papie Starmed dưỡng tóc mượt mại, da đầu khỏe mạnh (230ml)",duoc-my-pham/nuoc-tam-goi-thao-duoc-dr-papie-starmed-230-ml.html,135000.0,Chai,đ,https://cdn.nhathuoclongchau.com.vn/unsafe/https://cms-prod.s3-sgn09.fptcloud.com/DSC_04206_771f3f0f09.jpg,"Dịch chiết lá Trà Shan Tuyết , Khổ qua , Kinh giới , Cỏ mần trầu , Sài đất , Lá trầu không , Bột diệp lục tố , Tinh dầu tràm , Tinh dầu Sả chanh , Nước , Xanthan gum , Glycerin , Methyl 4-hydroxybenzoate , n-Propyl 4-hydroxybenzoate ",Dung dịch,DR. PAPIE,Chai x 230ml,"Dược mỹ phẩm | Chăm sóc cơ thể | Sữa tắm, xà bông",duoc-my-pham | duoc-my-pham/cham-soc-co-the | duoc-my-pham/sua-tam-xa-bong,True,True,70,0,https://nhathuoclongchau.com.vn/duoc-my-pham/nuoc-tam-goi-thao-duoc-dr-papie-starmed-230-ml.html,duoc-my-pham,100
186,00039495,"DẦU GỘI DƯỢC LIỆU THÁI DƯƠNG 7 PLUS GOLD HOA PHONG LAN TRỊ NGỨA, RỤNG TÓC 250ML","Dầu gội dược liệu Thái Dương 7 Plus Gold Hoa Phong Lan giảm ngứa, rụng tóc (250ml)",duoc-my-pham/dau-goi-duoc-lieu-thai-duong-7-plus-hoa-phong-lan-250-ml-tri-ngua-rung-toc.html,152000.0,Hộp,đ,https://cdn.nhathuoclongchau.com.vn/unsafe/https://cms-prod.s3-sgn09.fptcloud.com/DSC_09154_0f085fc557.jpg,"Aqua/ Water , Sodium Laureth Sulfate , Palm Kernelamide DEA , Dimethicone , Fragrance , Cocamidopropyl betaine , PEG-75 Lanolin , Climbazol , Hydrogenated Polyisobutene , PEG-150 Distearate , Disodium cocoyl glutamate , Sodium Chloride , Piroctone Olamine , Guar Hydroxypropyltrimonium Chloride , Gleditsia Australis Fruit Extract , Tang bạch bì , Hương nhu , Chiết xuất hoa Cúc , Núc nác , Hydrolyzed Keratin , Citric Acid , Caprylic/capric triglyceride , Glyceryl stearate , Sodium benzoate , Magnesium nitrate , Magnesium chloride , Methyichloroisothiazolinone , Methylisothiazolinone , Citrus Aurantifolia Juice (Nước chanh tươi) , Oryza Sativa (Rice) Bran Oil (Dầu cám gạo lứt) , Cinnamomum Iners Extract (Chiết xuất Trầu rừng) , D-panthenol , Morus Alba Root Bark Extract (Chiết xuất Tang bạch bì) , Citrus Grandis (Grapefruit) Peel Oil (Tinh dầu vỏ bưởi) , Citric Acid , Calcium Oxide , Polyethylene glycol , Silica ",Dung dịch,Sao Thái Dương,Hộp x 250ml,Dược mỹ phẩm | Chăm sóc tóc - da đầu | Dầu gội dầu xả,duoc-my-pham | duoc-my-pham/cham-soc-toc-da-dau | duoc-my-pham/dau-goi-dau-xa,True,True,70,0,https://nhathuoclongchau.com.vn/duoc-my-pham/dau-goi-duoc-lieu-thai-duong-7-plus-hoa-phong-lan-250-ml-tri-ngua-rung-toc.html,duoc-my-pham,100
187,00039465,"NƯỚC TẮM GỘI THẢO DƯỢC CHO BÉ KUTIESKIN LÀM SẠCH, DƯỠNG MỀM DA VÀ TÓC 200ML","Nước tắm gội thảo dược cho bé Kutieskin làm sạch, dưỡng mềm da và tóc (200ml)",duoc-my-pham/nuoc-tam-goi-thao-duoc-cho-be-kutieskin-cvi-chai-200-ml.html,130000.0,Chai,đ,https://cdn.nhathuoclongchau.com.vn/unsafe/https://cms-prod.s3-sgn09.fptcloud.com/DSC_03969_4b9e2b6deb.jpg,"Nano Curcumin , Sài đất , Kinh giới , Khổ qua , Chiết xuất trà xanh , Bồ Công Anh , Cỏ mần trầu , Rau má , Tràm Gió , Nha đam , Tinh dầu Sả chanh ",,Kutieskin,Chai,Dược mỹ phẩm | Chăm sóc tóc - da đầu | Dầu gội dầu xả,duoc-my-pham | duoc-my-pham/cham-soc-toc-da-dau | duoc-my-pham/dau-goi-dau-xa,True,True,70,0,https://nhathuoclongchau.com.vn/duoc-my-pham/nuoc-tam-goi-thao-duoc-cho-be-kutieskin-cvi-chai-200-ml.html,duoc-my-pham,100
188,C042300000279,"KEM BÔI ACTIDEM DERMA GEL NGỪA MỤN, LÀM MỜ VẾT THÂM, TÁI TẠO DA 18G","Kem bôi Actidem Derma Gel ngừa mụn, làm mờ vết thâm, tái tạo da (18g)",duoc-my-pham/kem-ngua-mun-lam-mo-vet-tham-actidem-derma-gel-18-g-1.html,138000.0,Hộp,đ,https://cdn.nhathuoclongchau.com.vn/unsafe/https://cms-prod.s3-sgn09.fptcloud.com/DSC_04127_ff20e2394a.jpg,"Poly Sorbate 20 , Ethylhexylglycerin , Phenoxyethanol , Sodium Citrate , Parfum , Centella asiatica leaf , BHA , Zinc PCA , Lactic Acid , Pantothenic acid , Hyaluronic acid , EDTA , Sodium hydroxide , Glycolic acid , Carbomer , Aqua/ Water ",Nhũ tương (Gel),ACTIDEM,Hộp x 18g,Dược mỹ phẩm | Chăm sóc da mặt,duoc-my-pham | duoc-my-pham/cham-soc-da-mat,True,True,70,0,https://nhathuoclongchau.com.vn/duoc-my-pham/kem-ngua-mun-lam-mo-vet-tham-actidem-derma-gel-18-g-1.html,duoc-my-pham,100
189,00503823,"KEM BÔI YOOSUN NGHỆ ĐẠI BẮC MỜ THÂM, GIẢM SẸO, NGỪA MỤN 25G","Kem bôi Yoosun Nghệ Đại Bắc mờ thâm, giảm sẹo, ngừa mụn (25g)",thuoc/yoosun-nghe-dai-bac-25g-38162.html,24000.0,Hộp,đ,https://cdn.nhathuoclongchau.com.vn/unsafe/https://cms-prod.s3-sgn09.fptcloud.com/yoosun_25g_7_e1c1666bb3.png,"Fragrance , Water purified , Cetyl alcohol , Glycerol , Polysorbate 80 , Glyceryl stearate , Propylene glycol , Phenoxyethanol , Polyacrylamide , Chlorhexidine digluconate , Vaselin , Vitamin E , Chiết xuất nghệ ",Dạng kem,Đại Bắc,Hộp x 25g,"Dược mỹ phẩm | Giải pháp làn da | Hỗ trợ mờ sẹo, mờ vết thâm",duoc-my-pham | duoc-my-pham/giai-phap-lan-da | duoc-my-pham/tri-seo-mo-tham,True,True,70,0,https://nhathuoclongchau.com.vn/thuoc/yoosun-nghe-dai-bac-25g-38162.html,duoc-my-pham,100
190,00503640,KEM DƯỠNG LA ROCHEPOSAY CICAPLAST BAUME B5+ LÀM DỊU VÀ PHỤC HỒI DA CHO TRẺ EM VÀ TRẺ SƠ SINH 40ML,Kem dưỡng La Roche-Posay Cicaplast Baume B5+ làm dịu và phục hồi da cho trẻ em và trẻ sơ sinh (40ml),duoc-my-pham/la-roche-posay-cicaplast-baume-b5-40-ml-kem-duong-lam-diu-phuc-hoi-lan-da-tre-em-va-tre-so-sinh.html,440000.0,Tuýp,đ,https://cdn.nhathuoclongchau.com.vn/unsafe/https://cms-prod.s3-sgn09.fptcloud.com/IMG_9629_8628daed64.jpg,"CI 77891 , Pentaerythrityl Tetra-di-t-butyl Hydroxyhydrocinnamate , Tocopherols , Polyglyceryl-4 Isostearate , Maltodextrin , Acetylated Glycol Stearate , Lactobacillus , Trisodium Ethylenediamine Disuccinate , Citric Acid , Vitreoscilla Ferment , Caprylyl glycol , Capryloyl Glycine , Mannose , Magnesium sulfate , Aluminum hydroxide , Silica , Alpha-Glucan Oligosaccharide , Manganese gluconate , Madecassoside , Zinc gluconate , Polymnia Sonchifolia Root Juice , CENTELLA ASIATICA LEAF EXTRACT , Trihydroxystearin , Cetyl Peg/Ppg-10/1 Dimethicone , Butylene glycol , Propanediol , Zea mays starch , Panthenol , Butyrospermum Parkii Butter , Glycerin , Dimethicone , Hydrogenated Polyisobutene , Aqua/ Water ",Dạng kem,Laroche posay,Tuýp x 40ml,"Dược mỹ phẩm | Chăm sóc cơ thể | Sữa dưỡng thể, kem dưỡng thể",duoc-my-pham | duoc-my-pham/cham-soc-co-the | duoc-my-pham/duong-the,True,True,70,0,https://nhathuoclongchau.com.vn/duoc-my-pham/la-roche-posay-cicaplast-baume-b5-40-ml-kem-duong-lam-diu-phuc-hoi-lan-da-tre-em-va-tre-so-sinh.html,duoc-my-pham,100
191,00502229,SỮA RỬA MẶT CERAVE FOAMING CLEANSER LÀM SẠCH SÂU DÀNH CHO DA DẦU 236ML,Sữa rửa mặt CeraVe Foaming Cleanser làm sạch sâu dành cho da dầu (236ml),duoc-my-pham/sua-rua-mat-lam-sach-sau-danh-cho-da-dau-cerave-foaming-cleanser-mb094622-236ml-36481.html,350000.0,Chai,đ,https://cdn.nhathuoclongchau.com.vn/unsafe/https://cms-prod.s3-sgn09.fptcloud.com/cerave_6f1f3f3ea7.jpg,"Ceramide AP , Aqua/ Water , Cocamidopropyl , Glycerin , Sodium Lauroyl Sarcosinate , Propanediol , PEG-150 Pentaerythrityl Tetrastearate , Niacinamide , Peg-6 Caprylic , Ceramide NP , CERAMIDE EOP , Citric Acid , Sodium methyl cocoyl taurate , Sodium benzoate , Sodium Chloride , SODIUM LAUROYL LACTYLATE , Sodium hyaluronate , Cholesterol , Phenoxyethanol , Disodium EDTA , Tetrasodium EDTA , Phytosphingosine , Xanthan gum , Ethylhexylglycerin , Carbomer ",,Cerave,Chai x 236ml,"Dược mỹ phẩm | Chăm sóc da mặt | Sữa rửa mặt (Kem, gel, sữa)",duoc-my-pham | duoc-my-pham/cham-soc-da-mat | duoc-my-pham/sua-rua-mat-kem-gel-sua,True,True,70,0,https://nhathuoclongchau.com.vn/duoc-my-pham/sua-rua-mat-lam-sach-sau-danh-cho-da-dau-cerave-foaming-cleanser-mb094622-236ml-36481.html,duoc-my-pham,100
192,00502179,NƯỚC TẨY TRANG L'ORÉAL MICELLAR WATER REFRESHING CHO DA HỖN HỢP VÀ DA DẦU 400ML,Nước tẩy trang L'Oréal Micellar Water Refreshing cho da hỗn hợp và da dầu (400ml),duoc-my-pham/loreal-micellar-water-refreshing-400ml-nuoc-tay-trang-danh-cho-da-hon-hop-va-da-dau-36406.html,239000.0,Chai,đ,https://cdn.nhathuoclongchau.com.vn/unsafe/https://cms-prod.s3-sgn09.fptcloud.com/00502179_loreal_micellar_water_refreshing_400ml_nuoc_tay_trang_danh_cho_da_hon_hop_va_da_dau_2651_63db_large_f1207fa49a.jpg,"MYRTRIMONIUM BROMIDE , BHT , Disodium EDTA , Disodium Cocoamphodiacetate , Poloxamer 184 , Glycerin , Hexylene glycol , Aqua/ Water ",,Loreal,Chai x 400ml,"Dược mỹ phẩm | Chăm sóc da mặt | Nước tẩy trang, dầu tẩy trang",duoc-my-pham | duoc-my-pham/cham-soc-da-mat | duoc-my-pham/nuoc-tay-trang,True,True,70,0,https://nhathuoclongchau.com.vn/duoc-my-pham/loreal-micellar-water-refreshing-400ml-nuoc-tay-trang-danh-cho-da-hon-hop-va-da-dau-36406.html,duoc-my-pham,100
193,00502145,CETAPHIL GENTLE SKIN CLEANSER 500ML (MẪU MỚI),Sữa rửa mặt dịu nhẹ Cetaphil Gentle Skin Cleanser cung cấp độ ẩm cho da (500ml),duoc-my-pham/sua-rua-mat-diu-nhe-khong-xa-phong-cetaphil-gentle-skin-cleanser-new-500ml-36362.html,406000.0,Chai,đ,https://cdn.nhathuoclongchau.com.vn/unsafe/https://cms-prod.s3-sgn09.fptcloud.com/00502145_sua_rua_mat_diu_nhe_khong_xa_phong_cetaphil_gentle_skin_cleanser_new_500ml_7019_6335_large_ab2ba68ac4.jpg,"Butyl hydroxybenzoate , Sodium lauryl sulfate , Methyl Hydroxybenzoate , Cetyl alcohol , Propyl Hydroxybenzoate , Propylene glycol , Purified water , Stearyl alcohol ",Nhũ tương (Gel),Cetaphil,Chai x 500ml,"Dược mỹ phẩm | Chăm sóc da mặt | Sữa rửa mặt (Kem, gel, sữa)",duoc-my-pham | duoc-my-pham/cham-soc-da-mat | duoc-my-pham/sua-rua-mat-kem-gel-sua,True,True,70,0,https://nhathuoclongchau.com.vn/duoc-my-pham/sua-rua-mat-diu-nhe-khong-xa-phong-cetaphil-gentle-skin-cleanser-new-500ml-36362.html,duoc-my-pham,100
194,00502114,"KEM VỆ SINH PHỤ NỮ ZIAJA INTIMATE LACTOBIONIC ACID KHỬ MÙI, DƯỠNG ẨM 200ML","Kem vệ sinh phụ nữ Ziaja Intimate Lactobionic Acid khử mùi, dưỡng ẩm (200ml)",duoc-my-pham/kem-ve-sinh-ziaja-intimate-lactobionic-acid-200-ml.html,230000.0,Chai,đ,https://cdn.nhathuoclongchau.com.vn/unsafe/https://cms-prod.s3-sgn09.fptcloud.com/DSC_09900_d27ad6629e.jpg,"Aqua/ Water , Sodium Laureth Sulfate , Cocamidopropyl betaine , Glycerin , Lactic Acid , Panthenol , Allantoin , Lactobionic Acid , Glycol Distearate , Laureth-4 , Glyceryl oleate , PEG-7 Glyceryl Cocoate , Sodium Chloride , Sodium benzoate , Parfum (Fragrance) , Hexyl cinnamal , Linalool , Hydroxycitronellal ",Dạng kem,Ziaja,Chai,Dược mỹ phẩm | Chăm sóc cơ thể,duoc-my-pham | duoc-my-pham/cham-soc-co-the,True,True,70,0,https://nhathuoclongchau.com.vn/duoc-my-pham/kem-ve-sinh-ziaja-intimate-lactobionic-acid-200-ml.html,duoc-my-pham,100
195,00500424,SỮA RỬA MẶT CETAPHIL GENTLE CLEANSER DÀNH CHO DA NHẠY CẢM 250ML,Sữa rửa mặt Cetaphil Gentle Cleanser dành cho da nhạy cảm (250ml),duoc-my-pham/cetaphil-gentle-cleanse-250ml-sua-rua-mat-diu-nhe-34539.html,276000.0,Chai,đ,https://cdn.nhathuoclongchau.com.vn/unsafe/https://cms-prod.s3-sgn09.fptcloud.com/00500424_cetaphil_gentle_cleanse_250ml_sua_rua_mat_diu_nhe_3925_63ab_large_ff5e131079.jpg,"Panthenol , Pantolactone , Sodium Cococyl Isethionate ",,Cetaphil,Chai,"Dược mỹ phẩm | Chăm sóc da mặt | Sữa rửa mặt (Kem, gel, sữa)",duoc-my-pham | duoc-my-pham/cham-soc-da-mat | duoc-my-pham/sua-rua-mat-kem-gel-sua,True,True,70,0,https://nhathuoclongchau.com.vn/duoc-my-pham/cetaphil-gentle-cleanse-250ml-sua-rua-mat-diu-nhe-34539.html,duoc-my-pham,100
196,00500348,"DẦU GỘI CHỐNG GÀU SELSUN ROHTO NGĂN NGỪA VÀ ĐIỀU TRỊ GÀU, DƯỠNG TÓC KHỎE MẠNH 250ML","Dầu gội chống gàu Selsun Rohto hỗ trợ ngăn ngừa và cải thiện tình trạng gàu, dưỡng tóc khỏe mạnh (250ml)",duoc-my-pham/dau-goi-chong-gau-selsun-rohto-250ml-34465.html,223000.0,Chai,đ,https://cdn.nhathuoclongchau.com.vn/unsafe/https://cms-prod.s3-sgn09.fptcloud.com/00500348_dau_goi_chong_gau_selsun_rohto_250ml_4324_629a_large_10e7632928.jpg,"Polyquaternium-73 , Ammonium Laureth Sulfate , Ammonium Lauryl Sulphate  , Selenium Sulfide  , Dimethicone  , Distearyl Phthalic Acid Amide (Tab 2)  , Dipotassium Glycyrrhizate  , Hydroxypropyl methylcelluloses  , Bentonite  , Sodium Citrate  , Cocamide Dea  ",,Rohto,Chai,Dược mỹ phẩm | Chăm sóc tóc - da đầu | Dầu gội giúp giảm nấm và ngứa da đầu,duoc-my-pham | duoc-my-pham/cham-soc-toc-da-dau | duoc-my-pham/dau-goi-tri-nam,True,True,70,0,https://nhathuoclongchau.com.vn/duoc-my-pham/dau-goi-chong-gau-selsun-rohto-250ml-34465.html,duoc-my-pham,100
197,00500107,DUNG DỊCH VỆ SINH PHỤ NỮ LACTACYD ODOR FRESH NGĂN MÙI SUỐT 24H 250ML,Dung dịch vệ sinh phụ nữ Lactacyd Odor Fresh ngăn mùi suốt 24h (250ml),duoc-my-pham/dung-dich-ve-sinh-phu-nu-lactacyd-chai-250ml-34181.html,84000.0,Chai,đ,https://cdn.nhathuoclongchau.com.vn/unsafe/https://cms-prod.s3-sgn09.fptcloud.com/00500107_ee1bd3306b.jpg,Aqua/ Water ,,Lactacyd,Chai,"Dược mỹ phẩm | Chăm sóc cơ thể | Lăn khử mùi, xịt khử mùi",duoc-my-pham | duoc-my-pham/cham-soc-co-the | duoc-my-pham/khu-mui,True,True,70,0,https://nhathuoclongchau.com.vn/duoc-my-pham/dung-dich-ve-sinh-phu-nu-lactacyd-chai-250ml-34181.html,duoc-my-pham,100
198,00033833,"SỮA TẮM GỘI CHO BÉ CETAPHIL ORGANIC CALENDULA DỊU NHẸ, KHÔNG KÍCH ỨNG 400ML","Sữa tắm gội cho bé Cetaphil Organic Calendula dịu nhẹ, không kích ứng (400ml)",duoc-my-pham/cetaphil-sua-tam-goi-tre-em-tinh-chat-hoa-cuc-baby-wash-and-shampoo-with-organic-calendula-400ml-33921.html,297000.0,Chai,đ,https://cdn.nhathuoclongchau.com.vn/unsafe/https://cms-prod.s3-sgn09.fptcloud.com/0033833_1618713328.jpg,"Aqua , Sodium Laureth Sulfate , Cocamidopropyl betaine , Disodium Laureth Sulfosuccinate , Glycerin , Aloe barbadensis leaf extract , Calendula Officinalis Flower Extract , Citric Acid , Glycol Distearate , Heliotropine , Hydrolyzed Wheat Protein , Laureth-4 , Panthenol , Parfum , Peg-120 Methyl Glucose Dioleate , Phenoxyethanol , Polyquaternium-10 , Sodium benzoate , Sodium Chloride , Sodium Citrate , Sodium hydroxide , Tocopherol ",,Cetaphil,Chai,"Dược mỹ phẩm | Chăm sóc cơ thể | Sữa tắm, xà bông",duoc-my-pham | duoc-my-pham/cham-soc-co-the | duoc-my-pham/sua-tam-xa-bong,True,True,70,0,https://nhathuoclongchau.com.vn/duoc-my-pham/cetaphil-sua-tam-goi-tre-em-tinh-chat-hoa-cuc-baby-wash-and-shampoo-with-organic-calendula-400ml-33921.html,duoc-my-pham,100
199,00033593,SỮA CHỐNG NẮNG ANESSA PERFECT UV SUNSCREEN SKINCARE MILK NA SPF50+ PA++++ KIỀM DẦU VÀ DƯỠNG DA 60ML,Sữa chống nắng Anessa Perfect UV Sunscreen Skincare Milk NA SPF50+ PA++++ kiềm dầu và dưỡng da (60ml),duoc-my-pham/chong-nang-dang-sua-anessa-perfect-uv-sunscreen-skincare-milk-n-spf50-pa-60ml-10118523201vn-33700.html,715000.0,Tuýp,đ,https://cdn.nhathuoclongchau.com.vn/unsafe/https://cms-prod.s3-sgn09.fptcloud.com/Long_Chau_Gold_Milk_60ml_1db78a3bc1.jpg,"Dimethicon , Water , Zinc oxide , Alcohol , Diisopropyl Sebacate , Isododecane , Octocrylene , Ethylhexyl , C12-15 Alkyl Benzoate , peg/ppg 9/2 dimethyl ether , Zea mays (corn) starch , Talc , Silica , Isopropyl myristate , Diethylamino hydroxybenzoyl hexyl benzoate , Titanium dioxide , Lauryl PEG-9 Polydimethylsiloxyethyl , Dextrin Palmitate , Glycerin , Homosalate , Bis-ethylhexyloxyphenol Methoxyphenyl Triazine , Sodium clorid , PEG/PPG-14/7 Dimethyl Ether , Trimethylsiloxysilicate , Dipotassium Glycyrrhizinate , Camellia Sinensis Leaf Extract , potentilla erecta root extract , SODIUM ACETYLATED HYALURONATE , lauryl betaine , Soluble Collagen , Ethylhexyl Triazone , Disteardimonium Hectorite , ped-10 dimethicone , ISOSTEARIC ACID , Triethoxycaprylylsilane , polyglyceryl-6 polyricinoleate , Stearic acid , Aluminum hydroxide , Trisodium Edta , ped-6 , Tocopherol , BHT , Butylene glycol , bis-butyldimethicone polyglycerin -3 , Sodium Metabisulfite , Synthetic Fluorphlogopite , phenoxyethenol , Sodium benzoate , Parfum (Fragrance) ",,ANESSA,Tuýp x 60ml,Dược mỹ phẩm | Chăm sóc cơ thể,duoc-my-pham | duoc-my-pham/cham-soc-co-the,True,True,70,0,https://nhathuoclongchau.com.vn/duoc-my-pham/chong-nang-dang-sua-anessa-perfect-uv-sunscreen-skincare-milk-n-spf50-pa-60ml-10118523201vn-33700.html,duoc-my-pham,100
200,00002243,DẦU GỘI DƯỢC LIỆU THÁI DƯƠNG 3 GOLD HOA ĐÀO LÀM MỀM MƯỢT VÀ BỒNG BỀNH TÓC 200ML,Dầu gội dược liệu Thái Dương 3 Hoa Đào làm mềm mượt và bồng bềnh tóc (200ml),duoc-my-pham/dau-goi-duoc-lieu-thai-duong-3-huong-hoa-666.html,60000.0,Chai,đ,https://cdn.nhathuoclongchau.com.vn/unsafe/https://cms-prod.s3-sgn09.fptcloud.com/DSC_09994_1f7d38c4eb.jpg,"Bồ kết (Gai) , Hương nhu , Cỏ mần trầu , Aqua , Cỏ ngũ sắc , Dâu tằm , Magnesium chloride , Sodium Chloride , Xanthan gum , Glyceryl monostearate , Dimethicone , Sodium benzoate , Nghệ , Fragrance , Disodium EDTA, anhydrous , Hydrolyzed Keratin , Cocoamidopropyl betaine , Sodium lauryl ether sulfare , Methylisothiazolinone , Andrographis Paniculata , PEG-75 Lanolin , Palm kernel oil Diethanolamide , Magnesium nitrate ",,Sao Thái Dương,Chai,Dược mỹ phẩm | Chăm sóc tóc - da đầu | Dầu gội dầu xả,duoc-my-pham | duoc-my-pham/cham-soc-toc-da-dau | duoc-my-pham/dau-goi-dau-xa,True,True,70,0,https://nhathuoclongchau.com.vn/duoc-my-pham/dau-goi-duoc-lieu-thai-duong-3-huong-hoa-666.html,duoc-my-pham,100
201,00002244,"DẦU GỘI DƯỢC LIỆU THÁI DƯƠNG 3 GOLD HƯƠNG LÁ TRỊ GÀU, KÍCH THÍCH MỌC TÓC 200ML","Dầu gội dược liệu Thái Dương 3 hương lá hỗ trợ giảm gàu, kích thích mọc tóc (200ml)",duoc-my-pham/dau-goi-duoc-lieu-thai-duong-3-huong-la-672.html,60000.0,Chai,đ,https://cdn.nhathuoclongchau.com.vn/unsafe/https://cms-prod.s3-sgn09.fptcloud.com/DSC_09990_73b967f579.jpg,"Aqua , Cỏ mần trầu , Hương nhu , Cỏ ngũ sắc , Dâu tằm , Bồ kết (Gai) , Dimethicone , Fragrance , Nghệ , Xanthan gum , Hydrolyzed Keratin , Sodium Chloride , Sodium benzoate , Methylchloroisothiazolinone , Glyceryl monostearate , Disodium EDTA, anhydrous , Sodium lauryl ether sulfare , Cocoamidopropyl betaine , Palm kernel oil Diethanolamide , PEG-75 Lanolin , Andrographis Paniculata , Methylisothiazolinone , Magnesium nitrate ",,Sao Thái Dương,Chai,Dược mỹ phẩm | Chăm sóc tóc - da đầu | Dầu gội dầu xả,duoc-my-pham | duoc-my-pham/cham-soc-toc-da-dau | duoc-my-pham/dau-goi-dau-xa,True,True,70,0,https://nhathuoclongchau.com.vn/duoc-my-pham/dau-goi-duoc-lieu-thai-duong-3-huong-la-672.html,duoc-my-pham,200
202,00008491,"KEM RỬA MẶT ACNES CREAMY WASH ROHTO DƯỠNG ẨM, LÀM SẠCH DỊU NHẸ, NGỪA MỤN 100G","Kem rửa mặt Acnes Creamy Wash Rohto dưỡng ẩm, làm sạch dịu nhẹ, ngừa mụn (100g)",duoc-my-pham/kem-rua-mat-ngan-ngua-mun-acnes-700.html,75000.0,Tuýp,đ,https://cdn.nhathuoclongchau.com.vn/unsafe/https://cms-prod.s3-sgn09.fptcloud.com/Artboard_4_5bdd155baf.png,"Water , Glycerin , Palmitic Acid , Butylene glycol , Myristic acid , Lauric Acid , Potassium hydroxide , Olea europaea pollen , Potassium Laurate , Salicylic acid , Zinc gluconate , Zinc chloride , Niacinamide , Sodium hyaluronate , Tocopheryl acetate , Dipotassium Glycyrrhizate , Stearyl Glycyrrhetinate , Lactic Acid , Polyquaternium-7 , Lauryl Hydroxysultaine , Potassium Chloride , Ethanol , Sodium hydroxide , Methylparaben , Propylparaben , Fragrance , PEG-2 Stearate , Lauramide DEA , Saxifraga Sarmentosa Extract , Magnesium Ascorbyl , Isopropyl Methylphenol , CI 77288 , CI 77492 ",,Acnes,Tuýp,"Dược mỹ phẩm | Chăm sóc da mặt | Sữa rửa mặt (Kem, gel, sữa)",duoc-my-pham | duoc-my-pham/cham-soc-da-mat | duoc-my-pham/sua-rua-mat-kem-gel-sua,True,True,70,0,https://nhathuoclongchau.com.vn/duoc-my-pham/kem-rua-mat-ngan-ngua-mun-acnes-700.html,duoc-my-pham,200
203,00008289,"XỊT KHỬ MÙI ZUCHI HOA LINH GIỮ CHÂN KHÔ THOÁNG, SẠCH MÙI 50ML","Xịt khử mùi Zuchi Hoa Linh giữ chân khô thoáng, sạch mùi (50ml)",duoc-my-pham/khu-mui-hoi-chan-va-giay-dang-xit-zuchi-family-709.html,29000.0,Chai,đ,https://cdn.nhathuoclongchau.com.vn/unsafe/https://cms-prod.s3-sgn09.fptcloud.com/8289_khu_mui_hoi_chan_va_giay_dang_xit_zuchi_family_4380_599f_large_2e1abad204.jpg,"Thymol 0.1%, Benzalkonium Chloride 0.2%, Zinc chloride , Eucalytol 0.2%, Menthol 0.1%, Camphor , Tinh dầu quế , Tá dược vừa đủ , Nước (aqua) ",,Hoa Linh,Chai,"Dược mỹ phẩm | Chăm sóc cơ thể | Lăn khử mùi, xịt khử mùi",duoc-my-pham | duoc-my-pham/cham-soc-co-the | duoc-my-pham/khu-mui,True,True,70,0,https://nhathuoclongchau.com.vn/duoc-my-pham/khu-mui-hoi-chan-va-giay-dang-xit-zuchi-family-709.html,duoc-my-pham,200
204,00007204,"SỮA TẮM TÂY THI THÁI DƯƠNG TRỊ NGỨA DA, VIÊM CHÂN LÔNG VÀ MỤN TRỨNG CÁ 200G","Sữa tắm Tây Thi Thái Dương giúp làm giảm tình trạng ngứa da, viêm chân lông và mụn trứng cá (200g)",duoc-my-pham/sua-tam-duong-da-tay-thi-737.html,68000.0,Tuýp,đ,https://cdn.nhathuoclongchau.com.vn/unsafe/https://cms-prod.s3-sgn09.fptcloud.com/DSC_03611_a5c219e464.jpg,"Hoa đào , Nhân Sâm , Trầu không , Nghệ vàng , Tá dược vừa đủ , Bí đao (Hạt và Vỏ) ",,Sao Thái Dương,Tuýp,"Dược mỹ phẩm | Chăm sóc cơ thể | Sữa tắm, xà bông",duoc-my-pham | duoc-my-pham/cham-soc-co-the | duoc-my-pham/sua-tam-xa-bong,True,True,70,0,https://nhathuoclongchau.com.vn/duoc-my-pham/sua-tam-duong-da-tay-thi-737.html,duoc-my-pham,200
205,00008424,DẦU GỘI TRỊ CHẤY ALADIN THÁI DƯƠNG 30G,Dầu gội ngừa chấy Aladin Thái Dương (30g),duoc-my-pham/dau-goi-sach-chay-aladin-thai-duong-30-g.html,50000.0,Chai,đ,https://cdn.nhathuoclongchau.com.vn/unsafe/https://cms-prod.s3-sgn09.fptcloud.com/00008424_dau_goi_tri_chay_aladin_5748_6400_large_8d3b41b625.jpg,"Aqua , Dimethicone , Fragrance , Xanthan gum , Glyceryl monostearate , Curcuma Longa , Sodium Chloride , Methylchloroisothiazolinone , Disodium EDTA, anhydrous , Sodium benzoate , Citric Acid , Eleusine Indica , Ageratum Conyzoides Extract , Ocimum Gratissimum , Morus alba pollen , Oroxylum Indicum , Sodium Lauryl Ether Sulfate , Gleditschia , PEG-75 Lanolin , Andrographis Paniculata , Methylisothiazolinone , Magnesium nitrate ",,Sao Thái Dương,Chai x 30g,Dược mỹ phẩm | Chăm sóc tóc - da đầu | Dầu gội dầu xả,duoc-my-pham | duoc-my-pham/cham-soc-toc-da-dau | duoc-my-pham/dau-goi-dau-xa,True,True,70,0,https://nhathuoclongchau.com.vn/duoc-my-pham/dau-goi-sach-chay-aladin-thai-duong-30-g.html,duoc-my-pham,200
206,00003997,GEL RỬA MẶT ISIS TEEN DERM GIẢM NHỜN VÀ NGĂN NGỪA MỤN 150ML,Gel rửa mặt Isis Teen Derm giảm nhờn và ngăn ngừa mụn (150ml),duoc-my-pham/gel-rua-mat-giam-nhon-ngua-mun-teenderm-150ml-985.html,340000.0,Tuýp,đ,https://cdn.nhathuoclongchau.com.vn/unsafe/https://cms-prod.s3-sgn09.fptcloud.com/00003997_gel_rua_mat_giam_nhon_ngua_mun_teenderm_150ml_9838_63ab_large_929f665773.jpg,"Aqua , PEG-40 , Silica , PEG-7 Glyceryl Cocoate , Gluconolactone , Salicylic acid , Polyethylene , Sodium hydroxide , Chlorphenesin , Peg-40 Hydrogenated Castor Oil , Parfum , Caprylyl glycol , Zinc PCA , ethylhexyl methoxycinnamate , Ethylhexyl Salicylate , Xylitol , Aluminum hydroxide , Dipropylene glycol , Sodium lauroyl oat amino acids , Disosium Edta , Copper PCA , Xylitylglucoside , Butyl methixydibenzoymethane , Anhydroxylitol , Butyl Avocadate , CI 42090 , Boswelia Serrata Resin Extract , Sodium Cocoamphoagetate , Glyceryl cocoate , Peg-200 Hydrogenated Glyceryl Palmate , Sodium Coceth Sunfate , Glyceryl Cappylate , Chondrus Crispus (Carrageenan) powder , PPG-26-Buteth-26 , Hydroxypropyl guar ",,ISIS PHARMA,Tuýp,"Dược mỹ phẩm | Chăm sóc da mặt | Sữa rửa mặt (Kem, gel, sữa)",duoc-my-pham | duoc-my-pham/cham-soc-da-mat | duoc-my-pham/sua-rua-mat-kem-gel-sua,True,True,70,0,https://nhathuoclongchau.com.vn/duoc-my-pham/gel-rua-mat-giam-nhon-ngua-mun-teenderm-150ml-985.html,duoc-my-pham,200
207,00014016,GEL BÔI HIRUSCAR GIÚP LÀM MỜ VẾT SẸO 5G,Gel bôi Hiruscar giúp làm mờ vết sẹo (5g),duoc-my-pham/hiruscar-5g-1013.html,136000.0,Tuýp,đ,https://cdn.nhathuoclongchau.com.vn/unsafe/https://cms-prod.s3-sgn09.fptcloud.com/00014016_gel_boi_mo_seo_hiruscar_5g_8384_6303_large_e796acbcc4.jpg,"Butylparaben , Propylparaben , Ethylparaben , Iodopropynyl butylcarbamate , Methylparaben , Butylene glycol , Glycosaminoglycans , Maltodextrin , Lactic Acid , Propylene glycol , Phenoxyethanol , Sodium hydroxide , Allantoin , Carbomer , Aqua , Fragrance , Allium Cepa Bulb Extract , DMDM Hydantoin , Peg-40 Hydrogenated Castor Oil , PPG-26-Buteth-26 , Niacinamide , Aloe barbadensis leaf extract , Tocopheryl acetate , Sorbeth-30 ",Nhũ tương (Gel),Medinova,Tuýp x 5g,"Dược mỹ phẩm | Giải pháp làn da | Hỗ trợ mờ sẹo, mờ vết thâm",duoc-my-pham | duoc-my-pham/giai-phap-lan-da | duoc-my-pham/tri-seo-mo-tham,True,True,70,0,https://nhathuoclongchau.com.vn/duoc-my-pham/hiruscar-5g-1013.html,duoc-my-pham,200
208,00005087,DUNG DỊCH XỊT NACURGO NEWTECH TẠO MÀNG SINH HỌC VÀ BẢO VỆ DA TỔN THƯƠNG 12ML,Dung dịch xịt Nacurgo Newtech tạo màng sinh học và bảo vệ da tổn thương (12ml),duoc-my-pham/nacurgo-12ml-2937.html,119000.0,Chai,đ,https://cdn.nhathuoclongchau.com.vn/unsafe/https://cms-prod.s3-sgn09.fptcloud.com/IMG_3733_807d08d62b.jpg,"Nano Curcumin , Polyesteramide , Chiết xuất trà xanh , Ethanol , Phenoxyethanol , triethanolamine ",,Nacurgo,Chai,"Dược mỹ phẩm | Giải pháp làn da | Hỗ trợ mờ sẹo, mờ vết thâm",duoc-my-pham | duoc-my-pham/giai-phap-lan-da | duoc-my-pham/tri-seo-mo-tham,True,True,70,0,https://nhathuoclongchau.com.vn/duoc-my-pham/nacurgo-12ml-2937.html,duoc-my-pham,200
209,00001415,BỘT TRAPHA KHỬ MÙI HÔI CHÂN VÀ NÁCH 30G,Bột Trapha khử mùi hôi chân và nách (30g),duoc-my-pham/bot-trapha-30g-4458.html,13000.0,Chai,đ,https://cdn.nhathuoclongchau.com.vn/unsafe/https://cms-prod.s3-sgn09.fptcloud.com/00001415_bot_trapha_30g_2659_62af_large_5f470852ee.jpg,"Kẽm oxyd  , Đồng sulfate  , Talc  , Nhôm kali sulfat khan , Tinh dầu thơm vừa đủ  ",,Traphaco,Chai,"Dược mỹ phẩm | Chăm sóc cơ thể | Lăn khử mùi, xịt khử mùi",duoc-my-pham | duoc-my-pham/cham-soc-co-the | duoc-my-pham/khu-mui,True,True,70,0,https://nhathuoclongchau.com.vn/duoc-my-pham/bot-trapha-30g-4458.html,duoc-my-pham,200
210,00016266,"GEL RỬA MẶT DERMACOS ANTI ACNE DEEP CLEANSING LÀM SẠCH SÂU, NGỪA MỤN 150ML","Gel rửa mặt Dermacos Anti Acne Deep Cleansing làm sạch sâu, ngừa mụn (150ml)",duoc-my-pham/dermacos-anti-acne-deep-cleansing-gel-150ml-14430.html,350000.0,Hộp,đ,https://cdn.nhathuoclongchau.com.vn/unsafe/https://cms-prod.s3-sgn09.fptcloud.com/DSC_02072_cb02d2c9f4.jpg,"Aqua , Sodium lauryl sulfate , Acrylates Copolymer , Cocamidopropyl betaine , Propylene glycol , Simmondsia chinensis seed , Aloe barbadensis leaf juice , Panthenol , Zinc PCA , Diazolidinyl urea , Iodopropynyl butylcarbamate , Sodium Chloride , Sodium hydroxide , Parfum (Fragrance) , Saccharomyces/Zinc Ferment , Peat Extract , Hydrogenated Jojoba Oil , Sodium Cocoyl Apple Amino Acids , Salix Alba Bark Extract , Saccharomyces/Silicon Ferment , Saccharomyces/Magnesium Ferment , Saccharomyces/Iron Ferment ",,FARMONA,Hộp x 150ml,Dược mỹ phẩm | Chăm sóc da mặt,duoc-my-pham | duoc-my-pham/cham-soc-da-mat,True,True,70,0,https://nhathuoclongchau.com.vn/duoc-my-pham/dermacos-anti-acne-deep-cleansing-gel-150ml-14430.html,duoc-my-pham,200
211,00015198,BỘT NHUỘM TÓC DƯỢC LIỆU THÁI DƯƠNG NEW ,Bột nhuộm tóc dược liệu Thái Dương New,duoc-my-pham/nhuom-toc-duoc-lieu-thai-duong-5-goi-14998.html,90000.0,Hộp,đ,https://cdn.nhathuoclongchau.com.vn/unsafe/https://cms-prod.s3-sgn09.fptcloud.com/DSC_04098_a2cf8ca74f.jpg,"Henna Leaf , Barium , Citric Acid , Magnesium carbonate , paraphenylene-diamine , Sodium sulfide ",,Sao Thái Dương,Hộp 5 Gói,Dược mỹ phẩm | Chăm sóc tóc - da đầu,duoc-my-pham | duoc-my-pham/cham-soc-toc-da-dau,True,True,70,0,https://nhathuoclongchau.com.vn/duoc-my-pham/nhuom-toc-duoc-lieu-thai-duong-5-goi-14998.html,duoc-my-pham,200
212,00011013," DẦU GỘI DƯỢC LIỆU THÁI DƯƠNG 7 GOLD TRỊ GÀU, NGỨA, TÓC GÃY RỤNG NHIỀU 200ML","Dầu gội dược liệu Thái Dương 7 Gold hỗ trợ giảm gàu, ngứa và tóc gãy rụng (200ml)",duoc-my-pham/thai-duong-dau-goi-duoc-lieu-7-200ml-16211.html,100000.0,Chai,đ,https://cdn.nhathuoclongchau.com.vn/unsafe/https://cms-prod.s3-sgn09.fptcloud.com/DSC_09998_d37c254460.jpg,"Bồ kết (Gai)  , Cây ngũ sắc  , Hương nhu  , Xuyên tâm liên  , Tang bạch bì  , Mần trầu  ",,Sao Thái Dương,Chai,Dược mỹ phẩm | Chăm sóc tóc - da đầu | Dầu gội dầu xả,duoc-my-pham | duoc-my-pham/cham-soc-toc-da-dau | duoc-my-pham/dau-goi-dau-xa,True,True,70,0,https://nhathuoclongchau.com.vn/duoc-my-pham/thai-duong-dau-goi-duoc-lieu-7-200ml-16211.html,duoc-my-pham,200
213,00010455,"KEM BÔI NGHỆ VÀ VITAMIN THÁI DƯƠNG NANO BẠC GIÚP MỜ THÂM SẸO, NÁM 20G","Kem bôi nghệ và Vitamin Thái Dương Nano Bạc giúp mờ thâm sẹo, nám (20g)",duoc-my-pham/thai-duong-kem-nghe-td-20g-16436.html,25000.0,Tuýp,đ,https://cdn.nhathuoclongchau.com.vn/unsafe/https://cms-prod.s3-sgn09.fptcloud.com/00010455_thai_duong_kem_nghe_td_20g_7536_5c87_large_099ff3432a.png,"Aqua , Curcuma Longa , Paraffinum Liquidum , Propylene glycol , Peg-40 Hydrogenated Castor Oil , Polysorbate 80 , Glyceryl stearate , Palmitic Acid , Stearic acid , Tocopheryl acetate , Methylparaben , Riboflavin , Propylparaben , Colloidal silver , Myristic acid ",,Sao Thái Dương,Tuýp,"Dược mỹ phẩm | Giải pháp làn da | Hỗ trợ mờ sẹo, mờ vết thâm",duoc-my-pham | duoc-my-pham/giai-phap-lan-da | duoc-my-pham/tri-seo-mo-tham,True,True,70,0,https://nhathuoclongchau.com.vn/duoc-my-pham/thai-duong-kem-nghe-td-20g-16436.html,duoc-my-pham,200
214,00008358,"KEM BÔI TRỊ NỨT GÓT CHÂN GÓT SEN THÁI DƯƠNG DƯỠNG ẨM, LÀM LÀNH VẾT NỨT, NGỪA KHÔ RÁT 20G","Kem bôi Gót Sen Thái Dương giúp làm giảm tình trạng nứt gót chân, dưỡng ẩm, làm lành vết nứt, ngừa khô rát (20g)",duoc-my-pham/got-sen-thai-duong-16703.html,25000.0,Tuýp,đ,https://cdn.nhathuoclongchau.com.vn/unsafe/https://cms-prod.s3-sgn09.fptcloud.com/00008358_got_sen_thai_duong_4010_62af_large_a1a344ac65.jpg,"Aqua  , Nghệ  , Glyceryl monostearate  , PEG-75 Lanolin  , Propylene glycol  , Peg-40 Hydrogenated Castor Oil  , Stearic acid  , Glycerin  , Petrolatum  , Cetearyl Alcohol  , Fragrance  , Vitamin E  , Neolone PE  , Sodium Chloride  , Tocopheryl acetate  , Paraffin Oil  ",,Sao Thái Dương,Tuýp,"Dược mỹ phẩm | Chăm sóc cơ thể | Kem dưỡng da tay, chân",duoc-my-pham | duoc-my-pham/cham-soc-co-the | duoc-my-pham/duong-tay-chan,True,True,70,0,https://nhathuoclongchau.com.vn/duoc-my-pham/got-sen-thai-duong-16703.html,duoc-my-pham,200
215,00008328,GEL BÔI DERMA FORTE GAMMA HỖ TRỢ ĐIỀU TRỊ MỤN VÀ VẾT THÂM 15G,Gel bôi Derma Forte Gamma hỗ trợ cải thiện mụn và vết thâm (15g),duoc-my-pham/derma-forte-15g-16714.html,99000.0,Tuýp,đ,https://cdn.nhathuoclongchau.com.vn/unsafe/https://cms-prod.s3-sgn09.fptcloud.com/DSC_03754_fd30ec3087.jpg,"Deionized Water , Azelaic acid , Tocopherol , Collagen , Ubiquinol , EDTA , Glycolic acid , Carbomer , Potassium sorbate , Centella Asiatica Extract , Curcuma Longa Extract , Squalane ",,GAMMA,Tuýp,"Dược mỹ phẩm | Giải pháp làn da | Kem hỗ trợ giảm mụn, gel hỗ trợ giảm mụn",duoc-my-pham | duoc-my-pham/giai-phap-lan-da | duoc-my-pham/da-mun,True,True,70,0,https://nhathuoclongchau.com.vn/duoc-my-pham/derma-forte-15g-16714.html,duoc-my-pham,200
216,00008172,"KEM BÔI YOOSUN RAU MÁ GIÚP DỊU DA, MẪN NGỨA, NGỪA MỤN 25G","Kem bôi Yoosun Rau Má giúp dịu da, mẫn ngứa, ngừa mụn (25g)",duoc-my-pham/yoosun-rau-ma-25g-16722.html,30000.0,Tuýp,đ,https://cdn.nhathuoclongchau.com.vn/unsafe/https://cms-prod.s3-sgn09.fptcloud.com/DSC_09861_c461e5b631.jpg,"Dịch chiết rau má , Tocopheryl acetate ",,Đại Bắc,Tuýp,"Dược mỹ phẩm | Giải pháp làn da | Hỗ trợ mờ sẹo, mờ vết thâm",duoc-my-pham | duoc-my-pham/giai-phap-lan-da | duoc-my-pham/tri-seo-mo-tham,True,True,70,0,https://nhathuoclongchau.com.vn/duoc-my-pham/yoosun-rau-ma-25g-16722.html,duoc-my-pham,200
217,00007782,KEM DƯỠNG ẨM VASELINE PURE OPC 10G,Kem dưỡng ẩm Vaseline Pure OPC (10g),duoc-my-pham/vaseline-pure-10g-opc-16767.html,18000.0,Tuýp,đ,https://cdn.nhathuoclongchau.com.vn/unsafe/https://cms-prod.s3-sgn09.fptcloud.com/00007782_vaseline_pure_10g_opc_5848_5d11_large_0f0a2e0ffe.JPG,Vaseline 10 ,Dạng kem,Opc,Tuýp,Dược mỹ phẩm | Chăm sóc cơ thể | Chăm sóc da nứt nẻ,duoc-my-pham | duoc-my-pham/cham-soc-co-the | duoc-my-pham/tri-nut-da,True,True,70,0,https://nhathuoclongchau.com.vn/duoc-my-pham/vaseline-pure-10g-opc-16767.html,duoc-my-pham,200
218,00007495,"DẦU MÙ U QUANG MINH LÀM MỀM VÀ MƯỢT DA, MỜ VẾT SẸO 15ML","Dầu mù u Quang Minh làm mềm và mượt da, mờ vết sẹo (15ml)",duoc-my-pham/tran-mu-u-15ml-16806.html,9000.0,Chai,đ,https://cdn.nhathuoclongchau.com.vn/unsafe/https://cms-prod.s3-sgn09.fptcloud.com/00007495_tran_mu_u_15ml_8827_5f23_large_12217dfe1d.JPG,"Dầu Mù U 89.7%, Mỡ trăn 9.7%, Vitamin E 0.6%",,Quang Minh,Chai,"Dược mỹ phẩm | Giải pháp làn da | Hỗ trợ mờ sẹo, mờ vết thâm",duoc-my-pham | duoc-my-pham/giai-phap-lan-da | duoc-my-pham/tri-seo-mo-tham,True,True,70,0,https://nhathuoclongchau.com.vn/duoc-my-pham/tran-mu-u-15ml-16806.html,duoc-my-pham,200
219,00006940,"GEL BÔI SU BẠC KHÁNG KHUẨN, LÀM SẠCH DA 25G","Gel bôi Su Bạc kháng khuẩn, làm sạch da (25g)",duoc-my-pham/su-bac-gel-lam-sach-sat-khuan-da-16858.html,150000.0,Hộp,đ,https://cdn.nhathuoclongchau.com.vn/unsafe/https://cms-prod.s3-sgn09.fptcloud.com/00006940_su_bac_gel_lam_sach_sat_khuan_da_8596_63aa_large_5e8c66eecc.jpg,"Nước tinh khiết , Propylene glycol , Dung dịch Nano bạc , Citric Acid , Chitosan , Glycerin , hydroxyethylcellulose , Nipagin , Propylparaben , Azadirachta indica extract , Kẽm salicylate ",Gel,Âu cơ,Hộp,"Dược mỹ phẩm | Giải pháp làn da | Da mẫn cảm, dễ kích ứng",duoc-my-pham | duoc-my-pham/giai-phap-lan-da | duoc-my-pham/viem-da-co-dia,True,True,70,0,https://nhathuoclongchau.com.vn/duoc-my-pham/su-bac-gel-lam-sach-sat-khuan-da-16858.html,duoc-my-pham,200
220,00006635,DẦU GỘI CHỐNG GÀU SELSUN ROHTO 100ML,"Dầu gội Selsun Rohto hỗ trợ làm sạch gàu, ngăn ngừa gàu hiệu quả (100ml)",duoc-my-pham/dau-goi-chong-gau-selsun-100ml-16897.html,96000.0,Chai,đ,https://cdn.nhathuoclongchau.com.vn/unsafe/https://cms-prod.s3-sgn09.fptcloud.com/00006635_dau_goi_chong_gau_selsun_100ml_4203_62ae_large_33ff69fb26.JPG,"Water , Selenium Sulfide , Dimethicone , Cocamide Dea , hydroxypropyl methylcellulose , Citric Acid , Sodium Citrate , Fragrance , DMDM Hydantoin , Ammonium Lauryl Sulfate , Distearyl Phthalic Acid Amide (Tab 2) , Bentonite ",Dung dịch,Rohto,Chai,Dược mỹ phẩm | Chăm sóc tóc - da đầu | Dầu gội giúp giảm nấm và ngứa da đầu,duoc-my-pham | duoc-my-pham/cham-soc-toc-da-dau | duoc-my-pham/dau-goi-tri-nam,True,True,70,0,https://nhathuoclongchau.com.vn/duoc-my-pham/dau-goi-chong-gau-selsun-100ml-16897.html,duoc-my-pham,200
221,00004281,"SỮA TẮM GỘI CHO BÉ LACTACYD BABY EXTRA MILKY BẢO VỆ, NUÔI DƯỠNG DA VÀ TÓC 250ML","Sữa tắm gội cho bé Lactacyd Baby Extra Milky bảo vệ, nuôi dưỡng da và tóc (250ml)",duoc-my-pham/lactacyd-miklky-250ml-17155.html,100000.0,Chai,đ,https://cdn.nhathuoclongchau.com.vn/unsafe/https://cms-prod.s3-sgn09.fptcloud.com/00004281_c6aed653be.jpg,"Purified water , Disodium Laureth Sulfosuccinate , Glyceryl Laurate ",,Lactacyd,Chai x 250ml,"Dược mỹ phẩm | Chăm sóc cơ thể | Sữa tắm, xà bông",duoc-my-pham | duoc-my-pham/cham-soc-co-the | duoc-my-pham/sua-tam-xa-bong,True,True,70,0,https://nhathuoclongchau.com.vn/duoc-my-pham/lactacyd-miklky-250ml-17155.html,duoc-my-pham,200
222,00017592,"KEM DƯỠNG ẨM VASELINE PURE OPC HƯƠNG DÂU LÀM MỀM, CHỐNG NỨT NẺ 10G","Kem dưỡng ẩm Vaseline Pure OPC hương dâu làm mềm, chống nứt nẻ (10g)",duoc-my-pham/vaseline-pure-huong-dau-10g-opc-18952.html,24000.0,Tuýp,đ,https://cdn.nhathuoclongchau.com.vn/unsafe/https://cms-prod.s3-sgn09.fptcloud.com/00017592_vaseline_pure_huong_dau_10g_opc_8962_62af_large_0a0b76b015.jpg,"Vaseline 9.82, Fragrance 0.18",Dạng kem,Opc,Tuýp,Dược mỹ phẩm | Mỹ phẩm trang điểm | Son môi,duoc-my-pham | duoc-my-pham/my-pham-trang-diem | duoc-my-pham/son-moi,True,True,70,0,https://nhathuoclongchau.com.vn/duoc-my-pham/vaseline-pure-huong-dau-10g-opc-18952.html,duoc-my-pham,200
223,00017796,SỮA TẮM GỘI CHO BÉ LACTACYD MILKY BABY SANOFI BẢO VỆ VÀ NUÔI DƯỠNG DA 500ML,Sữa tắm gội cho bé Lactacyd Milky Baby Sanofi bảo vệ và nuôi dưỡng da (500ml),duoc-my-pham/lactacyd-milky-baby-sanofi-500ml-19158.html,178000.0,Chai,đ,https://cdn.nhathuoclongchau.com.vn/unsafe/https://cms-prod.s3-sgn09.fptcloud.com/00017796_9166e1ef3d.jpg,"Purified water , Magnesium Laureth Sulphate , Cocamidopropyl betaine , Glyceryl Laurate , Glycol Distearate , Sodium Laureth Sulphate , cocamide MEA , PEG-7 Glyceryl Cocoate , Peg-55 Propylene Glycol Oleate , Lactic Acid , Propylene glycol , Perfume , Atomised deproteinised whey powder (lactoserum) , Disodium laureth sulfosuccianate , Sodium PCA 2-Phenoxyethanol , Laureth-10 , Hydroxypropyl Guar Hydroxypropyltrimonium Chloride ",,Lactacyd,Chai,"Dược mỹ phẩm | Chăm sóc cơ thể | Sữa tắm, xà bông",duoc-my-pham | duoc-my-pham/cham-soc-co-the | duoc-my-pham/sua-tam-xa-bong,True,True,70,0,https://nhathuoclongchau.com.vn/duoc-my-pham/lactacyd-milky-baby-sanofi-500ml-19158.html,duoc-my-pham,200
224,00018815,GEL BÔI TRĨ COTRIPRO GIẢM ĐAU VÀ LÀM DỊU MÁT 25G,Gel bôi trĩ Cotripro giảm đau và làm dịu mát (25g),duoc-my-pham/gel-boi-tri-cotripro-giam-dau-va-lam-diu-mat-25-g.html,270000.0,Tuýp,đ,https://cdn.nhathuoclongchau.com.vn/unsafe/https://cms-prod.s3-sgn09.fptcloud.com/DSC_02081_82ec6c11d8.jpg,"Purified water , Glycerin , Peg-40 Hydrogenated Castor Oil , Phenoxyethanol , Polyacrylate Crosspolymer-11 , Cao cúc tần , Tinh chất nghệ , Lá sung , Sodium Acryloyldimethyl Taurate Copolymer , Hydroxyethyl Acrylate , Cao Ngải cứu , Piper lolot extract , Cao lá lốt , Pluchea indica extract , Artemisia vulgaris extract , Curcuma Longa Extract , Polycrylate crosspolymer-6 , Ficus glomerata extract ",,Thái Minh,Tuýp,Dược mỹ phẩm | Chăm sóc cơ thể,duoc-my-pham | duoc-my-pham/cham-soc-co-the,True,True,70,0,https://nhathuoclongchau.com.vn/duoc-my-pham/gel-boi-tri-cotripro-giam-dau-va-lam-diu-mat-25-g.html,duoc-my-pham,200
225,00030816,"GEL LÔ HỘI LA BEAUTY DƯỠNG ẨM, LÀM DỊU DA 300ML","Gel lô hội La Beauty dưỡng ẩm, làm dịu da (300ml)",duoc-my-pham/gel-lo-hoi-la-beauty-300ml-30956.html,99000.0,Hộp,đ,https://cdn.nhathuoclongchau.com.vn/unsafe/https://cms-prod.s3-sgn09.fptcloud.com/00030816_gel_lo_hoi_la_beauty_300ml_8537_60a7_large_6910bbcf20.JPG,"Aqua , Aloe barbadensis leaf juice , Glycerin , Disodium EDTA , Propylene glycol , Citric Acid , Potassium sorbate , DMDM Hydantoin , triethanolamine , Fragrance , Tocopherol carbomer ",,Lavita,Hộp,Dược mỹ phẩm | Chăm sóc cơ thể,duoc-my-pham | duoc-my-pham/cham-soc-co-the,True,True,70,0,https://nhathuoclongchau.com.vn/duoc-my-pham/gel-lo-hoi-la-beauty-300ml-30956.html,duoc-my-pham,200
226,00032046,"KEM BÔI LATOPIC PROBIOTIC EMOLLIENT ACTIVE FACE AND BODY CREAM DƯỠNG ẨM, DỊU NGỨA CHO DA DỊ ỨNG/KÍCH ỨNG 75ML","Kem bôi Latopic Probiotic Emollient Active Face and Body Cream dưỡng ẩm, dịu ngứa cho da dị ứng/kích ứng (75ml)",duoc-my-pham/latopic-face-anh-body-cream-kem-duong-75-ml.html,390000.0,Hộp,đ,https://cdn.nhathuoclongchau.com.vn/unsafe/https://cms-prod.s3-sgn09.fptcloud.com/DSC_00498_c41b8f875f.jpg,"Aqua/ Water , Propanediol , Caprylic/capric triglyceride , Polyglyceryl-3 Cetyl Ether Olivate/Succinate , Lactobacillus Ferment , Glyceryl stearate , Gossypium Herbaceum (Cotton) Seed Oil , Gossypium Herbaceum Seed Oil , Butyrospermum Parkii Butter , Panthenol , Olea Europaea Fruit Oil , 1,2-Hexanediol , Xylitylglucoside , Tocopheryl acetate , Sodium Citrate , Hydrogenated Olive Oil Unsaponifiables , Sodium Stearoyl Glutamate , Sodium benzoate , Anhydroxylitol , Xylitol , Glucose , Lactic Acid , Citric Acid ",Dạng kem,LATOPIC,Hộp 1 Tuýp x 75ml,"Dược mỹ phẩm | Chăm sóc cơ thể | Sữa dưỡng thể, kem dưỡng thể",duoc-my-pham | duoc-my-pham/cham-soc-co-the | duoc-my-pham/duong-the,True,True,70,0,https://nhathuoclongchau.com.vn/duoc-my-pham/latopic-face-anh-body-cream-kem-duong-75-ml.html,duoc-my-pham,200
227,00032316,"SON DƯỠNG MÔI VASELINE LIP HỒNG XINH DƯỠNG ẨM, MÀU HỒNG TỰ NHIÊN 7G","Son dưỡng môi Vaseline Lip hồng xinh dưỡng ẩm, màu hồng tự nhiên (7g)",duoc-my-pham/vaseline-lip-duong-moi-hong-xinh-7g-32438.html,87000.0,Hộp,đ,https://cdn.nhathuoclongchau.com.vn/unsafe/https://cms-prod.s3-sgn09.fptcloud.com/00032316_vaseline_lip_duong_moi_hong_xinh_7g_1478_63b6_large_fd6417da16.jpg,Vaseline ,Dạng sáp,Vaseline,Hộp,Dược mỹ phẩm | Mỹ phẩm trang điểm | Son môi,duoc-my-pham | duoc-my-pham/my-pham-trang-diem | duoc-my-pham/son-moi,True,True,70,0,https://nhathuoclongchau.com.vn/duoc-my-pham/vaseline-lip-duong-moi-hong-xinh-7g-32438.html,duoc-my-pham,200
228,00049345,"DUNG DỊCH VỆ SINH NAM GIỚI DYNIK GENTLE FOR MEN LÀM SẠCH, NGĂN MÙI 100ML","Dung dịch vệ sinh nam giới Dynik Gentle For Men làm sạch, ngăn mùi (100ml)",duoc-my-pham/dung-dich-ve-sinh-nam-gioi-dynik-gentle-for-men-lam-sach-ngan-mui-100-ml.html,130000.0,Hộp,đ,https://cdn.nhathuoclongchau.com.vn/unsafe/https://cms-prod.s3-sgn09.fptcloud.com/DSC_09502_6c81c7e52d.png,"Water , Sodium Laureth Sulfate , Cocamidopropyl betaine , Phenoxyethanol , Ethylhexyl Glycerin , PEG-40 hydrogenate castor oil , Fragrance , Menthol , Lactic Acid , Tocopheryl Acrtate , Macadamia Integrifolia Seed Oil ",Dung dịch,DYNIK,Hộp x 100ml,Dược mỹ phẩm | Chăm sóc cơ thể,duoc-my-pham | duoc-my-pham/cham-soc-co-the,True,True,60,0,https://nhathuoclongchau.com.vn/duoc-my-pham/dung-dich-ve-sinh-nam-gioi-dynik-gentle-for-men-lam-sach-ngan-mui-100-ml.html,duoc-my-pham,200
229,00049251,DUNG DỊCH VỆ SINH SAFORELLE SOIN LAVANT DOUX APAISANT 100ML,Dung dịch vệ sinh Saforelle Soin Lavant Doux Apaisant giúp bảo vệ và làm dịu (100ml),duoc-my-pham/dung-dich-ve-sinh-saforelle-soin-lavant-doux-apaisant-100-ml.html,132000.0,Hộp,đ,https://cdn.nhathuoclongchau.com.vn/unsafe/https://cms-prod.s3-sgn09.fptcloud.com/DSC_08466_468a5faadc.png,"Aqua , Cocamido propyl betain , Cocamide Dea , Sodium Chloride , Peg-6 Caprylic , Capric Glycerides , Parfum , Propylene glycol , Polysorbate 20 , Stearamine Oxide , Lavandula angustifolia oil , Tetrasodium EDTA , Linalool , Arctium Lappa Root Extract , Sodium hydroxide , Citronellol , Coumarin , Geraniol , Limonene ",Dung dịch,Saforelle,Hộp,Dược mỹ phẩm | Chăm sóc cơ thể,duoc-my-pham | duoc-my-pham/cham-soc-co-the,True,True,60,0,https://nhathuoclongchau.com.vn/duoc-my-pham/dung-dich-ve-sinh-saforelle-soin-lavant-doux-apaisant-100-ml.html,duoc-my-pham,200
230,00047487,BÌNH XỊT SÁT KHUẨN DIZIGONE BABY SANITIZING WATER PHỤC HỒI TỔN THƯƠNG DA 300ML,Bình xịt sát khuẩn Dizigone Baby Sanitizing Water phục hồi tổn thương da (300ml),duoc-my-pham/binh-xit-khang-khuan-dizigone-baby-santizing-water-300-ml.html,165000.0,Hộp,đ,https://cdn.nhathuoclongchau.com.vn/unsafe/https://cms-prod.s3-sgn09.fptcloud.com/DSC_04176_f39a622a59.jpg,"Nước tinh khiết , Sodium Chloride ",Dung dịch,Terrapharm,Hộp,Dược mỹ phẩm | Chăm sóc cơ thể,duoc-my-pham | duoc-my-pham/cham-soc-co-the,True,True,60,0,https://nhathuoclongchau.com.vn/duoc-my-pham/binh-xit-khang-khuan-dizigone-baby-santizing-water-300-ml.html,duoc-my-pham,200
231,00047312,"SỮA RỬA MẶT CETAPHIL OILY SKIN CLEANSER CHO DA DẦU, NHẠY CẢM 500ML","Sữa rửa mặt Cetaphil Oily Skin Cleanser cho da dầu, nhạy cảm (500ml)",duoc-my-pham/sua-rua-mat-cho-da-dau-nhay-cam-cetaphil-oily-skin-cleanser-500-ml.html,495000.0,Chai,đ,https://cdn.nhathuoclongchau.com.vn/unsafe/https://cms-prod.s3-sgn09.fptcloud.com/DSC_09744_fba5368597.jpg,"Aqua , Glycerin , Cocamido Propyl Belaine , Disodium Laureth Sulfosuccinate , Sodium cocoamphoacetate , Sodium benzoate , Parfum , Amyl cinnamal , Citronellol , Geraniol , Hydroxycitronellal , Linalool , Sodium Chloride , Citric Acid ",,Cetaphil,Chai,"Dược mỹ phẩm | Chăm sóc da mặt | Sữa rửa mặt (Kem, gel, sữa)",duoc-my-pham | duoc-my-pham/cham-soc-da-mat | duoc-my-pham/sua-rua-mat-kem-gel-sua,True,True,60,0,https://nhathuoclongchau.com.vn/duoc-my-pham/sua-rua-mat-cho-da-dau-nhay-cam-cetaphil-oily-skin-cleanser-500-ml.html,duoc-my-pham,200
232,00042102,MẶT NẠ NGỦ MÔI HƯƠNG LỰU CARE:NEL POMEGRANATE LIP NIGHT MASK CẤP ẨM NGỪA NỨT NẺ 5G,Mặt nạ ngủ môi hương lựu Care:nel Pomegranate Lip Night Mask cấp ẩm ngừa nứt nẻ (5g),duoc-my-pham/mat-na-ngu-moi-cap-am-ngua-nut-ne-moi-huong-luu-care-nel-pomegranate-lip-night-mask-5-g.html,70000.0,Hộp,đ,https://cdn.nhathuoclongchau.com.vn/unsafe/https://cms-prod.s3-sgn09.fptcloud.com/carenel_5eaca267c2.jpg,"Polyisobutene , Mineral oil , Petrolatum , Diisostearyl Malate , Apis mellifera (bees) wax , Euphorbia Cerifera (Candelilla) Wax , Ceresin , Sorbitan Sesquioleate , Caprylyl glycol , Fragrance , Limonene ",Dạng sáp,CARE:NEL,Hộp,Dược mỹ phẩm | Mỹ phẩm trang điểm,duoc-my-pham | duoc-my-pham/my-pham-trang-diem,True,True,60,0,https://nhathuoclongchau.com.vn/duoc-my-pham/mat-na-ngu-moi-cap-am-ngua-nut-ne-moi-huong-luu-care-nel-pomegranate-lip-night-mask-5-g.html,duoc-my-pham,200
233,00039951,"KEM BÔI ĐA NĂNG ĐU ĐỦ PURE PAW PAW OINTMENT AUSTRALIA DƯỠNG ẨM, LÀM DỊU VẾT CẮN CÔN TRÙNG 25G","Kem bôi đa năng đu đủ Pure Paw Paw Ointment Australia dưỡng ẩm, làm dịu vết cắn côn trùng (25g)",duoc-my-pham/kem-boi-da-nang-du-du-pure-paw-paw-ointment-25-g-australia-duong-am-giam-nut-ne-tri-bong-con-trung-can.html,110000.0,Tuýp,đ,https://cdn.nhathuoclongchau.com.vn/unsafe/https://cms-prod.s3-sgn09.fptcloud.com/DSC_09367_8422409646.jpg,"Petrolatum , Carica Papaya fruit extract , Cera alba , Potassium sorbate , Sodium benzoate ",,PURE PAW PAW,Tuýp x 25g,Dược mỹ phẩm | Chăm sóc cơ thể,duoc-my-pham | duoc-my-pham/cham-soc-co-the,True,True,60,0,https://nhathuoclongchau.com.vn/duoc-my-pham/kem-boi-da-nang-du-du-pure-paw-paw-ointment-25-g-australia-duong-am-giam-nut-ne-tri-bong-con-trung-can.html,duoc-my-pham,200
234,00039425,"TINH CHẤT CHỐNG NẮNG SUNPLAY TONE UP UV ESSENCE ROHTO SPF50+ PA++++ NÂNG TÔNG SÁNG HỒNG, TRONG SUỐT 50G","Tinh chất chống nắng Sunplay Tone Up UV Essence Rohto SPF50+ PA++++ nâng tông sáng hồng, trong suốt (50g)",duoc-my-pham/sunplay-tone-up-uv-essence-rohto-50-g-tinh-chat-chong-nang-nang-tong-da-sang-hong-trong-suot.html,199000.0,Tuýp,đ,https://cdn.nhathuoclongchau.com.vn/unsafe/https://cms-prod.s3-sgn09.fptcloud.com/DSC_00101_1e83c71ad4.jpg,"Water , ethylhexyl methoxycinnamate , Butylene glycol , Phenyl Trimethicone , Titanium dioxide , Diethylamino hydroxybenzoyl hexyl benzoate , Methyl Methacrylate Crosspolyme , Sodium hyaluronate , Magnesium Ascorbyl Phosphate , Pearl Powder , BIS-PEG-18 METHYL ETHER DIMETHYL SILANE , Acrylates Copolymer , Polyglyceryl-2 Triisostearate , acrylates/C10-30 alkyl acrylate crosspolymer , Polystyrene , Glycol Dimethacrylate Crosspolymer , Silica , Alumina , synthetic flourphlogopite , Tin Oxide , Bis-ethylhexyloxyphenol Methoxyphenyl Triazine , Polysorbate 60 , Ammonium Acryloyldimethyltaurate/VP Copolymer , Copolymer , PEG-12 Dimethicone , Polyvinyl alcohol , triethanolamine , Xanthan gum , Disodium EDTA , Phenoxyethanol , Ethylhexylglycerin , BHT , Fragrance , Cl 42090 , Cl 73360 ",,Sunplay,Tuýp x 50g,Dược mỹ phẩm | Chăm sóc da mặt | Kem chống nắng da mặt,duoc-my-pham | duoc-my-pham/cham-soc-da-mat | duoc-my-pham/chong-nang-da-mat,True,True,60,0,https://nhathuoclongchau.com.vn/duoc-my-pham/sunplay-tone-up-uv-essence-rohto-50-g-tinh-chat-chong-nang-nang-tong-da-sang-hong-trong-suot.html,duoc-my-pham,200
235,00503907,XÀ PHÒNG TẮM ATIDS SALICYLIC ACID 2% + SULFUR GIẢM MỤN LƯNG 80G,Xà phòng tắm Atids Salicylic Acid 2% + Sulfur giảm mụn lưng (80g),duoc-my-pham/xa-phong-tam-atids-salicylic-acid-2-sulfur-80-g-1.html,101000.0,Hộp,đ,https://cdn.nhathuoclongchau.com.vn/unsafe/https://cms-prod.s3-sgn09.fptcloud.com/DSC_09944_6e07eb6377.jpg,"EDTA sodium , Etidronic acid , Cucumis Sativus Fruit Extract , Sodium palm kernelate , Dehydroacetic Acid , Sodium Chloride , Phenoxyethanol , Cocos nucifera Oil , Fragrance , Lauryl glucoside , Sodium Palmate , Glycerin , Aqua/ Water , Sulfur , Salicylic acid ",Dạng sáp,ASAN C&S,Hộp x 80g,"Dược mỹ phẩm | Chăm sóc cơ thể | Sữa tắm, xà bông",duoc-my-pham | duoc-my-pham/cham-soc-co-the | duoc-my-pham/sua-tam-xa-bong,True,True,60,0,https://nhathuoclongchau.com.vn/duoc-my-pham/xa-phong-tam-atids-salicylic-acid-2-sulfur-80-g-1.html,duoc-my-pham,200
236,00503832,"CHỐNG NẮNG DƯỠNG DA VÙNG MẶT DÀNH CHO DA DẦU, DA NHẠY CẢM SVR SEBIACLEAR CREME SPF50+ 40ML","Kem chống nắng SVR Sebiaclear Creme SPF50+ dưỡng da dùng cho da hỗn hợp, da dầu và da nhạy cảm (40ml)",duoc-my-pham/chong-nang-duong-da-vung-mat-danh-cho-da-dau-da-nhay-cam-svr-sebiaclear-creme-spf-50-40-ml.html,530000.0,Hộp,đ,https://cdn.nhathuoclongchau.com.vn/unsafe/https://cms-prod.s3-sgn09.fptcloud.com/IMG_9883_68edfb0107.jpg,"Lepidium Sativum Sprout Extract , Sarcosine , Lecithin , Glycine Soja (Soybean) Oil , Disodium Laureth Sulfosuccinate , Sodium hydroxide , Tocopherols , Xanthan gum , Coco-Glucoside , Arginine , Parfum , Caprylyl glycol , 1-2-Hexanediol , Salicylic acid , Butylene glycol , Pentylene Glycol , Acrylates/C12-22 Akyl Methacrylate Copolymer , Glyceryl Stearate Citrate , Diethylhexyl Butamido Triazone , C15-19 Alkane , C12-15 Alkyl Benzoate , Glycerin , Bis-ethylhexyloxyphenol Methoxyphenyl Triazine , Niacinamide , Isononyl Isononanoate , Beheneth-25 , Ethylhexyl Triazone , Disopropyl Adipate , Hexyl Benzoate , Diethylamino hydroxybenzoyl hexyl benzoate , Silica , Aqua/ Water ",Dạng kem,SVR,Hộp x 40ml,Dược mỹ phẩm | Chăm sóc da mặt | Kem chống nắng da mặt,duoc-my-pham | duoc-my-pham/cham-soc-da-mat | duoc-my-pham/chong-nang-da-mat,True,True,60,0,https://nhathuoclongchau.com.vn/duoc-my-pham/chong-nang-duong-da-vung-mat-danh-cho-da-dau-da-nhay-cam-svr-sebiaclear-creme-spf-50-40-ml.html,duoc-my-pham,200
237,00503584,THANH DƯỠNG TRẮNG DA - TRỊ NÁM TRANSINO WHITENING STICK 5.2G,"Thanh dưỡng trắng da Transino Whitening Stick (5,3g)",duoc-my-pham/thanh-duong-trang-da-tri-nam-transino-whitening-stick-53g-37887.html,960000.0,Hộp,đ,https://cdn.nhathuoclongchau.com.vn/unsafe/https://cms-prod.s3-sgn09.fptcloud.com/00503584_thanh_duong_trang_da_tri_nam_transino_whitening_stick_52g_1017_6411_large_c4018d2d4b.jpg,"Tocopherols , POLYGLYCERYL-5 POLYRICINOLEATE , Butylene glycol , SORBITAN SESQUIISOSTEARATE , Stearic acid , Aluminum hydroxide , VINYL DIMETHICONE/METHICONE SILSESQUIOXANE CROSSPOLYMER , Trehalose , Ectoin , POLYPHOSPHORYLCHOLINE GLYCOL ACRYLATE , CALCIUM PANTETHEINE SULFONATE , BIS-ETHOXYDIGLYCOL CYCLOHEXANE 1,4-DICARBOXYLATE , Dimethicone , Vaccinium myrtillus , Titanium dioxide , Prunus Persica Leaf Extract , DIPENTAERYTHRITYL TETRAHYDROXYSTEARATE , CAPRYLIC/CAPRIC/MYRISTIC/STEARIC TRIGLYCERIDE , Paraffin , PHYTOSTERYL/BEHENYL/OCTYLDODECYL LAUROYL GLUTAMATE , ISODONIS JAPONICUS LEAF , Silica , Synthetic Wax , Cetyl ethylhexanoate , Triethylhexanoin , Hydrogenated Polydecene , Achillea Millefolium Extract , GERANIUM ROBERTIANUM EXTRACT , MORUS ALBA ROOT EXTRACT , Microcrystalline wax , Tranexamic acid ",,Transino,Hộp x 5g,"Dược mỹ phẩm | Chăm sóc cơ thể | Sữa dưỡng thể, kem dưỡng thể",duoc-my-pham | duoc-my-pham/cham-soc-co-the | duoc-my-pham/duong-the,True,True,60,0,https://nhathuoclongchau.com.vn/duoc-my-pham/thanh-duong-trang-da-tri-nam-transino-whitening-stick-53g-37887.html,duoc-my-pham,200
238,00503057,"KEM BÔI VỆ SINH PHỤ NỮ INTIMATE ZIAJA BỔ SUNG HYALURONIC ACID LÀM SẠCH, KHỬ MÙI 200ML","Kem bôi vệ sinh phụ nữ Intimate Ziaja bổ sung Hyaluronic Acid làm sạch, khử mùi (200ml)",duoc-my-pham/kem-ve-sinh-intimate-bo-sung-hyaluronic-acid-ziaja-200-ml-1.html,215000.0,Hộp,đ,https://cdn.nhathuoclongchau.com.vn/unsafe/https://cms-prod.s3-sgn09.fptcloud.com/DSC_09906_d27e36b18e.jpg,"Aqua/ Water , Sodium Laureth Sulfate , Cocamidopropyl betaine , Glycerin , Sodium Chloride , Glycol Distearate , Parfum (Fragrance) , Lactic Acid , PEG-7 Glyceryl Cocoate , Laureth-4 , Panthenol , Allantoin , Sodium hyaluronate , Sodium benzoate , Glyceryl oleate , Hexyl cinnamal , Linalool , Hydroxycitronellal ",,Ziaja,Hộp 1 Chai x 200ml,Dược mỹ phẩm | Chăm sóc cơ thể,duoc-my-pham | duoc-my-pham/cham-soc-co-the,True,True,60,0,https://nhathuoclongchau.com.vn/duoc-my-pham/kem-ve-sinh-intimate-bo-sung-hyaluronic-acid-ziaja-200-ml-1.html,duoc-my-pham,200
239,00502799,"KEM DƯỠNG BAN ĐÊM CHO DA SIÊU NHẠY CẢM, DỄ MẪN ĐỎ - SEBAMED ANTI-REDNESS REGENERATING INTENSIVE CARE 50ML","Kem dưỡng tái tạo Sebamed Anti-Redness Regenerating Intensive Care cho da nhạy cảm, da dễ bị đỏ (50ml)",duoc-my-pham/kem-duong-ban-dem-cho-da-sieu-nhay-cam-de-man-do-sebamed-anti-redness-regenerating-intensive-care-50ml-37113.html,655000.0,Tuýp,đ,https://cdn.nhathuoclongchau.com.vn/unsafe/https://cms-prod.s3-sgn09.fptcloud.com/00502799_kem_duong_ban_dem_cho_da_sieu_nhay_cam_de_man_do_sebamed_anti_redness_regenerating_intensive_care_50ml_9871_6391_large_612cf07f80.jpg,"Benzyl alcohol , Sorbic Acid , Citric Acid , Sodium Chloride , Xanthan gum , hydroxypropyl methylcellulose , Caprylic/capric triglyceride , Allantoin , Tocopherol , DIETHYLHEXYL SYRINGYLIDENEMALONATE , CENTELLA ASIATICA LEAF EXTRACT , PHYSALIS PUBESCENS FRUIT JUICE , SODIUM OLEANOLATE , SODIUM URSOLATE , 4-T-BUTYLCYCLOHEXANOL , 1,2-Hexanediol , Disodium Cetearyl Sulfosuccinate , Glyceryl stearate , Ethylhexyl Stearate , Butyrospermum Parkii Butter , Tocopheryl acetate , Pentylene Glycol , Cetearyl Alcohol , Zea mays starch , SODIUM CARBOXYMETHYL STARCH , Propylheptyl Caprylate , Propylene glycol , Dicaprylyl Ether , Glycerin , DIBUTYL ADIPATE , Aqua ",Dạng kem,Sebamed,Tuýp x 50ml,"Dược mỹ phẩm | Chăm sóc cơ thể | Sữa dưỡng thể, kem dưỡng thể",duoc-my-pham | duoc-my-pham/cham-soc-co-the | duoc-my-pham/duong-the,True,True,60,0,https://nhathuoclongchau.com.vn/duoc-my-pham/kem-duong-ban-dem-cho-da-sieu-nhay-cam-de-man-do-sebamed-anti-redness-regenerating-intensive-care-50ml-37113.html,duoc-my-pham,200
240,00502794,SỮA RỬA MẶT CHO DA SIÊU NHẠY CẢM VÀ DA DỄ MẪN ĐỎ - SEBAMED ANTI-REDNESS GENTLE CLEANSING FOAM 150ML,"Sữa rửa mặt bọt Anti-Redness Gentle Cleansing Foam Sebamed cho da siêu nhạy cảm, phục hồi biến chứng da (150ml)",duoc-my-pham/sua-rua-mat-cho-da-sieu-nhay-cam-va-da-de-man-do-sebamed-anti-redness-gentle-cleansing-foam-150ml-37083.html,411000.0,Chai,đ,https://cdn.nhathuoclongchau.com.vn/unsafe/https://cms-prod.s3-sgn09.fptcloud.com/00502794_sua_rua_mat_cho_da_sieu_nhay_cam_va_da_de_man_do_sebamed_anti_redness_gentle_cleansing_foam_150ml_9817_6391_large_575357ba8f.jpg,"Aqua/ Water , SODIUM LAUROYL GLUTAMATE , Cocamidopropyl betaine , Citric Acid , 4-T-BUTYLCYCLOHEXANOL , Pentylene Glycol , Propylene glycol , Sorbic Acid , 1,2-Hexanediol ",,Sebamed,Chai x 150ml,"Dược mỹ phẩm | Chăm sóc da mặt | Sữa rửa mặt (Kem, gel, sữa)",duoc-my-pham | duoc-my-pham/cham-soc-da-mat | duoc-my-pham/sua-rua-mat-kem-gel-sua,True,True,60,0,https://nhathuoclongchau.com.vn/duoc-my-pham/sua-rua-mat-cho-da-sieu-nhay-cam-va-da-de-man-do-sebamed-anti-redness-gentle-cleansing-foam-150ml-37083.html,duoc-my-pham,200
241,00502631,DẦU GIÓ RED LION MEDICATED OIL YELLOW AGIMEXPHARM 24ML - PEPPERMINT CLOVE BUD,"Dầu gió lăn Red Lion Medicated Oil Yellow Agimexpharm ấm da vùng xoa, sử dụng massage hỗ trợ thư giãn (24ml)",duoc-my-pham/dau-gio-red-lion-medicated-oil-yellow-agimexpharm-24ml-peppermint-clove-bud-36879.html,76000.0,Chai,đ,https://cdn.nhathuoclongchau.com.vn/unsafe/https://cms-prod.s3-sgn09.fptcloud.com/00502631_dau_gio_red_lion_medicated_oil_yellow_agimexpharm_24ml_peppermint_clove_bud_8823_636b_large_c79a04ed47.jpg,"Methyl salicylate 840mg, Peppermint oil 6432mg, Menthol 10800mg",,Agimexpharm,Chai x 24ml,Dược mỹ phẩm | Chăm sóc cơ thể,duoc-my-pham | duoc-my-pham/cham-soc-co-the,True,True,60,0,https://nhathuoclongchau.com.vn/duoc-my-pham/dau-gio-red-lion-medicated-oil-yellow-agimexpharm-24ml-peppermint-clove-bud-36879.html,duoc-my-pham,200
242,00502629,DẦU GIÓ RED LION MEDICATED OIL WHITE AGIMEXPHARM 24ML - LAVENDER EUCALYPTUS,"Dầu gió lăn Red Lion Medicated Oil White Agimexpharm ấm da vùng xoa, sử dụng massage hỗ trợ thư giãn (24ml)",duoc-my-pham/dau-gio-red-lion-medicated-oil-white-agimexpharm-24ml-lavender-eucalyptus-36881.html,76000.0,Chai,đ,https://cdn.nhathuoclongchau.com.vn/unsafe/https://cms-prod.s3-sgn09.fptcloud.com/00502629_dau_gio_red_lion_medicated_oil_white_agimexpharm_24ml_lavender_eucalyptus_8450_636b_large_4a2c28046b.jpg,Methyl salicylate ,,Agimexpharm,Chai x 24ml,Dược mỹ phẩm | Chăm sóc cơ thể,duoc-my-pham | duoc-my-pham/cham-soc-co-the,True,True,60,0,https://nhathuoclongchau.com.vn/duoc-my-pham/dau-gio-red-lion-medicated-oil-white-agimexpharm-24ml-lavender-eucalyptus-36881.html,duoc-my-pham,200
243,00502442,GEL RỬA MẶT BÍ ĐAO COCOON 140ML,"Gel bí đao rửa mặt Cocoon sạch sâu da, loại bỏ mọi bụi bẩn (140ml)",duoc-my-pham/gel-rua-mat-bi-dao-cocoon-140ml-36686.html,195000.0,Chai,đ,https://cdn.nhathuoclongchau.com.vn/unsafe/https://cms-prod.s3-sgn09.fptcloud.com/00502442_gel_rua_mat_bi_dao_cocoon_140ml_5146_6375_large_b788dcfe59.jpg,"Trisodium Ethylenediamine Disuccinate , Menthyl lactate , Xanthan gum , Phenoxyethanol , Ethylhexyglycerin , Allantoin , Lavandula angustifolia oil , Rosmarinus officinalis leaf oil , Melaleuca Alternifolia Essential oil , Polysorbate 20 , Sodium hydroxide , Sodium lactate , Glycereth-26 , Molasses , Peg-120 Methyl Glucose Dioleate , Butylene glycol , Propanediol , Betaine , Centella Asiatica Extract , Panthenol , Niacinamide , Salicylic acid , Benincasa cerfera extract (bí đao) , Glycerin , PEG-7 Glyceryl Cocoate , Cocoyl Methyl Glucamide , Sodium Cocoyl Glycinate , Acrylates/Steareth-20 Methacrylate , Cocamidopropyl betaine , Potassium Laureth Phosphate , Aqua ",,Cocoon,Chai x 140ml,"Dược mỹ phẩm | Chăm sóc da mặt | Sữa rửa mặt (Kem, gel, sữa)",duoc-my-pham | duoc-my-pham/cham-soc-da-mat | duoc-my-pham/sua-rua-mat-kem-gel-sua,True,True,60,0,https://nhathuoclongchau.com.vn/duoc-my-pham/gel-rua-mat-bi-dao-cocoon-140ml-36686.html,duoc-my-pham,200
244,00502437,CÀ PHÊ ĐẮK LẮK LÀM SẠCH DA CHẾT TRÊN CƠ THỂ COCOON 200ML,Cà phê Đắk Lắk Cocoon làm sạch da chết trên cơ thể (200ml),duoc-my-pham/ca-phe-dak-lak-lam-sach-da-chet-tren-co-the-cocoon-200ml-36691.html,125000.0,Hũ,đ,https://cdn.nhathuoclongchau.com.vn/unsafe/https://cms-prod.s3-sgn09.fptcloud.com/00502437_ca_phe_dak_lak_lam_sach_da_chet_tren_co_the_cocoon_200ml_3750_6375_large_e089d5e367.jpg,"Theobroma Cocoa Seed Butter , Aqua/ Water , Coffea Robusta (Coffee) Seed Powder , Cetearyl Alcohol , Cocos Nucifera (Coconut) Oil , Cocamidopropyl betaine , Glyceryl stearate , C15-19 Alkane , Glycerin , Ceteareth-20 , Ceteareth-12 , Butyrospermum Parkii Butter , Phenoxyethanol , Glycine soja oil , Phospholipids , Hydroxypropyl Starch Phosphate , Glycine Soja Sterols , Parfum , Acrylates-C10-30-Alkyl-Acrylate-Crosspolymer , Tocopherol , Xanthan gum , Sodium hydroxide , BHT , Ethylhexyl Glycerin , Trisodium Ethylenediamine Disuccinate , Cetyl palmitate ",,Cocoon,Hũ x 200ml,Dược mỹ phẩm | Chăm sóc cơ thể,duoc-my-pham | duoc-my-pham/cham-soc-co-the,True,True,60,0,https://nhathuoclongchau.com.vn/duoc-my-pham/ca-phe-dak-lak-lam-sach-da-chet-tren-co-the-cocoon-200ml-36691.html,duoc-my-pham,200
245,00502418,"SỮA TẮM GỘI LACTACYD BABY BODY VÀ HAIR WASH GENTLE CARE BẢO VỆ, GIỮ ẨM DA VÀ TÓC BÉ 500ML","Sữa tắm gội Lactacyd Baby Body và Hair Wash Gentle Care bảo vệ, giữ ẩm da và tóc bé (500ml)",duoc-my-pham/sua-tam-goi-hang-ngay-lactacyd-baby-body-hair-wash-gentle-care-500ml-36660.html,178000.0,Chai,đ,https://cdn.nhathuoclongchau.com.vn/unsafe/https://cms-prod.s3-sgn09.fptcloud.com/00502418_sua_tam_goi_hang_ngay_lactacyd_baby_body_hair_wash_gentle_care_500ml_6569_6406_large_bd40523c45.jpg,"Citric Acid , Tetrasodium EDTA , Ethylhexyglycerin , Lactic Acid , Perfume , 2-phenoxyethanol , Sodium benzoate , Benzoic Acid , Coco-Glucoside , Styrene/Acrylates Copolymer , Disodium Laureth Sulfosuccinate , Cocamidopropyl betaine , Whey Filtrate , Sodium Chloride , Sodium Laureth Sulfate , Purified water ",,Lactacyd,Chai x 500ml,"Dược mỹ phẩm | Chăm sóc cơ thể | Sữa tắm, xà bông",duoc-my-pham | duoc-my-pham/cham-soc-co-the | duoc-my-pham/sua-tam-xa-bong,True,True,60,0,https://nhathuoclongchau.com.vn/duoc-my-pham/sua-tam-goi-hang-ngay-lactacyd-baby-body-hair-wash-gentle-care-500ml-36660.html,duoc-my-pham,200
246,00502234,DẦU XẢ THẢO DƯỢC LA BEAUTY 250ML – NUÔI DƯỠNG DA ĐẦU VÀ TÓC SUÔN MƯỢT,"Dầu xả thảo dược La Beauty củng cố chân tóc chắc khỏe, suôn mượt và ngăn ngừa gãy rụng (250ml)",duoc-my-pham/dau-xa-thao-duoc-la-beauty-250ml-nuoi-duong-da-dau-va-toc-suon-muot-36476.html,95000.0,Chai,đ,https://cdn.nhathuoclongchau.com.vn/unsafe/https://cms-prod.s3-sgn09.fptcloud.com/00502234_dau_xa_thao_duoc_la_beauty_250ml_nuoi_duong_da_dau_va_toc_suon_muot_4772_6343_large_bfc8e5ea80.jpg,"Tầm Gửi , IEA-Dodecylbenzenesulfonate , Dầu dừa , Trideceth-10 , Dimethiconol , Aqua/ Water , Glycerin , Behentrimonium Chloride , Stearyl alcohol , Cetostearyl alcohol , Hoàng kỳ , Cetrimonium Chloride , Tía Tô , Frangrance , Cây Giần Sàng , Nấm phục linh , Hà thủ ô , Địa hoàng , Thương truật , Kinh giới , Giấp cá , 1-2-Hexanediol , Ngũ vị tử bắc , Amodimethicone , Phenoxyethanol , Ethylhexylglycerin , Guar hydroxypropyltrimcnnium chloride , Disodium EDTA , Citric Acid ",,La Beauty,Chai x 250ml,Dược mỹ phẩm | Chăm sóc tóc - da đầu | Dầu gội dầu xả,duoc-my-pham | duoc-my-pham/cham-soc-toc-da-dau | duoc-my-pham/dau-goi-dau-xa,True,True,60,0,https://nhathuoclongchau.com.vn/duoc-my-pham/dau-xa-thao-duoc-la-beauty-250ml-nuoi-duong-da-dau-va-toc-suon-muot-36476.html,duoc-my-pham,200
247,00502233,KEM DƯỠNG ẨM CERAVE MOISTURISING CREAM DÀNH CHO DA KHÔ 340G,Kem dưỡng ẩm CeraVe Moisturising Cream dành cho da khô (340g),duoc-my-pham/kem-duong-am-danh-cho-da-kho-cerave-moisturising-cream-mb112202-340g-36477.html,450000.0,Hũ,đ,https://cdn.nhathuoclongchau.com.vn/unsafe/https://cms-prod.s3-sgn09.fptcloud.com/00502233_kem_duong_am_danh_cho_da_kho_cerave_moisturising_cream_mb112202_340g_7326_6346_large_5b19f96f40.jpg,"CERAMIDE EOP , Ceteareth-20 , Aqua/ Water , Petrolatum , Glycerin , Potassium phosphate , Ceramide NP , Cetearyl Alcohol , Ceramide AP , Caprylic/capric triglycerides , Cetyl alcohol , Tocopherols , Dimethicone , Behentrimonium Methosulfate , SODIUM LAUROYL LACTYLATE , Sodium hyaluronate , Cholesterol , Phenoxyethanol , Disodium EDTA , Dipotassium phosphate , Phytosphingosine , Xanthan gum , Ethylhexylglycerin , Carbomer , Aqua/ Water ",,Cerave,Hũ x 340g,"Dược mỹ phẩm | Chăm sóc cơ thể | Sữa dưỡng thể, kem dưỡng thể",duoc-my-pham | duoc-my-pham/cham-soc-co-the | duoc-my-pham/duong-the,True,True,60,0,https://nhathuoclongchau.com.vn/duoc-my-pham/kem-duong-am-danh-cho-da-kho-cerave-moisturising-cream-mb112202-340g-36477.html,duoc-my-pham,200
248,00502181,NƯỚC TẨY TRANG GARNIER SKIN NATURALS MICELLAR DÀNH CHO DA DẦU VÀ DA MỤN 400ML,Nước tẩy trang Garnier Skin Naturals Micellar dành cho da dầu và da mụn (400ml),duoc-my-pham/nuoc-tay-trang-garnier-skin-naturals-micellar-cleansing-water-danh-cho-da-dau-mun-400ml-36404.html,199000.0,Chai,đ,https://cdn.nhathuoclongchau.com.vn/unsafe/https://cms-prod.s3-sgn09.fptcloud.com/00502181_garnier_skin_naturals_micellar_cleansing_water_400ml_nuoc_tay_trang_danh_cho_da_dau_va_da_mun_6158_63f3_large_b07f937b3e.jpg,"Hexylene glycol , Aqua/ Water , Glycerin , MYRTRIMONIUM BROMIDE , Poloxamer 184 , Disodium Cocoamphodiacetate , Disodium EDTA , Alcohol Denat ",,Garnier,Chai x 400ml,"Dược mỹ phẩm | Chăm sóc da mặt | Nước tẩy trang, dầu tẩy trang",duoc-my-pham | duoc-my-pham/cham-soc-da-mat | duoc-my-pham/nuoc-tay-trang,True,True,60,0,https://nhathuoclongchau.com.vn/duoc-my-pham/nuoc-tay-trang-garnier-skin-naturals-micellar-cleansing-water-danh-cho-da-dau-mun-400ml-36404.html,duoc-my-pham,200
249,00501176,"NEO HEBE EFFECTIVE WHITENING CREAM LABEAUTE 35G - KEM GIẢM THÂM, LÀM SÁNG DA VÙNG NÁCH, VÙNG KÍN","Kem giảm thâm Hebe Effective Whitening Cream La Beaute hỗ trợ giảm thâm vùng nách, vùng kín (35g)",duoc-my-pham/neo-hebe-effective-whitening-cream-labeaute-35g-kem-giam-tham-lam-sang-da-vung-nach-vung-kin-35326.html,129000.0,Hộp,đ,https://cdn.nhathuoclongchau.com.vn/unsafe/https://cms-prod.s3-sgn09.fptcloud.com/hebe_tuyp_truoc_908f63e863.jpg,"glycyrrhiza uralensis , Bisabolol , Frangrance , alpha-Arbutin , Allantoin , Sodium benzoate , Folium Terminalia Catappae , Ethylhexyl Glycerin , Phenoxyethanol , triethanolamine , Salicylic acid , Cetostearyl alcohol , Niacinamide , Polyacrylate Crosspolymer-11 , Glycerin , Steareth-20 , Glyceryl stearate , Cetyl alcohol , Ceteth-20 , Oryza Sativa Bran , Propylene glycol , Isopropyl myristate , Aqua/ Water ",Dạng kem,La Beauty,Hộp x 35g,"Dược mỹ phẩm | Giải pháp làn da | Da sạm, xỉn màu",duoc-my-pham | duoc-my-pham/giai-phap-lan-da | duoc-my-pham/da-sam-xin-mau,True,True,60,0,https://nhathuoclongchau.com.vn/duoc-my-pham/neo-hebe-effective-whitening-cream-labeaute-35g-kem-giam-tham-lam-sang-da-vung-nach-vung-kin-35326.html,duoc-my-pham,200
250,00501175,FIXDERMA PREGGERS ELASTICITY LOTION 100ML - SỮA DƯỠNG THỂ GIẢM RẠN DA CHO PHỤ NỮ MANG THAI VÀ SAU SINH,"Lotion Fixderma Preggers Elasticity dưỡng ẩm, giảm vết rạn cho phụ nữ mang thai và sau khi sinh (100ml)",duoc-my-pham/fixderma-preggers-elasticity-lotion-100ml-sua-duong-the-giam-ran-da-cho-phu-nu-mang-thai-va-sau-si-35327.html,220000.0,Hộp,đ,https://cdn.nhathuoclongchau.com.vn/unsafe/https://cms-prod.s3-sgn09.fptcloud.com/DSC_00035_fa079550d8.jpg,"Helianthus Annuus Seed Oil , Caprylic/capric triglycerides , Isopropyl myristate , Purified water , Alcohol , PEG , Polysorbate 20 , Aesculus Hippocastanum (Horse Chestnut) Nut Extract , Retinyl Palmitate , Tocopheryl acetate , Inositol , Calcium Pantothenate , Linoleic acid , Biotin , Prunus Amygdalus Dulcis Oil , Triticum Vulgare (Wheat) Germ Oil , Dimethicone , Hydrolyzed Collagen , Parfum (Fragrance) , Tocopherols ",Dạng kem,Fixderma,Hộp x 100ml,"Dược mỹ phẩm | Chăm sóc cơ thể | Sữa dưỡng thể, kem dưỡng thể",duoc-my-pham | duoc-my-pham/cham-soc-co-the | duoc-my-pham/duong-the,True,True,60,0,https://nhathuoclongchau.com.vn/duoc-my-pham/fixderma-preggers-elasticity-lotion-100ml-sua-duong-the-giam-ran-da-cho-phu-nu-mang-thai-va-sau-si-35327.html,duoc-my-pham,200
251,00500439,"GEL TẮM GỘI LATOPIC PROBIOTIC EMOLLIENT ACTIVE DÀNH CHO DA DỊ ỨNG, KÍCH ỨNG 400ML","Gel tắm gội Latopic Probiotic Emollient Active dành cho da dị ứng, kích ứng (400ml)",duoc-my-pham/latopic-body-and-hair-wash-gel-gel-tam-goi-cho-da-di-ung-kich-ung-400-ml.html,545000.0,Chai,đ,https://cdn.nhathuoclongchau.com.vn/unsafe/https://cms-prod.s3-sgn09.fptcloud.com/DSC_00543_9ccbd9f83a.jpg,"Aqua/ Water , Cocamidopropyl betaine , Sodium Lauroyl Sarcosinate , Sodium cocoamphoacetate , Glycerin , Laureth-9 , Gluconolactone , Lactobacillus Ferment , Betaine , Panthenol , Coco-Glucoside , Glyceryl oleate , Sodium benzoate , Olive Oil PEG-7 Esters , PEG-150 Pentaerythrityl Tetrastearate , Ppg-2 Hydroxyethyl Cocamide , Xylitylglucoside , Anhydroxylitol , Aminomethyl Propanol , Disodium EDTA , Tetrasodium EDTA , Allantoin , Glucose , Xylitol , Citric Acid , Sodium Citrate , Phragmites Karka Extract , Poria Cocos Extract , Tocopherol , Hydrogenated Palm Glycerides Citrate ",Nhũ tương (Gel),LATOPIC,Chai x 400ml,"Dược mỹ phẩm | Chăm sóc cơ thể | Sữa tắm, xà bông",duoc-my-pham | duoc-my-pham/cham-soc-co-the | duoc-my-pham/sua-tam-xa-bong,True,True,60,0,https://nhathuoclongchau.com.vn/duoc-my-pham/latopic-body-and-hair-wash-gel-gel-tam-goi-cho-da-di-ung-kich-ung-400-ml.html,duoc-my-pham,200
252,00345834,SỮA CHỐNG NẮNG ANESSA PERFECT UV SUNSCREEN MILD MILK SPF 50+ PA++++ DỊU NHẸ CHO DA NHẠY CẢM VÀ TRẺ EM 60ML,Sữa chống nắng Anessa Perfect UV Sunscreen Mild Milk SPF 50+ PA++++ dịu nhẹ cho da nhạy cảm và trẻ em (60ml),duoc-my-pham/sua-chong-nang-diu-nhe-cho-da-nhay-cam-va-tre-em-anessa-perfect-uv-sunscreen-mild-milk-spf-pa-60-ml-1.html,715000.0,Tuýp,đ,https://cdn.nhathuoclongchau.com.vn/unsafe/https://cms-prod.s3-sgn09.fptcloud.com/Long_Chau_Mild_Milk_60ml_8ea444c119.jpg,"Methyl Methacrylate Crosspolymer , Diisopropyl Sebacate , Dimethicone , Aqua/ Water , Caprylyl Methicone , Zinc oxide , Cetyl ethylhexanoate , Titanium dioxide , Pentaerythrityl Tetraethylhexanoate , Triethylhexanoin , Butylene glycol , Diethylhexyl Butamido Triazone , Glycerin , Silica , Polyglyceryl-3 distearate , Diethylamino hydroxybenzoyl hexyl benzoate , PEG-9 POLYDIMETHYLSILOXYETHYL DIMETHICONE , Peg-10 dimethicone , Aluminum hydroxide , Stearic acid , Dextrin Palmitate , Trimethylsiloxysilicate , Bis-ethylhexyloxyphenol Methoxyphenyl Triazine , Ethylhexyl Triazone , Disteardimonium Hectorite , Hydrogen Dimethicone , PEG/PPG-14/7 Dimethyl Ether , Citric Acid , Sodium Chloride , Sodium Citrate , Talc , Sodium Metabisulfite , Paeonia lactiflora root , Dipotassium Glycyrrhizate , Tocopherol , SODIUM ACETYLATED HYALURONATE , Benzoic Acid ",,ANESSA,Tuýp x 60ml,Dược mỹ phẩm | Chăm sóc cơ thể | Chống nắng toàn thân,duoc-my-pham | duoc-my-pham/cham-soc-co-the | duoc-my-pham/chong-nang-toan-than,True,True,60,0,https://nhathuoclongchau.com.vn/duoc-my-pham/sua-chong-nang-diu-nhe-cho-da-nhay-cam-va-tre-em-anessa-perfect-uv-sunscreen-mild-milk-spf-pa-60-ml-1.html,duoc-my-pham,200
253,00033831,SỮA TẮM GỘI EM BÉ CETAPHIL BABY GENTLE WASH AND SHAMPOO DỊU NHẸ 400ML,Sữa tắm gội em bé Cetaphil Baby Gentle Wash and Shampoo dịu nhẹ (400ml),duoc-my-pham/cetaphil-sua-tam-goi-em-be-baby-gental-wash-and-shampoo-400ml-33919.html,244000.0,Chai,đ,https://cdn.nhathuoclongchau.com.vn/unsafe/https://cms-prod.s3-sgn09.fptcloud.com/00033831_cetaphil_sua_tam_goi_em_be_baby_gental_wash_and_shampoo_400ml_9071_63db_large_61b4c08cae.jpg,"Aqua , Cocamidopropyl betaine , Disodium Cocoamphodiacetate , Glycerin , Coco-Glucoside , Sodium Cocoamphoagetate , Panthenol , Heliotropine , Propylene glycol , Polyquaternium-10 , Sodium Chloride , Sodium Citrate , Citric Acid , Sodium benzoate , Phenoxyethanol , Acrylates , Sodium hydroxide , Parfum ",,Cetaphil,Chai,"Dược mỹ phẩm | Chăm sóc cơ thể | Sữa tắm, xà bông",duoc-my-pham | duoc-my-pham/cham-soc-co-the | duoc-my-pham/sua-tam-xa-bong,True,True,60,0,https://nhathuoclongchau.com.vn/duoc-my-pham/cetaphil-sua-tam-goi-em-be-baby-gental-wash-and-shampoo-400ml-33919.html,duoc-my-pham,200
254,00033698,"NƯỚC TẨY TRANG LA BEAUTY 150ML - LÀM SẠCH DA, GIÚP SÁNG DA","Nước tẩy trang Micellar Cleansing Water La Beauty làm sạch sâu, loại bỏ bụi bẩn (150ml)",duoc-my-pham/nuoc-tay-trang-la-beauty-150ml-lam-sach-da-giup-sang-da-33789.html,89000.0,Hộp,đ,https://cdn.nhathuoclongchau.com.vn/unsafe/https://cms-prod.s3-sgn09.fptcloud.com/00033698_nuoc_tay_trang_la_beauty_150ml_lam_sach_da_giup_sang_da_6412_623d_large_6f413978af.jpg,"Water , Propylene glycol , Cocamidopropyl betaine , Decyl glucoside , Glycerin , Phenoxythanol 0.9%, Ethylhexyglycerin 0.1%, Olive Oil PEG-7 Esters , Fragrance ",,La Beauty,Hộp,"Dược mỹ phẩm | Chăm sóc da mặt | Nước tẩy trang, dầu tẩy trang",duoc-my-pham | duoc-my-pham/cham-soc-da-mat | duoc-my-pham/nuoc-tay-trang,True,True,60,0,https://nhathuoclongchau.com.vn/duoc-my-pham/nuoc-tay-trang-la-beauty-150ml-lam-sach-da-giup-sang-da-33789.html,duoc-my-pham,200
255,00000659,KEM BÔI ALVEXTRA SKIN HYDRATING CREAM TANIDA DƯỠNG ẨM DÀNH CHO DA KHÔ 50G,Kem bôi Alvextra Skin Hydrating Cream Tanida dưỡng ẩm dành cho da khô (50g),duoc-my-pham/alvextra-skin-hydrating-cream-tanida-50-g-kem-duong-am.html,68000.0,Hộp,đ,https://cdn.nhathuoclongchau.com.vn/unsafe/https://cms-prod.s3-sgn09.fptcloud.com/DSC_08337_b07e006ba5.jpg,"Aloe 10%, Urea 10%, Cetearyl Alcohol , Water , Ceteareth 20 , Cetyl alcohol , propylen glycol , Polysorbate , Mineral oil , Methylparaben , Sodium Acrylate/ Sodium Acryloyldimethyl Taurate Copolymer ",Dạng kem,Tanida,Hộp,"Dược mỹ phẩm | Giải pháp làn da | Dưỡng da bị khô, thiếu ẩm",duoc-my-pham | duoc-my-pham/giai-phap-lan-da | duoc-my-pham/da-bi-kho-thieu-am,True,True,60,0,https://nhathuoclongchau.com.vn/duoc-my-pham/alvextra-skin-hydrating-cream-tanida-50-g-kem-duong-am.html,duoc-my-pham,200
256,00000761,"GEL BÔI DA AN BẢO NAM DƯỢC GIẢM NGỨA, DỊU NHẸ CHO BÉ 12ML","Gel bôi da An Bảo Nam Dược giảm ngứa, dịu nhẹ cho bé (12ml)",duoc-my-pham/thao-duoc-tri-muoi-dot-tre-em-an-bao-697.html,35000.0,Chai,đ,https://cdn.nhathuoclongchau.com.vn/unsafe/https://cms-prod.s3-sgn09.fptcloud.com/00000761_thao_duoc_tri_muoi_dot_tre_em_an_bao_2616_62af_large_b855901705.jpg,"Bạch hoa xà thiệt thảo 1 , Hoàng bá 1 , Khổ diệp 1 , Nghệ vàng 1 ",,Nam Dược,Chai,Dược mỹ phẩm | Chăm sóc cơ thể,duoc-my-pham | duoc-my-pham/cham-soc-co-the,True,True,60,0,https://nhathuoclongchau.com.vn/duoc-my-pham/thao-duoc-tri-muoi-dot-tre-em-an-bao-697.html,duoc-my-pham,200
257,00013470,KEM DƯỠNG ẨM CERADAN CERAMIDE HYDRA MOISTURISER LÀM DỊU DA VÀ PHỤC HỒI DA BỊ KÍCH ỨNG 30G,Kem dưỡng ẩm Ceradan Ceramide Hydra Moisturiser làm dịu da và phục hồi da bị kích ứng (30g),duoc-my-pham/ceradan-ceramide-hydra-moisturiser-30g---kem-duong-am-va-phuc-hoi-da-bi-kich-ung-1082.html,180000.0,Tuýp,đ,https://cdn.nhathuoclongchau.com.vn/unsafe/https://cms-prod.s3-sgn09.fptcloud.com/00013470_8652_62b0_large_66f10b57c7.jpg,"Water  , Hydrogenated Polydencene  , Simmondsia Chinensis Seed Oil  , Butylene glycol  , Glyceryl stearate  , Cyclopentasiloxane  , Glycerin  , Behenyl alcohol  , Cetyl alcohol  , Pentylene Glycol  , Trideceth-12  , Sodium lauroyl glycinate  , Sorbitan Stearate  , Beeswax  , Dimethicone  , PEG-32  , PEG-6  , Phenoxyethanol  , Carbomer  , Cholesterol  , Linoleic acid  , Tocopherol  , Xanthan gum  , Sodium hyaluronate  , Sodium hydroxide  , Hydroxypropyl Bispalmitamide MEA  , PEG-60 Glyceryl Isostearate  , Ethylhexyglycerin  ",Dạng kem,Hyphens,Tuýp,"Dược mỹ phẩm | Giải pháp làn da | Dưỡng da bị khô, thiếu ẩm",duoc-my-pham | duoc-my-pham/giai-phap-lan-da | duoc-my-pham/da-bi-kho-thieu-am,True,True,60,0,https://nhathuoclongchau.com.vn/duoc-my-pham/ceradan-ceramide-hydra-moisturiser-30g---kem-duong-am-va-phuc-hoi-da-bi-kich-ung-1082.html,duoc-my-pham,200
258,00015040,"DẦU DƯỠNG DA BIO OIL SKINCARE OIL MEGA GIÚP TRỊ RẠN DA, MỜ SẸO 60ML","Dầu dưỡng da Bio-Oil Specialist Skincare Oil chăm sóc da bị sẹo, vết rạn, da không đều màu (60ml)",duoc-my-pham/tinh-dau-tri-ran-da-bio-oil-60ml-15150.html,189000.0,Hộp,đ,https://cdn.nhathuoclongchau.com.vn/unsafe/https://cms-prod.s3-sgn09.fptcloud.com/DSC_08859_a322396383.png,"Vitamin E , Cúc la mã , Tinh dầu Oải Hương , Tinh dầu cúc xuxi ",Dạng dầu,Bio-Oil,Hộp,Dược mỹ phẩm | Chăm sóc cơ thể | Chăm sóc da nứt nẻ,duoc-my-pham | duoc-my-pham/cham-soc-co-the | duoc-my-pham/tri-nut-da,True,True,60,0,https://nhathuoclongchau.com.vn/duoc-my-pham/tinh-dau-tri-ran-da-bio-oil-60ml-15150.html,duoc-my-pham,200
259,00013789,KEM BÔI TICARLOX LÀM MỜ VÀ LÀM PHẲNG SẸO LỒI 10G,Kem bôi Ticarlox làm mờ và làm phẳng sẹo lồi (10g),duoc-my-pham/ticarlox-10g-kem-tri-va-lam-mo-seo-loi-15858.html,50000.0,Tuýp,đ,https://cdn.nhathuoclongchau.com.vn/unsafe/https://cms-prod.s3-sgn09.fptcloud.com/00013789_ticarlox_10g_1496_62ae_large_b6dcd2bc6d.JPG,"Water  , Centella asiatica  , Vitamin E  , Dimethicone  , Cetyl alcohol  , Steareth-21  , Isopropyl myristate  , Collagen  , Fragrance  , Retinyl Acetate  , Sorbitan Oleate  ",,Thiên Khánh,Tuýp,"Dược mỹ phẩm | Giải pháp làn da | Hỗ trợ mờ sẹo, mờ vết thâm",duoc-my-pham | duoc-my-pham/giai-phap-lan-da | duoc-my-pham/tri-seo-mo-tham,True,True,60,0,https://nhathuoclongchau.com.vn/duoc-my-pham/ticarlox-10g-kem-tri-va-lam-mo-seo-loi-15858.html,duoc-my-pham,200
260,00008506,"SỮA CHỐNG NẮNG SUNPLAY SKIN AQUA SPF50+ CLEAR WHITE DƯỠNG TRẮNG DA, MỊN MÀNG 25G","Sữa chống nắng Sunplay Skin Aqua SPF50+ Clear White dưỡng trắng da, mịn màng (25g)",duoc-my-pham/sunplay-skin-aqua-50clear-white-25g-16669.html,130000.0,Tuýp,đ,https://cdn.nhathuoclongchau.com.vn/unsafe/https://cms-prod.s3-sgn09.fptcloud.com/00008506_sunplay_skin_aqua_50clear_white_25g_7254_641b_large_472c1e0346.jpg,"Water , ethylhexyl methoxycinnamate , Glycerin , Dipropylene glycol , Isononyl Isononanoate , Cetyl alcohol , Polymethylsilsesquioxane , Diethylamino hydroxybenzoyl hexyl benzoate , Glycol Dimethacrylate Crosspolymer , Camellia Sinensis Leaf Extract , Ceramide NP , SODIUM ACETYLATED HYALURONATE , Ascorbyl Tetraisopalmitate , Arginine , Sodium hyaluronate , Propylene glycol , Butylene glycol , Bis-ethylhexyloxyphenol Methoxyphenyl Triazine , Ethylhexyl Triazone , POLYGLYCERYL-10 EICOSANEDIOATE/TETRADECANEDIOATE , acrylates/C10-30 alkyl acrylate crosspolymer , Polystyrene , Xanthan gum , Polyvinyl alcohol , triethanolamine , Disodium EDTA , Phenoxyethanol , Fragrance ",,Sunplay,Tuýp,Dược mỹ phẩm | Chăm sóc da mặt | Kem chống nắng da mặt,duoc-my-pham | duoc-my-pham/cham-soc-da-mat | duoc-my-pham/chong-nang-da-mat,True,True,60,0,https://nhathuoclongchau.com.vn/duoc-my-pham/sunplay-skin-aqua-50clear-white-25g-16669.html,duoc-my-pham,200
261,00006763,"KEM BÔI DA TRẺ EM SKIN BIBI NAM HÀ DƯỠNG ẨM, CHỐNG KẺ NỨT 10G","Kem bôi da trẻ em Skin Bibi Nam Hà dưỡng ẩm, chống kẽ nứt (10g)",duoc-my-pham/skin-bibi-nam-ha-10g-kem-boi-da-tre-em-16868.html,28000.0,Tuýp,đ,https://cdn.nhathuoclongchau.com.vn/unsafe/https://cms-prod.s3-sgn09.fptcloud.com/00006763_skin_bibi_10g_3288_5f23_large_4ad007a29d.JPG,"Kẽm oxyd , Vitamin E , Dexpanthenol , Sodium edetate , propylen glycol , Hương liệu , Nước tinh khiết , Cetostearyl alcohol , Chamomile recutita , Macrogol Ethers , Almond oil ",,Nam Hà,Tuýp,Dược mỹ phẩm | Chăm sóc cơ thể,duoc-my-pham | duoc-my-pham/cham-soc-co-the,True,True,60,0,https://nhathuoclongchau.com.vn/duoc-my-pham/skin-bibi-nam-ha-10g-kem-boi-da-tre-em-16868.html,duoc-my-pham,200
262,00000488,"GEL BÔI ACNES SEALING JELL ROHTO SẠCH MỤN, KHÁNG KHUẨN 18G",Gel giảm mụn đầu trắng và mụn đầu đen Acnes Sealing Jell Rohto (18g),duoc-my-pham/acnes-sealing-jell-18g-sach-mun-khang-khuan-17564.html,72000.0,Tuýp,đ,https://cdn.nhathuoclongchau.com.vn/unsafe/https://cms-prod.s3-sgn09.fptcloud.com/acnes_1_908d74277e.jpg,"Sulfur 3%, Salicylic acid 2%, Niacinamide , Water , Ethanol , Butylene glycol , triethanolamine , Isopropyl Methylphenol , Pyridoxine hydrochloride , Methylparaben , Tocopheryl acetate , Propylparaben , Fragrance , Glycerin , Ammonium , Acryloyldimethyltaurate/Beheneth-25 Methacrylate Crosspolymer , Xanthan gum , Cinchona Succirubra Bark Extract , BHT , Glycenn , Tethanolamine , Nacinamide , Stearyl Glycymhetinate , Disodium EDTA ",,Acnes,Tuýp x 18g,"Dược mỹ phẩm | Giải pháp làn da | Kem hỗ trợ giảm mụn, gel hỗ trợ giảm mụn",duoc-my-pham | duoc-my-pham/giai-phap-lan-da | duoc-my-pham/da-mun,True,True,60,0,https://nhathuoclongchau.com.vn/duoc-my-pham/acnes-sealing-jell-18g-sach-mun-khang-khuan-17564.html,duoc-my-pham,200
263,00016773,SỮA TẮM EUCERIN PH5 WASHLOTION 63073 CHO DA NHẠY CẢM 400ML,Sữa tắm Eucerin pH5 Washlotion 63073 cho da nhạy cảm (400ml),duoc-my-pham/eucerin-sua-tam-ph5-skin-protection-cho-da-nhay-cam-co-mui-400ml-63073-18104.html,265000.0,Chai,đ,https://cdn.nhathuoclongchau.com.vn/unsafe/https://cms-prod.s3-sgn09.fptcloud.com/DESIGN_ESHOP_63073_PH_5_Wash_lotion_400_ml_13_9256c9d1a6.jpg,"Aqua , Sodium cocoamphoacetate , Sodium myreth sulfate , Lauryl glucoside , Sodium Chloride , Citric Acid , Peg-40 Hydrogenated Castor Oil , Peg-200 Hydrogenated Glyceryl Palmate , Coco-Glucoside , Glycol Distearate , glycerine , Polyquaternium-10 , Diammonium citrate , Sodium benzoate , Sodium salicylate , Sodium acetate,anhydrous , Benzyl alcohol , Linalool , Butylphenyl Methylpropional , Alpha Isomethyl Ionone , Hexyl cinnamal ",,Eucerin,Chai,Dược mỹ phẩm | Chăm sóc cơ thể,duoc-my-pham | duoc-my-pham/cham-soc-co-the,True,True,60,0,https://nhathuoclongchau.com.vn/duoc-my-pham/eucerin-sua-tam-ph5-skin-protection-cho-da-nhay-cam-co-mui-400ml-63073-18104.html,duoc-my-pham,200
264,00020203,DẦU GỘI DƯỢC LIỆU NGUYÊN XUÂN NÂU GIẢM GÃY RỤNG DÀNH CHO TÓC THƯỜNG 200ML,Dầu gội dược liệu Nguyên Xuân nâu giảm gãy rụng dành cho tóc thường (200ml),duoc-my-pham/dau-goi-duoc-lieu-nguyen-xuan-200ml-hang-tang-20492.html,68000.0,Chai,đ,https://cdn.nhathuoclongchau.com.vn/unsafe/https://cms-prod.s3-sgn09.fptcloud.com/00020203_dau_goi_duoc_lieu_nguyen_xuan_200ml_hang_tang_4175_6017_large_a8774a4297.JPG,"Bồ kết (Gai) , Cỏ mần trầu , Dâu tằm , Hà thủ ô , Bạch quả , Tinh dầu hương nhu , Dầu Olive , Vitamin E , Cỏ ngũ sắc , Tinh dầu Hoắc Hương , Tinh dầu Sả chanh , Tinh dầu bưởi ",,Nguyên Xuân,Chai,Dược mỹ phẩm | Chăm sóc tóc - da đầu | Dầu gội dầu xả,duoc-my-pham | duoc-my-pham/cham-soc-toc-da-dau | duoc-my-pham/dau-goi-dau-xa,True,True,60,0,https://nhathuoclongchau.com.vn/duoc-my-pham/dau-goi-duoc-lieu-nguyen-xuan-200ml-hang-tang-20492.html,duoc-my-pham,200
265,00027751,GEL TRỊ SẸO CHO BÉ HIRUSCAR KIDS MEDINOVA 10G,Gel bôi sẹo cho bé Hiruscar Kids Medinova (10g),duoc-my-pham/hiruscar-kids-medinova-10g-27895.html,209000.0,Tuýp,đ,https://cdn.nhathuoclongchau.com.vn/unsafe/https://cms-prod.s3-sgn09.fptcloud.com/00027751_hiruscar_kids_medinova_10g_6969_62b3_large_24b812943d.jpg,Aqua  ,,HIRUSCAR,Tuýp,"Dược mỹ phẩm | Giải pháp làn da | Hỗ trợ mờ sẹo, mờ vết thâm",duoc-my-pham | duoc-my-pham/giai-phap-lan-da | duoc-my-pham/tri-seo-mo-tham,True,True,60,0,https://nhathuoclongchau.com.vn/duoc-my-pham/hiruscar-kids-medinova-10g-27895.html,duoc-my-pham,200
266,00029256,"TINH CHẤT DƯỠNG DA NNO VITE APLICAPZ WHITENING SERUM MEGA TRẮNG SÁNG, NGĂN NGỪA LÃO HÓA ","Tinh chất dưỡng da NNO Vite Aplicapz Whitening Serum Mega trắng sáng, ngăn ngừa lão hóa",duoc-my-pham/nno-vite-aplicapz-3x10-serum-duong-da-trang-sang-29522.html,360000.0,Hộp,đ,https://cdn.nhathuoclongchau.com.vn/unsafe/https://cms-prod.s3-sgn09.fptcloud.com/00029256_nno_vite_aplicapz_3x10_serum_duong_da_trang_sang_7877_6327_large_576cd271f9.jpg,"Purified water , Propylparaben , Methylparaben , Titanium dioxide , CI 77492 , CI 15985 , glycerine , Gelatine , Fragrance , Tocopheryl acetate , Bisabolol , Ascorbyl Tetraisopalmitate , Dimethicone , Dimethicone Crosspolymer , Cyclopentasiloxane ",Dạng kem,MEGA We care,Hộp 3 vỉ x 10 viên,"Dược mỹ phẩm | Chăm sóc da mặt | Serum, Essence hoặc Ampoule",duoc-my-pham | duoc-my-pham/cham-soc-da-mat | duoc-my-pham/serum-essence-hoac-ampoule,True,True,60,0,https://nhathuoclongchau.com.vn/duoc-my-pham/nno-vite-aplicapz-3x10-serum-duong-da-trang-sang-29522.html,duoc-my-pham,200
267,00029864,"ACNES BODY BAR LA BEAUTY 75G - XÀ PHÒNG TẮM HỖ TRỢ TRỊ MỤN, SÁNG DA - SAFFRON VÀ CAO TRẦU KHÔNG","Xà phòng Acnes Body Bar Saffron And Betel Leaf làm sạch da, ngừa mụn, mờ thâm (75g)",duoc-my-pham/acnes-body-bar-la-beauty-75g-xa-phong-tam-tri-mun-sang-da-saffron-va-cao-trau-khong-30131.html,69000.0,Hộp,đ,https://cdn.nhathuoclongchau.com.vn/unsafe/https://cms-prod.s3-sgn09.fptcloud.com/neoacne_saffron_5ed596ca84.jpg,"Lá trầu không , Crocus Sativus Flower Extract , Betel Peper Extract , Sodium Cocoate , Alkyl Carboxylic Acid Sodium Salt , propylen glycol , Sucrose , Sorbitol , Glycerin , Sodium Chloride , Water , Cocamidopropyl betaine , Sodium Laureth Sulfate , o-Cymen-5-ol , BHT , Hương safron ",,Neo Acnes,Hộp,"Dược mỹ phẩm | Chăm sóc cơ thể | Sữa tắm, xà bông",duoc-my-pham | duoc-my-pham/cham-soc-co-the | duoc-my-pham/sua-tam-xa-bong,True,True,60,0,https://nhathuoclongchau.com.vn/duoc-my-pham/acnes-body-bar-la-beauty-75g-xa-phong-tam-tri-mun-sang-da-saffron-va-cao-trau-khong-30131.html,duoc-my-pham,200
268,00032012,NƯỚC TẨY TRANG BIODERMA SENSIBIO H2O DÀNH CHO DA NHẠY CẢM 500ML,Nước tẩy trang Bioderma Sensibio H2O dành cho da nhạy cảm (500ml),duoc-my-pham/bioderma-tay-trang-500ml-32138.html,545000.0,Chai,đ,https://cdn.nhathuoclongchau.com.vn/unsafe/https://cms-prod.s3-sgn09.fptcloud.com/1_f6ec63aa2a.jpg,"Water , Peg-6 Caprylic , Fructooligosaccharides , Mannitol , Xylitol , Rhamnose , Cucumis Sativus Fruit Extract , Propylene glycol , Cetrimonium Bromide , Disodium EDTA ",,Bioderma,Chai x 500ml,"Dược mỹ phẩm | Chăm sóc da mặt | Nước tẩy trang, dầu tẩy trang",duoc-my-pham | duoc-my-pham/cham-soc-da-mat | duoc-my-pham/nuoc-tay-trang,True,True,60,0,https://nhathuoclongchau.com.vn/duoc-my-pham/bioderma-tay-trang-500ml-32138.html,duoc-my-pham,200
269,00032317,"SON DƯỠNG MÔI VASELINE LIP DƯỠNG ẨM, LÀM MỀM MÔI 7G","Son dưỡng môi Vaseline Lip dưỡng ẩm, làm mềm môi (7g)",duoc-my-pham/vaseline-lip-duong-moi-ngot-ngao-7g-32440.html,89000.0,Hộp,đ,https://cdn.nhathuoclongchau.com.vn/unsafe/https://cms-prod.s3-sgn09.fptcloud.com/00032317_vaseline_lip_duong_moi_ngot_ngao_7g_4148_614a_large_48e199fb1e.jpg,Vaselin ,Dạng sáp,Vaseline,Hộp,Dược mỹ phẩm | Mỹ phẩm trang điểm | Son môi,duoc-my-pham | duoc-my-pham/my-pham-trang-diem | duoc-my-pham/son-moi,True,True,60,0,https://nhathuoclongchau.com.vn/duoc-my-pham/vaseline-lip-duong-moi-ngot-ngao-7g-32440.html,duoc-my-pham,200
270,00049412,"DUNG DỊCH VỆ SINH PHỤ NỮ SAFORELLE GENTLE SOOTHING CLEANSING CARE LÀM SẠCH DỊU NHẸ, BẢO VỆ VÙNG KÍN HỘP 250ML","Dung dịch vệ sinh phụ nữ Saforelle Gentle Soothing Cleansing Care làm sạch dịu nhẹ, bảo vệ vùng kín (250ml)",duoc-my-pham/dung-dich-ve-sinh-phu-nu-saforelle-gentle-soothing-cleansing-care-lam-sach-diu-nhe-bao-ve-vung-kin-hop-250-ml.html,235000.0,Hộp,đ,https://cdn.nhathuoclongchau.com.vn/unsafe/https://cms-prod.s3-sgn09.fptcloud.com/DSC_09748_9b449543e7.png,"Aqua , Cocamidopropyl betaine , Sodium Chloride , Perfume , Coumarin , Geraniol , Propylene glycol , Sodium hydroxide , Lavandula angustifolia oil , Cocamide Dea , Peg-6 Caprylic , Citronellol , Capric Glycerides , Limonene , Tetrasodium Edta Polysorbate 20 ",Dung dịch,Saforelle,Hộp x 250ml,Dược mỹ phẩm | Chăm sóc cơ thể,duoc-my-pham | duoc-my-pham/cham-soc-co-the,True,True,50,0,https://nhathuoclongchau.com.vn/duoc-my-pham/dung-dich-ve-sinh-phu-nu-saforelle-gentle-soothing-cleansing-care-lam-sach-diu-nhe-bao-ve-vung-kin-hop-250-ml.html,duoc-my-pham,200
271,00049344,"SỮA RỬA MẶT CERAVE BLEMISH CONTROL CLEANSER NGỪA MỤN DÀNH CHO DA DẦU, DA MỤN 236ML","Sữa rửa mặt Cerave Blemish Control Cleanser ngừa mụn dành cho da dầu, da mụn (236ml)",duoc-my-pham/sua-rua-mat-cerave-blemish-control-cleanser-ngua-mun-danh-cho-da-dau-da-mun-236-ml.html,370000.0,Chai,đ,https://cdn.nhathuoclongchau.com.vn/unsafe/https://cms-prod.s3-sgn09.fptcloud.com/DSC_09496_6faed3c188.png,"Aqua/Water/EAU , Glycerin , Sodium Lauroyl Sarcosinate , Cocamidopropyl hydroxysultaine , Niacinamide , Salicylic acid , Sodium methyl cocoyl taurate , PEG-150 Pentaerythrityl Tetrastearate , Gluconolactone , Sodium Cocoyl Isethionate , Ceramide NP , Ceramide AP , CERAMIDE EOP , Carbomer , Calcium gluconate , Triethyl citrate ",Gel,Cerave,Chai x 236ml,"Dược mỹ phẩm | Chăm sóc da mặt | Sữa rửa mặt (Kem, gel, sữa)",duoc-my-pham | duoc-my-pham/cham-soc-da-mat | duoc-my-pham/sua-rua-mat-kem-gel-sua,True,True,50,0,https://nhathuoclongchau.com.vn/duoc-my-pham/sua-rua-mat-cerave-blemish-control-cleanser-ngua-mun-danh-cho-da-dau-da-mun-236-ml.html,duoc-my-pham,200
272,00049158,XỊT GIẢM MỤN LƯNG NEOACNES 100ML,"Xịt giảm mụn lưng Neo Acnes làm dịu nốt mụn, giảm tình trạng mụn trên da cơ thể (100ml)",duoc-my-pham/xit-giam-mun-lung-neoacnes-100-ml.html,189000.0,Hộp,đ,https://cdn.nhathuoclongchau.com.vn/unsafe/https://cms-prod.s3-sgn09.fptcloud.com/DSC_09652_261ca4393d.jpg,"Aqua , Niacinamide , Potassium azeloyal diglycinate , Citron Fruit (Citrus Junos) , Lactobacillus Ferment , Betaine , Glycerin , Backhousia Citriodora Leaf Extract , propylen glycol , Disodium EDTA ",Dung dịch,Neo Acnes,Hộp,Dược mỹ phẩm | Chăm sóc cơ thể,duoc-my-pham | duoc-my-pham/cham-soc-co-the,True,True,50,0,https://nhathuoclongchau.com.vn/duoc-my-pham/xit-giam-mun-lung-neoacnes-100-ml.html,duoc-my-pham,200
273,00048630,LA ROCHE-POSAY LABORATOIRE DERMATOLOGIQUE ANTHELIOS XL ANTI-SHINE NON-PERFUMED DRY TOUCH GEL-CREAM - KEM CHỐNG NẮNG GIÚP GIẢM BÓNG NHỜN SPF50+ 50ML,"Kem chống nắng La Roche-Posay Anthelios XL SPF50+ bảo vệ da trước tác hại UVB, UVA, giảm bóng nhờn (50ml)",duoc-my-pham/la-roche-posay-laboratoire-dermatologique-anthelios-xl-anti-shine-non-perfumed-dry-touch-gel-cream-kem-chong-nang-giup-giam-bong-nhon-spf-50-50-ml.html,590000.0,Hộp,đ,https://cdn.nhathuoclongchau.com.vn/unsafe/https://cms-prod.s3-sgn09.fptcloud.com/DSC_04152_d8ab39f165.png,"Aqua , Homosalate , Silica , Octocrylene , Ethylhexyl Salicylate , Butyl Methoxydibenzoylmethane , Propylene glycol , Caprylyl glycol , P-Anisic Acid , Stearic acid , Glycerin , Drometrizole trisiloxane , Dimethicone , Acrylates , Perlite , Aluminum Starch Octenylsuccinate , Potassium Cetyl Phosphate , Pentylene Glycol , Bis-ethylhexyloxyphenol Methoxyphenyl Triazine , Ethylhexyl Triazone , Acrylates Copolymer , Titanium dioxide , Xanthan gum , Tocopherol , Zinc gluconate , Phenoxyethanol , Aluminum hydroxide , Stearyl alcohol , Scutellaria Baicalensis , Inulin Lauryl Carbamate , Peg-8 Laurate , Silica Silylate , Disodium EDTA , triethanolamine , Terephthalylidene dicamphor sulfonic acid ",,Laroche posay,Hộp,Dược mỹ phẩm | Chăm sóc da mặt | Kem chống nắng da mặt,duoc-my-pham | duoc-my-pham/cham-soc-da-mat | duoc-my-pham/chong-nang-da-mat,True,True,50,0,https://nhathuoclongchau.com.vn/duoc-my-pham/la-roche-posay-laboratoire-dermatologique-anthelios-xl-anti-shine-non-perfumed-dry-touch-gel-cream-kem-chong-nang-giup-giam-bong-nhon-spf-50-50-ml.html,duoc-my-pham,200
274,00046964,KEM DƯỠNG DA TOÀN THÂN DR.EA CERATOP BODY CARE CREAM GIÚP DƯỠNG ẨM VÀ PHỤC HỒI DA NHẠY CẢM 125ML,Kem dưỡng da toàn thân Dr.EA Ceratop Body Care Cream giúp dưỡng ẩm và phục hồi da nhạy cảm (125ml),duoc-my-pham/dr-ea-ceratop-body-care-cream-tim-kozmetik-125-ml.html,459000.0,Hộp,đ,https://cdn.nhathuoclongchau.com.vn/unsafe/https://cms-prod.s3-sgn09.fptcloud.com/TUK_07321_de9f85a956.jpg,"Aqua , Isopropyl myristate , Emulsifying Wax , Ceramide 3 , Butyrospermum Parkii (Shea) Butter , Glycyrrhiza Inflata Root Extract , Niacinamide , Glyceryl stearate , Caprylic/capric triglyceride , Cetearyl alcol , Glycerin , Cholesterol , Omega-6 fatty acids , Vitamin E , Carbomer , Dimethicon ",Kem,Dr.EA,Hộp,"Dược mỹ phẩm | Chăm sóc cơ thể | Sữa dưỡng thể, kem dưỡng thể",duoc-my-pham | duoc-my-pham/cham-soc-co-the | duoc-my-pham/duong-the,True,True,50,0,https://nhathuoclongchau.com.vn/duoc-my-pham/dr-ea-ceratop-body-care-cream-tim-kozmetik-125-ml.html,duoc-my-pham,200
275,00046890,"TINH CHẤT GIẢM THÂM NÁM, LÀM SÁNG VÀ DƯỠNG DA LA ROCHE POSAY MELA B3 SERUM INTENSIVE ANTI DARK SPOTS CONCENTRATE ANTI RECURRENCE 30ML","Tinh chất La Roche-Posay Mela B3 Serum dưỡng da mềm mịn, mờ thâm nám, da sáng và đều màu",duoc-my-pham/tinh-chat-giam-tham-nam-lam-sang-va-duong-da-la-roche-posay-mela-b3-serum-intensive-anti-dark-spots-concentrate-anti-recurrence-30-ml-1.html,1350000.0,Hộp,đ,https://cdn.nhathuoclongchau.com.vn/unsafe/https://cms-prod.s3-sgn09.fptcloud.com/TUK_05822_787241c57d.jpg,"Aqua , Dimethicone , Niacinamide , Glycerin , Propylene glycol , Polysilicone-11 , Silica , BIS-PEG , Cystoseira Tamariscifolia , 2-Mercaptonicotinoyl Glycine ",,Laroche posay,Hộp,Dược mỹ phẩm | Chăm sóc da mặt | Dưỡng da mặt,duoc-my-pham | duoc-my-pham/cham-soc-da-mat | duoc-my-pham/duong-da-mat,True,True,50,0,https://nhathuoclongchau.com.vn/duoc-my-pham/tinh-chat-giam-tham-nam-lam-sang-va-duong-da-la-roche-posay-mela-b3-serum-intensive-anti-dark-spots-concentrate-anti-recurrence-30-ml-1.html,duoc-my-pham,200
276,00045396,"NƯỚC SÚC MIỆNG KHÁNG KHUẨN PHARMEDIC ORAFAR VỆ SINH RĂNG MIỆNG, NGỪA SÂU RĂNG 250ML","Nước súc miệng kháng khuẩn Pharmedic Orafar vệ sinh răng miệng, ngừa sâu răng (250ml)",cham-soc-ca-nhan/nuoc-suc-mieng-khang-khuan-pharmedic-orafar-250-ml.html,20000.0,Chai,đ,https://cdn.nhathuoclongchau.com.vn/unsafe/https://cms-prod.s3-sgn09.fptcloud.com/DSC_05034_eeb7350297.jpg,"Water , Ethanol , Eucalyptol , Thymol , Menthol , Sodium saccharin , Boric acid , Menthyl salicylate , CI 19140 , CI 42051 ",Dung dịch,Pharmedic,Chai,Dược mỹ phẩm | Chăm sóc cơ thể,duoc-my-pham | duoc-my-pham/cham-soc-co-the,True,True,50,0,https://nhathuoclongchau.com.vn/cham-soc-ca-nhan/nuoc-suc-mieng-khang-khuan-pharmedic-orafar-250-ml.html,duoc-my-pham,200
277,00045272,TINH CHẤT CHỐNG NẮNG BIORE UV BODY CARE SERUM INTENSIVE AURA SPF50+ PA+++ DƯỠNG SÁNG DA 150ML,Tinh chất chống nắng Biore UV Body Care Serum Intensive Aura SPF50+ PA+++ dưỡng sáng da (150ml),duoc-my-pham/biore-uv-body-care-serum-intensive-aura-spf-50-pa-150-ml-serum-chong-nang-duong-the-sang-da-min-mang.html,216000.0,Tuýp,đ,https://cdn.nhathuoclongchau.com.vn/unsafe/https://cms-prod.s3-sgn09.fptcloud.com/DSC_02556_06bde00939.jpg,"Cl 77891 , Phenoxyethanol , Agar , Citrus Junos Fruit Extract , Tocopherol , Stearic acid , Arginine , Aluminum hydroxide , BHT , Disodium EDTA , Vinyl Dimethicone/Lauryl Dimethicone Crosspolymer , Dimethicone/Vinyl Dimethicone Crosspolymer , Potassium hydroxide , Glyceryl stearate , Frangrance , Acrylates-C10-30-Alkyl-Acrylate-Crosspolymer , Cetyl alcohol , Triethoxycaprylylsilane , Dextrin , Silica, hydrated , Hydrogenated Polyisobutene , Silica , Niacinamide , Diethylamino hydroxybenzoyl hexyl benzoate , Dimethicone , Ethylhexyl Triazone , Bis-ethylhexyloxyphenol Methoxyphenyl Triazine , Lauryl Methacrylate , Titanium dioxide , Isopropyl Palmitate , Butylene glycol , Alcohol , ethylhexyl methoxycinnamate , Water purified ",,Biore,Tuýp,Dược mỹ phẩm | Chăm sóc cơ thể | Chống nắng toàn thân,duoc-my-pham | duoc-my-pham/cham-soc-co-the | duoc-my-pham/chong-nang-toan-than,True,True,50,0,https://nhathuoclongchau.com.vn/duoc-my-pham/biore-uv-body-care-serum-intensive-aura-spf-50-pa-150-ml-serum-chong-nang-duong-the-sang-da-min-mang.html,duoc-my-pham,200
278,00044762,KEM CHỐNG NẮNG DÀNH CHO DA NHẠY CẢM CETAPHIL SUN SPF 50+ 50ML,Kem chống nắng Cetaphil Sun Spf 50+ bảo vệ da trước tác động của ánh nắng mặt trời (50ml),duoc-my-pham/kem-chong-nang-danh-cho-da-nhay-cam-cetaphil-sun-spf-50-50-ml.html,499000.0,Hộp,đ,https://cdn.nhathuoclongchau.com.vn/unsafe/https://cms-prod.s3-sgn09.fptcloud.com/DSC_00658_6fc2449e1b.jpg,"Aqua , ethylhexyl methoxycinnamate , Alcohol , C12-15 Alkyl Benzoate , Diethylamino hydroxybenzoyl hexyl benzoate , Bis-ethylhexyloxyphenol Methoxyphenyl Triazine , DIBUTYL ADIPATE , Titanium dioxide , Dimethicon , VP/eicosene copolymer , Cyclodextrin , Ethylhexyl Triazone ",,Cetaphil,Hộp,Dược mỹ phẩm | Chăm sóc cơ thể | Chống nắng toàn thân,duoc-my-pham | duoc-my-pham/cham-soc-co-the | duoc-my-pham/chong-nang-toan-than,True,True,50,0,https://nhathuoclongchau.com.vn/duoc-my-pham/kem-chong-nang-danh-cho-da-nhay-cam-cetaphil-sun-spf-50-50-ml.html,duoc-my-pham,200
279,00044761,KEM BÔI HĂM CHO BÉ CETAPHIL DIAPER CREAM CALENDULA DỊU NHẸ VÀ PHỤC HỒI CHO DA 70G,Kem bôi hăm cho bé Cetaphil Diaper Cream Calendula dịu nhẹ và phục hồi cho da (70g),duoc-my-pham/kem-chong-ham-ta-diu-lanh-cetaphil-diaper-cream-calendula-70-g.html,269000.0,Tuýp,đ,https://cdn.nhathuoclongchau.com.vn/unsafe/https://cms-prod.s3-sgn09.fptcloud.com/DSC_00664_41cd5b460f.jpg,"Aqua , Zinc oxide , Isopropyl Palmitate , Helianthus Annuus Seed Oil , Glycerin , Polyglyceryl-3 Polyricinoleate , Butylene glycol , Polyglyceryl-3 Diisostearate , Prunus Amygdalus Dulcis Oil , Hexyldecyl Laurate , Panthenol , Calendula officinalis flower , Cera alba , Citric Acid , Glycine soja oil , Heliotropine , Tocopherol , Zinc sulfate ",Kem,Cetaphil,Tuýp,Dược mỹ phẩm | Chăm sóc cơ thể,duoc-my-pham | duoc-my-pham/cham-soc-co-the,True,True,50,0,https://nhathuoclongchau.com.vn/duoc-my-pham/kem-chong-ham-ta-diu-lanh-cetaphil-diaper-cream-calendula-70-g.html,duoc-my-pham,200
280,00044339,"DẦU GỘI RADICAL MED ANTI DANDRUFF HỖ TRỢ GIẢM GÀU, KHÔNG GÂY KÍCH ỨNG 300ML","Dầu gội Radical Med Anti Dandruff hỗ trợ giảm gàu, không gây kích ứng (300ml)",duoc-my-pham/dau-goi-radical-med-anti-dandruff-300-ml.html,425000.0,Chai,đ,https://cdn.nhathuoclongchau.com.vn/unsafe/https://cms-prod.s3-sgn09.fptcloud.com/DSC_02473_1d29cb4d54.jpg,"Aqua/ Water , Sodium laurilsulfate , Urea , Cocamido Propyl Belaine , Glucose , PEG-18 Glyceryl Oleate , Coco-Glucoside , Glyceryl oleate , Polyquatermium-7 , propylen glycol , Salix alba bark ",,Radical,Chai x 300ml,Dược mỹ phẩm | Chăm sóc tóc - da đầu | Dầu gội dầu xả,duoc-my-pham | duoc-my-pham/cham-soc-toc-da-dau | duoc-my-pham/dau-goi-dau-xa,True,True,50,0,https://nhathuoclongchau.com.vn/duoc-my-pham/dau-goi-radical-med-anti-dandruff-300-ml.html,duoc-my-pham,200
281,00042889,SỮA TẮM CERADAN MOISTURISING WASH DƯỠNG ẨM DÀNH CHO DA KHÔ 280ML,Sữa tắm Ceradan Moisturising Wash dưỡng ẩm dành cho da khô (280ml),duoc-my-pham/sua-tam-ceradan-moisturising-wash-280-ml-1.html,299000.0,Chai,đ,https://cdn.nhathuoclongchau.com.vn/unsafe/https://cms-prod.s3-sgn09.fptcloud.com/00008503_sua_tam_ceradan_danh_cho_da_kho_va_nhay_cam_2398_610c_large_6266829eb8_0956c2c776.jpg,"Aqua , Caprylic/capric triglycerides , Glycerin , Sodium Trideceth Sulfate , Butyrospermum Parkii (Shea) Butter , Sodium Chloride , Sodium lauroamphoacetate , cocamide MEA , Hydroxypropyl guar , Citric Acid , Phenoxyethanol , Allantoin , Hydroxypropyl Bispalmitamide MEA , Cholesterol , Linoleic acid ",Nhũ tương (Gel),Ceradan,Chai,"Dược mỹ phẩm | Chăm sóc cơ thể | Sữa tắm, xà bông",duoc-my-pham | duoc-my-pham/cham-soc-co-the | duoc-my-pham/sua-tam-xa-bong,True,True,50,0,https://nhathuoclongchau.com.vn/duoc-my-pham/sua-tam-ceradan-moisturising-wash-280-ml-1.html,duoc-my-pham,200
282,00042858,"SỮA RỬA MẶT CETAPHIL HYDRATING FOAMING CREAM CLEANSER DƯỠNG ẨM, LÀM SẠCH NHẸ NHÀNG CHO DA MẶT 236ML","Sữa rửa mặt Cetaphil Hydrating Foaming Cream Cleanser dưỡng ẩm, làm sạch nhẹ nhàng cho da mặt (236ml)",duoc-my-pham/sua-rua-mat-tao-bot-diu-lanh-cetaphil-hydrating-foaming-cream-cleanser-236-ml.html,320000.0,Chai,đ,https://cdn.nhathuoclongchau.com.vn/unsafe/https://cms-prod.s3-sgn09.fptcloud.com/DSC_07951_d90345a600.jpg,"Aqua , Sodium Cocoyl Isethionate , Glycerin , Glycol Distearate , Sodium cocoyl glutamate , Cocamidopropyl betaine , Sodium Lauroyl Sarcosinate , Cetearyl Alcohol , Niacinamide , Panthenol , Aloe barbadensis leaf juice powder , Pantolactone , Acrylates-C10-30-Alkyl-Acrylate-Crosspolymer , Arginine , Propylene glycol , Sodium Chloride , Xanthan gum , Ethylhexyglycerin , Phenoxyethanol , Citric Acid ",,Cetaphil,Chai,"Dược mỹ phẩm | Chăm sóc da mặt | Sữa rửa mặt (Kem, gel, sữa)",duoc-my-pham | duoc-my-pham/cham-soc-da-mat | duoc-my-pham/sua-rua-mat-kem-gel-sua,True,True,50,0,https://nhathuoclongchau.com.vn/duoc-my-pham/sua-rua-mat-tao-bot-diu-lanh-cetaphil-hydrating-foaming-cream-cleanser-236-ml.html,duoc-my-pham,200
283,00042319,SỮA RỬA MẶT CERAVE HYDRATING CLEANSER DÀNH CHO DA THƯỜNG VÀ DA KHÔ 473ML,Sữa rửa mặt CeraVe Hydrating Cleanser dành cho da thường và da khô (473ml),duoc-my-pham/sua-rua-mat-lam-sach-sau-danh-cho-da-thuong-va-da-kho-cerave-hydrating-cleanser-473-ml-1.html,470000.0,Chai,đ,https://cdn.nhathuoclongchau.com.vn/unsafe/https://cms-prod.s3-sgn09.fptcloud.com/DSC_03706_e959da7394.jpg,"Aqua , Glycerin , Cetearyl Alcohol , PEG-40 Stearate , Stearyl alcohol , Potassium phosphate , CERAMIDE EOP , Carbomer ",,Cerave,Chai,"Dược mỹ phẩm | Chăm sóc da mặt | Sữa rửa mặt (Kem, gel, sữa)",duoc-my-pham | duoc-my-pham/cham-soc-da-mat | duoc-my-pham/sua-rua-mat-kem-gel-sua,True,True,50,0,https://nhathuoclongchau.com.vn/duoc-my-pham/sua-rua-mat-lam-sach-sau-danh-cho-da-thuong-va-da-kho-cerave-hydrating-cleanser-473-ml-1.html,duoc-my-pham,200
284,00042151,KEM CHỐNG NẮNG L’ORÉAL UV DEFENDER UV SERUM PROTECTOR INVISIBLE FLUID SPF 50+ PA++++ BẢO VỆ DA 50ML,Kem chống nắng L’Oréal UV Defender UV Serum Protector Invisible Fluid SPF 50+ PA++++ bảo vệ da (50ml),duoc-my-pham/kem-chong-nang-loreal-uv-defender-uv-serum-protector-invisible-fluid-spf-50-pa-long-uva-50-ml.html,399000.0,Chai,đ,https://cdn.nhathuoclongchau.com.vn/unsafe/https://cms-prod.s3-sgn09.fptcloud.com/DSC_00016_4b27060628.jpg,"Aqua , Alcohol Denat , Diisopropyl Sebacate , Silica , Isopropyl myristate , Ethylhexyl Salicylate , Ethylhexyl Triazone , Bis-ethylhexyloxyphenol Methoxyphenyl Triazine , Butyl Methoxydibenzoylmethane ",Serum,Loreal,Chai,Dược mỹ phẩm | Chăm sóc da mặt | Kem chống nắng da mặt,duoc-my-pham | duoc-my-pham/cham-soc-da-mat | duoc-my-pham/chong-nang-da-mat,True,True,50,0,https://nhathuoclongchau.com.vn/duoc-my-pham/kem-chong-nang-loreal-uv-defender-uv-serum-protector-invisible-fluid-spf-50-pa-long-uva-50-ml.html,duoc-my-pham,200
285,00042064,"SỮA TẮM GỘI CHO BÉ KUTIESKIN LÀM SẠCH NHẸ NHÀNG, DƯỠNG ẨM, AN TOÀN CHO DA VÀ TÓC NHẠY CẢM CỦA TRẺ 200ML","Sữa tắm gội cho bé Kutieskin làm sạch nhẹ nhàng, dưỡng ẩm, an toàn cho da và tóc nhạy cảm của trẻ (200ml)",duoc-my-pham/sua-tam-goi-cho-be-kutieskin-200-ml.html,130000.0,Hộp,đ,https://cdn.nhathuoclongchau.com.vn/unsafe/https://cms-prod.s3-sgn09.fptcloud.com/DSC_03984_0b7fb79fdb.jpg,"chiết xuất tinh chất hoa anh đào , Dầu Olive ",,Kutieskin,Hộp,"Dược mỹ phẩm | Chăm sóc cơ thể | Sữa tắm, xà bông",duoc-my-pham | duoc-my-pham/cham-soc-co-the | duoc-my-pham/sua-tam-xa-bong,True,True,50,0,https://nhathuoclongchau.com.vn/duoc-my-pham/sua-tam-goi-cho-be-kutieskin-200-ml.html,duoc-my-pham,200
286,00042061,KEM CHỐNG NẮNG LA ROCHEPOSAY ANTHELIOS UVMUNE 400 OIL CONTROL FLUID SPF50 PA++++ DÀNH CHO DA DẦU MỤN 50ML,Kem chống nắng La Roche-Posay Anthelios UVMune 400 Oil Control Fluid SPF50+ PA++++ dành cho da dầu mụn (50ml),duoc-my-pham/kem-chong-nang-danh-cho-da-dau-mun-la-roche-posay-anthelios-uvmune-400-oil-control-fluid-50-spf-pa-uvb-uva-50-ml.html,640000.0,Hộp,đ,https://cdn.nhathuoclongchau.com.vn/unsafe/https://cms-prod.s3-sgn09.fptcloud.com/DSC_05612_2244c1f439.jpg,"Butyl Methoxydibenzoylmethane , Aqua/ Water , Alcohol Denat , Triethyl citrate , Diisopropyl Sebacate , Silica , Caprylyl glycol , Drometrizole trisiloxane , Hydroxyethyl cellulose , Diethylamino hydroxybenzoyl hexyl benzoate , Perlite , Ethylhexyl Triazone , Ethylhexyl Salicylate , Acrylates/C10-C30 Alkyl Acrylate Crosspolymer , Caprylic/capric triglyceride , glycerine , Tocopherols , Terephthalylidene dicamphor sulfonic acid , Propanediol , C12-15 Alkyl Benzoate , Sodium Citrate , Bis-ethylhexyloxyphenol Methoxyphenyl Triazine ",,Laroche posay,Hộp x 50ml,Dược mỹ phẩm | Chăm sóc da mặt | Kem chống nắng da mặt,duoc-my-pham | duoc-my-pham/cham-soc-da-mat | duoc-my-pham/chong-nang-da-mat,True,True,50,0,https://nhathuoclongchau.com.vn/duoc-my-pham/kem-chong-nang-danh-cho-da-dau-mun-la-roche-posay-anthelios-uvmune-400-oil-control-fluid-50-spf-pa-uvb-uva-50-ml.html,duoc-my-pham,200
287,00041653,KEM BÔI LA ROCHEPOSAY EFFACLAR DUO+M HỖ TRỢ ĐIỀU TRỊ MỤN 40ML,Kem bôi La Roche-Posay Effaclar Duo+M hỗ trợ giảm mụn và ngăn ngừa tái phát (40ml),duoc-my-pham/kem-ho-tro-dieu-tri-mun-la-roche-posay-effaclar-duo-m-40-ml.html,540000.0,Hộp,đ,https://cdn.nhathuoclongchau.com.vn/unsafe/https://cms-prod.s3-sgn09.fptcloud.com/123_a6e7c21fce.jpg,"Aqua/ Water , Glycerin , Dimethicone , Isocetyl Stearate , Niacinamide , Isopropyl Lauroyl Sarcosinate , Silica , Ammonium Polyacryloyldimethyl Taurate , Oryza Sativa Starch/Rice Starch , Punica Granatum Pericarp Extract , Potassium Cetyl Phosphate , Sorbitan Oleate , Zinc PCA , Glyceryl stearate SE , Isohexadecane , Sodium hydroxide , Myristyl Myristate , 2-Oleamido-1,3-Octadecanediol , Mannose , Poloxamer 338 , Propanediol , Hydroxyethoxyphenyl Butanone , Capryloyl Salicylic Acid , Caprylyl glycol , Vitreoscilla Ferment , Citric Acid , Trisodium Ethylenediamine Disuccinate , Maltodextrin , Xanthan gum , Pentylene Glycol , Polysorbate 80 , Acrylamide/Sodium Acryloyldimethyltaurate Copolymer , Salicylic acid , Piroctone Olamine , Parfum (Fragrance) ",Dạng kem,Laroche posay,Hộp x 40ml,Dược mỹ phẩm | Chăm sóc da mặt,duoc-my-pham | duoc-my-pham/cham-soc-da-mat,True,True,50,0,https://nhathuoclongchau.com.vn/duoc-my-pham/kem-ho-tro-dieu-tri-mun-la-roche-posay-effaclar-duo-m-40-ml.html,duoc-my-pham,200
288,00040933,KEM BÔI CERADAN HYDRA DƯỠNG ẨM DA 80G,Kem bôi Ceradan Hydra dưỡng ẩm da (80g),duoc-my-pham/kem-duong-am-da-ceradan-hydra-hyphens-hop-80-g.html,348000.0,Hộp,đ,https://cdn.nhathuoclongchau.com.vn/unsafe/https://cms-prod.s3-sgn09.fptcloud.com/DSC_04847_22a8497f94.jpg,Aqua/ Water ,,Ceradan,Hộp,"Dược mỹ phẩm | Chăm sóc cơ thể | Sữa dưỡng thể, kem dưỡng thể",duoc-my-pham | duoc-my-pham/cham-soc-co-the | duoc-my-pham/duong-the,True,True,50,0,https://nhathuoclongchau.com.vn/duoc-my-pham/kem-duong-am-da-ceradan-hydra-hyphens-hop-80-g.html,duoc-my-pham,200
289,00040553,"DẦU GỘI DỊU DA CANOVA RIVESCAL DS SOOTHING SHAMPOO NGỪA TIẾT BÃ NHỜN, GIẢM KÍCH ỨNG CHO DA ĐẦU NHẠY CẢM, GÀU 200ML","Dầu gội dịu da Canova Rivescal DS Soothing Shampoo ngừa tiết bã nhờn, giảm kích ứng cho da đầu nhạy cảm, gàu (200ml)",duoc-my-pham/canova-rivescal-ds-soothing-shampoo-sifarma-200-ml-dau-goi-lam-diu-da-ngua-tiet-ba-nhon-cho-da-kich-ung-da-gau.html,560000.0,Hộp,đ,https://cdn.nhathuoclongchau.com.vn/unsafe/https://cms-prod.s3-sgn09.fptcloud.com/DSC_04352_c17039286b.jpg,"Piroctone Olamine , glycerophosphoinositol lysine , Niacinamide , Allantoin , Aqua , Sodium Coco Sulphate , Coco-Glucoside , Cocamido Propyl Belaine , Peg-200 Hydrogenated Glyceryl Palmate , PEG-7 Glyceryl Cocoate , Urea , Glyceryl oleate , Benzyl alcohol , Citric Acid ",Dung dịch,Sifarma,Hộp 1 Chai,Dược mỹ phẩm | Chăm sóc cơ thể,duoc-my-pham | duoc-my-pham/cham-soc-co-the,True,True,50,0,https://nhathuoclongchau.com.vn/duoc-my-pham/canova-rivescal-ds-soothing-shampoo-sifarma-200-ml-dau-goi-lam-diu-da-ngua-tiet-ba-nhon-cho-da-kich-ung-da-gau.html,duoc-my-pham,200
290,00040106,"KEM BÔI SENSYLIA 24H LÉGÈRE ISISPHARMA DƯỠNG ẨM SÂU, GIẢM KÍCH ỨNG, PHÙ HỢP DA NHẠY CẢM 40ML","Kem bôi Sensylia 24h Légère Isispharma dưỡng ẩm sâu, giảm kích ứng, phù hợp da nhạy cảm (40ml)",duoc-my-pham/kem-duong-am-sensylia-24-h-legere-isispharma-hop-40-ml.html,500000.0,Hộp,đ,https://cdn.nhathuoclongchau.com.vn/unsafe/https://cms-prod.s3-sgn09.fptcloud.com/00003995_3_dbb274c899.jpg,"Aqua/ Water , Glycerin , Octyldodecanol , Sorbitan Palmitate , Butylene glycol , Cetearyl Isononanoate , Dimethicone , Imperata Cylindrica Root Extract , Cetyl alcohol ",Dạng kem,ISIS PHARMA,Hộp,Dược mỹ phẩm | Chăm sóc da mặt | Dưỡng da mặt,duoc-my-pham | duoc-my-pham/cham-soc-da-mat | duoc-my-pham/duong-da-mat,True,True,50,0,https://nhathuoclongchau.com.vn/duoc-my-pham/kem-duong-am-sensylia-24-h-legere-isispharma-hop-40-ml.html,duoc-my-pham,200
291,00040031,"DẦU GỘI REDENYL MEDIMAR CHỐNG RỤNG, KÍCH THÍCH MỌC TÓC 200ML","Dầu gội Redenyl Medimar chống rụng, kích thích mọc tóc (200ml)",duoc-my-pham/dau-goi-redenyl-medimar-hop-200-ml.html,409000.0,Hộp,đ,https://cdn.nhathuoclongchau.com.vn/unsafe/https://cms-prod.s3-sgn09.fptcloud.com/DSC_00383_db8a6c8371.jpg,"Aqua , Sodium laurilsulfate , Salicylic acid , Cocamide Dea , Cocamido Propyl Belaine , Propanediol , Sodium Chloride , Climbazol , Decyl glucoside , Peg-40 Hydrogenated Castor Oil , Peg-120 Methyl Glucose Dioleate , Panthenol , Niacinamide , Glycerin , Ichthammol , Inositol , Sodium hydroxide , Parfum (Fragrance) , Butylene glycol , Calcium Pantothenate , Benzyl alcohol , DMDM Hydantoin , Phenoxyethanol , Benzyl salicylate , Hexyl cinnamal , Butylphenyl Methylpropional , Alpha Isomethyl Ionone , Sodium Laureth Sulfate ",,MEDIMAR,Hộp x 200ml,Dược mỹ phẩm | Chăm sóc tóc - da đầu | Dầu gội dầu xả,duoc-my-pham | duoc-my-pham/cham-soc-toc-da-dau | duoc-my-pham/dau-goi-dau-xa,True,True,50,0,https://nhathuoclongchau.com.vn/duoc-my-pham/dau-goi-redenyl-medimar-hop-200-ml.html,duoc-my-pham,200
292,00039973,GEL BÔI NACURGO GELPRO GIẢM THÂM SẸO 20G,Gel bôi Nacurgo Gelpro giảm thâm sẹo (20g),duoc-my-pham/nacurgo-gelpro-20-g-gel-lam-giam-tham-seo.html,220000.0,Hộp,đ,https://cdn.nhathuoclongchau.com.vn/unsafe/https://cms-prod.s3-sgn09.fptcloud.com/DSC_09037_cf4ef5d87c.jpg,"Purified water , Cl5-19 Alkane , Chiết xuất hành tây , Peg-100 stearate , Glyceryl stearate , Propylene glycol , Glycerin , Dimethicone , Cetyl alcohol , Salicylic acid , Ethoxydiglycol , Panthenol , Peg-40 Hydrogenated Castor Oil , Cetearyl Alcohol , Arachidyl alcohol , Behenyl alcohol , Arachidyl Glucoside , Hydroxyethyl Acrylate , Phenoxyethanol , Saccharide Isomerate , Bakuchiol , Tetrahydrocurcunin , Allantoin , Tocopheryl acetate , Asiaticoside , Madecassic acid , Asiatic acid , Disodium EDTA , Sodium hydroxide , o-Cylnen-5-ol , Curcuma lonsa oil , Fragrance ",,Nacurgo,Hộp x 20g,"Dược mỹ phẩm | Giải pháp làn da | Hỗ trợ mờ sẹo, mờ vết thâm",duoc-my-pham | duoc-my-pham/giai-phap-lan-da | duoc-my-pham/tri-seo-mo-tham,True,True,50,0,https://nhathuoclongchau.com.vn/duoc-my-pham/nacurgo-gelpro-20-g-gel-lam-giam-tham-seo.html,duoc-my-pham,200
293,00039876,"KEM NGỪA MỤN, LÀM MỜ VẾT THÂM ACTIDEM DERMA GEL 40G","Gel Actidem Derma giúp ngăn ngừa mụn, làm mờ vết thâm (40g)",duoc-my-pham/kem-ngua-mun-lam-mo-vet-tham-actidem-derma-gel-40-g.html,209000.0,Hộp,đ,https://cdn.nhathuoclongchau.com.vn/unsafe/https://cms-prod.s3-sgn09.fptcloud.com/DSC_04139_ecaa2f945b.jpg,"Poly Sorbate 20 , Ethylhexylglycerin , Phenoxyethanol , Sodium Citrate , Parfum , Centella asiatica leaf , BHA , Zinc PCA , Lactic Acid , Pantothenic acid , Hyaluronic acid , EDTA , Sodium hydroxide , Glycolic acid , Carbomer , Aqua/ Water ",Nhũ tương (Gel),ACTIDEM,Hộp 1 Tuýp x 40g,Dược mỹ phẩm | Chăm sóc da mặt,duoc-my-pham | duoc-my-pham/cham-soc-da-mat,True,True,50,0,https://nhathuoclongchau.com.vn/duoc-my-pham/kem-ngua-mun-lam-mo-vet-tham-actidem-derma-gel-40-g.html,duoc-my-pham,200
294,00039610,"KEM BÔI CANOVA SENSIVEN P22 SOOTHING CREAM SIFARMA LÀM DỊU DA, DƯỠNG ẨM CHO DA NHẠY CẢM 50ML","Kem bôi Canova Sensiven P22 Soothing Cream Sifarma làm dịu da, dưỡng ẩm cho da nhạy cảm (50ml)",duoc-my-pham/canova-sensiven-p22-soothing-cream-sifarma-50-ml-kem-lam-diu-da-duong-am-cho-da-nhay-cam.html,510000.0,Hộp,đ,https://cdn.nhathuoclongchau.com.vn/unsafe/https://cms-prod.s3-sgn09.fptcloud.com/DSC_04336_ab626340d6.jpg,"Aqua , Allantoin , Paraffinum Liquidum , propylen glycol , Titanium dioxide , Sorbitol , Octyldodecanol , Glyceryl stearate ",Kem bôi da,Sifarma,Hộp,Dược mỹ phẩm | Chăm sóc da mặt | Dưỡng da mặt,duoc-my-pham | duoc-my-pham/cham-soc-da-mat | duoc-my-pham/duong-da-mat,True,True,50,0,https://nhathuoclongchau.com.vn/duoc-my-pham/canova-sensiven-p22-soothing-cream-sifarma-50-ml-kem-lam-diu-da-duong-am-cho-da-nhay-cam.html,duoc-my-pham,200
295,00039431,"GEL BÔI CANOVA RIVESCAL DS SOOTHING GEL SIFLARMA LÀM DỊU DA, NGĂN NGỪA TIẾT BÃ NHỜN 50ML","Gel bôi Canova Rivescal DS Soothing Gel Siflarma làm dịu da, ngăn ngừa tiết bã nhờn (50ml)",duoc-my-pham/canova-rivescal-ds-soothing-gel-siflarma-50-ml-gel-lam-diu-da-ngan-ngua-tiet-ba-nhon.html,450000.0,Hộp,đ,https://cdn.nhathuoclongchau.com.vn/unsafe/https://cms-prod.s3-sgn09.fptcloud.com/DSC_04309_4b20cdbf9f.jpg,"Aqua , Caprylic/capric triglyceride , Di-C12-13 Alkyl Malate , Aluminum Starch Octenylsuccinate , Ammonium Acryloyldimethyltaurate/VP Copolymer , Olus Oil , Allantoin , Niacinamide , Urea , Caprylyl glycol , Piroctone Olamine , 1,2-Hexanediol , oleyl alcohol , Hydrogenated Vegetable Oil , Parfum , Candelilla Cera , Lactic Acid , zanthoxylum alatum , Sodium hyaluronate , glycerophosphoinositol lysine , tropolone , Ethylhexylglycerin , Phenoxyethanol ",,Sifarma,Hộp x 50ml,Dược mỹ phẩm | Giải pháp làn da,duoc-my-pham | duoc-my-pham/giai-phap-lan-da,True,True,50,0,https://nhathuoclongchau.com.vn/duoc-my-pham/canova-rivescal-ds-soothing-gel-siflarma-50-ml-gel-lam-diu-da-ngan-ngua-tiet-ba-nhon.html,duoc-my-pham,200
296,00039078,DẦU BẠCH ĐÀN CHANH KUTIESKIN ĐUỔI MUỖI VÀ CÔN TRÙNG 5ML,Dầu bạch đàn chanh Kutieskin đuổi muỗi và côn trùng (5ml),duoc-my-pham/dau-bach-dan-chanh-duoi-muoi-va-con-trung-kutieskin-5-ml.html,42000.0,Hộp,đ,https://cdn.nhathuoclongchau.com.vn/unsafe/https://cms-prod.s3-sgn09.fptcloud.com/kutieskin_2_49b091769e.jpg,Bạch đàn ,,Kutieskin,Hộp x 5ml,Dược mỹ phẩm | Chăm sóc cơ thể,duoc-my-pham | duoc-my-pham/cham-soc-co-the,True,True,50,0,https://nhathuoclongchau.com.vn/duoc-my-pham/dau-bach-dan-chanh-duoi-muoi-va-con-trung-kutieskin-5-ml.html,duoc-my-pham,200
297,00038615,SỮA RỬA MẶT CERAVE SA SMOOTHING CLEANSER DỊU NHẸ CHO DA NHẠY CẢM 236ML,Sữa rửa mặt CeraVe SA Smoothing Cleanser dịu nhẹ cho da nhạy cảm (236ml),duoc-my-pham/sua-rua-mat-diu-nhe-danh-cho-da-nhay-cam-cerave-sa-smoothing-cleanser-236-ml.html,360000.0,Chai,đ,https://cdn.nhathuoclongchau.com.vn/unsafe/https://cms-prod.s3-sgn09.fptcloud.com/DSC_04222_716d4ecf43.jpg,"Aqua/ Water , Sodium Lauroyl Sarcosinate , Cocamidopropyl hydroxysultaine , Glycerin , Niacinamide , Gluconolactone , Sodium methyl cocoyl taurate , PEG-150 Pentaerythrityl Tetrastearate , Ceramide NP , Ceramide AP , CERAMIDE EOP , Carbomer , Calcium gluconate , Salicylic acid , Sodium benzoate , SODIUM LAUROYL LACTYLATE , Cholesterol , Phenoxyethanol , Disodium EDTA , Tetrasodium EDTA , Hydrolyzed Hyaluronic Acid , Phytosphingosine , Xanthan gum , Ethylhexyglycerin ",,Cerave,Chai,"Dược mỹ phẩm | Chăm sóc da mặt | Sữa rửa mặt (Kem, gel, sữa)",duoc-my-pham | duoc-my-pham/cham-soc-da-mat | duoc-my-pham/sua-rua-mat-kem-gel-sua,True,True,50,0,https://nhathuoclongchau.com.vn/duoc-my-pham/sua-rua-mat-diu-nhe-danh-cho-da-nhay-cam-cerave-sa-smoothing-cleanser-236-ml.html,duoc-my-pham,200
298,00038587,"DẦU BÔI BẠCH ĐÀN CHANH KUTIESKIN ĐUỔI MUỖI, CÔN TRÙNG 30ML","Dầu bôi bạch đàn chanh Kutieskin đuổi muỗi, côn trùng (30ml)",duoc-my-pham/dau-bach-dan-chanh-duoi-muoi-va-con-trung-kutieskin-30-ml.html,186000.0,Hộp,đ,https://cdn.nhathuoclongchau.com.vn/unsafe/https://cms-prod.s3-sgn09.fptcloud.com/kutie_skin_1_86b388eab2.jpg,Bạch đàn ,,Kutieskin,Hộp x 30ml,Dược mỹ phẩm | Chăm sóc cơ thể,duoc-my-pham | duoc-my-pham/cham-soc-co-the,True,True,50,0,https://nhathuoclongchau.com.vn/duoc-my-pham/dau-bach-dan-chanh-duoi-muoi-va-con-trung-kutieskin-30-ml.html,duoc-my-pham,200
299,00038216,"DUNG DỊCH CHĂM SÓC DA NAVICO GIÚP LÀM SẠCH DA, LOẠI BỎ VI KHUẨN CHAI 60ML","Dung dịch chăm sóc da Navico giúp làm sạch da, loại bỏ vi khuẩn (60ml)",duoc-my-pham/dung-dich-cham-soc-da-navico-60-ml.html,9000.0,Chai,đ,https://cdn.nhathuoclongchau.com.vn/unsafe/https://cms-prod.s3-sgn09.fptcloud.com/DSC_00443_80df1c1742.jpg,"Sulfur 6g, Polysorbate 80 12g, Ethanol 50%",,Nam Việt,Chai x 60ml,Dược mỹ phẩm | Chăm sóc da mặt,duoc-my-pham | duoc-my-pham/cham-soc-da-mat,True,True,50,0,https://nhathuoclongchau.com.vn/duoc-my-pham/dung-dich-cham-soc-da-navico-60-ml.html,duoc-my-pham,200
300,00503831,CHỐNG NẮNG THỂ THAO DẠNG XỊT BANANA BOAT SPORT ULTRA SPF100 PA++++ CÓ KHẢ NĂNG KHÁNG NƯỚC 170G,Chống nắng thể thao dạng xịt Banana Boat Sport Ultra SPF100 PA++++ có khả năng kháng nước (170g),duoc-my-pham/chong-nang-the-thao-dang-xit-banana-boat-sport-ultra-spf-100-pa-170-g.html,279000.0,Chai,đ,https://cdn.nhathuoclongchau.com.vn/unsafe/https://cms-prod.s3-sgn09.fptcloud.com/IMG_9836_57ad4473d0.jpg,"Ascorbic Acid , Sodium Propoxyhydroxypropyl Thiosulfate Silica [Nano] , Geraniol , Aloe barbadensis leaf extract , Octyldodecanol , Retinyl Palmitate , Silica , Tocopheryl acetate , Alpha Isomethyl Ionone , Amyl cinnamal , Linalool , Hexyl cinnamal , Limonene , Peg-8 Dimethicone , Paraffinum Liquidum , Caprylyl glycol , Caprylic/capric triglyceride , Parfum , DIETHYLHEXYL SYRINGYLIDENEMALONATE , Acrylates/ Octylacrylamide Copolymer , Butyl Methoxydibenzoylmethane , Ethylhexyl Salicylate , Benzophenone-3 , Octocrylene , Homosalate , Isobutane , Alcohol Denat ",Dạng xịt,Banana Boat,Chai x 170g,Dược mỹ phẩm | Chăm sóc cơ thể | Chống nắng toàn thân,duoc-my-pham | duoc-my-pham/cham-soc-co-the | duoc-my-pham/chong-nang-toan-than,True,True,50,0,https://nhathuoclongchau.com.vn/duoc-my-pham/chong-nang-the-thao-dang-xit-banana-boat-sport-ultra-spf-100-pa-170-g.html,duoc-my-pham,200
301,00503830,"XỊT CHỐNG NẮNG THỂ THAO BANANA BOAT SPORT SENSITIVE SPF50+ PA++++ BẢO VỆ DA TOÀN DIỆN KHỎI TIA UV, PHÙ HỢP DA NHẠY CẢM, CHỐNG TRÔI HIỆU QUẢ 170G","Xịt chống nắng thể thao Banana Boat Sport Sensitive SPF50+ PA++++ bảo vệ da toàn diện khỏi tia UV, phù hợp da nhạy cảm, chống trôi hiệu quả (170g)",duoc-my-pham/chong-nang-the-thao-dang-xit-banana-boat-sport-sensitive-spf-50-pa-170-g.html,315000.0,Chai,đ,https://cdn.nhathuoclongchau.com.vn/unsafe/https://cms-prod.s3-sgn09.fptcloud.com/00503830_chong_nang_the_thao_dang_xit_banana_boat_sport_sensitive_spf50_pa_170g_9903_642c_large_5a036dba26.jpg,"Caprylyl glycol , Acrylates/Octylacrylamide Copolymer , Butyl Methoxydibenzoylmethane , Ethylhexyl Salicylate , Isododecane , C12-15 Alkyl Benzoate , Octocrylene , Homosalate , Isobutane , Alcohol Denat ",Dạng xịt,Banana Boat,Chai x 170g,Dược mỹ phẩm | Chăm sóc cơ thể | Chống nắng toàn thân,duoc-my-pham | duoc-my-pham/cham-soc-co-the | duoc-my-pham/chong-nang-toan-than,True,True,50,0,https://nhathuoclongchau.com.vn/duoc-my-pham/chong-nang-the-thao-dang-xit-banana-boat-sport-sensitive-spf-50-pa-170-g.html,duoc-my-pham,300
302,00503604,"KEM CHỐNG NẮNG ISIS NEOTONE RADIANCE SPF 50+ HỖ TRỢ MỜ NÁM, LÀM TRẮNG DA 30ML","Kem chống nắng Isis Neotone Radiance SPF 50+ hỗ trợ mờ nám, làm trắng da (30ml)",duoc-my-pham/isis-neotone-radiance-spf-50-30-ml-kem-chong-nang-mo-nam-trang-da.html,1049000.0,Hộp,đ,https://cdn.nhathuoclongchau.com.vn/unsafe/https://cms-prod.s3-sgn09.fptcloud.com/1_432c2cd6e4.jpg,"Titanium dioxide , ethylhexyl methoxycinnamate , Aqua/ Water , Cetyl alcohol , Cyclopentasiloxane , Dicaprylyl Carbonate , Caprylic/capric triglyceride , Butylene glycol , Ascorbyl Tetraisopalmitate , Ethylhexylglycerin , Phenoxyethanol , Silica , Decyl glucoside , Dimethicone , Caprylyl glycol , Chlorphenesin , triethanolamine , Parfum (Fragrance) , Alcohol Denat , Behenyl alcohol ",,ISIS PHARMA,Hộp x 30ml,Dược mỹ phẩm | Chăm sóc da mặt | Kem chống nắng da mặt,duoc-my-pham | duoc-my-pham/cham-soc-da-mat | duoc-my-pham/chong-nang-da-mat,True,True,50,0,https://nhathuoclongchau.com.vn/duoc-my-pham/isis-neotone-radiance-spf-50-30-ml-kem-chong-nang-mo-nam-trang-da.html,duoc-my-pham,300
303,00503477,"NHŨ TƯƠNG DƯỠNG ẨM LATOPIC PROBIOTIC EMOLLIENT ACTIVE BODY EMULSION DỊU NGỨA DA DỊ ỨNG, KÍCH ỨNG 250ML","Nhũ tương dưỡng ẩm Latopic Probiotic Emollient Active Body Emulsion dịu ngứa da dị ứng, kích ứng (250ml)",duoc-my-pham/latopic-body-emulsion-nhu-tuong-duong-am-250-ml.html,515000.0,Chai,đ,https://cdn.nhathuoclongchau.com.vn/unsafe/https://cms-prod.s3-sgn09.fptcloud.com/DSC_00537_7e4c3e7f37.jpg,"Glyceryl stearate , Glyceryl Stearate Citrate , Cetearyl Alcohol , Lactobacillus fermentum subsp. reuteri whole , Aqua/ Water , Glycerin ",Nhũ tương (Gel),LATOPIC,Chai x 250ml,"Dược mỹ phẩm | Chăm sóc cơ thể | Sữa dưỡng thể, kem dưỡng thể",duoc-my-pham | duoc-my-pham/cham-soc-co-the | duoc-my-pham/duong-the,True,True,50,0,https://nhathuoclongchau.com.vn/duoc-my-pham/latopic-body-emulsion-nhu-tuong-duong-am-250-ml.html,duoc-my-pham,300
304,00503423,"SỮA RỬA MẶT TẠO BỌT DỊU NHẸ EUCERIN ACNE OIL CONTROL PRO ACNE SOLUTION KIỂM SOÁT DẦU, NGĂN NGỪA MỤN 50G","Sữa rửa mặt tạo bọt dịu nhẹ Eucerin Acne-Oil Control Pro Acne-Solution kiểm soát dầu, ngăn ngừa mụn (50g)",duoc-my-pham/sua-rua-mat-tao-bot-diu-nhe-eucerin-acne-oil-control-pro-acne-solution-soft-cleansing-foam-50g-37716.html,159000.0,Tuýp,đ,https://cdn.nhathuoclongchau.com.vn/unsafe/https://cms-prod.s3-sgn09.fptcloud.com/00503423_sua_rua_mat_tao_bot_diu_nhe_eucerin_acne_oil_control_pro_acne_solution_soft_cleansing_foam_50g_3995_63f7_large_ad5f79653e.jpg,"Aqua/ Water , Myristic acid , Propylene glycol , Palmitic Acid , Stearic acid , Potassium hydroxide , Glycerin , Lauric Acid , PEG-150 , Peg-8 , Bisabolol , Cera alba , Parfum , Sodium methyl cocoyl taurate , Arachidic acid , BHT , Etidronic acid , Disodium EDTA , Oleic Acid , Benzyl alcohol , Farnesol , Glyceryl stearate ",,Eucerin,Tuýp x 50g,"Dược mỹ phẩm | Chăm sóc da mặt | Sữa rửa mặt (Kem, gel, sữa)",duoc-my-pham | duoc-my-pham/cham-soc-da-mat | duoc-my-pham/sua-rua-mat-kem-gel-sua,True,True,50,0,https://nhathuoclongchau.com.vn/duoc-my-pham/sua-rua-mat-tao-bot-diu-nhe-eucerin-acne-oil-control-pro-acne-solution-soft-cleansing-foam-50g-37716.html,duoc-my-pham,300
305,00503421,SỮA RỬA MẶT EUCERIN PH5 FACIAL CLEANSER SENSITIVE SKIN SẠCH SÂU VÀ DỊU NHẸ CHO DA NHẠY CẢM 100ML,Sữa rửa mặt Eucerin pH5 Facial Cleanser Sensitive Skin sạch sâu và dịu nhẹ cho da nhạy cảm (100ml),duoc-my-pham/sua-rua-mat-cho-da-nhay-cam-eucerin-ph5-facial-cleanser-sensitive-skin-100ml-37718.html,119000.0,Chai,đ,https://cdn.nhathuoclongchau.com.vn/unsafe/https://cms-prod.s3-sgn09.fptcloud.com/00503421_sua_rua_mat_cho_da_nhay_cam_eucerin_ph5_facial_cleanser_sensitive_skin_100ml_1098_63f7_large_4dd1a38463.jpg,"Aqua/ Water , Sodium cocoamphoacetate , Sodium myreth sulfate , Lauryl glucoside , Sodium Chloride , Citric Acid , Methylpropanediol , Sodium benzoate , Coco-Glucoside , Panthenol , Glycol Distearate , Peg-200 Hydrogenated Glyceryl Palmate , Sodium Citrate , Glycerin , Pantolactone , Peg-40 Hydrogenated Castor Oil ",,Eucerin,Chai x 100ml,"Dược mỹ phẩm | Chăm sóc da mặt | Sữa rửa mặt (Kem, gel, sữa)",duoc-my-pham | duoc-my-pham/cham-soc-da-mat | duoc-my-pham/sua-rua-mat-kem-gel-sua,True,True,50,0,https://nhathuoclongchau.com.vn/duoc-my-pham/sua-rua-mat-cho-da-nhay-cam-eucerin-ph5-facial-cleanser-sensitive-skin-100ml-37718.html,duoc-my-pham,300
306,00503259,XỊT REDENYL LOTION MEDIMAR GIÚP MỌC TÓC VÀ NGĂN NGỪA RỤNG TÓC 80ML,Xịt Redenyl Lotion Medimar giúp mọc tóc và ngăn ngừa rụng tóc (80ml),duoc-my-pham/chai-xit-redenyl-lotion-medimar-80-ml.html,640000.0,Hộp,đ,https://cdn.nhathuoclongchau.com.vn/unsafe/https://cms-prod.s3-sgn09.fptcloud.com/DSC_00370_ecbadc6a83.jpg,"Aqua , Alcohol Denat , Propanediol , Glycerin , Capryloyl Glycine , Hexylene glycol , Cinnamomum Zeylanicum Bark Extract , Camellia Sinensis Leaf Extract , Menthol , Larix europaea wood extract , Glycin , Zinc aspartate , Manganese aspartate , Copper aspartate ",,MEDIMAR,Hộp,Dược mỹ phẩm | Chăm sóc tóc - da đầu,duoc-my-pham | duoc-my-pham/cham-soc-toc-da-dau,True,True,50,0,https://nhathuoclongchau.com.vn/duoc-my-pham/chai-xit-redenyl-lotion-medimar-80-ml.html,duoc-my-pham,300
307,00502701,"SON DƯỠNG DẦU DỪA BẾN TRE COCOON LÀM MỀM MÔI, DƯỠNG ẨM 5G","Son dưỡng dầu dừa Bến Tre Cocoon làm mềm môi, dưỡng ẩm (5g)",duoc-my-pham/son-duong-dau-dua-ben-tre-cocoon-5g-37004.html,32000.0,Cây,đ,https://cdn.nhathuoclongchau.com.vn/unsafe/https://cms-prod.s3-sgn09.fptcloud.com/00502701_son_duong_dau_dua_ben_tre_cocoon_5g_3297_63f6_large_b6a54ef413.jpg,"Cocos nucifera Oil , Bis-Diglyceryl Polyacyladipate-2 , Synthetic Beeswax , Candelilla Cera , C15-19 Alkane , Butyrospermum Parkii Butter , Tocopheryl acetate , C10-18 Triglycerides ",,Cocoon,Cây x 5g,Dược mỹ phẩm | Mỹ phẩm trang điểm | Son môi,duoc-my-pham | duoc-my-pham/my-pham-trang-diem | duoc-my-pham/son-moi,True,True,50,0,https://nhathuoclongchau.com.vn/duoc-my-pham/son-duong-dau-dua-ben-tre-cocoon-5g-37004.html,duoc-my-pham,300
308,00502669,NƯỚC TẨY TRANG GARNIER SKIN NATURALS MICELLAR OIL INFUSED CLEANSING WATER DÀNH CHO DA TRANG ĐIỂM 400ML,Nước tẩy trang Garnier Skin Naturals Micellar Oil-Infused Cleansing Water dành cho da trang điểm (400ml),duoc-my-pham/garnier-skin-naturals-micellar-oil-infused-cleansing-water-400ml-nuoc-tay-trang-danh-cho-da-trang-diem-36928.html,219000.0,Chai,đ,https://cdn.nhathuoclongchau.com.vn/unsafe/https://cms-prod.s3-sgn09.fptcloud.com/00502669_garnier_skin_naturals_micellar_oil_infused_cleansing_water_400ml_nuoc_tay_trang_danh_cho_da_trang_diem_8221_636d_large_ee40a79d48.jpg,"Parfum (Fragrance) , Sodium Chloride , Potassium phosphate , Polyaminopropyl Biguanide , Pentaerythrityl Tetra-di-t-butyl Hydroxyhydrocinnamate , Hexylene glycol , Haematococcus pluvialis Extract , Ethylhexyl Salicylate , ethylhexyl methoxycinnamate , Disodium EDTA , Dipotassium phosphate , Decyl glucoside , CI 60725 , Butyl Methoxydibenzoylmethane , Argania Spinosa Oil , Isohexadecane , Cyclopentasiloxane , Aqua/ Water ",,Garnier,Chai x 400ml,"Dược mỹ phẩm | Chăm sóc da mặt | Nước tẩy trang, dầu tẩy trang",duoc-my-pham | duoc-my-pham/cham-soc-da-mat | duoc-my-pham/nuoc-tay-trang,True,True,50,0,https://nhathuoclongchau.com.vn/duoc-my-pham/garnier-skin-naturals-micellar-oil-infused-cleansing-water-400ml-nuoc-tay-trang-danh-cho-da-trang-diem-36928.html,duoc-my-pham,300
309,00502627,DẦU KHUYNH DIỆP EUCALYPTUS OIL AGIMEXPHARM GIÚP GIỮ ẤM DÀNH CHO MẸ VÀ BÉ 30ML,Dầu khuynh diệp Eucalyptus Oil Agimexpharm giúp giữ ấm dành cho mẹ và bé (30ml),duoc-my-pham/dau-khuynh-diep-danh-cho-me-va-be-eucalyptus-oil-agimexpharm-30ml-36883.html,65000.0,Chai,đ,https://cdn.nhathuoclongchau.com.vn/unsafe/https://cms-prod.s3-sgn09.fptcloud.com/00502627_dau_khuynh_diep_danh_cho_me_va_be_eucalyptus_oil_agimexpharm_30ml_6483_636b_large_5678c2fb1c.jpg,"Eucalyptol 16.59g, Chlorophyll , Ethanol , Fragrance , Liquid Paraffin ",,Agimexpharm,Chai x 30ml,Dược mỹ phẩm | Chăm sóc cơ thể,duoc-my-pham | duoc-my-pham/cham-soc-co-the,True,True,50,0,https://nhathuoclongchau.com.vn/duoc-my-pham/dau-khuynh-diep-danh-cho-me-va-be-eucalyptus-oil-agimexpharm-30ml-36883.html,duoc-my-pham,300
310,00502315,"KEM ZIAJA LANOLIN DƯỠNG ẨM SÂU, LÀM MỀM 10G","Kem Ziaja Lanolina Kosmetyczna dưỡng ẩm sâu, làm mềm (10g)",thuoc/ziaja-lanolina-kosmetyczna-10g-36568.html,198000.0,Hộp,đ,https://cdn.nhathuoclongchau.com.vn/unsafe/https://cms-prod.s3-sgn09.fptcloud.com/QAG_05571_e6f1ebd200.png,Lanolin oil ,,Ziaja,Hộp x 10g,"Dược mỹ phẩm | Giải pháp làn da | Dưỡng da bị khô, thiếu ẩm",duoc-my-pham | duoc-my-pham/giai-phap-lan-da | duoc-my-pham/da-bi-kho-thieu-am,True,True,50,0,https://nhathuoclongchau.com.vn/thuoc/ziaja-lanolina-kosmetyczna-10g-36568.html,duoc-my-pham,300
311,00502231,SỮA RỬA MẶT CERAVE HYDRATING CLEANSER DÀNH CHO DA THƯỜNG VÀ DA KHÔ 236ML,Sữa rửa mặt CeraVe Hydrating Cleanser dành cho da thường và da khô (236ml),duoc-my-pham/sua-rua-mat-lam-sach-sau-danh-cho-da-thuong-va-da-kho-cerave-hydrating-cleanser-mb094520-236ml-36479.html,330000.0,Chai,đ,https://cdn.nhathuoclongchau.com.vn/unsafe/https://cms-prod.s3-sgn09.fptcloud.com/00502231_sua_rua_mat_lam_sach_sau_danh_cho_da_thuong_va_da_kho_cerave_hydrating_cleanser_mb094520_236ml_3680_6346_large_3e97372089.jpg,"Aqua/ Water , Glycerin , Cetearyl Alcohol , Phenoxyethanol , Stearyl alcohol , Cetyl alcohol , PEG-40 Stearate , Behentrimonium Methosulfate , Glyceryl stearate , Polysorbate 20 , Ethylhexylglycerin , Carbomer , Disodium EDTA , Dipotassium phosphate , SODIUM LAUROYL LACTYLATE , Ceramide NP , Ceramide AP , Phytosphingosine , Cholesterol , Sodium hyaluronate , Xanthan gum , Tocopherols , CERAMIDE EOP , Potassium phosphate ",,Cerave,Chai x 236ml,"Dược mỹ phẩm | Chăm sóc da mặt | Sữa rửa mặt (Kem, gel, sữa)",duoc-my-pham | duoc-my-pham/cham-soc-da-mat | duoc-my-pham/sua-rua-mat-kem-gel-sua,True,True,50,0,https://nhathuoclongchau.com.vn/duoc-my-pham/sua-rua-mat-lam-sach-sau-danh-cho-da-thuong-va-da-kho-cerave-hydrating-cleanser-mb094520-236ml-36479.html,duoc-my-pham,300
312,00502183,"TINH CHẤT DƯỠNG SÁNG DA GARNIER SKIN NATURALS BRIGHT COMPLETE 30X VITAMIN C BOOSTER SERUM HỔ TRỢ NGỪA MỤN, MỜ THÂM 30ML","Tinh chất dưỡng sáng da Garnier Skin Naturals Bright Complete 30x Vitamin C Booster Serum hỗ trợ ngừa mụn, mờ thâm (30ml)",duoc-my-pham/garnier-skin-naturals-bright-complete-30x-vitamin-c-booster-serum-30ml-tinh-chat-duong-sang-da-36402.html,309000.0,Hộp,đ,https://cdn.nhathuoclongchau.com.vn/unsafe/https://cms-prod.s3-sgn09.fptcloud.com/00502183_garnier_skin_naturals_bright_complete_30x_vitamin_c_booster_serum_30ml_tinh_chat_duong_sang_da_9754_6332_large_625377de5e.jpg,"Oxothiazolidinecarboxylic acid , ACETYL TRIFLUOROMETHYLPHENYL VALYLGLYCINE , Maltodextrin , Xanthan gum , Citrus Junos Fruit Extract , Citrus Limon Fruit Extract , Citric Acid , Hydrogenated Lecithin , Disodium EDTA , Tocopheryl acetate , Ammonium Polyacryloyldimethyl Taurate , Adenosine , Phenylethyl resorcinol , Phenoxyethanol , Sodium hyaluronate , Sodium Citrate , Salicylic acid , Fragrance , BHT , Isononyl Isononanoate , 3-O-ETHYL ASCORBIC ACID , BIS-PEG-18 METHYL ETHER DIMETHYL SILANE , HYDROXYETHYLPIPERAZINE ETHANE SULFONIC ACID , Niacinamide , PEG/PPG/Polybutylene Glycol-8/5/3 Glycerin , Butylene glycol , Dipropylene glycol , Alcohol , Glycerin , Aqua/ Water ",,Garnier,Hộp x 30ml,"Dược mỹ phẩm | Chăm sóc da mặt | Serum, Essence hoặc Ampoule",duoc-my-pham | duoc-my-pham/cham-soc-da-mat | duoc-my-pham/serum-essence-hoac-ampoule,True,True,50,0,https://nhathuoclongchau.com.vn/duoc-my-pham/garnier-skin-naturals-bright-complete-30x-vitamin-c-booster-serum-30ml-tinh-chat-duong-sang-da-36402.html,duoc-my-pham,300
313,00502182,TINH CHẤT GARNIER SKIN NATURALS BRIGHT COMPLETE ANTI ACNE BOOSTER SERUM LÀM SÁNG CHO DA MỤN 30ML,Tinh chất Garnier Skin Naturals Bright Complete Anti Acne Booster Serum làm sáng cho da mụn (30ml),duoc-my-pham/garnier-skin-naturals-bright-complete-anti-acne-booster-serum-30ml-tinh-chat-cham-soc-da-mun-36403.html,349000.0,Hộp,đ,https://cdn.nhathuoclongchau.com.vn/unsafe/https://cms-prod.s3-sgn09.fptcloud.com/DSC_00021_78dbe6eed3.jpg,"Fragrance , PEG-60 Hydrogenated castor oil , Phytic Acid , Lactic Acid , Citrus Limon Fruit Extract , HYDROXYETHYLPIPERAZINE ETHANE SULFONIC ACID , Hydroxyacetophenone , Hydroxypropyl guar , Ascorbyl Glucoside , Salicylic acid , Sodium hydroxide , Propanediol , Glycerin , Niacinamide , Alcohol Denat , Aqua/ Water ",,Garnier,Hộp x 30ml,"Dược mỹ phẩm | Chăm sóc da mặt | Serum, Essence hoặc Ampoule",duoc-my-pham | duoc-my-pham/cham-soc-da-mat | duoc-my-pham/serum-essence-hoac-ampoule,True,True,50,0,https://nhathuoclongchau.com.vn/duoc-my-pham/garnier-skin-naturals-bright-complete-anti-acne-booster-serum-30ml-tinh-chat-cham-soc-da-mun-36403.html,duoc-my-pham,300
314,00502160,"DUNG DỊCH VỆ SINH PHỤ NỮ PROVAG EMULSION BIOMED HỖ TRỢ ĐIỀU TRỊ VIÊM NHIỄM, KHÁNG KHUẨN 150ML","Dung dịch vệ sinh phụ nữ Provag Emulsion Biomed hỗ trợ giảm viêm nhiễm, kháng khuẩn (150ml)",duoc-my-pham/provag-emulsion-biomed-150-ml-dung-dich-ve-sinh-phu-nu.html,275000.0,Hộp,đ,https://cdn.nhathuoclongchau.com.vn/unsafe/https://cms-prod.s3-sgn09.fptcloud.com/DSC_02791_3c3bc85308.jpg,"Parfum , Caprylyl glycol , Phenethyl alcohol , Sodium Chloride , Lactic Acid , Panthenol , Allantoin , Aloe barbadensis leaf , Cocamide Dea , PEG-18 Glyceryl Oleate , Lactobacillus fermentum subsp. reuteri whole , Glycerin , Cocamidopropyl betaine , Lauryl glucoside , Aqua/ Water ",Dung dịch,Biomed,Hộp x 150ml,Dược mỹ phẩm | Chăm sóc cơ thể,duoc-my-pham | duoc-my-pham/cham-soc-co-the,True,True,50,0,https://nhathuoclongchau.com.vn/duoc-my-pham/provag-emulsion-biomed-150-ml-dung-dich-ve-sinh-phu-nu.html,duoc-my-pham,300
315,00502147,"DẦU GỘI STANHOME FAMILY EXPERT BALANCE SHAMPOO LÀM SẠCH, TRỊ GÀU VÀ GIẢM NGỨA DA ĐẦU 200ML","Dầu gội Stanhome Family Expert Balance Shampoo làm sạch, ngừa gàu và giảm ngứa da đầu (200ml)",duoc-my-pham/dau-goi-lam-sach-tri-gau-va-giam-ngua-da-dau-stanhome-family-expert-balance-shampoo-200-ml.html,400000.0,Chai,đ,https://cdn.nhathuoclongchau.com.vn/unsafe/https://cms-prod.s3-sgn09.fptcloud.com/DSC_03293_3362e54980.jpg,"Aqua , Sodium laurilsulfate , Cocamido Propyl Belaine , Cocamide Mipa , Salicylic acid , PEG-7 Glyceryl Cocoate , Piroctone Olamine , Sodium benzoate , Parfum (Fragrance) ",,Stanhome,Chai,Dược mỹ phẩm | Chăm sóc tóc - da đầu | Dầu gội dầu xả,duoc-my-pham | duoc-my-pham/cham-soc-toc-da-dau | duoc-my-pham/dau-goi-dau-xa,True,True,50,0,https://nhathuoclongchau.com.vn/duoc-my-pham/dau-goi-lam-sach-tri-gau-va-giam-ngua-da-dau-stanhome-family-expert-balance-shampoo-200-ml.html,duoc-my-pham,300
316,00502115,"NHŨ TƯƠNG BÔI ZIAJA MED 3% UREA MỀM DA, DƯỠNG ẨM 50ML","Nhũ tương bôi Ziaja Med 3% Urea mềm da, dưỡng ẩm (50ml)",thuoc/ziaja-med-mocznik-3-nhu-tuong-mem-da-3-ure-bac-ninh-50ml-36329.html,407000.0,Tuýp,đ,https://cdn.nhathuoclongchau.com.vn/unsafe/https://cms-prod.s3-sgn09.fptcloud.com/DSC_03787_c26ce8ddeb.jpg,"Aqua , Isononyl Isononanoate , Butylene Glycol Dicaprylate/Dicaprate , Glycerin , propylen glycol , Urea , Dimethicone , Cetearyl Alcohol , Glyceryl stearate , Peg-100 stearate , Potassium Cetyl Phosphate ",,Ziaja,Tuýp x 50ml,Dược mỹ phẩm | Chăm sóc cơ thể,duoc-my-pham | duoc-my-pham/cham-soc-co-the,True,True,50,0,https://nhathuoclongchau.com.vn/thuoc/ziaja-med-mocznik-3-nhu-tuong-mem-da-3-ure-bac-ninh-50ml-36329.html,duoc-my-pham,300
317,00501619,GEL RỬA MẶT CANOVA SALIPIL DETERGENTE PURIFYING CLEANSING GEL SIFARMA GEL RỬA MẶT NGỪA MỤN 150ML,Gel rửa mặt Canova Salipil Detergente Purifying Cleansing Gel Sifarma Gel rửa mặt ngừa mụn (150ml),duoc-my-pham/canova-salipil-detergente-purifying-cleansing-gel-sifarma-150-ml-gel-rua-mat-ngua-mun.html,360000.0,Tuýp,đ,https://cdn.nhathuoclongchau.com.vn/unsafe/https://cms-prod.s3-sgn09.fptcloud.com/DSC_04366_01e21caffc.jpg,"Acid Salicylic 1.5%, Papain , Hypercicum , Tea tree oil , Melaleuca Alternifolia Leaf Oil , Aqua , Cocamidopropyl betaine , Hydrogenated starch hydrolysate , Peg-40 Hydrogenated Castor Oil , Phenoxyethanol , Sodium Lauroyl Sarcosinate , Sodium cocoamphoacetate ",Gel,Sifarma,Tuýp,"Dược mỹ phẩm | Chăm sóc da mặt | Sữa rửa mặt (Kem, gel, sữa)",duoc-my-pham | duoc-my-pham/cham-soc-da-mat | duoc-my-pham/sua-rua-mat-kem-gel-sua,True,True,50,0,https://nhathuoclongchau.com.vn/duoc-my-pham/canova-salipil-detergente-purifying-cleansing-gel-sifarma-150-ml-gel-rua-mat-ngua-mun.html,duoc-my-pham,300
318,00501580,"SỮA TẮM BẢO VỆ VÀ DƯỠNG DA SECALIA SHOWER CREAM ISISPHARMA DƯỠNG ẨM, LÀM DỊU DA 200ML","Sữa tắm bảo vệ và dưỡng da Secalia Shower Cream Isispharma dưỡng ẩm, làm dịu da (200ml)",duoc-my-pham/sua-tam-bao-ve-va-duong-da-secalia-shower-cream-isispharma-200-ml-1.html,370000.0,Tuýp,đ,https://cdn.nhathuoclongchau.com.vn/unsafe/https://cms-prod.s3-sgn09.fptcloud.com/z6607880171193_b699377984f60580bae2b6e029f17eda_a6a603bcf5.jpg,"Panthenol , Superfatting agent , Sunflower oil , Vegetable GLYCERIN , INCA INCHI oil , Shea butter ",,ISIS PHARMA,Tuýp x 200ml,"Dược mỹ phẩm | Chăm sóc cơ thể | Sữa dưỡng thể, kem dưỡng thể",duoc-my-pham | duoc-my-pham/cham-soc-co-the | duoc-my-pham/duong-the,True,True,50,0,https://nhathuoclongchau.com.vn/duoc-my-pham/sua-tam-bao-ve-va-duong-da-secalia-shower-cream-isispharma-200-ml-1.html,duoc-my-pham,300
319,00501475,"KEM DƯỠNG ẨM NEUTROGENA HYDRO BOOST WATER CẤP ẨM SÂU, GIÚP DA MỀM MỊN 50G","Kem dưỡng ẩm Neutrogena Hydro Boost Water cấp ẩm sâu, giúp da mềm mịn (50g)",duoc-my-pham/kem-duong-am-neutrogena-hydro-boost-water-gel-50g-35660.html,389000.0,Hộp,đ,https://cdn.nhathuoclongchau.com.vn/unsafe/https://cms-prod.s3-sgn09.fptcloud.com/00501475_kem_duong_am_neutrogena_hydro_boost_water_gel_50g_7703_630e_large_90af6742b2.jpg,"Water purified , Dimethicone , Glycerin , Dimethicone/Vinyl Dimethicone Crosspolymer , Phenoxyethanol , Cetearyl olivate , Polyacrylamide , Sorbitan Olivat , C13-14 Isoparaffin , Dimethicone Crosspolymer , C12-14 Pareth-12 , Dimethiconol , Chlorphenesin , Yeast Extract , Carbomer , Sodium hyaluronate , Ethylhexylglycerin , Fragrance , Laureth-7 , Sodium hydroxide , CI 42090 , Trehalose ",Dạng kem,Johnson & Johnson,Hộp x 50g,Dược mỹ phẩm | Chăm sóc da mặt | Dưỡng da mặt,duoc-my-pham | duoc-my-pham/cham-soc-da-mat | duoc-my-pham/duong-da-mat,True,True,50,0,https://nhathuoclongchau.com.vn/duoc-my-pham/kem-duong-am-neutrogena-hydro-boost-water-gel-50g-35660.html,duoc-my-pham,300
320,00501473,SỮA RỬA MẶT NEUTROGENA DEEP CLEAN GENTLE FOAMING CLEANSER DƯỠNG ẨM 100G,Sữa rửa mặt Neutrogena Deep Clean Gentle Foaming Cleanser dưỡng ẩm (100g),duoc-my-pham/sua-rua-mat-duong-am-neutrogena-deep-clean-hydrating-foaming-cleanser-100g-35671.html,125000.0,Tuýp,đ,https://cdn.nhathuoclongchau.com.vn/unsafe/https://cms-prod.s3-sgn09.fptcloud.com/TUK_05895_eb1f1b2fb3.jpg,"Glycerin , Water purified , Acid Myristic , Propylene glycol , Potassium hydroxide , Lauric Acid , Cocamidopropyl , Magnesium aspartate , Ethylhexylglycerin , Palmitic Acid , Stearic acid , Beeswax , Zinc gluconate , Copper gluconate , Phenoxyethanol , Fragrance , o-Cymen-5-ol , Hydroxypropyl Starch Phosphate ",,Johnson & Johnson,Tuýp x 100g,"Dược mỹ phẩm | Chăm sóc da mặt | Sữa rửa mặt (Kem, gel, sữa)",duoc-my-pham | duoc-my-pham/cham-soc-da-mat | duoc-my-pham/sua-rua-mat-kem-gel-sua,True,True,50,0,https://nhathuoclongchau.com.vn/duoc-my-pham/sua-rua-mat-duong-am-neutrogena-deep-clean-hydrating-foaming-cleanser-100g-35671.html,duoc-my-pham,300
321,00501471,NƯỚC TẨY TRANG NEUTROGENA DEEP CLEAN MICELLAR PURIFYING WATER 400ML,Nước tẩy trang Neutrogena Deep Clean Micellar Purifying Water Johnson And Johnson (400ml),duoc-my-pham/nuoc-tay-trang-neutrogena-deep-clean-micellar-purifying-water-400ml-35679.html,220000.0,Chai,đ,https://cdn.nhathuoclongchau.com.vn/unsafe/https://cms-prod.s3-sgn09.fptcloud.com/00501471_nuoc_tay_trang_neutrogena_deep_clean_micellar_purifying_water_400ml_3645_62f2_large_70705137b7.jpg,"Peg-8 , Portulaca Oleracea Extract , Disodium EDTA , Sodium benzoate , Citric Acid , Poloxamer 407 , Butylene glycol , Polysorbate 20 , Peg-6 Caprylic , Water purified ",,Johnson & Johnson,Chai x 400ml,"Dược mỹ phẩm | Chăm sóc da mặt | Nước tẩy trang, dầu tẩy trang",duoc-my-pham | duoc-my-pham/cham-soc-da-mat | duoc-my-pham/nuoc-tay-trang,True,True,50,0,https://nhathuoclongchau.com.vn/duoc-my-pham/nuoc-tay-trang-neutrogena-deep-clean-micellar-purifying-water-400ml-35679.html,duoc-my-pham,300
322,00501045,KEM CHỐNG NẮNG DẠNG SỮA LA ROCHE-POSAY LABORATOIRE DERMATOLOGIUE ANTHELIOS UVMUNE 400 INVISIBLE FUILD 50ML,Sữa chống nắng lâu trôi La Roche-Posay Laboratoire Dermatologiue Anthelios Uvmune 400 Invisible Fuild (50ml),duoc-my-pham/la-roche-posay-laboratoire-dermatologiue-anthelios-uvmune-400-invisible-fuild-50ml-mb459200-kem-ch-35185.html,640000.0,Hộp,đ,https://cdn.nhathuoclongchau.com.vn/unsafe/https://cms-prod.s3-sgn09.fptcloud.com/00501045_la_roche_posay_laboratoire_dermatologiue_anthelios_uvmune_400_invisible_fuild_50ml_mb459200_kem_ch_9247_62cb_large_0755b08b4e.jpg,"Butyl Methoxydibenzoylmethane , Aqua/ Water , Alcohol Denat , Triethyl citrate , Diisopropyl Sebacate , Silica , Caprylyl glycol , Drometrizole trisiloxane , Hydroxyethyl cellulose , Diethylamino hydroxybenzoyl hexyl benzoate , Perlite , Trisodium Edta , Bis-ethylhexyloxyphenol Methoxyphenyl Triazine , Ethylhexyl Triazone , Ethylhexyl Salicylate , Acrylates/C10-C30 Alkyl Acrylate Crosspolymer , 1,2-Propanediol , Caprylic/capric triglyceride , glycerine , Tocopherols , Hydroxyethylacrylate , triethanolamine , Terephthalylidene dicamphor sulfonic acid ",,Laroche posay,Hộp x 50ml,Dược mỹ phẩm | Chăm sóc cơ thể | Chống nắng toàn thân,duoc-my-pham | duoc-my-pham/cham-soc-co-the | duoc-my-pham/chong-nang-toan-than,True,True,50,0,https://nhathuoclongchau.com.vn/duoc-my-pham/la-roche-posay-laboratoire-dermatologiue-anthelios-uvmune-400-invisible-fuild-50ml-mb459200-kem-ch-35185.html,duoc-my-pham,300
323,00500589,SON DƯỠNG ẨM NIVEA PEACH SHINE 4.8G DƯỠNG MÔI MỀM MẠI 4.8G,Son dưỡng ẩm Nivea Peach Shine 4.8g dưỡng môi mềm mại (4.8g),duoc-my-pham/son-duong-am-nivea-peach-shine-48g-34713.html,77000.0,Cây,đ,https://cdn.nhathuoclongchau.com.vn/unsafe/https://cms-prod.s3-sgn09.fptcloud.com/00500589_son_duong_am_nivea_peach_shine_48g_6586_62a8_large_e9f8f577f2.jpg,"Octyldodecanol , Ricinus communis seed oil , Cera alba , Bis-Diglyceryl Polyacyladipate-2 , Cocoglycerides , Butyrospermum Parkii Butter , Hydrogenated castor oil , Tocopherols , Aroma , Ascorbyl palmitate , Helianthus Annuus Seed Oil , Simmondsia Chinensis Seed Oil , Persea Gratissima Fruit Extract , CI 77891 , CI 15985 , CI 15850 ",,Nivea,Cây,Dược mỹ phẩm | Mỹ phẩm trang điểm | Son môi,duoc-my-pham | duoc-my-pham/my-pham-trang-diem | duoc-my-pham/son-moi,True,True,50,0,https://nhathuoclongchau.com.vn/duoc-my-pham/son-duong-am-nivea-peach-shine-48g-34713.html,duoc-my-pham,300
324,00500588,"SON DƯỠNG ẨM NIVEA STRAWBERRY SHINE GIÚP DƯỠNG MÔI MỊN MÀNG, CUNG CẤP ĐỘ ẨM TỰ NHIÊN 4.8G","Son dưỡng ẩm Nivea Strawberry Shine giúp dưỡng môi mịn màng, cung cấp độ ẩm tự nhiên (4.8g)",duoc-my-pham/son-duong-am-nivea-strawberry-shine-48g-34714.html,77000.0,Cây,đ,https://cdn.nhathuoclongchau.com.vn/unsafe/https://cms-prod.s3-sgn09.fptcloud.com/00500588_son_duong_am_nivea_strawberry_shine_48g_2326_62a8_large_c1553ffe1a.jpg,"Butyrospermum Parkii Butter  , Octyldodecanol  , Ricinus communis seed oil  , Cera alba  , Cocoglycerides , Bis-Diglyceryl Polyacyladipate-2 , Hydrogenated castor oil  , Ascorbyl palmitate  , Helianthus Annuus Seed Oil  , Simmondsia Chinensis Seed Oil  , Persea Gratissima Fruit Extract  , Aroma  , Tocopherols  , CI 15985 , CI 15850 ",,Nivea,Cây,Dược mỹ phẩm | Mỹ phẩm trang điểm | Son môi,duoc-my-pham | duoc-my-pham/my-pham-trang-diem | duoc-my-pham/son-moi,True,True,50,0,https://nhathuoclongchau.com.vn/duoc-my-pham/son-duong-am-nivea-strawberry-shine-48g-34714.html,duoc-my-pham,300
325,00500587,"SON DƯỠNG ẨM NIVEA ORIGINAL GIÚP DƯỠNG ẨM SÂU, LÀM MỀM MÔI 4.8G","Son dưỡng ẩm Nivea Original giúp dưỡng ẩm sâu, làm mềm môi (4.8g)",duoc-my-pham/son-duong-am-nivea-original-48g-34715.html,77000.0,Cây,đ,https://cdn.nhathuoclongchau.com.vn/unsafe/https://cms-prod.s3-sgn09.fptcloud.com/00500587_son_duong_am_nivea_original_48g_3119_62a8_large_ff3e9af46a.jpg,"Octyldodecanol , Oil, Grapeseed , Ricinus communis seed oil , Cera alba , Ethylhexyl Stearate , Cetyl palmitate , Cetearyl Alcohol , Helianthus Annuus Seed Oil , Copernicia Cerifera Cera (Copernicia Cerifera (Carnauba) Wax) , Aqua , Simmondsia Chinensis Seed Oil , Persea Gratissima Fruit Extract , Aroma , Polyglyceryl-3 Diisostearate , Butyrospermum Parkii Butter , Tocopherols ",,Nivea,Cây,Dược mỹ phẩm | Mỹ phẩm trang điểm | Son môi,duoc-my-pham | duoc-my-pham/my-pham-trang-diem | duoc-my-pham/son-moi,True,True,50,0,https://nhathuoclongchau.com.vn/duoc-my-pham/son-duong-am-nivea-original-48g-34715.html,duoc-my-pham,300
326,00500553,"XỊT KHÁNG KHUẨN DIZIGONE SPRAY TERRAPHARM GIÚP KHÁNG KHUẨN, PHỤC HỒI TỔN THƯƠNG DA 100ML","Xịt kháng khuẩn Dizigone Spray Terrapharm giúp kháng khuẩn, phục hồi tổn thương da (100ml)",duoc-my-pham/xit-khang-khuan-khu-mui-dizigone-spray-terrapharm-100-ml.html,65000.0,Hộp,đ,https://cdn.nhathuoclongchau.com.vn/unsafe/https://cms-prod.s3-sgn09.fptcloud.com/DSC_06426_708c6c79e9.jpg,"Nước tinh khiết , Sodium Chloride ",Dạng xịt,Terrapharm,Hộp 1 Chai x 100ml,Dược mỹ phẩm | Chăm sóc cơ thể,duoc-my-pham | duoc-my-pham/cham-soc-co-the,True,True,50,0,https://nhathuoclongchau.com.vn/duoc-my-pham/xit-khang-khuan-khu-mui-dizigone-spray-terrapharm-100-ml.html,duoc-my-pham,300
327,00500014,"KEM DƯỠNG ẨM ZIAJA MED 15% URÊ MỀM DA, GIẢM KHÔ 100ML","Kem dưỡng ẩm Ziaja Med 15% Urê mềm da, giảm khô (100ml)",thuoc/kem-duong-am-lam-mem-da-ziaja-med-15-urea-cream-100ml-34088.html,445000.0,Tuýp,đ,https://cdn.nhathuoclongchau.com.vn/unsafe/https://cms-prod.s3-sgn09.fptcloud.com/DSC_03750_d6ba93601b.jpg,"Aqua , Glycerin , Urea , Caprylic/capric triglyceride , Glyceryl stearate , Cetyl Ricinoleate , Paraffinum Liquidum , Cera Microcristallina (Microcrystalline Wax) , Sodium lactate , Dimethicon , Cetearyl Alcohol , Propylene glycol , Peg-100 stearate ",,Ziaja,Tuýp x 100ml,"Dược mỹ phẩm | Giải pháp làn da | Dưỡng da bị khô, thiếu ẩm",duoc-my-pham | duoc-my-pham/giai-phap-lan-da | duoc-my-pham/da-bi-kho-thieu-am,True,True,50,0,https://nhathuoclongchau.com.vn/thuoc/kem-duong-am-lam-mem-da-ziaja-med-15-urea-cream-100ml-34088.html,duoc-my-pham,300
328,00033834,"SỮA DƯỠNG DA DÀNH CHO BÉ CETAPHIL BABY DAILY LOTION WITH ORGANIC CALENDULA TINH CHẤT HOA CÚC GIÚP TĂNG CƯỜNG DƯỠNG ẨM, BẢO VỆ DA 400ML","Sữa dưỡng da dành cho bé Cetaphil Baby Daily Lotion with Organic Calendula tinh chất hoa cúc giúp tăng cường dưỡng ẩm, bảo vệ da (400ml)",duoc-my-pham/cetaphil-sua-duong-da-tre-em-tinh-chat-hoa-cuc-baby-daily-lotion-with-organic-calendula-400ml-33920.html,330000.0,Chai,đ,https://cdn.nhathuoclongchau.com.vn/unsafe/https://cms-prod.s3-sgn09.fptcloud.com/baby_calendula_daily_lotion_400ml_700ffa4b41.jpg,"Aqua , Sorbitol , Helianthus Annuus Seed Oil , Isopropyl Palmitate , Octyldodecanol , Polyglyceryl-3 Diisostearate , Glycerin , Hexyldecanol , Hexyldecyl laurat , Prunus Amygdalus Dulcis Oil , Calendula Officinalis Flower Extract , Caprylyl glycol , Carbomer , Dipropylene glycol , Disodium cocoyl glutamate , Glyceryl Caprylate , Glycine soja oil , Heliotropine , Panthenol , Parfum , Propylene glycol , Sodium hydroxide , Squalane , Tocopherol ",,Cetaphil,Chai,"Dược mỹ phẩm | Chăm sóc cơ thể | Sữa dưỡng thể, kem dưỡng thể",duoc-my-pham | duoc-my-pham/cham-soc-co-the | duoc-my-pham/duong-the,True,True,50,0,https://nhathuoclongchau.com.vn/duoc-my-pham/cetaphil-sua-duong-da-tre-em-tinh-chat-hoa-cuc-baby-daily-lotion-with-organic-calendula-400ml-33920.html,duoc-my-pham,300
329,00033759,KEM CHỐNG NẮNG DẠNG SỮA VICHY CAPITAL SOLEIL DRY TOUCH FACE FLUID SPF50 PA+++ UVA+UVB KHÔNG GÂY NHỜN RÍT 50ML,Kem chống nắng dạng sữa Vichy Capital Soleil Dry Touch Face Fluid SPF50 PA+++ UVA+UVB không gây nhờn rít (50ml),duoc-my-pham/kem-chong-nang-dang-sua-khong-gay-nhon-rit-vichy-capital-soleil-dry-touch-face-fluid-spf50-uvauvb-m-33865.html,590000.0,Tuýp,đ,https://cdn.nhathuoclongchau.com.vn/unsafe/https://cms-prod.s3-sgn09.fptcloud.com/vichy_4d95cd0f16.jpg,"Aqua , Homosalate , Silica , Ethylhexyl Salicylate , Ethylhexyl Triazone , C12-15 Alkyl Benzoate , Bis-ethylhexyloxyphenol Methoxyphenyl Triazine , Drometrizole trisiloxane , Butyl Methoxydibenzolymethane , Aluminum Starch Octenylsuccinate , Octocrylene , Glycerin , Pentylene Glycol , Styrene Acrylates Copolymer , Potassium Cetyl Phosphate , Fragrance , Caprylyl glycol , Acrylates/C10-C30 Alkyl Acrylate Crosspolymer , Aluminum hydroxide , Quế Đơn , Dimethicone , Disodium EDTA , Inulin Lauryl Carbamate , Peg-8 Laurate , Phenoxyethanol , Địa du (Rễ) , Stearic acid , Stearyl alcohol , Terephthalylidene dicamphor sulfonic acid , Titanium Dioxide-nano , Tocopherol , triethanolamine , Xanthan gum , Zingiber Officinale Extract ",,Vichy,Tuýp,Dược mỹ phẩm | Chăm sóc da mặt | Kem chống nắng da mặt,duoc-my-pham | duoc-my-pham/cham-soc-da-mat | duoc-my-pham/chong-nang-da-mat,True,True,50,0,https://nhathuoclongchau.com.vn/duoc-my-pham/kem-chong-nang-dang-sua-khong-gay-nhon-rit-vichy-capital-soleil-dry-touch-face-fluid-spf50-uvauvb-m-33865.html,duoc-my-pham,300
330,00033594,GEL CHỐNG NẮNG ANESSA PERFECT UV SUNSCREEN SKINCARE SPF50+ PA++++ 90G,Gel chống nắng Anessa Perfect UV Sunscreen Skincare SPF50+ PA++++ (90g),duoc-my-pham/chong-nang-dang-gel-anessa-perfect-uv-sunscreen-skincare-gel-n-spf50-pa-90g-10118526201vn-33697.html,575000.0,Tuýp,đ,https://cdn.nhathuoclongchau.com.vn/unsafe/https://cms-prod.s3-sgn09.fptcloud.com/DSC_08845_d707a58295.png,"Water , Alcohol , ethylhexyl methoxycinnamate , Diisopropyl Sebacate , Dimethicone , Bis-ethylhexyloxyphenol Methoxyphenyl Triazine , Ethylhexyl Triazone , Diethylamino hydroxybenzoyl hexyl benzoate , Titanium dioxide ",,ANESSA,Tuýp,Dược mỹ phẩm | Chăm sóc cơ thể | Chống nắng toàn thân,duoc-my-pham | duoc-my-pham/cham-soc-co-the | duoc-my-pham/chong-nang-toan-than,True,True,50,0,https://nhathuoclongchau.com.vn/duoc-my-pham/chong-nang-dang-gel-anessa-perfect-uv-sunscreen-skincare-gel-n-spf50-pa-90g-10118526201vn-33697.html,duoc-my-pham,300
331,00033566,"DẦU GIÓ KIMAGI AGIMEXPHARM GIẢM ĐAU, GIẢI CẢM, GIÚP THƯ GIÃN CƠ BẮP 10 CHAI X 6ML","Dầu gió Kimagi Agimexpharm giảm đau, giải cảm, giúp thư giãn cơ bắp (10 chai x 6ml)",duoc-my-pham/dau-gio-kimagi-agimexphar-6ml-10-chai-33654.html,25000.0,Chai,đ,https://cdn.nhathuoclongchau.com.vn/unsafe/https://cms-prod.s3-sgn09.fptcloud.com/00033566_dau_gio_kimagi_agimexphar_6ml_10_chai_9047_636b_large_5d3d2003eb.jpg,"Eucalyptol 2100mg, Menthol 2340mg, Methyl salicylate 258mg, Camphor 102mg",,Agimexpharm,Hộp 10 Chai x 6ml,Dược mỹ phẩm | Chăm sóc cơ thể,duoc-my-pham | duoc-my-pham/cham-soc-co-the,True,True,50,0,https://nhathuoclongchau.com.vn/duoc-my-pham/dau-gio-kimagi-agimexphar-6ml-10-chai-33654.html,duoc-my-pham,300
332,00033500,"SỮA CHỐNG NẮNG SUNPLAY SKIN AQUA TONE UP MILK LAVENDER SPF50+ PA++++ CHO MẶT, CỔ, VAI 50G","Sữa chống nắng Sunplay Skin Aqua Tone Up Milk Lavender SPF50+ PA++++ cho mặt, cổ, vai (50g)",duoc-my-pham/kem-chong-nang-dang-sua-cho-mat-co-vai-skin-aqua-tone-up-milk-lavender-50g-spf50-pa-33604.html,199000.0,Tuýp,đ,https://cdn.nhathuoclongchau.com.vn/unsafe/https://cms-prod.s3-sgn09.fptcloud.com/00033500_kem_chong_nang_dang_sua_cho_mat_co_vai_skin_aqua_tone_up_milk_lavender_50g_spf50_pa_3053_621d_large_233631dcb7.jpg,"Hydrated silica , Triethylhexyl Trimellitate , Simmondsia Chinensis Seed Oil , Dimethicone , Lauryl PEG-9 Polydimethylsiloxyethyl , Talc , Silica , Methyl Methacrylate Crosspolymer , Isononyl Isononanoate , Ethylhexyl methoxycrylene , Zinc oxide , Purified water , Cyclopentasiloxane ",,Rohto,Tuýp x 50g,Dược mỹ phẩm | Chăm sóc da mặt | Kem chống nắng da mặt,duoc-my-pham | duoc-my-pham/cham-soc-da-mat | duoc-my-pham/chong-nang-da-mat,True,True,50,0,https://nhathuoclongchau.com.vn/duoc-my-pham/kem-chong-nang-dang-sua-cho-mat-co-vai-skin-aqua-tone-up-milk-lavender-50g-spf50-pa-33604.html,duoc-my-pham,300
333,00033027,"BÁNH XÀ PHÒNG ZANTIS SOAP BAR DR.EA LÀM SẠCH DA, CHO DA DẦU VÀ DA MỤN 80G","Bánh xà phòng Zantis Soap Bar Dr.EA làm sạch da, cho da dầu và da mụn (80g)",duoc-my-pham/zantis-soap-bar-drea-80g-banh-xa-phong-lam-sach-da-cho-da-dau-va-da-mun-33148.html,105000.0,Hộp,đ,https://cdn.nhathuoclongchau.com.vn/unsafe/https://cms-prod.s3-sgn09.fptcloud.com/00033027_zantis_soap_bar_drea_80g_banh_xa_phong_lam_sach_da_cho_da_dau_va_da_mun_8274_61c4_large_6bcb041c3b.jpg,"Disodium EDTA , Disodium Etidronate , Dehydroacetic Acid , Benzoic Acid , Phenoxyethanol , Cucumis Sativus Fruit Extract , Sesamum Indicum (Sesame) Seed Oil (Sesamum Indicum) , Fragrance , Allantoin , Cocos nucifera Oil , Propylene glycol , Sodium Chloride , Lauryl glucoside , Glycerin , Salicylic acid , Glycolic acid , Sulfur , Aqua/ Water , Sodium palm kernelate , Sodium Palmate ",,Dr.EA,Hộp,Dược mỹ phẩm | Chăm sóc cơ thể,duoc-my-pham | duoc-my-pham/cham-soc-co-the,True,True,50,0,https://nhathuoclongchau.com.vn/duoc-my-pham/zantis-soap-bar-drea-80g-banh-xa-phong-lam-sach-da-cho-da-dau-va-da-mun-33148.html,duoc-my-pham,300
334,00032822,DẦU TẮM ZIAJA MED ATOPIC SKIN MỀM MỊN DA 270ML,Dầu tắm Ziaja Med Atopic Skin mềm mịn da (270ml),duoc-my-pham/ziaja-med-atopic-skin-dau-tam-mem-min-da-270ml-32934.html,458000.0,Chai,đ,https://cdn.nhathuoclongchau.com.vn/unsafe/https://cms-prod.s3-sgn09.fptcloud.com/DSC_09822_30175232fb.jpg,Aqua/ Water ,,Ziaja,Chai x 270ml,Dược mỹ phẩm | Chăm sóc cơ thể,duoc-my-pham | duoc-my-pham/cham-soc-co-the,True,True,50,0,https://nhathuoclongchau.com.vn/duoc-my-pham/ziaja-med-atopic-skin-dau-tam-mem-min-da-270ml-32934.html,duoc-my-pham,300
335,00032811,KEM DƯỠNG ẨM NIVEA HỖ TRỢ LÀM MỀM DA 50ML,Kem dưỡng ẩm Nivea hỗ trợ làm mềm da (50ml),duoc-my-pham/kem-duong-mem-da-nivea-50ml-32927.html,76000.0,Hộp,đ,https://cdn.nhathuoclongchau.com.vn/unsafe/https://cms-prod.s3-sgn09.fptcloud.com/00032811_kem_duong_mem_da_nivea_50ml_1622_62a8_large_9b75b14dd7.jpg,"Oleic Acid , Arachidic acid , Xanthan gum , Gellan Gum , Disodium Cetearyl Sulfosuccinate , Myristic acid , Cetearyl Alcohol , Palmitic Acid , Stearic acid , Phenoxyethanol , Sodium hydroxide , Parfum , Simmondsia Chinensis Seed Oil , Triisostearin , Hydrogenated Vegetable Oil , Hydroxypropyl Starch Phosphate , Hydrogenated Coco-glycerides , Prunus Amygdalus Dulcis Oil , Sorbitan Stearate , Tocopheryl acetate , Cetyl Ricinoleate , Glycerin , Aqua , Coco-Caprylate/Caprate , Myristyl Myristate , Alcohol Denat , Glyceryl stearate , Myristyl Alcohol , Cetearyl Glucoside ",,Nivea,Hộp x 50ml,"Dược mỹ phẩm | Chăm sóc cơ thể | Sữa dưỡng thể, kem dưỡng thể",duoc-my-pham | duoc-my-pham/cham-soc-co-the | duoc-my-pham/duong-the,True,True,50,0,https://nhathuoclongchau.com.vn/duoc-my-pham/kem-duong-mem-da-nivea-50ml-32927.html,duoc-my-pham,300
336,00011144,NƯỚC KHOÁNG LA ROCHE POSAY THERMAL SPRING WATER SENSITIVE SKIN GIÚP LÀM DỊU VÀ BẢO VỆ DA 150ML,Nước khoáng La Roche-Posay Thermal Spring Water Sensitive Skin giúp làm dịu và bảo vệ da (150ml),duoc-my-pham/nuoc-khoang-lam-sach-va-diu-da-la-roche-posay-211.html,335000.0,Chai,đ,https://cdn.nhathuoclongchau.com.vn/unsafe/https://cms-prod.s3-sgn09.fptcloud.com/00011144_nuoc_khoang_lam_sach_va_diu_da_la_roche_posay_4542_5c94_large_595199f1f6.jpg,"Aqua/ Water La Roche-Posay , Calcium , Bicarbonate of soda , Selenium , Zinc , cuivre , Silicates ",,Laroche posay,Chai x 50ml,Dược mỹ phẩm | Chăm sóc da mặt | Xịt khoáng,duoc-my-pham | duoc-my-pham/cham-soc-da-mat | duoc-my-pham/xit-khoang,True,True,50,0,https://nhathuoclongchau.com.vn/duoc-my-pham/nuoc-khoang-lam-sach-va-diu-da-la-roche-posay-211.html,duoc-my-pham,300
337,00013491,KEM CHỐNG NẮNG LA ROCHE-POSAY ANTHELIOS UVMUNE 400 SPF 50+ OIL CONTROL GELCREAM GIẢM BÓNG NHỜN VÀ CHỐNG UVA/UVB 50ML,Kem chống nắng La Roche-Posay Anthelios UVMune 400 SPF 50+ Oil Control Gel-Cream giảm bóng nhờn và chống UVA/UVB (50ml),duoc-my-pham/kem-chong-nang-la-roche-posay-kiem-soat-dau-spf50-585.html,590000.0,Tuýp,đ,https://cdn.nhathuoclongchau.com.vn/unsafe/https://cms-prod.s3-sgn09.fptcloud.com/lrp_anthelios_uvmune_400_oil_gel_cream_ap_bottle_packshot_front_f43835fdee.png,"Aqua , Homosalate , Silica , Octocrylene , Ethylhexyl Salicylate , Butyl Methoxydibenzoylmethane , Propylene glycol , Caprylyl glycol , P-Anisic Acid , Stearic acid , Glycerin , Drometrizole trisiloxane , Dimethicone , Acrylates , Perlite , Aluminum Starch Octenylsuccinate , Potassium Cetyl Phosphate , Pentylene Glycol , Bis-ethylhexyloxyphenol Methoxyphenyl Triazine , Ethylhexyl Triazone , Acrylates Copolymer , Titanium dioxide , Xanthan gum , Tocopherol , Zinc gluconate , Phenoxyethanol , Aluminum hydroxide , Stearyl alcohol , Scutellaria Baicalensis , Inulin Lauryl Carbamate , Peg-8 Laurate , Silica Silylate , Disodium EDTA , triethanolamine , Terephthalylidene dicamphor sulfonic acid ",,Laroche posay,Tuýp,Dược mỹ phẩm | Chăm sóc da mặt,duoc-my-pham | duoc-my-pham/cham-soc-da-mat,True,True,50,0,https://nhathuoclongchau.com.vn/duoc-my-pham/kem-chong-nang-la-roche-posay-kiem-soat-dau-spf50-585.html,duoc-my-pham,300
338,00003482,DẦU GỘI MATRIX GỘI LÀ NÂU 10 GÓI X 30ML,"Gội là nâu Matrix làm thay đổi màu tóc, che phủ tóc bạc (10 gói x 30ml)",duoc-my-pham/dau-goi-nhuom-toc-goi-la-nau-matrix-589.html,27000.0,Gói,đ,https://cdn.nhathuoclongchau.com.vn/unsafe/https://cms-prod.s3-sgn09.fptcloud.com/DSC_01372_511b772786.jpg,"Water , Sodium Laureth Sulfate , Cocamide Dea , Glycol Stearate , Sodium lauryl sulfate , Propylene glycol , p-Phenylenediamine , Resorcinol , Acrylates/Steareth-20 Methacrylate , Parfum , Ethanolamine , Phosphate , Phosphoric acid , Hydrogen peroxide , Etidronic acid , Sodium Erythorbate , Cocamido Propyl Belaine , Oxyquinoline Sulfate , m-Aminophenol ",,Matrix,Hộp 10 gói,Dược mỹ phẩm | Chăm sóc tóc - da đầu,duoc-my-pham | duoc-my-pham/cham-soc-toc-da-dau,True,True,50,0,https://nhathuoclongchau.com.vn/duoc-my-pham/dau-goi-nhuom-toc-goi-la-nau-matrix-589.html,duoc-my-pham,300
339,00013531,LĂN KHỬ MÙI AQUASELIN EXTREME FOR MEN GIÚP KHỬ MÙI CƠ THỂ DÀNH CHO NAM 50ML,Lăn khử mùi Aquaselin Extreme for Men giúp khử mùi cơ thể dành cho nam (50ml),duoc-my-pham/lan-nach-danh-cho-nam-aquaselin-594.html,286000.0,Chai,đ,https://cdn.nhathuoclongchau.com.vn/unsafe/https://cms-prod.s3-sgn09.fptcloud.com/aqueselin_1_81da86927b.jpg,"Aqua , Aluminum chlorohydrate , Steareth-21 , Octyldodecanol , Isopropyl myristate , Dipropylene glycol , Panthenol , Bisabolol , Boswellia Serrata Gum , Steareth-2 , Atllantoin ",,Aquaselin,Chai,"Dược mỹ phẩm | Chăm sóc cơ thể | Lăn khử mùi, xịt khử mùi",duoc-my-pham | duoc-my-pham/cham-soc-co-the | duoc-my-pham/khu-mui,True,True,50,0,https://nhathuoclongchau.com.vn/duoc-my-pham/lan-nach-danh-cho-nam-aquaselin-594.html,duoc-my-pham,300
340,00003481,DẦU GỘI NHUỘM ĐEN TÓC MATRIX GỘI LÀ ĐEN 10 GÓI X 25ML,Dầu gội nhuộm đen tóc Matrix gội là đen (10 gói x 25ml),duoc-my-pham/dau-goi-nhuom-toc-goi-la-den-matrix-595.html,27000.0,Gói,đ,https://cdn.nhathuoclongchau.com.vn/unsafe/https://cms-prod.s3-sgn09.fptcloud.com/DSC_01372_589af18023.jpg,"Water , Acrylates/Steareth-20 Methacrylate , Sodium Laureth Sulfate , Coconut Oil Diethanolamide , D-Isoascorbic Acid , Sodium Sulfite Amhydrous , Noni Extract , Olive Extract , Fragrance , 4-Aminophenol , Sodium lauryl sulfate , Cellulose Acetate Butyrate6 , Disodium hydrogen phosphate , Ethannolamine , Cocamido Propyl Belaine , Glyco Distearate (Parfume) , Resoreinol , 5-amino O Cresol , Ammonium Alcohol Ether Sulphate , Hydrogen Peroxide Stabilizer , Sodiumphosphate Dibasic ",,Matrix,Hộp 10 gói,Dược mỹ phẩm | Chăm sóc tóc - da đầu,duoc-my-pham | duoc-my-pham/cham-soc-toc-da-dau,True,True,50,0,https://nhathuoclongchau.com.vn/duoc-my-pham/dau-goi-nhuom-toc-goi-la-den-matrix-595.html,duoc-my-pham,300
341,00009909,SỮA TẮM NORINSE BODY BATH LÀM SẠCH DA KHÔNG CẦN DÙNG NƯỚC 473.1ML,Sữa tắm Norinse Body Bath làm sạch da không cần dùng nước (473.1ml),duoc-my-pham/sua-tam-khong-dung-nuoc-no-rinse-4731ml-599.html,256000.0,Chai,đ,https://cdn.nhathuoclongchau.com.vn/unsafe/https://cms-prod.s3-sgn09.fptcloud.com/00009909_sua_tam_khong_dung_nuoc_no_rinse_4731ml_6434_6425_large_ac149e9e4a.jpg,"Deionized , Triethanolamine Lauryl Sulfate , Propylene glycol , Cocamidopropyl betaine , Diazolidinyl urea , Methylparaben , Propylparaben , Fragrance , Citric Acid ",,Norinse,Chai,"Dược mỹ phẩm | Chăm sóc cơ thể | Sữa tắm, xà bông",duoc-my-pham | duoc-my-pham/cham-soc-co-the | duoc-my-pham/sua-tam-xa-bong,True,True,50,0,https://nhathuoclongchau.com.vn/duoc-my-pham/sua-tam-khong-dung-nuoc-no-rinse-4731ml-599.html,duoc-my-pham,300
342,00008543,KEM CHỐNG NẮNG EUCERIN SUN DRY TOUCH OIL CONTROL SPF50+ PA+++KIỂM SOÁT NHỜN 50ML,Kem chống nắng Eucerin Sun Dry Touch Oil Control SPF50+ PA+++ kiểm soát nhờn (50ml),duoc-my-pham/kem-chong-nang-eucerin-sun-protection-spf50-615.html,549000.0,Tuýp,đ,https://cdn.nhathuoclongchau.com.vn/unsafe/https://cms-prod.s3-sgn09.fptcloud.com/00008543_kem_chong_nang_eucerin_sun_protection_spf50_6202_5c8f_large_3d83b930d7.jpg,"Aqua , Homosalate , Ethylhexyl Salicylate , Octocrylene , Alcohol Denat , Tapioca Starch , Cyclomethicone , Behenyl alcohol , Cetearyl Alcohol , Methylpropanediol , Silica dimethyl silylate , Glycerin , Carnitine , Glycyrrhetinic Acid , Glycyrrhiza Inflata Root Extract , Sodium Stearoyl Glutamate , acrylates/C10-30 alkyl acrylate crosspolymer , Phenoxyethanol , Ethylhexylglycerin , Trisodium Edta , Sodium Chloride , Polymethylsilsesquioxane , Butyl Methoxydibenzolymethane , Phenylbenzimdazole Sulfonic Acid , Sodium carbomer , Xantan Gum ",,Eucerin,Tuýp,Dược mỹ phẩm | Chăm sóc da mặt | Kem chống nắng da mặt,duoc-my-pham | duoc-my-pham/cham-soc-da-mat | duoc-my-pham/chong-nang-da-mat,True,True,50,0,https://nhathuoclongchau.com.vn/duoc-my-pham/kem-chong-nang-eucerin-sun-protection-spf50-615.html,duoc-my-pham,300
343,00009825,"KEM RỬA MẶT ACNES VITAMIN ROHTO GIÚP SÁNG DA, MỜ SẸO THÂM 100G","Kem rửa mặt Acnes Vitamin Rohto giúp sáng da, mờ sẹo thâm (100g)",duoc-my-pham/sua-rua-mat-vitamin-acnes-641.html,75000.0,Tuýp,đ,https://cdn.nhathuoclongchau.com.vn/unsafe/https://cms-prod.s3-sgn09.fptcloud.com/Artboard_6_a73de99d13.png,"Water , Stearic acid , Glycerin , Butylene glycol , Myristic acid , Palmitic Acid , Methylparaben , Lauric Acid , Olive oil , Cocamidopropyl betaine , Potassium hydroxide , Fragrance , Helianthus Annuus Seed Oil , Polyquaternium-7 , BHT , Dipotassium Glycyrrhizate , EDTA sodium , Glyceryl stearate , CI 19140 , CI16035 , Palm Kernelamide DEA ",,Acnes,Tuýp x 100g,"Dược mỹ phẩm | Chăm sóc da mặt | Sữa rửa mặt (Kem, gel, sữa)",duoc-my-pham | duoc-my-pham/cham-soc-da-mat | duoc-my-pham/sua-rua-mat-kem-gel-sua,True,True,50,0,https://nhathuoclongchau.com.vn/duoc-my-pham/sua-rua-mat-vitamin-acnes-641.html,duoc-my-pham,300
344,00001792,"KEM DƯỠNG ẨM CERADAN CERAMIDE SKIN BARRIER REPAIR CREAM DÀNH DA KHÔ, DA KÍCH ỨNG 30G","Kem dưỡng ẩm Ceradan Ceramide Skin Barrier Repair Cream dành da khô, da kích ứng (30g)",duoc-my-pham/kem-duong-am-ceradan-hydrat-663.html,269000.0,Tuýp,đ,https://cdn.nhathuoclongchau.com.vn/unsafe/https://cms-prod.s3-sgn09.fptcloud.com/00001792_kem_duong_am_ceradan_hydrat_4972_62b1_large_705d2a277e.jpg,"Ceramide 0.3%, Cholesterol 0.1%, Natri hyaluronat  , Glycerin  , Nước (aqua)  , Jojoba oil  , Butylene glycol  , Cyclopentasiloxane  , Behenyl alcohol  , Glyceryl stearate  , PEG-60 Sorbitan stearate  , Cetyl alcohol  , Pentylene Glycol  , Sorbitan Stearate  , Sáp ong  , Dimethicone  , PEG-32  , PEG-6  , Phenoxyethanol  , Carbomer  , Ethylhexylglycerin  , Vitamin E  , Natri hydroxide  , Hydrogenated Polydencene  , Trideceth-12  , Gôm Xanthan  , Acid Linoleic  ",Kem bôi da,Hyphens,Tuýp,"Dược mỹ phẩm | Giải pháp làn da | Dưỡng da bị khô, thiếu ẩm",duoc-my-pham | duoc-my-pham/giai-phap-lan-da | duoc-my-pham/da-bi-kho-thieu-am,True,True,50,0,https://nhathuoclongchau.com.vn/duoc-my-pham/kem-duong-am-ceradan-hydrat-663.html,duoc-my-pham,300
345,00004315,"KEM BÔI DƯỠNG DA TAY LANA GIÚP DƯỠNG ẨM, MỀM MẠI 80G","Kem bôi dưỡng da tay Lana giúp dưỡng ẩm, mềm mại (80g)",duoc-my-pham/gel-duong-da-tay-lana-671.html,42000.0,Tuýp,đ,https://cdn.nhathuoclongchau.com.vn/unsafe/https://cms-prod.s3-sgn09.fptcloud.com/lana_44c03e27fc.jpg,"Aqua , Stearic acid , Glycerin , Palmitic Acid , Glyceryl stearate , Ceteareth 20 , Cetyl palmitate , Aloe barbadensis leaf extract , Cucumis Sativus Fruit Extract , Camellia Sinensis Leaf Extract , Pyrus Malus (Apple) Fruit Extract , Solanum Lycopersicum Fruit Extract , Persea Gratissima Fruit Extract , Chrysanthemum Indicum Flower Extract , Cetyl alcohol , Stearyl alcohol , Ceteareth-12 , Propylene glycol , Myristic acid , Phenoxyethanol , Decylene Glycol , Fragrance , Benzoic Acid , DMDM Hydantoin , Chlorphenesin , BHT , Helianthus Annuus Seed Oil , Olea Europaea Fruit Oil , Dimethicone , Ethylhexylglycerin , Tremella Fuciformis Extract ",,Lana,Tuýp,"Dược mỹ phẩm | Chăm sóc cơ thể | Kem dưỡng da tay, chân",duoc-my-pham | duoc-my-pham/cham-soc-co-the | duoc-my-pham/duong-tay-chan,True,True,50,0,https://nhathuoclongchau.com.vn/duoc-my-pham/gel-duong-da-tay-lana-671.html,duoc-my-pham,300
346,00007069,SỮA CHỐNG NẮNG SUNPLAY BABY MILD SPF35 PA++ ROHTO CHO BÉ VÀ DA NHẠY CẢM 30G,Sữa chống nắng Sunplay Baby Mild SPF35 PA++ Rohto cho bé và da nhạy cảm (30g),duoc-my-pham/kem-chong-nang-tre-em-sunplay-673.html,102000.0,Tuýp,đ,https://cdn.nhathuoclongchau.com.vn/unsafe/https://cms-prod.s3-sgn09.fptcloud.com/00007069_kem_chong_nang_tre_em_sunplay_8466_5caf_large_6fc0f88b88.jpg,Aqua/ Water ,,Sunplay,Tuýp,Dược mỹ phẩm | Chăm sóc cơ thể | Chống nắng toàn thân,duoc-my-pham | duoc-my-pham/cham-soc-co-the | duoc-my-pham/chong-nang-toan-than,True,True,50,0,https://nhathuoclongchau.com.vn/duoc-my-pham/kem-chong-nang-tre-em-sunplay-673.html,duoc-my-pham,300
347,00001815,"KEM BÔI CETAPHIL MOISTURIZING CREAM FACE VÀ BODY DƯỠNG ẨM, LÀM MỀM MỊN DA CHO MẶT VÀ TOÀN THÂN 50G","Kem bôi Cetaphil Moisturizing Cream Face và Body dưỡng ẩm, làm mềm mịn da cho mặt và toàn thân (50g)",duoc-my-pham/kem-duong-am-cetaphil-cho-da-kho-va-nhay-cam-676.html,230000.0,Chai,đ,https://cdn.nhathuoclongchau.com.vn/unsafe/https://cms-prod.s3-sgn09.fptcloud.com/052408_Cetaphil_US_Moisturizing_Cream_3oz_CLEAR_pack_2a5072c450.png,"Aqua , Glycerin , Paraffinum Liquidum , Dicaprylyl Ether , Glyceryl stearate , Dimethicone , Cetyl alcohol , Benzyl alcohol , acrylates/C10-30 alkyl acrylate crosspolymer , Disodium EDTA, anhydrous , Methylparaben , Propylene glycol , Propylparaben , Sodium hydroxide , Tocopherol , Tocopheryl acetate , Prunus Amygdalus Dulcis Oil , PEG-30 Stearate , Dimethiconol , Glyceryl Acrylate , Acrylic Acid Copolymer ",Dạng kem,Cetaphil,Chai x 50g,"Dược mỹ phẩm | Chăm sóc cơ thể | Sữa dưỡng thể, kem dưỡng thể",duoc-my-pham | duoc-my-pham/cham-soc-co-the | duoc-my-pham/duong-the,True,True,50,0,https://nhathuoclongchau.com.vn/duoc-my-pham/kem-duong-am-cetaphil-cho-da-kho-va-nhay-cam-676.html,duoc-my-pham,300
348,00007071,SỮA CHỐNG NẮNG SUNPLAY SUPER BLOCK SPF81 ROHTO NGĂN SẠM DA VÀ BẢO VỆ VƯỢT TRỘI 30G,Sữa chống nắng Sunplay Super Block SPF81 Rohto ngăn sạm da và bảo vệ vượt trội (30g),duoc-my-pham/kem-chong-nang-sunplay-super-block-spf-81-692.html,108000.0,Tuýp,đ,https://cdn.nhathuoclongchau.com.vn/unsafe/https://cms-prod.s3-sgn09.fptcloud.com/00007071_kem_chong_nang_sunplay_super_block_spf_81_6635_62af_large_c72a2728e9.jpg,"Cyclopentasiloxane , Water , ethylhexyl methoxycinnamate , Zinc oxide , Triethylhexanoin , Butylene glycol , Titanium dioxide , Methyl Methacrylate Crosspolymer , Diethylamino hydroxybenzoyl hexyl benzoate , Hydrated silica , Glycerin , Polymethylsilsesquioxane , Tocopheryl acetate , Panthenol , Sodium hyaluronate , Dipotassium Glycyrrhizate , 1,2-Hexanediol , Aluminum hydroxide , Disodium EDTA , Methylparaben , Trimethylsiloxysilicate , PPG-10 Methyl Glucose Ether , Lauryl PEG-9 Polydimethylsiloxyethyl , Dimethicone , Magnesium Ascorbyl Phosphate , Hydrogen Dimethicone , Polyglyceryl-2 Triisostearate , Vinyl Dimethicone/Lauryl Dimethicone Crosspolymer ",,Sunplay,Tuýp,Dược mỹ phẩm | Chăm sóc cơ thể | Chống nắng toàn thân,duoc-my-pham | duoc-my-pham/cham-soc-co-the | duoc-my-pham/chong-nang-toan-than,True,True,50,0,https://nhathuoclongchau.com.vn/duoc-my-pham/kem-chong-nang-sunplay-super-block-spf-81-692.html,duoc-my-pham,300
349,00008290,"XỊT KHỬ MÙI ZUCHI HOA LINH NGĂN NGỪA HÔI NÁCH, HÔI CHÂN 20ML","Xịt khử mùi Zuchi Hoa Linh ngăn ngừa hôi nách, hôi chân (20ml)",duoc-my-pham/khu-mui-mo-hoi-dang-xit-zuchi-693.html,24000.0,Chai,đ,https://cdn.nhathuoclongchau.com.vn/unsafe/https://cms-prod.s3-sgn09.fptcloud.com/00008290_khu_mui_mo_hoi_dang_xit_zuchi_2237_5b16_large_5be3fc16f9.JPG,"Purified water , Aluminum chlorohydrate , propylen glycol , Benzalkonium Chloride , Tocopherol , Calci pantothenat , Ceteareth 20 , Fragrance ",Dạng xịt,Hoa Linh,Chai x 20ml,"Dược mỹ phẩm | Chăm sóc cơ thể | Lăn khử mùi, xịt khử mùi",duoc-my-pham | duoc-my-pham/cham-soc-co-the | duoc-my-pham/khu-mui,True,True,50,0,https://nhathuoclongchau.com.vn/duoc-my-pham/khu-mui-mo-hoi-dang-xit-zuchi-693.html,duoc-my-pham,300
350,00003137,KEM BÔI FOOTGEL LANA CHỐNG NỨT NẺ DA CHÂN 50G,Kem bôi Footgel Lana chống nứt nẻ da chân (50g),duoc-my-pham/kem-duong-da-chan-footgel-classic-695.html,42000.0,Tuýp,đ,https://cdn.nhathuoclongchau.com.vn/unsafe/https://cms-prod.s3-sgn09.fptcloud.com/footgel_1_3cd190ca3d.jpg,"Aqua , Stearic acid , Glycerin , Palmitic Acid , Ceteareth 20 , Curcuma Longa Extract , Cetyl palmitate , Aloe barbadensis leaf extract , Glyceryl stearate , Benzoic Acid , Cetyl alcohol , Myristic acid , propylen glycol , Stearyl alcohol , Fragrance , Camellia Sinensis Leaf Extract , Tremella Fuciformis , Phenoxethanol , DMDM Hydantoin , BHT , Pyrus Malus (Apple) Fruit Extract , Ethylhexylglycerin , Olea europaea pollen , Dimethicone , Helianthus Annuus Seed Oil ",,Lana,Tuýp,"Dược mỹ phẩm | Chăm sóc cơ thể | Kem dưỡng da tay, chân",duoc-my-pham | duoc-my-pham/cham-soc-co-the | duoc-my-pham/duong-tay-chan,True,True,50,0,https://nhathuoclongchau.com.vn/duoc-my-pham/kem-duong-da-chan-footgel-classic-695.html,duoc-my-pham,300
351,00009649,"KEM BÔI ATOPALM I.M. CREAM DƯỠNG ẨM ĐẶC TRỊ CHÀM, VIÊM DA CƠ ĐỊA 30ML",Kem bôi Atopalm I.M. Cream dưỡng ẩm hỗ trợ cải thiện tình trạng chàm và viêm da cơ địa (30ml),duoc-my-pham/kem-duong-am-phuc-hoi-da-atopalm-788.html,265000.0,Tuýp,đ,https://cdn.nhathuoclongchau.com.vn/unsafe/https://cms-prod.s3-sgn09.fptcloud.com/00009649_kem_duong_am_phuc_hoi_da_atopalm_5340_5cda_large_a67dd27d13.jpg,"Water , Glycerin , Propanediol , Cetearyl Alcohol , Caprylic triglyceride , Glyceryl stearate , Vitis Vinifera Seed Oil , Sorbitan Stearate , Portulaca Oleracea Extract , Dimethicone , Hydrogenated Vegetable Oil , Olive oil , Tocopheryl acetate , Simmondsia Chinensis Seed Oil , Sodium hyaluronate , Phytosterols , Carbomer , Caprylyl glycol , Arginine , Allantoin , Fragrance , Tá dược vừa đủ ",,ATOPALM,Tuýp x 30ml,"Dược mỹ phẩm | Giải pháp làn da | Dưỡng da bị khô, thiếu ẩm",duoc-my-pham | duoc-my-pham/giai-phap-lan-da | duoc-my-pham/da-bi-kho-thieu-am,True,True,50,0,https://nhathuoclongchau.com.vn/duoc-my-pham/kem-duong-am-phuc-hoi-da-atopalm-788.html,duoc-my-pham,300
352,00008550,SỮA DƯỠNG THỂ EUCERIN PH5 LOTION DƯỠNG ẨM DỊU NHẸ DÀNH CHO DA NHẠY CẢM 250ML,Sữa dưỡng thể Eucerin pH5 Lotion dưỡng ẩm dịu nhẹ dành cho da nhạy cảm (250ml),duoc-my-pham/sua-duong-the-eucerin-ph5-danh-cho-da-nhay-cam-883.html,231000.0,Chai,đ,https://cdn.nhathuoclongchau.com.vn/unsafe/https://cms-prod.s3-sgn09.fptcloud.com/00008550_sua_duong_the_eucerin_ph5_danh_cho_da_nhay_cam_2245_62af_large_20f79c3691.jpg,"Aqua , glycerine , Panthenol , Cetyl palmitate , Cetyl alcohol , Hydrogenated Coco-glycerides , Polybutene , Glyceryl stearate SE , Citric Acid , Sodium Citrate , Tocopheryl acetate , Sorbitan Stearate , Sodium cetearyl sulfate , Stearyl alcohol , Dimethicone , Carbomer , Sodium hydroxide , Tapioca Starch , Trisodium Edta , Pentylene Glycol , Caprylyl glycol , Phenoxyethanol , Benzyl alcohol , BHT , Parfum , C15-19 Alkane , Caprylic-Capric-Triglyceride ",,Eucerin,Chai,Dược mỹ phẩm | Chăm sóc cơ thể,duoc-my-pham | duoc-my-pham/cham-soc-co-the,True,True,50,0,https://nhathuoclongchau.com.vn/duoc-my-pham/sua-duong-the-eucerin-ph5-danh-cho-da-nhay-cam-883.html,duoc-my-pham,300
353,00000533,KEM BÔI A-DERMA DERMALIBOUR+ CRÈME SÁT KHUẨN PHỤC HỒI DA 50ML,Kem bôi A-Derma Dermalibour+ Crème sát khuẩn phục hồi da (50ml),duoc-my-pham/kem-phuc-hoi-lam-diu-da-a-derma-934.html,417000.0,Hộp,đ,https://cdn.nhathuoclongchau.com.vn/unsafe/https://cms-prod.s3-sgn09.fptcloud.com/00000533_99bc1de73e.jpg,"Aqua , Mineral oil , Capric Triglyceride , Glycerin , Hydrogenated Vegetable Oil , Zinc oxide , Propylene glycol , Avena Sativa (oat) kernel flour , Avena Sativa (oat) kernel meal , Copper sulfate , Magnesium sulfate , Zinc sulfate ",Dạng kem,A-DERMA,Hộp x 50ml,Dược mỹ phẩm | Chăm sóc cơ thể,duoc-my-pham | duoc-my-pham/cham-soc-co-the,True,True,50,0,https://nhathuoclongchau.com.vn/duoc-my-pham/kem-phuc-hoi-lam-diu-da-a-derma-934.html,duoc-my-pham,300
354,00014288,KEM DƯỠNG ẨM FIXDERMA MOISTURIZING CHO DA MỀM MỊN VÀ KHỎE MẠNH 60G,Kem dưỡng ẩm Fixderma Moisturizing cho da mềm mịn và khỏe mạnh (60g),duoc-my-pham/kem-duong-am-cho-da-fixderma-957.html,259000.0,Tuýp,đ,https://cdn.nhathuoclongchau.com.vn/unsafe/https://cms-prod.s3-sgn09.fptcloud.com/00014288_kem_duong_am_cho_da_fixderma_1242_5c88_large_cec047800a.jpg,"Aqua , Urea , Lactic Acid , Paraffinum Liquidum , Cetearyl Alcohol , Emulsifying Wax , Almond oil , Stearic acid , Glycerol , Cyclopentasiloxane , Phenoxyethanol , Ethylhexyl Glycerin , Allantoin , Tocopheryl acetate , Aloe barbadensis leaf juice , Fragrance ",,Fixderma,Tuýp,Dược mỹ phẩm | Chăm sóc da mặt | Dưỡng da mặt,duoc-my-pham | duoc-my-pham/cham-soc-da-mat | duoc-my-pham/duong-da-mat,True,True,50,0,https://nhathuoclongchau.com.vn/duoc-my-pham/kem-duong-am-cho-da-fixderma-957.html,duoc-my-pham,300
355,00005018,"KEM BÔI ISIS MOTHERCARE TRỊ KHÔ MÔI, NỨT NÚM VÚ 15ML","Kem Isis Pharma Mothercare dưỡng ẩm, giảm khô môi, chàm môi, nứt núm vú (15ml)",duoc-my-pham/kem-duong-am-giam-kho-moi-nut-num-vu-mothercare-968.html,270000.0,Tuýp,đ,https://cdn.nhathuoclongchau.com.vn/unsafe/https://cms-prod.s3-sgn09.fptcloud.com/00005018_kem_duong_am_giam_kho_moi_nut_num_vu_mothercare_7777_63c6_large_7b6dd46f42.jpg,Lanolin 100%,,ISIS PHARMA,Tuýp,Dược mỹ phẩm | Chăm sóc cơ thể | Chăm sóc ngực,duoc-my-pham | duoc-my-pham/cham-soc-co-the | duoc-my-pham/cham-soc-nguc,True,True,50,0,https://nhathuoclongchau.com.vn/duoc-my-pham/kem-duong-am-giam-kho-moi-nut-num-vu-mothercare-968.html,duoc-my-pham,300
356,00007707,"GEL RỬA MẶT URIAGE HYSÉAC GEL NETTOYANT CHO DA DẦU, DA MỤN, DA HỖN HỢP 150ML","Gel rửa mặt Uriage Hyséac Gel Nettoyant cho da dầu, da mụn, da hỗn hợp (150ml)",duoc-my-pham/gel-rua-mat-danh-cho-da-dau-mun-uriage-150ml-975.html,395000.0,Tuýp,đ,https://cdn.nhathuoclongchau.com.vn/unsafe/https://cms-prod.s3-sgn09.fptcloud.com/DSC_08187_ded6fae067.jpg,"Aqua , Sodium Laureth Sulfate , Sodium cocoamphoacetate , Coco-Glucoside , Glyceryl oleate , Sodium methyl cocoyl taurate , Glycine , Sodium Chloride , Citric Acid , Piroctone Olamine , Parfum , Phenoxyethanol , Peg-80 Glyceryl Cocoate , Ppg-2 Hydroxyethyl Cocamide , Sodium Laureth-8 Sulfate , Peg-2 Hydroxyethyl Coco-isostearamide , Sodium Oleth Sulfate , Magnesium Laureth Sulfate , Bepilobium Angustifolium Extract , Sodium Metabisulfite ",,Uriage,Tuýp,"Dược mỹ phẩm | Chăm sóc da mặt | Sữa rửa mặt (Kem, gel, sữa)",duoc-my-pham | duoc-my-pham/cham-soc-da-mat | duoc-my-pham/sua-rua-mat-kem-gel-sua,True,True,50,0,https://nhathuoclongchau.com.vn/duoc-my-pham/gel-rua-mat-danh-cho-da-dau-mun-uriage-150ml-975.html,duoc-my-pham,300
357,00008049,KEM BÔI ISIS VITISKIN KEM ĐIỀU TRỊ BẠCH BIẾN 50ML,Kem bôi Isis Vitiskin hỗ trợ cải thiện tình trạng bạch biến (50ml),duoc-my-pham/kem-ho-tro-dieu-tri-bach-bien-isis-pharma-vitiskin-980.html,880000.0,Tuýp,đ,https://cdn.nhathuoclongchau.com.vn/unsafe/https://cms-prod.s3-sgn09.fptcloud.com/00008049_e3a1a13aca.jpg,"Aqua , Alcohol Denat , Butylene glycol , Caprylyl glycol , Disodium EDTA, anhydrous , Calcium Pantothenate , Sodium bicarbonate , Cyanocobalamin , Magnesium aspartate , Zinc gluconate , Phenoxyethanol , Tromethamine , Copper gluconate , Polyacrylamide , C-13-14 Isoparaffin , Laureth-7 , Dipropylens Glycol , Sodium thiosulfate , Glyceryl Caprylate , Pentylene Glycol , Superoxide Dismutase ",,ISIS PHARMA,Tuýp x 50ml,Dược mỹ phẩm | Giải pháp làn da,duoc-my-pham | duoc-my-pham/giai-phap-lan-da,True,True,50,0,https://nhathuoclongchau.com.vn/duoc-my-pham/kem-ho-tro-dieu-tri-bach-bien-isis-pharma-vitiskin-980.html,duoc-my-pham,300
358,00003995,KEM DƯỠNG ẨM ISIS SENSYLIA 24H CREME HYDRATANTE FORTIFIANTE CHO DA THƯỜNG ĐẾN DA KHÔ 40ML,Kem dưỡng ẩm Isis Sensylia 24h Crème Hydratante Fortifiante cho da thường đến da khô (40ml),duoc-my-pham/kem-duong-am-da-isis-sensylia-24h-983.html,500000.0,Tuýp,đ,https://cdn.nhathuoclongchau.com.vn/unsafe/https://cms-prod.s3-sgn09.fptcloud.com/smalls/620fb856ae7b3ca501d70273cca77726_jpg_720x720q80_9c20c24c8b.jpg,Aqua/ Water ,,ISIS PHARMA,Tuýp x 40ml,"Dược mỹ phẩm | Chăm sóc cơ thể | Sữa dưỡng thể, kem dưỡng thể",duoc-my-pham | duoc-my-pham/cham-soc-co-the | duoc-my-pham/duong-the,True,True,50,0,https://nhathuoclongchau.com.vn/duoc-my-pham/kem-duong-am-da-isis-sensylia-24h-983.html,duoc-my-pham,300
359,00008349,"GEL RỬA MẶT ISIS TEEN DERM NGĂN NGỪA MỤN, GIẢM NHỜN 250ML","Gel rửa mặt Isis Teen Derm ngăn ngừa mụn, giảm nhờn (250ml)",duoc-my-pham/gel-rua-mat-giam-nhon-ngua-mun-teenderm-250ml-987.html,425000.0,Chai,đ,https://cdn.nhathuoclongchau.com.vn/unsafe/https://cms-prod.s3-sgn09.fptcloud.com/00008349_gel_rua_mat_giam_nhon_ngua_mun_teenderm_250ml_1649_62ae_large_539dc2f159.JPG,"Aqua , PEG-40 , Silica , PEG-7 Glyceryl Cocoate , Gluconolactone , Salicylic acid , Polyethylene , Sodium hydroxide , Chlorphenesin , Peg-40 Hydrogenated Castor Oil , Parfum , Caprylyl glycol , Zinc PCA , ethylhexyl methoxycinnamate , Ethylhexyl Salicylate , Xylitol , Aluminum hydroxide , Dipropylene glycol , Sodium lauroyl oat amino acids , Disosium Edta , Copper PCA , Xylitylglucoside , Butyl methixydibenzoymethane , Anhydroxylitol , Butyl Avocadate , CI 42090 , Boswelia Serrata Resin Extract , Sodium Cocoamphoagetate , Glyceryl cocoate , Peg-200 Hydrogenated Glyceryl Palmate , Sodium Coceth Sunfate , Glyceryl Cappylate , Chondrus Crispus (Carrageenan) powder , PPG-26-Buteth-26 , Hydroxypropyl guar ",,ISIS PHARMA,Chai,"Dược mỹ phẩm | Chăm sóc da mặt | Sữa rửa mặt (Kem, gel, sữa)",duoc-my-pham | duoc-my-pham/cham-soc-da-mat | duoc-my-pham/sua-rua-mat-kem-gel-sua,True,True,50,0,https://nhathuoclongchau.com.vn/duoc-my-pham/gel-rua-mat-giam-nhon-ngua-mun-teenderm-250ml-987.html,duoc-my-pham,300
360,00014900,KEM DƯỠNG ISIS TEEN DERM ALPHA PURE GIẢM MỤN TRỨNG CÁ 30ML,Kem dưỡng Isis Teen Derm Alpha Pure giảm mụn trứng cá (30ml),duoc-my-pham/kem-tri-mun-trung-ca-teenderm-a-pure-988.html,360000.0,Tuýp,đ,https://cdn.nhathuoclongchau.com.vn/unsafe/https://cms-prod.s3-sgn09.fptcloud.com/00014900_kem_tri_mun_trung_ca_teenderm_a_pure_1569_62ba_large_bed5a9e2df.jpg,"Salicylic acid  , 5 alpha Avocuta  , Boswellia extract  , Saniskin  , Glucose + natural Xylitol  ",,ISIS PHARMA,Tuýp,"Dược mỹ phẩm | Giải pháp làn da | Kem hỗ trợ giảm mụn, gel hỗ trợ giảm mụn",duoc-my-pham | duoc-my-pham/giai-phap-lan-da | duoc-my-pham/da-mun,True,True,50,0,https://nhathuoclongchau.com.vn/duoc-my-pham/kem-tri-mun-trung-ca-teenderm-a-pure-988.html,duoc-my-pham,300
361,00003670,"KEM DƯỠNG GÓT CHÂN HEEL BALM BRIDGE GIẢM NỨT, DƯỠNG ẨM DA 75G","Kem dưỡng gót chân Heel Balm Bridge giảm nứt, dưỡng ẩm da (75g)",duoc-my-pham/heel-balm-75g-3511.html,185000.0,Tuýp,đ,https://cdn.nhathuoclongchau.com.vn/unsafe/https://cms-prod.s3-sgn09.fptcloud.com/00003670_heel_balm_75g_3660_63d7_large_0851ec4d86.jpg,"Acid lactic , Carbomer , Cetyl alcohol , Dầu khoáng , Diazolidinyl urea , Glyceryl stearate , Isopropyl Palmitate , Lanolin , Nước tinh khiết , Sodium hydroxide , Sodium PCA 2-Phenoxyethanol , Urea ",,Bridge Healthcare,Tuýp,"Dược mỹ phẩm | Chăm sóc cơ thể | Kem dưỡng da tay, chân",duoc-my-pham | duoc-my-pham/cham-soc-co-the | duoc-my-pham/duong-tay-chan,True,True,50,0,https://nhathuoclongchau.com.vn/duoc-my-pham/heel-balm-75g-3511.html,duoc-my-pham,300
362,00016490,"SỮA RỬA MẶT FIXDERMA NON DRYING CLEANSER LÀM SẠCH SÂU CHO DA NHỜN, DA NHẠY CẢM, DA MỤN 60G","Sữa rửa mặt Fixderma Non-Drying Cleanser làm sạch sâu cho da nhờn, da nhạy cảm, da mụn (60g)",duoc-my-pham/fixderma-non-drying-cleanser-60g21oz-unison-14213.html,234000.0,Hộp,đ,https://cdn.nhathuoclongchau.com.vn/unsafe/https://cms-prod.s3-sgn09.fptcloud.com/00016490_fixderma_non_drying_cleanser_60g21oz_unison_4940_62bd_large_34e7293510.jpg,"Aqua  , Propylene glycol  , Cetearyl Alcohol  , Lactic Acid  , triethanolamine  , Phenoxyethanol  , Ethylhexylglycerin  , Sodium lauryl sulfate  , Sodium PCA 2-Phenoxyethanol  , Xanthan gum  , Allantoin  , Disodium EDTA  , Fragrance  ",,Fixderma,Hộp x 60g,"Dược mỹ phẩm | Chăm sóc da mặt | Sữa rửa mặt (Kem, gel, sữa)",duoc-my-pham | duoc-my-pham/cham-soc-da-mat | duoc-my-pham/sua-rua-mat-kem-gel-sua,True,True,50,0,https://nhathuoclongchau.com.vn/duoc-my-pham/fixderma-non-drying-cleanser-60g21oz-unison-14213.html,duoc-my-pham,300
363,00016438,"GEL TẮM LOTURELLE GENTLE CLEANSING GEL HOA SEN LÀM SẠCH, DƯỠNG ẨM, DỊU DA 250ML","Gel tắm Loturelle Gentle Cleansing Gel hoa sen làm sạch, dưỡng ẩm, dịu da (250ml)",duoc-my-pham/loturelle-gentle-cleansing-gel-250ml-14264.html,157000.0,Hộp,đ,https://cdn.nhathuoclongchau.com.vn/unsafe/https://cms-prod.s3-sgn09.fptcloud.com/00016438_loturelle_gentle_cleansing_gel_250ml_8038_5c91_large_771bb7f480.jpg,Aqua ,,Hoa sen,Hộp x 50ml,"Dược mỹ phẩm | Chăm sóc cơ thể | Sữa tắm, xà bông",duoc-my-pham | duoc-my-pham/cham-soc-co-the | duoc-my-pham/sua-tam-xa-bong,True,True,50,0,https://nhathuoclongchau.com.vn/duoc-my-pham/loturelle-gentle-cleansing-gel-250ml-14264.html,duoc-my-pham,300
364,00016278,"DẦU GỘI RADICAL MED ANTI HAIR LOSS SHAMPOO HỖ TRỢ NGĂN RỤNG TÓC, KÍCH THÍCH MỌC TÓC 300ML","Dầu gội Radical Med Anti Hair Loss Shampoo hỗ trợ ngăn rụng tóc, kích thích mọc tóc (300ml)",duoc-my-pham/dau-goi-radical-med-anti-hair-loss-shampoo-300ml-14419.html,485000.0,Chai,đ,https://cdn.nhathuoclongchau.com.vn/unsafe/https://cms-prod.s3-sgn09.fptcloud.com/DSC_02484_9e5265898a.jpg,"Cỏ đuôi ngựa , Cocamidopropyl betaine , Provitamin B5 ",Dung dịch,FARMONA,Chai,Dược mỹ phẩm | Chăm sóc tóc - da đầu | Dầu gội dầu xả,duoc-my-pham | duoc-my-pham/cham-soc-toc-da-dau | duoc-my-pham/dau-goi-dau-xa,True,True,50,0,https://nhathuoclongchau.com.vn/duoc-my-pham/dau-goi-radical-med-anti-hair-loss-shampoo-300ml-14419.html,duoc-my-pham,300
365,00016213,GEL RỬA MẶT TẠO BỌT LA ROCHE POSAY EFFACLAR LÀM SẠCH CHO DA DẦU NHẠY CẢM 50ML,Gel rửa mặt tạo bọt La Roche-Posay Effaclar làm sạch cho da dầu nhạy cảm (50ml),duoc-my-pham/laroche-posay-effaclar-50ml-m2980801-14483.html,225000.0,Tuýp,đ,https://cdn.nhathuoclongchau.com.vn/unsafe/https://cms-prod.s3-sgn09.fptcloud.com/00016213_laroche_posay_effaclar_50ml_m2980801_1639_62af_large_a36b6e9221.jpg,"Aqua , Sodium Laureth Sulfate , Peg-8 , Coco-betaine , Hexylene glycol , Sodium Chloride , Caprylyl glycol , Citric Acid , Phenoxyethanol , Sodium hydroxide , Sodium benzoate , Peg-120 Methyl Glucose Dioleate , Zinc PCA , Parfum (Fragrance) ",,Laroche posay,Tuýp,Dược mỹ phẩm | Chăm sóc da mặt,duoc-my-pham | duoc-my-pham/cham-soc-da-mat,True,True,50,0,https://nhathuoclongchau.com.vn/duoc-my-pham/laroche-posay-effaclar-50ml-m2980801-14483.html,duoc-my-pham,300
366,00015096,"GEL BÔI CHO TRẺ EM KIN BABY TEETHING HỖ TRỢ GIẢM ĐAU KHI MỌC RĂNG , GIẢM SƯNG NƯỚU 30ML","Gel bôi cho trẻ em Kin Baby Teething hỗ trợ giảm đau khi mọc răng, giảm sưng nướu (30ml)",duoc-my-pham/gel-boi-cho-tre-em-kin-baby-teething-ho-tro-giam-dau-khi-moc-rang-giam-sung-nuou-30-ml.html,160000.0,Tuýp,đ,https://cdn.nhathuoclongchau.com.vn/unsafe/https://cms-prod.s3-sgn09.fptcloud.com/00015096_kin_baby_teething_gel_30ml30mg_9891_5b63_large_f4a3dec4bf.JPG,"Aqua , Sorbitol , Propylene glycol , Chamomilla Recutita (Matricaria) Flower Extract , Salvia officinalis , Carbomer , Panthenol , Sodium hydroxide , Dichlorobenzyl alcohol , Sodium saccharin , Disodium EDTA , 2-Bromo-2-nitropropane-1,3-diol , PEG-60 Hydrogenated castor oil , potassium acesulfanem aroma , Ammonium glycyrrhizate ",,Kin,Tuýp,Dược mỹ phẩm,duoc-my-pham,True,True,50,0,https://nhathuoclongchau.com.vn/duoc-my-pham/gel-boi-cho-tre-em-kin-baby-teething-ho-tro-giam-dau-khi-moc-rang-giam-sung-nuou-30-ml.html,duoc-my-pham,300
367,00014887,KEM BÔI BLEMISH CONTROL JEAN DARCEL LÀM GIẢM MỤN 30ML,Kem bôi Blemish Control Jean d'Arcel làm giảm mụn (30ml),duoc-my-pham/blemish-control-30ml-kem-lam-giam-mun-15298.html,515000.0,Tuýp,đ,https://cdn.nhathuoclongchau.com.vn/unsafe/https://cms-prod.s3-sgn09.fptcloud.com/DSC_04732_087c1d8135.jpg,"Aqua , Glycerin , Squalane , C12-15 Alkyl Benzoate , Di-C12-13 Alkyl Malate , Butylene glycol , Cetearyl Alcohol ",,Jean D’Arcel,Tuýp x 30ml,Dược mỹ phẩm | Chăm sóc da mặt,duoc-my-pham | duoc-my-pham/cham-soc-da-mat,True,True,50,0,https://nhathuoclongchau.com.vn/duoc-my-pham/blemish-control-30ml-kem-lam-giam-mun-15298.html,duoc-my-pham,300
368,00014847,LĂN KHỬ MÙI AQUASELIN INTENSIVE WOMEN GIẢM TIẾT MỒ HÔI DÀNH CHO NỮ 50ML,Lăn khử mùi Aquaselin Intensive Women giảm tiết mồ hôi dành cho nữ (50ml),duoc-my-pham/aquaselin-intensive-women-50ml-15337.html,286000.0,Hộp,đ,https://cdn.nhathuoclongchau.com.vn/unsafe/https://cms-prod.s3-sgn09.fptcloud.com/aqueselin_2_870c163d3c.jpg,"Aqua , Aluminum chlorohydrate , Steareth-2 , Octyldodecanol , Isopropyl myristate , Dipropylene glycol , Panthenol , Bisabolol , Allantoin , Boswellia Serrata Gum , Steareth-21 ",,Aquaselin,Hộp,"Dược mỹ phẩm | Chăm sóc cơ thể | Lăn khử mùi, xịt khử mùi",duoc-my-pham | duoc-my-pham/cham-soc-co-the | duoc-my-pham/khu-mui,True,True,50,0,https://nhathuoclongchau.com.vn/duoc-my-pham/aquaselin-intensive-women-50ml-15337.html,duoc-my-pham,300
369,00014448,"SỮA DƯỠNG ẨM TOÀN THÂN CHO BÉ CETAPHIL BABY DAILY LOTION FACE AND BODY LÀM MỀM DA,KHÔNG GÂY KÍCH ỨNG DA 400ML","Sữa dưỡng ẩm toàn thân cho bé Cetaphil Baby Daily Lotion Face and Body làm mềm da, không gây kích ứng da (400ml)",duoc-my-pham/cetaphil-baby-daily-lotion-face-body-400ml-15630.html,265000.0,Chai,đ,https://cdn.nhathuoclongchau.com.vn/unsafe/https://cms-prod.s3-sgn09.fptcloud.com/0014448_0490ebd204.jpg,"Aqua , Helianthus Annuus (Sunflower) Seed Oil , Sorbitol , Isopropyl Palmitate , Octyldodecanol , Glycerin , Prunus Amygdalus Dulcis Oil , Panthenol , Caprylyl glycol , Carbomer , Fragrance , Sodium cocoyl glutamate , Dipropylene glycol , Calendula Officinalis Flower Extract , Squalane , Propylene glycol , Glyceryl Caprylate , Tocopherol , Polyglyceryl-3 Diisostearate , Hexyldecanol , Hexyldecyl laurat , Sodium hydroxide , Heliotropine ",,Cetaphil,Chai x 400ml,"Dược mỹ phẩm | Giải pháp làn da | Dưỡng da bị khô, thiếu ẩm",duoc-my-pham | duoc-my-pham/giai-phap-lan-da | duoc-my-pham/da-bi-kho-thieu-am,True,True,50,0,https://nhathuoclongchau.com.vn/duoc-my-pham/cetaphil-baby-daily-lotion-face-body-400ml-15630.html,duoc-my-pham,300
370,00014446,"SỮA TẮM GỘI EM BÉ CETAPHIL BABY GENTLE WASH AND SHAMPOO HAIR AND BODY LÀM DỊU DA , KHÔNG GÂY KÍCH ỨNG 230ML","Sữa tắm gội em bé Cetaphil Baby Gentle Wash and Shampoo Hair and Body làm dịu da, không gây kích ứng (230ml)",duoc-my-pham/cetaphil-baby-gentle-wash-shampoo-hair-body-230ml-15632.html,170000.0,Chai,đ,https://cdn.nhathuoclongchau.com.vn/unsafe/https://cms-prod.s3-sgn09.fptcloud.com/00014446_cetaphil_baby_gentle_wash_shampoo_hair_body_230ml_5232_62ae_large_5fadebe24b.JPG,"Water , Sodium Laureth Sulfate , Cocamidopropyl betaine , Disodium Laureth Sulfosuccinate , Glycerin , Panthenol , Peg-120 Methyl Glucose Dioleate , Glycol Distearate , Calendula Officinalis Flower Extract , Aloe barbadensis leaf juice powder , Fragrance , Citric Acid , Natri benzoat , Phenoxyethanol , Natri citrat , Polyquaternium-10 , Natri florua , Natri hydroxide , Tocopherol , Hydrolyzed Wheat Protein , Laureth-4 , Heliotropine ",,Cetaphil,Chai,"Dược mỹ phẩm | Chăm sóc cơ thể | Sữa tắm, xà bông",duoc-my-pham | duoc-my-pham/cham-soc-co-the | duoc-my-pham/sua-tam-xa-bong,True,True,50,0,https://nhathuoclongchau.com.vn/duoc-my-pham/cetaphil-baby-gentle-wash-shampoo-hair-body-230ml-15632.html,duoc-my-pham,300
371,00014417,"KEM BÔI AVENE CICALFATE CREAM PHỤC HỒI, CHỐNG NHIỄM KHUẨN 40ML","Kem bôi Avene Cicalfate+ Cream phục hồi, chống nhiễm khuẩn (40ml)",duoc-my-pham/avene-cicalfile-40ml-15646.html,417000.0,Hộp,đ,https://cdn.nhathuoclongchau.com.vn/unsafe/https://cms-prod.s3-sgn09.fptcloud.com/avene_1_b50fe3aeab.jpg,Aqua/ Water ,,Avène,Hộp,Dược mỹ phẩm | Chăm sóc da mặt,duoc-my-pham | duoc-my-pham/cham-soc-da-mat,True,True,50,0,https://nhathuoclongchau.com.vn/duoc-my-pham/avene-cicalfile-40ml-15646.html,duoc-my-pham,300
372,00013524,DẦU XẢ SELSUN ROHTO DƯỠNG TÓC NGĂN NGỪA GÀU 100ML,Dầu xả Selsun Rohto dưỡng tóc ngăn ngừa gàu (100ml),duoc-my-pham/dau-xa-selsun-100ml-15992.html,58000.0,Chai,đ,https://cdn.nhathuoclongchau.com.vn/unsafe/https://cms-prod.s3-sgn09.fptcloud.com/00013524_dau_xa_selsun_100ml_1452_5c8b_large_87d989b855.JPG,"Green tea leaf , Olive oil , Zinc Pyrithione , Water , Cetyl alcohol , Glycerin , Behenyl alcohol , Cyclopentasiloxane , Fragrance , Propylene glycol , Panthenol , Isopropyl Alcohol , Guar hydroxypropyltrimcnnium chloride , Dimethiconol , Dimethicone Crosspolymer , Methylparaben , Propylparaben , Glycolic acid , Disodium EDTA, anhydrous , Behentrimonium Methosulfate , Acrylamidopropyltrimonium Chloride , Dimethicone Copolymer , Phenyl Trimethicone , C12-15 Alkyl Benzoate , C12-13 Pareth-3 , C12-13 Pareth-23 ",,Rohto,Chai,Dược mỹ phẩm | Chăm sóc tóc - da đầu | Dầu gội dầu xả,duoc-my-pham | duoc-my-pham/cham-soc-toc-da-dau | duoc-my-pham/dau-goi-dau-xa,True,True,50,0,https://nhathuoclongchau.com.vn/duoc-my-pham/dau-xa-selsun-100ml-15992.html,duoc-my-pham,300
373,00011283,CETAPHIL SỮA TẮM ĐẶC TRỊ PRO AD DERMA SKIN RESTORING WASH CHO DA KHÔ VÀ CHÀM DA 295ML,"Sữa tắm Cetaphil Pro AD Derma Skin Restoring Wash dành cho da khô, da cơ địa (295ml)",duoc-my-pham/cetaphil-body-wash-295ml-16087.html,440000.0,Chai,đ,https://cdn.nhathuoclongchau.com.vn/unsafe/https://cms-prod.s3-sgn09.fptcloud.com/Ban_sao_cua_NEW_CET_PRO_AD_Derma_Skin_Wash_295_FRONT_220323_395251f76b.jpg,"Tocopheryl acetate , Sodium PCA , Potassium sorbate , Niacinamide , 1,2-Hexanediol , Hydroxypropyl Guar Hydroxypropyltrimonium Chloride , Disodium EDTA , Citric Acid , Caprylyl glycol , Arginine , Allantoin , cocamide MEA , Sodium Chloride , Sodium lauroamphoacetate , Glycerin , Helianthus Annuus Seed Oil , Sodium Trideceth Sulfate , Butyrospermum Parkii Oil , Aqua ",Dung dịch,Cetaphil,Chai,"Dược mỹ phẩm | Chăm sóc cơ thể | Sữa tắm, xà bông",duoc-my-pham | duoc-my-pham/cham-soc-co-the | duoc-my-pham/sua-tam-xa-bong,True,True,50,0,https://nhathuoclongchau.com.vn/duoc-my-pham/cetaphil-body-wash-295ml-16087.html,duoc-my-pham,300
374,00011011,DẦU GỘI KHÔ NORINSE SHAMPOO LÀM SẠCH TÓC 236.6ML,Dầu gội khô Norinse Shampoo làm sạch tóc (236.6ml),duoc-my-pham/norinse-dau-goi-ko-dung-nuoc-2366ml-16212.html,166000.0,Chai,đ,https://cdn.nhathuoclongchau.com.vn/unsafe/https://cms-prod.s3-sgn09.fptcloud.com/00011011_norinse_dau_goi_ko_dung_nuoc_2366ml_6528_62af_large_7cc59661f9.jpg,"Water , Propylene glycol , Cocamidopropyl betaine , Fragrance , Diazolidinyl urea , Methylparaben , Propylparaben , Citric Acid , Triethanolamine Lauryl Sulfate ",,Norinse,Chai,Dược mỹ phẩm | Chăm sóc tóc - da đầu | Dầu gội dầu xả,duoc-my-pham | duoc-my-pham/cham-soc-toc-da-dau | duoc-my-pham/dau-goi-dau-xa,True,True,50,0,https://nhathuoclongchau.com.vn/duoc-my-pham/norinse-dau-goi-ko-dung-nuoc-2366ml-16212.html,duoc-my-pham,300
375,00010972,AVENE XERACALM A.D CREAM 200ML - KEM DƯỠNG LÀM DỊU CẢM GIÁC KHÔ NGỨA DÀNH CHO DA KHÔ XU HƯỚNG CHÀM THỂ TẠNG,"Kem dưỡng da Eau Thermale Avène Xeracalm A.D làm dịu cảm giác ngứa, giảm rát da (200ml)",duoc-my-pham/avene-xeracalm-ad-200ml-16233.html,739000.0,Tuýp,đ,https://cdn.nhathuoclongchau.com.vn/unsafe/https://cms-prod.s3-sgn09.fptcloud.com/avene_200_007e6a2566.png,Aqua/ Water ,,Avène,Tuýp,"Dược mỹ phẩm | Chăm sóc cơ thể | Sữa dưỡng thể, kem dưỡng thể",duoc-my-pham | duoc-my-pham/cham-soc-co-the | duoc-my-pham/duong-the,True,True,50,0,https://nhathuoclongchau.com.vn/duoc-my-pham/avene-xeracalm-ad-200ml-16233.html,duoc-my-pham,300
376,00010619,"KEM DƯỠNG LA ROCHEPOSAY LIPIKAR BAUME AP+ LÀM DỊU DA, GIẢM KÍCH ỨNG CHO TRẺ EM VÀ TRẺ SƠ SINH 75ML","Kem dưỡng La Roche-Posay Lipikar Baume AP+ làm dịu da, giảm kích ứng cho trẻ em và trẻ sơ sinh (75ml)",duoc-my-pham/laroche-posay-lipikar-baume-ap-75ml-m9096800-16394.html,350000.0,Tuýp,đ,https://cdn.nhathuoclongchau.com.vn/unsafe/https://cms-prod.s3-sgn09.fptcloud.com/00010619_laroche_posay_lipikar_baume_ap_75ml_m9096800_8846_5c90_large_e88bb7f9ec.jpg,"Aqua  , Butyrospermum Parkii Butter  , Glycerin  , Dimethicone  , Niacinamide  , Paraffinum Liquidum  , Cetearyl Alcohol  , Rapeseed Seed Oil  , Ammonium Polyacryloyldimethyl Taurate  , Peg-100 stearate  , Glyceryl stearate  , Peg-20 Methyl Glucose Sesquistearate  , Microcrystalline wax  , Paraffin  , Sorbitan Tristearate  , Dimethiconol  , Mannose  , Disodium EDTA  , Capryloyl Glycine  , Vitreoscilla Ferment  , Xanthan gum  , Pentaerythrityl Tetra-di-t-butyl Hydroxyhydrocinnamate  , Sodium benzoate  ",,Laroche posay,Tuýp,"Dược mỹ phẩm | Chăm sóc cơ thể | Sữa dưỡng thể, kem dưỡng thể",duoc-my-pham | duoc-my-pham/cham-soc-co-the | duoc-my-pham/duong-the,True,True,50,0,https://nhathuoclongchau.com.vn/duoc-my-pham/laroche-posay-lipikar-baume-ap-75ml-m9096800-16394.html,duoc-my-pham,300
377,00010316,"KEM BÔI SẸO STRATADERM 5G - DÀNH CHO SẸO LỒI, SẸO ĐÃ HÌNH THÀNH","Gel Strataderm giúp cải thiện tình trạng sẹo lồi, sẹo xấu, sẹo lâu năm (5g)",duoc-my-pham/strataderm-5g-16474.html,400000.0,Tuýp,đ,https://cdn.nhathuoclongchau.com.vn/unsafe/https://cms-prod.s3-sgn09.fptcloud.com/00010316_strataderm_5g_4389_6327_large_1feb00abe1.jpg,"Silicone gel , Polydimethylsiloxanes , Siloxanes , Alkylmethyl sillicones ",Nhũ tương (Gel),Stratpharma,Tuýp x 5g,"Dược mỹ phẩm | Giải pháp làn da | Hỗ trợ mờ sẹo, mờ vết thâm",duoc-my-pham | duoc-my-pham/giai-phap-lan-da | duoc-my-pham/tri-seo-mo-tham,True,True,50,0,https://nhathuoclongchau.com.vn/duoc-my-pham/strataderm-5g-16474.html,duoc-my-pham,300
378,00009697,"KEM BÔI CHO BÉ CERADAN CERAMIDE SKIN BARRIER REPAIR CREAM DƯỠNG ẨM, PHỤC HỒI DA 10G","Kem bôi cho bé Ceradan Ceramide Skin Barrier Repair Cream dưỡng ẩm, phục hồi da (10g)",duoc-my-pham/ceradan-ceramide-skin-barrier-repair-cream-10g-kem-duong-am-da-an-toan-cho-be-16618.html,119000.0,Tuýp,đ,https://cdn.nhathuoclongchau.com.vn/unsafe/https://cms-prod.s3-sgn09.fptcloud.com/00009697_ceradan_10g_8665_62af_large_16a4b27202.jpg,"Ceramide 3.3%, Cholesterol 1.1%, Acid Linoleic 1.1%, Water  , Hydrogenated Polydencene  , Butylene glycol  , Cyclopentasiloxane  , Behenyl alcohol  , Cetyl alcohol  , Glycerin  , Jojoba oil  , PEG-60 Glyceryl Isostearate  , Glyceryl stearate  , Pentylene Glycol  , Sáp ong  , Squalane  , Trideceth-12  , Sorbitan Stearate  , Dimethicone  , PEG-6  , PEG-32  , Phenoxyethanol  , Carbomer  , Gôm Xanthan  , Ethylhexylglycerin  , Vitamin E  , Natri hydroxide  ",Kem bôi da,Hyphens,Tuýp,"Dược mỹ phẩm | Giải pháp làn da | Dưỡng da bị khô, thiếu ẩm",duoc-my-pham | duoc-my-pham/giai-phap-lan-da | duoc-my-pham/da-bi-kho-thieu-am,True,True,50,0,https://nhathuoclongchau.com.vn/duoc-my-pham/ceradan-ceramide-skin-barrier-repair-cream-10g-kem-duong-am-da-an-toan-cho-be-16618.html,duoc-my-pham,300
379,00006482,GEL RỬA PHỤ KHOA SAFORELLE DỊU NHẸ VÀ CÂN BẰNG ĐỘ PH 100ML,Gel rửa phụ khoa Saforelle dịu nhẹ và cân bằng độ pH (100ml),cham-soc-ca-nhan/saforelle-phu-khoa-100ml-16907.html,132000.0,Hộp,đ,https://cdn.nhathuoclongchau.com.vn/unsafe/https://cms-prod.s3-sgn09.fptcloud.com/00006482_saforelle_phu_khoa_100ml_2432_62b1_large_b60d6601e4.jpg,"Aqua , Cocamidopropyl betaine , Cocamide Dea , Sodium Chloride , Peg-6 Caprylic , Fragrance , Citronellol , Coumarin , Geraniol , Limonene , Linalool , Propylene glycol , Stearamine Oxide , Octoxynol-12 , Lavandula angustifolia oil , Tetrasodium EDTA , Polysorbate 20 , Sodium hydroxide , Arctium Lappa Root Extract , Dimethyl Stearamine ",,Saforelle,Hộp,Dược mỹ phẩm | Chăm sóc cơ thể,duoc-my-pham | duoc-my-pham/cham-soc-co-the,True,True,50,0,https://nhathuoclongchau.com.vn/cham-soc-ca-nhan/saforelle-phu-khoa-100ml-16907.html,duoc-my-pham,300
380,00005945,"DUNG DỊCH TẮM CHO BÉ PHYTO BEBE OPODIS NGỪA VÀ ĐIỀU TRỊ RÔM SẢY, VIÊM DA 100ML","Dung dịch tắm cho bé Phyto Bebe Opodis hỗ trợ ngừa và cải thiện rôm sảy, viêm da (100ml)",duoc-my-pham/phyto-bebe-100ml-16950.html,40000.0,Chai,đ,https://cdn.nhathuoclongchau.com.vn/unsafe/https://cms-prod.s3-sgn09.fptcloud.com/00005945_phyto_bebe_100ml_1109_5cfd_large_b053acb662.JPG,"Vitamin E , Vitamin B5 , Tá dược vừa đủ , Cao trầu không (Extract Piper betle) 0.04%, Cao hạt ngò (mùi, Extract Coriandrum) 0.10g, Alpha – Terpineol (chiết xuất Tinh dầu tràm) 1g",Dung dịch,Opodis Pharma,Chai x 100ml,"Dược mỹ phẩm | Chăm sóc cơ thể | Sữa tắm, xà bông",duoc-my-pham | duoc-my-pham/cham-soc-co-the | duoc-my-pham/sua-tam-xa-bong,True,True,50,0,https://nhathuoclongchau.com.vn/duoc-my-pham/phyto-bebe-100ml-16950.html,duoc-my-pham,300
381,00002916,SỮA TẮM EUCERIN PH5 WASHLOTION LÀM SẠCH VÀ DƯỠNG ẨM DA CHO DA NHẠY CẢM 200ML,Sữa tắm Eucerin pH5 Washlotion làm sạch và dưỡng ẩm da cho da nhạy cảm (200ml),duoc-my-pham/eucerin-ph5-sua-tam-danh-cho-da-nhay-cam-200ml-co-mui-63071-17304.html,165000.0,Chai,đ,https://cdn.nhathuoclongchau.com.vn/unsafe/https://cms-prod.s3-sgn09.fptcloud.com/DESIGN_ESHOP_63071_PH_5_Wash_lotion_200_ml_17_dea3dfa02d.jpg,"Aqua , Sodium cocoamphoacetate , Sodium myreth sulfate , Lauryl glucoside , Sodium Chloride , Citric Acid , Peg-40 Hydrogenated Castor Oil , Peg-200 Hydrogenated Glyceryl Palmate , Glycol Distearate , glycerine , Polyquaternium-10 , Sodium benzoate , Sodium salicylate , Sodium acetate,anhydrous , Benzyl alcohol , Linalool , Butylphenyl Methylpropional , Parfum , Hexyl cinnamal , Benzyl salicylate , Coco-Glucoside , Diammonium citrate , Alpha Isomethyl Ionone ",Dung dịch,Eucerin,Chai x 200ml,Dược mỹ phẩm | Chăm sóc cơ thể,duoc-my-pham | duoc-my-pham/cham-soc-co-the,True,True,50,0,https://nhathuoclongchau.com.vn/duoc-my-pham/eucerin-ph5-sua-tam-danh-cho-da-nhay-cam-200ml-co-mui-63071-17304.html,duoc-my-pham,300
382,00000485,GEL BÔI ACNES SCAR CARE ROHTO MỜ THÂM LIỀN SẸO 12G,Gel mờ sẹo và giảm thâm mụn Acnes Scar Care Rohto (12g),duoc-my-pham/acnes-12g-scar-care-17567.html,82000.0,Tuýp,đ,https://cdn.nhathuoclongchau.com.vn/unsafe/https://cms-prod.s3-sgn09.fptcloud.com/00000485_acnes_12g_scar_care_9237_63a5_large_4162ae72f1.jpg,"Tocopheryl acetate , Pyridoxine hydrochloride , Curcuma Longa Extract , Salicylic acid , Water , Alcohol , Butylene glycol , Glycerin , propylen glycol , Cetrimonium , Methylparaben , Propylparaben , Fragrance , Disodium EDTA, anhydrous , Carbomer , Ascorbyl Glucoside , Isopropyl Methylphenol ",,Acnes,Tuýp x 12g,"Dược mỹ phẩm | Giải pháp làn da | Hỗ trợ mờ sẹo, mờ vết thâm",duoc-my-pham | duoc-my-pham/giai-phap-lan-da | duoc-my-pham/tri-seo-mo-tham,True,True,50,0,https://nhathuoclongchau.com.vn/duoc-my-pham/acnes-12g-scar-care-17567.html,duoc-my-pham,300
383,00016651,DẦU GỘI TRỊ GÀU REDWIN COAL TAR FRAGRANCE SHAMPOO GIẢM NHỜN DA ĐẦU 250ML,"Dầu gội Redwin Coal Tar Fragrance Shampoo hỗ trợ làm sạch gàu, giảm nhờn da đầu (250ml)",duoc-my-pham/redwin-coal-tar-fragrance-shampoo-250ml-17829.html,299000.0,Chai,đ,https://cdn.nhathuoclongchau.com.vn/unsafe/https://cms-prod.s3-sgn09.fptcloud.com/coal_tar_fragrance_284e10dcbf.jpg,"Water , Sodium Laureth Sulfate , Cocamidopropyl betaine , TEA-Lauryl Glucoside , Cocamide Dea , Sodium Chloride , Sodium salicylate , Aloe vera , Betula alba oil , Citric Acid , EDTA , Methylchloroisothiazolinone , Fragrance , CI 20285 , CI42090 , CI19140 ",Dung dịch,PHARMACARE LABORATORIES,Chai x 250ml,Dược mỹ phẩm | Chăm sóc tóc - da đầu | Dầu gội dầu xả,duoc-my-pham | duoc-my-pham/cham-soc-toc-da-dau | duoc-my-pham/dau-goi-dau-xa,True,True,50,0,https://nhathuoclongchau.com.vn/duoc-my-pham/redwin-coal-tar-fragrance-shampoo-250ml-17829.html,duoc-my-pham,300
384,00016979,DẦU GỘI REDWIN TEA TREE SHAMPOO HAIR REVITALISER TRỊ GÀU VÀ NẤM DA ĐẦU 250ML,Dầu gội Redwin Tea Tree Shampoo Hair Revitaliser hỗ trợ giảm gàu và nấm da đầu (250ml),duoc-my-pham/redwin-tea-tree-shampoo-hair-revitaliser-250ml-18313.html,299000.0,Chai,đ,https://cdn.nhathuoclongchau.com.vn/unsafe/https://cms-prod.s3-sgn09.fptcloud.com/tea_tre_0ab3eac049.jpg,"Water , Sodium Laureth Sulphate , Sodium Chloride , Melaleuca Alternifolia (Tea Tree) Leaf , Citric Acid , Methylchloroisothiazolinone , Methylisothiazolinone , TEA-lauryl sulphate , Cocomide DEA , Terasodium EDTA , CI19140 , CI42090 ",,REDWIN,Chai,Dược mỹ phẩm | Chăm sóc tóc - da đầu | Dầu gội giúp giảm nấm và ngứa da đầu,duoc-my-pham | duoc-my-pham/cham-soc-toc-da-dau | duoc-my-pham/dau-goi-tri-nam,True,True,50,0,https://nhathuoclongchau.com.vn/duoc-my-pham/redwin-tea-tree-shampoo-hair-revitaliser-250ml-18313.html,duoc-my-pham,300
385,00017279,"GEL RỬA MẶT EUCERIN PRO ACNE CLEANSING GEL 88970 DÀNH CHO DA NHỜN, MỤN 200ML","Gel rửa mặt Eucerin Pro Acne Cleansing Gel 88970 dành cho da nhờn, mụn (200ml)",duoc-my-pham/eucerin-cleansing-gel-200ml-88970-18630.html,399000.0,Chai,đ,https://cdn.nhathuoclongchau.com.vn/unsafe/https://cms-prod.s3-sgn09.fptcloud.com/00017279_eucerin_cleansing_gel_200ml_88970_7179_62af_large_f0ac3cb74c.jpg,"Aqua , Sodium cocoamphoacetate , Propylene glycol , Sodium Laureth Sulfate , Sodium Chloride , Citric Acid , Sodium benzoate , Salicylic acid ",,Eucerin,Chai,"Dược mỹ phẩm | Chăm sóc da mặt | Sữa rửa mặt (Kem, gel, sữa)",duoc-my-pham | duoc-my-pham/cham-soc-da-mat | duoc-my-pham/sua-rua-mat-kem-gel-sua,True,True,50,0,https://nhathuoclongchau.com.vn/duoc-my-pham/eucerin-cleansing-gel-200ml-88970-18630.html,duoc-my-pham,300
386,00017294,"KEM DƯỠNG THỂ REDWIN SORBOLENE VITAMIN E LÀM SÁNG DA, DƯỠNG ẨM 100G","Kem dưỡng thể Redwin Sorbolene Vitamin E làm sáng da, dưỡng ẩm (100g)",duoc-my-pham/redwin-sorbolene-moisturiser-with-vitamin-e-100g-18646.html,265000.0,Chai,đ,https://cdn.nhathuoclongchau.com.vn/unsafe/https://cms-prod.s3-sgn09.fptcloud.com/sorbolene_c64b0f6ffd.jpg,"Vitamin E  , Glycerin  , Sorbitol  ",,PHARMACARE LABORATORIES,Chai x 100g,Dược mỹ phẩm | Chăm sóc cơ thể | Chăm sóc da nứt nẻ,duoc-my-pham | duoc-my-pham/cham-soc-co-the | duoc-my-pham/tri-nut-da,True,True,50,0,https://nhathuoclongchau.com.vn/duoc-my-pham/redwin-sorbolene-moisturiser-with-vitamin-e-100g-18646.html,duoc-my-pham,300
387,00017302,"GEL BÔI FIXDERMA SALYZAP GEL GIÚP GIẢM MỤN, KHÁNG VIÊM 20G","Gel bôi Fixderma Salyzap Gel giúp giảm mụn, kháng viêm (20g)",duoc-my-pham/salyzap-gel-day-time-20g-fixderma-18652.html,345000.0,Tuýp,đ,https://cdn.nhathuoclongchau.com.vn/unsafe/https://cms-prod.s3-sgn09.fptcloud.com/1_6543256672.png,"Aqua , Propanol , Aloe barbadensis leaf juice , Nicotinamide , triethanolamine , Capryloyl Glycine , Sarcosine , Salicylic acid , acrylates/C10-30 alkyl acrylate crosspolymer , Glycerol , Peg-40 Hydrogenated Castor Oil , Phenoxyethanol , Ethylhexylglycerin , Allantoin , Tea tree oil , Tocopheryl acetate , Eugenia caryophyllus (clove) flower oil , Cinnamomum Zeylanicum Bark Extract ",,Fixderma,Tuýp,"Dược mỹ phẩm | Giải pháp làn da | Kem hỗ trợ giảm mụn, gel hỗ trợ giảm mụn",duoc-my-pham | duoc-my-pham/giai-phap-lan-da | duoc-my-pham/da-mun,True,True,50,0,https://nhathuoclongchau.com.vn/duoc-my-pham/salyzap-gel-day-time-20g-fixderma-18652.html,duoc-my-pham,300
388,00017549,"DUNG DỊCH FIXDERMA SALYZAP LOTION FOR ACNE TRỊ MỤN BAN ĐÊM, GIÚP GIẢM SỬA, KHÁNG KHUẨN, HỖ TRỢ LÀM SẠCH LỖ CHÂN LÔNG 20ML","Dung dịch Fixderma Salyzap Lotion for Acne hỗ trợ giảm sưng, kháng khuẩn và làm sạch lỗ chân lông (20ml)",duoc-my-pham/salyzap-lotion-for-acne-night-time-20ml-fix-derma-18911.html,345000.0,Tuýp,đ,https://cdn.nhathuoclongchau.com.vn/unsafe/https://cms-prod.s3-sgn09.fptcloud.com/00017549_salyzap_lotion_for_acne_night_time_20ml_fix_derma_1874_5c88_large_bd19f04e1d.jpg,"Propanol-2  , Butylene glycol  , 10-Hydroxydecanoic Acid  , SEBACIC ACID  , 1,10-Decanediol  , Kaolin  , Glycerol  , Salicylic acid  , Panthenol  , Camellia Sinensis Leaf Extract  , Tocopheryl acetate  , Melaleuca Alternifolia (Tea Tree) Oil  ",,Fixderma,Tuýp,"Dược mỹ phẩm | Giải pháp làn da | Kem hỗ trợ giảm mụn, gel hỗ trợ giảm mụn",duoc-my-pham | duoc-my-pham/giai-phap-lan-da | duoc-my-pham/da-mun,True,True,50,0,https://nhathuoclongchau.com.vn/duoc-my-pham/salyzap-lotion-for-acne-night-time-20ml-fix-derma-18911.html,duoc-my-pham,300
389,00017605,DẦU DƯỠNG BIO OIL SKINCARE OIL NGĂN NGỪA VÀ GIẢM RẠN DA 125ML,Dầu dưỡng Bio-Oil Skincare Oil ngăn ngừa và giảm rạn da (125ml),duoc-my-pham/tinh-dau-tri-ran-da-bio-oil-125ml-18963.html,319000.0,Hộp,đ,https://cdn.nhathuoclongchau.com.vn/unsafe/https://cms-prod.s3-sgn09.fptcloud.com/DSC_08873_3de454330d.png,"Vitamin A , Vitamin E , Calendula Oil , Lavender oil , Rosemary oil , Chamomile ",,Bio-Oil,Hộp x 125ml,"Dược mỹ phẩm | Giải pháp làn da | Hỗ trợ mờ sẹo, mờ vết thâm",duoc-my-pham | duoc-my-pham/giai-phap-lan-da | duoc-my-pham/tri-seo-mo-tham,True,True,50,0,https://nhathuoclongchau.com.vn/duoc-my-pham/tinh-dau-tri-ran-da-bio-oil-125ml-18963.html,duoc-my-pham,300
390,00017924,"KEM CHỐNG NẮNG FIXDERMA SHADOW SPF 50+ CREAM CHỐNG NẮNG MẠNH, DƯỠNG ẨM DA 75G","Kem chống nắng Fixderma Shadow SPF 50+ Cream chống nắng mạnh, dưỡng ẩm da (75g)",duoc-my-pham/fixderma-shadow-spf-50-cream-75g-kcn-va-giu-am-19266.html,337000.0,Tuýp,đ,https://cdn.nhathuoclongchau.com.vn/unsafe/https://cms-prod.s3-sgn09.fptcloud.com/00017924_fixderma_shadow_spf_50_cream_75g_kcn_va_giu_am_2240_6204_large_f7a130c8a2.jpg,"Aqua , Octinoxate , Titanium dioxide , Butyl Methoxydibenzolymethane , Benzophenone-4 , Caprylic/capric triglyceride , Propylene glycol , Glycerol , Steareth-2 , Acrylates Copolymer , Cetearyl Alcohol , Steareth-21 ",,Fixderma,Tuýp,Dược mỹ phẩm | Chăm sóc da mặt | Kem chống nắng da mặt,duoc-my-pham | duoc-my-pham/cham-soc-da-mat | duoc-my-pham/chong-nang-da-mat,True,True,50,0,https://nhathuoclongchau.com.vn/duoc-my-pham/fixderma-shadow-spf-50-cream-75g-kcn-va-giu-am-19266.html,duoc-my-pham,300
391,00017946,KEM BÔI DUCRAY KERACNYL PP+ ANTI BLEMISH CREAM KEM LÀM MỜ VẾT THÂM 30ML,Kem bôi Ducray Keracnyl PP+ Anti-Blemish Cream kem làm mờ vết thâm (30ml),duoc-my-pham/ducray-keracnyl-pp-anti-blemish-soothing-cream-30ml-kem-lam-mo-vet-tham-19294.html,462000.0,Hộp,đ,https://cdn.nhathuoclongchau.com.vn/unsafe/https://cms-prod.s3-sgn09.fptcloud.com/00017946_ducray_keracnyl_pp_anti_blemish_soothing_cream_30ml_kem_lam_mo_vet_tham_5965_5cb6_large_61fb4d994f.jpg,"Water , Caprylic/capric triglyceride , Alcohol Isohexadecane ",,Ducray,Hộp,Dược mỹ phẩm | Chăm sóc da mặt,duoc-my-pham | duoc-my-pham/cham-soc-da-mat,True,True,50,0,https://nhathuoclongchau.com.vn/duoc-my-pham/ducray-keracnyl-pp-anti-blemish-soothing-cream-30ml-kem-lam-mo-vet-tham-19294.html,duoc-my-pham,300
392,00018266,TINH CHẤT RADICAL MED ANTI HAIR LOSS NGỪA RỤNG TÓC DÀNH CHO NỮ HỘP X 3 ỐNG,Tinh chất Radical Med Anti Hair Loss ngừa rụng tóc dành cho nữ (3 ống),duoc-my-pham/dau-goi-radical-med-anti-hair-loss-3-ong-woman-19565.html,385000.0,Hộp,đ,https://cdn.nhathuoclongchau.com.vn/unsafe/https://cms-prod.s3-sgn09.fptcloud.com/DSC_02465_abed2035d6.jpg,"Apigenic , Peg-40 Hydrogenated Castor Oil , PPG-26-Buteth-26 , Butylene glycol , Horsetail (Equisetum Arvense) Extract , Glucose , Alcohol Denat , Propylene glycol , Aqua/ Water ",,Radical,Hộp 3 Ống x 5ml,Dược mỹ phẩm | Chăm sóc tóc - da đầu | Dầu gội dầu xả,duoc-my-pham | duoc-my-pham/cham-soc-toc-da-dau | duoc-my-pham/dau-goi-dau-xa,True,True,50,0,https://nhathuoclongchau.com.vn/duoc-my-pham/dau-goi-radical-med-anti-hair-loss-3-ong-woman-19565.html,duoc-my-pham,300
393,00018483,NƯỚC TẨY TRANG LA ROCHEPOSAY TOLERIANE EAU MICELLAR LÀM SẠCH SÂU CHO DA NHẠY CẢM 400ML,Nước tẩy trang La Roche-Posay Toleriane Eau Micellar làm sạch sâu cho da nhạy cảm (400ml),duoc-my-pham/lrc-posay-micellar-water-ultra-sensitive-skin-400ml-m0000206-nuoc-lam-sach-sau-va-tay-trang-danh-c-19797.html,561000.0,Chai,đ,https://cdn.nhathuoclongchau.com.vn/unsafe/https://cms-prod.s3-sgn09.fptcloud.com/z6733833409817_6768def963cc2fa621eab70b85ff66f0_e19b6bf883.jpg,"Aqua , Poloxamer 184 , Peg-6 Caprylic , Polysorbat 80 ",,Laroche posay,Chai,"Dược mỹ phẩm | Chăm sóc da mặt | Nước tẩy trang, dầu tẩy trang",duoc-my-pham | duoc-my-pham/cham-soc-da-mat | duoc-my-pham/nuoc-tay-trang,True,True,50,0,https://nhathuoclongchau.com.vn/duoc-my-pham/lrc-posay-micellar-water-ultra-sensitive-skin-400ml-m0000206-nuoc-lam-sach-sau-va-tay-trang-danh-c-19797.html,duoc-my-pham,300
394,00018487,"NƯỚC TẨY TRANG LA ROCHEPOSAY EFFACLAR MICELLAR WATER ULTRA CHO DA DẦU, NHẠY CẢM 400ML","Nước tẩy trang La Roche-Posay Effaclar Micellar Water Ultra cho da dầu, nhạy cảm (400ml)",duoc-my-pham/la-roche-posay-effeclar-micellar-water-ultra-400-ml-m2862404-nuoc-lam-sach-sau-va-tay-trang-danh-cho-da-dau-va-nhay-cam.html,556000.0,Chai,đ,https://cdn.nhathuoclongchau.com.vn/unsafe/https://cms-prod.s3-sgn09.fptcloud.com/00018487_lrc_posay_effeclar_micellar_water_ultra_400ml_m2862404_nuoc_lam_sach_sau_va_tay_trang_danh_cho_da_2538_614e_large_da8257209c.jpg,,,Laroche posay,Chai,"Dược mỹ phẩm | Chăm sóc da mặt | Nước tẩy trang, dầu tẩy trang",duoc-my-pham | duoc-my-pham/cham-soc-da-mat | duoc-my-pham/nuoc-tay-trang,True,True,50,0,https://nhathuoclongchau.com.vn/duoc-my-pham/la-roche-posay-effeclar-micellar-water-ultra-400-ml-m2862404-nuoc-lam-sach-sau-va-tay-trang-danh-cho-da-dau-va-nhay-cam.html,duoc-my-pham,300
395,00018529,DẦU GỘI VICHY DERCOS TECHNIQUE ANTI DANDRUFF GIÚP GIẢM GÀU CHO DA ĐẦU 200ML,Dầu gội Vichy Dercos Technique Anti-Dandruff giúp giảm gàu cho da đầu (200ml),duoc-my-pham/vichy-dercos-anti-dandruff-advanced-action-shampoo-200ml-m0363602-dau-goi-giup-giam-gau-danh-cho-d-19846.html,415000.0,Chai,đ,https://cdn.nhathuoclongchau.com.vn/unsafe/https://cms-prod.s3-sgn09.fptcloud.com/image_removebg_preview_2025_03_30_T160845_782_af141f0829.png,"Aqua , Sodium Laureth Sulfate , Glycol Distearate , Coco-betaine , Glycerin , Dimethicone , Selenium Sulfide , Carbomer , Citric Acid , Menthol , 2-Oleamido-1,3-Octadecanediol , Ppg-5-ceteth-20 , Salicylic acid , Sodium benzoate , Sodium Chloride , Sodium hydroxide , Tocopheryl acetate , Parfum (Fragrance) ",,Vichy,Chai x 200ml,Dược mỹ phẩm | Chăm sóc tóc - da đầu | Dầu gội dầu xả,duoc-my-pham | duoc-my-pham/cham-soc-toc-da-dau | duoc-my-pham/dau-goi-dau-xa,True,True,50,0,https://nhathuoclongchau.com.vn/duoc-my-pham/vichy-dercos-anti-dandruff-advanced-action-shampoo-200ml-m0363602-dau-goi-giup-giam-gau-danh-cho-d-19846.html,duoc-my-pham,300
396,00018561,"SỮA TẮM REDWIN SORBOLENE BODY WASH VITAMIN E LÀM SẠCH NHẸ NHÀNG, DƯỠNG ẨM, GIÚP DA MỀM MỊN 500ML","Sữa tắm Redwin Sorbolene Body Wash Vitamin E làm sạch nhẹ nhàng, dưỡng ẩm, giúp da mềm mịn (500ml)",duoc-my-pham/redwin-sorbolene-body-wash-with-vitamin-e-500ml-sua-tam-duong-am-19874.html,418000.0,Chai,đ,https://cdn.nhathuoclongchau.com.vn/unsafe/https://cms-prod.s3-sgn09.fptcloud.com/redwin_0dfa869e3f.jpg,"Water , Sodium Laureth Sulfate , glycerine , Cocamidopropyl betaine , Ammonium Lauryl Sulfate , Cocamide Dea , Sorbitol , PEG-7 Glyceryl Cocoate , Tetrasodium EDTA , Citric Acid , Sodium Chloride , Methylchloroisothiazolinone , Methylisothiazolinone , Triticum Vulgare (Wheat) Germ Oil , Styrene/Acrylates Copolymer ",,REDWIN,Chai,"Dược mỹ phẩm | Chăm sóc cơ thể | Sữa tắm, xà bông",duoc-my-pham | duoc-my-pham/cham-soc-co-the | duoc-my-pham/sua-tam-xa-bong,True,True,50,0,https://nhathuoclongchau.com.vn/duoc-my-pham/redwin-sorbolene-body-wash-with-vitamin-e-500ml-sua-tam-duong-am-19874.html,duoc-my-pham,300
397,00018855,GEL RỬA MẶT TẠO BỌT LA ROCHEPOSAY EFFACLAR DÀNH CHO DA DẦU NHẠY CẢM 200ML,Gel rửa mặt tạo bọt La Roche-Posay Effaclar dành cho da dầu nhạy cảm (200ml),duoc-my-pham/lrc-posay-effaclar-purifying-foaming-gel-for-oily-sensitive-skin-200ml-m9054420-grm-tao-bot-lam-sa-20157.html,475000.0,Tuýp,đ,https://cdn.nhathuoclongchau.com.vn/unsafe/https://cms-prod.s3-sgn09.fptcloud.com/1_5b3d2b7ef1.png,"Water , Sodium Laureth Sulfate , Sodium Chloride , Sodium hydroxide , Citric Acid , Sodium benzoate , Caprylyl glycol , Phenoxyethanol , Peg-8 , Coco-betaine , Hexylene glycol , Peg-120 Methyl Glucose Dioleate , Zinc PCA , Parfum ",,Laroche posay,Tuýp,"Dược mỹ phẩm | Chăm sóc da mặt | Sữa rửa mặt (Kem, gel, sữa)",duoc-my-pham | duoc-my-pham/cham-soc-da-mat | duoc-my-pham/sua-rua-mat-kem-gel-sua,True,True,50,0,https://nhathuoclongchau.com.vn/duoc-my-pham/lrc-posay-effaclar-purifying-foaming-gel-for-oily-sensitive-skin-200ml-m9054420-grm-tao-bot-lam-sa-20157.html,duoc-my-pham,300
398,00020283,"GEL BÔI CERADAN SOOTHING GEL HYPHENS DƯỠNG ẨM, LÀM DỊU DA NHẠY CẢM, HỖ TRỢ PHỤC HỒI BẢO VỆ DA 50G","Gel bôi Ceradan Soothing Gel Hyphens dưỡng ẩm, làm dịu da nhạy cảm, hỗ trợ phục hồi bảo vệ da (50g)",duoc-my-pham/ceradan-soothing-gel-hyphens-50g-20559.html,274000.0,Tuýp,đ,https://cdn.nhathuoclongchau.com.vn/unsafe/https://cms-prod.s3-sgn09.fptcloud.com/DSC_04823_b9833148db.jpg,Aqua/ Water ,,Ceradan,Tuýp x 50g,Dược mỹ phẩm | Giải pháp làn da | Da nhạy cảm,duoc-my-pham | duoc-my-pham/giai-phap-lan-da | duoc-my-pham/da-bi-kich-ung,True,True,50,0,https://nhathuoclongchau.com.vn/duoc-my-pham/ceradan-soothing-gel-hyphens-50g-20559.html,duoc-my-pham,300
399,00020351,"KEM DƯỠNG DA DERMACOS ANTI ACNE MATTING CREAM HỖ TRỢ NGĂN NGỪA MỤN, KIỂM SOÁT DẦU 50ML","Kem dưỡng da Dermacos Anti Acne Matting Cream hỗ trợ ngăn ngừa mụn, kiểm soát dầu (50ml)",duoc-my-pham/dermacos-anti-acne-matting-cream-50ml-20926.html,338000.0,Hộp,đ,https://cdn.nhathuoclongchau.com.vn/unsafe/https://cms-prod.s3-sgn09.fptcloud.com/DSC_02060_50eec82404.jpg,"Polypropylene , Salix Alba Bark Extract , Aloe barbadensis leaf extract , Peat Extract , Witch Hazel extract , Aluminum Starch Octenylsuccinate , Kẽm PCA ",Dạng kem,FARMONA,Hộp,Dược mỹ phẩm | Chăm sóc da mặt,duoc-my-pham | duoc-my-pham/cham-soc-da-mat,True,True,50,0,https://nhathuoclongchau.com.vn/duoc-my-pham/dermacos-anti-acne-matting-cream-50ml-20926.html,duoc-my-pham,300
400,00020671,"GEL BÔI AN TRĨ VƯƠNG VINH GIA NGĂN NGỪA TRĨ, TÁO BÓN 20G","Gel bôi An Trĩ Vương Vinh Gia ngăn ngừa trĩ, táo bón (20g)",duoc-my-pham/an-tri-vuong-gel-20g-vinh-gia-21036.html,99000.0,Tuýp,đ,https://cdn.nhathuoclongchau.com.vn/unsafe/https://cms-prod.s3-sgn09.fptcloud.com/00020671_an_tri_vuong_gel_20g_vinh_gia_8529_62af_large_73a1df187e.jpg,"Purified water , Nano Curcumin , Ethanol , Methylparaben , Propylparaben , Menthol , Piper betle extract , Polyacrylate Crosspolymer-6 , Ricinus communis extract , Eclipta alba extract , Houttuynia cordata extract ",,Vinh Gia,Tuýp,Dược mỹ phẩm | Chăm sóc cơ thể,duoc-my-pham | duoc-my-pham/cham-soc-co-the,True,True,50,0,https://nhathuoclongchau.com.vn/duoc-my-pham/an-tri-vuong-gel-20g-vinh-gia-21036.html,duoc-my-pham,300
401,00020747,KEM BÔI YOOSUN ACNES GIÚP NGĂN NGỪA VÀ HỖ TRỢ TRỊ MỤN 15G,Kem bôi Yoosun Acnes hỗ trợ ngăn ngừa và cải thiện tình trạng mụn (15g),duoc-my-pham/kem-ngua-mun-yoosun-acnes-15g-21105.html,55000.0,Tuýp,đ,https://cdn.nhathuoclongchau.com.vn/unsafe/https://cms-prod.s3-sgn09.fptcloud.com/00020747_kem_ngua_mun_yoosun_acnes_15g_4831_5d00_large_0aa5157d79.jpg,"Chiết xuất rau má , Rễ cây ngưu bàng , Chiết xuất hoa cúc tâm tư , Vỏ cây liễu , Chiết xuất lá neem , Chiết xuất rễ cây địa hoàng , Rau diếp cá , Chiết xuất quả lê lên men ",Dạng kem,Yoosun,Tuýp,"Dược mỹ phẩm | Giải pháp làn da | Kem hỗ trợ giảm mụn, gel hỗ trợ giảm mụn",duoc-my-pham | duoc-my-pham/giai-phap-lan-da | duoc-my-pham/da-mun,True,True,50,0,https://nhathuoclongchau.com.vn/duoc-my-pham/kem-ngua-mun-yoosun-acnes-15g-21105.html,duoc-my-pham,400
402,00020871,"TINH CHẤT ISIS NEOTONE SERUM DƯỠNG TRẮNG, NGỪA NÁM, ĐỒI MỒI 30ML","Tinh chất Isis Neotone Serum dưỡng trắng, ngừa nám, đồi mồi (30ml)",duoc-my-pham/isis-neotone-serum-30ml-21218.html,760000.0,Tuýp,đ,https://cdn.nhathuoclongchau.com.vn/unsafe/https://cms-prod.s3-sgn09.fptcloud.com/00020871_2_2_b006925c27.jpg,,,ISIS PHARMA,Tuýp x 30ml,Dược mỹ phẩm | Chăm sóc da mặt,duoc-my-pham | duoc-my-pham/cham-soc-da-mat,True,True,50,0,https://nhathuoclongchau.com.vn/duoc-my-pham/isis-neotone-serum-30ml-21218.html,duoc-my-pham,400
403,00021995,LA ROCHE-POSAY HYALU B5 SERUM 30ML MB049200 - DƯỠNG CHẤT HỖ TRỢ TÁI TẠO LÀN DA GIÚP DA SĂN CHẮC VÀ ĐÀN HỒI HƠN,"Tinh chất La Roche-Posay Hyalu B5 Serum hỗ trợ tái tạo da, giúp da đàn hồi, săn chắc hơn (30ml)",duoc-my-pham/la-roche-posay-hyalu-b5-serum-30ml-mb049200-duong-chat-ho-tro-tai-tao-lan-da-giup-da-san-chac-va-d-22338.html,1550000.0,Hộp,đ,https://cdn.nhathuoclongchau.com.vn/unsafe/https://cms-prod.s3-sgn09.fptcloud.com/00021995_la_roche_posay_hyalu_b5_serum_30ml_mb049200_duong_chat_ho_tro_tai_tao_lan_da_giup_da_san_chac_va_d_3350_60b0_large_85574eba54.jpg,"Aqua , Glycerin , Alcohol Denat , Propylene glycol , Panthenol , Pentylene Glycol , Dimethicone , Peg-6 Caprylic , Capric Glycerides , PPG-6-Decyltetradeceth-30 , GLYCERYL ISOSTEARATE , Madecassoside , Sodium hyaluronate , Ammonium Polyacryloyldimethyl Taurate , Disodium EDTA , Hydrolyzed Hyaluronic Acid , Caprylyl glycol , Citric Acid , Xanthan gum , Butylene glycol , Tocopherol , Phenoxyethanol , Parfum (Fragrance) ",,Laroche posay,Hộp x 30ml,"Dược mỹ phẩm | Giải pháp làn da | Hỗ trợ tái tạo, cải thiện da lão hoá",duoc-my-pham | duoc-my-pham/giai-phap-lan-da | duoc-my-pham/tai-tao-chong-lao-hoa,True,True,50,0,https://nhathuoclongchau.com.vn/duoc-my-pham/la-roche-posay-hyalu-b5-serum-30ml-mb049200-duong-chat-ho-tro-tai-tao-lan-da-giup-da-san-chac-va-d-22338.html,duoc-my-pham,400
404,00022011,GEL BÔI CERADAN SOOTHING LÀM DỊU DA 10G,Gel bôi Ceradan Soothing làm dịu da (10g),duoc-my-pham/ceradan-soothing-gel-hyphens-10g-22359.html,97000.0,Tuýp,đ,https://cdn.nhathuoclongchau.com.vn/unsafe/https://cms-prod.s3-sgn09.fptcloud.com/00022011_ceradan_soothing_gel_hyphens_10g_1563_6165_large_12a0533a51.jpg,"Lipid sinh lý , Glycerin , Hyaluronate , Butylene glycol , Menthol ",Kem bôi da,Hyphens,Tuýp x 10g,Dược mỹ phẩm | Chăm sóc cơ thể,duoc-my-pham | duoc-my-pham/cham-soc-co-the,True,True,50,0,https://nhathuoclongchau.com.vn/duoc-my-pham/ceradan-soothing-gel-hyphens-10g-22359.html,duoc-my-pham,400
405,00022044,"KEM BÔI REJUVASKIN SCAR ESTHETIQUE SILICONE TRỊ SẸO, MỜ SẸO 10ML",Kem bôi Rejuvaskin Scar Esthetique Silicone giúp cải thiện tình trạng sẹo (10ml),duoc-my-pham/kem-tri-seo-rejuvaskin-scar-esthetique-silicone-10ml-22386.html,400000.0,Tuýp,đ,https://cdn.nhathuoclongchau.com.vn/unsafe/https://cms-prod.s3-sgn09.fptcloud.com/DSC_09133_6923ee15ca.jpg,"Pycnogenol  , Vitamin A  , Coenzyme Q10  , Glucosamine  , grape seed extract  , Hành tây  , Trà xanh Extract  , Thảo dược Arnica  ",,Rejuvaskin,Tuýp,"Dược mỹ phẩm | Giải pháp làn da | Hỗ trợ mờ sẹo, mờ vết thâm",duoc-my-pham | duoc-my-pham/giai-phap-lan-da | duoc-my-pham/tri-seo-mo-tham,True,True,50,0,https://nhathuoclongchau.com.vn/duoc-my-pham/kem-tri-seo-rejuvaskin-scar-esthetique-silicone-10ml-22386.html,duoc-my-pham,400
406,00022045,"DẦU GỘI DƯỢC LIỆU NGUYÊN XUÂN XANH LÁ  DƯỠNG TÓC, PHỤC HỒI HƯ TỔN 200ML","Dầu gội dược liệu Nguyên Xuân xanh lá dưỡng tóc, phục hồi hư tổn (200ml)",duoc-my-pham/dau-goi-duoc-lieu-nguyen-xuan-200ml-xanh-22387.html,72000.0,Chai,đ,https://cdn.nhathuoclongchau.com.vn/unsafe/https://cms-prod.s3-sgn09.fptcloud.com/00022045_dau_goi_duoc_lieu_nguyen_xuan_200ml_xanh_1451_6017_large_c36af7ace2.JPG,"Bạch quả , Hà thủ ô , Bồ kết (Gai) , Cỏ mần trầu , Hương nhu , Cỏ ngũ sắc , Lô hội , Dâu tằm , Tinh dầu vỏ bưởi , Tinh dầu Sả chanh , Hoắc hương , Dầu Olive , Vitamin E ",,Nguyên Xuân,Chai,Dược mỹ phẩm | Chăm sóc tóc - da đầu | Dầu gội dầu xả,duoc-my-pham | duoc-my-pham/cham-soc-toc-da-dau | duoc-my-pham/dau-goi-dau-xa,True,True,50,0,https://nhathuoclongchau.com.vn/duoc-my-pham/dau-goi-duoc-lieu-nguyen-xuan-200ml-xanh-22387.html,duoc-my-pham,400
407,00022125,"KEM DƯỠNG ẨM DA NIVEA CREME DƯỠNG ẨM SÂU, GIỮ DA MỀM MỊN 30ML","Kem dưỡng ẩm da Nivea Creme dưỡng ẩm sâu, giữ da mềm mịn (30ml)",duoc-my-pham/kem-ne-nivea-creme-beiersdorf-ag-hamburg-germany-30ml-22467.html,51000.0,Hộp,đ,https://cdn.nhathuoclongchau.com.vn/unsafe/https://cms-prod.s3-sgn09.fptcloud.com/00022125_kem_ne_nivea_creme_beiersdorf_ag_hamburg_germany_30ml_1803_6095_large_a57108f20a.jpg,"Magnesium stearate , Citric Acid , Panthenol , Sodium Anisate , Parfum , Aluminum stearate 300 , Octyldodecanol , Magnesium sulfate , Aqua , Cera Microcristallina (Microcrystalline Wax) , Paraffin , Lanolin alcohol , glycerine , Paraffinum Liquidum , Decyl Oleate ",,Nivea,Hộp,"Dược mỹ phẩm | Chăm sóc cơ thể | Sữa dưỡng thể, kem dưỡng thể",duoc-my-pham | duoc-my-pham/cham-soc-co-the | duoc-my-pham/duong-the,True,True,50,0,https://nhathuoclongchau.com.vn/duoc-my-pham/kem-ne-nivea-creme-beiersdorf-ag-hamburg-germany-30ml-22467.html,duoc-my-pham,400
408,00022463,"KEM BÔI NẺ VALENTINE SAO THÁI DƯƠNG GIỮ ẨM,CHỐNG NỨT NẺ 20G","Kem bôi nẻ Valentine Sao Thái Dương giữ ẩm, chống nứt nẻ (20g)",duoc-my-pham/kem-ne-valentine-20g-sao-thai-duong-22793.html,25000.0,Hộp,đ,https://cdn.nhathuoclongchau.com.vn/unsafe/https://cms-prod.s3-sgn09.fptcloud.com/00022463_kem_ne_valentine_20g_sao_thai_duong_1002_5def_large_5ab572a8ba.jpg,"Mel , Glycerin , Vitamin E , Nano Collagen ",,Sao Thái Dương,Hộp 1 Tuýp x 20g,Dược mỹ phẩm | Chăm sóc cơ thể | Chăm sóc da nứt nẻ,duoc-my-pham | duoc-my-pham/cham-soc-co-the | duoc-my-pham/tri-nut-da,True,True,50,0,https://nhathuoclongchau.com.vn/duoc-my-pham/kem-ne-valentine-20g-sao-thai-duong-22793.html,duoc-my-pham,400
409,00028324,"KEM DƯỠNG ẨM ZIAJA MED ATOPIC SKIN DERMATOLOGICAL FORMULA FACE CREAM SOOTHING MOISTURISING 5% URÊ LÀM DỊU DA KHÔ, KÍCH ỨNG 50ML","Kem dưỡng ẩm Ziaja Med Atopic Skin Dermatological Formula Face Cream Soothing Moisturising 5% Urê làm dịu da khô, kích ứng (50ml)",duoc-my-pham/ziaja-med-atopic-skin-dermatological-formula-50ml-cream-diu-nhe-duong-am-28632.html,351000.0,Hộp,đ,https://cdn.nhathuoclongchau.com.vn/unsafe/https://cms-prod.s3-sgn09.fptcloud.com/1232323_ad763a3a53.jpg,"Capric Triglyceride , Canola oil , Glycerin , Allantoin , Vitamin E acetate , Phytosphingosine , Cholesterol , Ceramide , Urea ",,Ziaja,Hộp x 50ml,Dược mỹ phẩm | Chăm sóc cơ thể,duoc-my-pham | duoc-my-pham/cham-soc-co-the,True,True,50,0,https://nhathuoclongchau.com.vn/duoc-my-pham/ziaja-med-atopic-skin-dermatological-formula-50ml-cream-diu-nhe-duong-am-28632.html,duoc-my-pham,400
410,00028349,"SON DƯỠNG ẨM VASELINE ROSY LIPS GIÚP LÀM MỀM MÔI, MÀU HỒNG TỰ NHIÊN 4.8G","Son dưỡng ẩm Vaseline Rosy Lips giúp làm mềm môi, màu hồng tự nhiên (4.8g)",duoc-my-pham/son-duong-vaseline-rosy-lips-hong-xinh-48g-28657.html,70000.0,Cây,đ,https://cdn.nhathuoclongchau.com.vn/unsafe/https://cms-prod.s3-sgn09.fptcloud.com/00028349_son_duong_vaseline_rosy_lips_hong_xinh_48g_5184_62af_large_03463d3cb6.jpg,"Octyldodecanol , Caprylic/capric triglyceride , Ricinus communis seed oil , Petrolatum , Myristyl Myristate , Water , Butyrospermum Parkii (Shea) Butter , Cetearyl Alcohol , Beeswax , Butylene glycol , Glycerin , Olive oil , Tinh dầu hoa hồng , Fragrance , Vaccinium macrocarpon fruit extract , Microcrystalline wax , Polyglyceryl-3 distearate , Copernicia cerifera wax , C20-40 Alkyl stearate , Iron oxides , Red 7 lake , Rubus idaeus fruit extract , Cetyl palmitate , Prunus Amygdalus Dulcis Oil , Tocopheryl acetate , Iron oxide saccharated ",,Vaseline,Cây,Dược mỹ phẩm | Mỹ phẩm trang điểm | Son môi,duoc-my-pham | duoc-my-pham/my-pham-trang-diem | duoc-my-pham/son-moi,True,True,50,0,https://nhathuoclongchau.com.vn/duoc-my-pham/son-duong-vaseline-rosy-lips-hong-xinh-48g-28657.html,duoc-my-pham,400
411,00028696,ADAPT STOMA POWDER HOLLISTER 28.3G - BỘT HÚT ẨM CHỐNG LOÉT,"Bột hút ẩm chống loét Adapt Stoma Powder Hollister cho vùng da tổn thương, vùng quanh hậu môn nhân tạo (28,3g)",duoc-my-pham/adapt-stoma-powder-hollister-283g-bot-hut-am-chong-loet-28999.html,265000.0,Hộp,đ,https://cdn.nhathuoclongchau.com.vn/unsafe/https://cms-prod.s3-sgn09.fptcloud.com/00028696_adapt_stoma_powder_hollister_283g_bot_hut_am_chong_loet_8936_6126_large_5e6ab24270.jpg,Stoma Powder ,,HOLLISTER,Hộp x 28.3g,Dược mỹ phẩm | Chăm sóc cơ thể | Chăm sóc da nứt nẻ,duoc-my-pham | duoc-my-pham/cham-soc-co-the | duoc-my-pham/tri-nut-da,True,True,50,0,https://nhathuoclongchau.com.vn/duoc-my-pham/adapt-stoma-powder-hollister-283g-bot-hut-am-chong-loet-28999.html,duoc-my-pham,400
412,00028824,"XỊT KHOÁNG EUCERIN HYALURON MIST SPRAY CUNG CẤP ĐỘ ẨM, LÀM DỊU DA 150ML","Xịt khoáng Eucerin Hyaluron Mist Spray cung cấp độ ẩm, làm dịu da (150ml)",duoc-my-pham/eucerin-hyaluron-mist-spray-150ml-66857-xit-khoang-29120.html,259000.0,Chai,đ,https://cdn.nhathuoclongchau.com.vn/unsafe/https://cms-prod.s3-sgn09.fptcloud.com/00028824_eucerin_hyaluron_mist_spray_150ml_66857_xit_khoang_9443_5f8f_large_51dfdbe59a.JPG,"Aqua , Glycerin , Dicaprylyl Carbonate , Octyldodecanol , Distarch Phosphate , Glyceryl Stearate Citrate , Butylene glycol , C12-15 Alkyl Benzoate , Cetearyl Alcohol , Dimethicone , Phenoxyethanol , Carbomer , Alcohol Denat , Glyceryl Glucoside , Sodium Polyacrylate ",Dung dịch,Eucerin,Chai x 150ml,Dược mỹ phẩm | Chăm sóc da mặt | Xịt khoáng,duoc-my-pham | duoc-my-pham/cham-soc-da-mat | duoc-my-pham/xit-khoang,True,True,50,0,https://nhathuoclongchau.com.vn/duoc-my-pham/eucerin-hyaluron-mist-spray-150ml-66857-xit-khoang-29120.html,duoc-my-pham,400
413,00028902,GEL RỬA MẶT ZIAJA MED LIPID DERMATOLOGICAL FORMULA PHYSIODERM CLEANSING FACE GEL LÀM SẠCH DƯỠNG ẨM PHÙ HỢP DA NHẠY CẢM 200ML,Gel rửa mặt Ziaja Med Lipid Dermatological Formula Physioderm Cleansing Face Gel làm sạch dưỡng ẩm phù hợp da nhạy cảm (200ml),duoc-my-pham/ziaja-med-lipid-dermatological-formula-physioderm-cleansing-face-gel-200ml-gel-rua-da-sinh-ly-29196.html,345000.0,Chai,đ,https://cdn.nhathuoclongchau.com.vn/unsafe/https://cms-prod.s3-sgn09.fptcloud.com/DSC_03744_2aa1223977.jpg,Aqua/ Water ,,Ziaja,Chai x 200ml,Dược mỹ phẩm | Chăm sóc da mặt,duoc-my-pham | duoc-my-pham/cham-soc-da-mat,True,True,50,0,https://nhathuoclongchau.com.vn/duoc-my-pham/ziaja-med-lipid-dermatological-formula-physioderm-cleansing-face-gel-200ml-gel-rua-da-sinh-ly-29196.html,duoc-my-pham,400
414,00028928,"STARBALM TRẮNG 25G - CAO LÀM NÓNG DÀNH CHO DA MỎNG,NHẠY CẢM","Cao Starbalm Sports Balm White làm ấm cơ, giúp cơ thư giãn sau khi vận động (25g)",duoc-my-pham/cao-starbalm-trang-25g-29222.html,80000.0,Hộp,đ,https://cdn.nhathuoclongchau.com.vn/unsafe/https://cms-prod.s3-sgn09.fptcloud.com/00028928_cao_starbalm_trang_25g_7090_5fb7_large_500efab5ab.jpg,"Menthol , Eucalyptus oil , Clove oil , Dementholised Mint Oil , Cassia Oil , Vaselin , Methyl nicotinate , Pine Tree Oil ",Cao,Starbalm,Hộp,Dược mỹ phẩm | Chăm sóc cơ thể | Massage,duoc-my-pham | duoc-my-pham/cham-soc-co-the | duoc-my-pham/massage,True,True,50,1.7074889999999998,https://nhathuoclongchau.com.vn/duoc-my-pham/cao-starbalm-trang-25g-29222.html,duoc-my-pham,400
415,00029018,"XỊT KHOÁNG VICHY EAU THERMALE MINERALIZING THERMAL WATER CUNG CẤP ĐỘ ẨM, LÀM DỊU DA 150ML","Xịt khoáng Vichy Eau Thermale Mineralizing Thermal Water cung cấp độ ẩm, làm dịu da (150ml)",duoc-my-pham/vichy-eau-thermale-mineralizing-thermal-water-150ml-m5028921-xit-khoang-29313.html,360000.0,Chai,đ,https://cdn.nhathuoclongchau.com.vn/unsafe/https://cms-prod.s3-sgn09.fptcloud.com/00029018_vichy_eau_thermale_mineralizing_thermal_water_150ml_m5028921_xit_khoang_2470_6425_large_86f0c320a2.jpg,"Silicon , Sắt , Potassium , Khoáng chất ",,Vichy,Chai x 150ml,Dược mỹ phẩm | Chăm sóc da mặt,duoc-my-pham | duoc-my-pham/cham-soc-da-mat,True,True,50,0,https://nhathuoclongchau.com.vn/duoc-my-pham/vichy-eau-thermale-mineralizing-thermal-water-150ml-m5028921-xit-khoang-29313.html,duoc-my-pham,400
416,00029257,"DẦU DƯỠNG DA BAN ĐÊM NNO NOURISHING NIGHT OIL GIÚP DƯỠNG ẨM, PHỤC HỒI DA ","Dầu dưỡng da ban đêm NNO Nourishing Night Oil giúp dưỡng ẩm, phục hồi da",duoc-my-pham/nno-nourishing-night-oil-3x10-dau-duong-da-ban-dem-29523.html,150000.0,Hộp,đ,https://cdn.nhathuoclongchau.com.vn/unsafe/https://cms-prod.s3-sgn09.fptcloud.com/00029257_nno_nourishing_night_oil_3x10_dau_duong_da_ban_dem_2469_63aa_large_a9ce858ed1.jpg,"Purified water , Propylparaben , Methylparaben , Glycerin , Gelatin , Fragrance , D-Alpha-Tocopheryl  acetate , Jojoba oil , Hydrogenated Polyisobutene ",,MEGA We care,Hộp 3 vỉ x 10 viên,"Dược mỹ phẩm | Giải pháp làn da | Kem hỗ trợ mờ nám, tàn nhang, đốm nâu",duoc-my-pham | duoc-my-pham/giai-phap-lan-da | duoc-my-pham/nam-tan-nhang-dom-nau,True,True,50,0,https://nhathuoclongchau.com.vn/duoc-my-pham/nno-nourishing-night-oil-3x10-dau-duong-da-ban-dem-29523.html,duoc-my-pham,400
417,00032141,"NHŨ TƯƠNG ZIAJA MƯỢT DA TOÀN THÂN 1% URÊ BANIPHAR DƯỠNG ẨM, LÀM MỀM DA 400ML","Nhũ tương Ziaja mượt da toàn thân 1% Urê Baniphar dưỡng ẩm, làm mềm da (400ml)",duoc-my-pham/ziaja-nhu-tuong-muot-da-toan-than-1-ure-baniphar-chai-400-ml.html,455000.0,Chai,đ,https://cdn.nhathuoclongchau.com.vn/unsafe/https://cms-prod.s3-sgn09.fptcloud.com/DSC_04196_fd14194448.jpg,"Polyglyceryl-3 Methylglucose Distearate , Hydrogenated Polydecene , Glycerin , Glyceryl stearate , Caprylic/capric triglycerides , Aqua/ Water ",Nhũ tương (Gel),Ziaja,Chai x 400ml,"Dược mỹ phẩm | Chăm sóc cơ thể | Sữa dưỡng thể, kem dưỡng thể",duoc-my-pham | duoc-my-pham/cham-soc-co-the | duoc-my-pham/duong-the,True,True,50,0,https://nhathuoclongchau.com.vn/duoc-my-pham/ziaja-nhu-tuong-muot-da-toan-than-1-ure-baniphar-chai-400-ml.html,duoc-my-pham,400
418,00032172,NƯỚC TẨY TRANG BIODERMA SEBIUM H2O DÀNH CHO DA DẦU VÀ HỖN HỢP 500ML,Nước tẩy trang Bioderma Sebium H2O dành cho da dầu và hỗn hợp (500ml),duoc-my-pham/nuoc-tay-trang-danh-cho-da-dau-va-hon-hop-bioderma-sebium-h20-500-ml.html,545000.0,Chai,đ,https://cdn.nhathuoclongchau.com.vn/unsafe/https://cms-prod.s3-sgn09.fptcloud.com/1_30e8244be3.jpg,"Water , Peg-6 Caprylic , Sodium Citrate , Zinc gluconate , Copper sulfate , Ginkgo Biloba Leaf Water , Mannitol , Xylitol , Rhamnose , Fructooligosaccharides , Propylene glycol , Citric Acid , Disodium EDTA , Cetrimonium Bromide , Fragrance ",,Bioderma,Chai x 500ml,Dược mỹ phẩm | Chăm sóc da mặt,duoc-my-pham | duoc-my-pham/cham-soc-da-mat,True,True,50,0,https://nhathuoclongchau.com.vn/duoc-my-pham/nuoc-tay-trang-danh-cho-da-dau-va-hon-hop-bioderma-sebium-h20-500-ml.html,duoc-my-pham,400
419,00032291,"DUNG DỊCH CASTELANI QUABLUEPHARMA TRỊ MỤN MỦ, LỠ LOÉT, NẤM DA 17ML","Dung dịch Castelani Quabluepharma phòng ngừa mụn mủ, lở loét, nấm da (17ml)",duoc-my-pham/castelani-quabluepharma-17-ml.html,22000.0,Chai,đ,https://cdn.nhathuoclongchau.com.vn/unsafe/https://cms-prod.s3-sgn09.fptcloud.com/DSC_03191_e67a6d4eae.jpg,"Axit boric , Resocin , Glycerin , Menthol , Water ",Dung dịch,Quang Xanh,Chai x 17ml,Dược mỹ phẩm | Chăm sóc cơ thể,duoc-my-pham | duoc-my-pham/cham-soc-co-the,True,True,50,0,https://nhathuoclongchau.com.vn/duoc-my-pham/castelani-quabluepharma-17-ml.html,duoc-my-pham,400
420,00032315,"DƯỠNG MÔI MỀM MỊN VASELINE STICK DƯỠNG ẨM, CHỐNG KHÔ NỨT 4.8G","Dưỡng môi mềm mịn Vaseline Stick dưỡng ẩm, chống khô nứt (4.8g)",duoc-my-pham/vaseline-stick-duong-moi-mem-min-48g-32437.html,64000.0,Cây,đ,https://cdn.nhathuoclongchau.com.vn/unsafe/https://cms-prod.s3-sgn09.fptcloud.com/00032315_vaseline_stick_duong_moi_mem_min_48g_2001_62ad_large_5379f0e423.jpg,,,Vaseline,Cây,Dược mỹ phẩm | Mỹ phẩm trang điểm | Son môi,duoc-my-pham | duoc-my-pham/my-pham-trang-diem | duoc-my-pham/son-moi,True,True,50,0,https://nhathuoclongchau.com.vn/duoc-my-pham/vaseline-stick-duong-moi-mem-min-48g-32437.html,duoc-my-pham,400
421,00032508,"DUNG DỊCH VỆ SINH PHỤ NỮ PROEVA INTIMATE CLEANSER DỊU NHẸ, AN TOÀN CHO VÙNG KÍN 125ML","Dung dịch vệ sinh phụ nữ Proeva Intimate Cleanser dịu nhẹ, an toàn cho vùng kín (125ml)",duoc-my-pham/dung-dich-ve-sinh-proeva-intimate-cleanser-125ml-32635.html,199000.0,Hộp,đ,https://cdn.nhathuoclongchau.com.vn/unsafe/https://cms-prod.s3-sgn09.fptcloud.com/DSC_00518_1b44393e00.jpg,"Tribulus Terrestris Fruit Extract , Tilia Cordata extract ",,Ekuberg Pharma,Hộp x 125ml,Dược mỹ phẩm | Chăm sóc cơ thể,duoc-my-pham | duoc-my-pham/cham-soc-co-the,True,True,50,0,https://nhathuoclongchau.com.vn/duoc-my-pham/dung-dich-ve-sinh-proeva-intimate-cleanser-125ml-32635.html,duoc-my-pham,400
422,00049637,"DUNG DỊCH VỆ SINH PHỤ NỮ DẠ HƯƠNG XANH LÔ HỘI GIÚP LÀM SẠCH NHẸ NHÀNG, KHỬ MÙI HÔI HỘP 100ML","Dung dịch vệ sinh phụ nữ Dạ Hương Xanh Lô Hội giúp làm sạch nhẹ nhàng, khử mùi hôi (100ml)",duoc-my-pham/dung-dich-ve-sinh-phu-nu-da-huong-xanh-lo-hoi-giup-lam-sach-nhe-nhang-khu-mui-hoi-hop-100-ml.html,40000.0,Hộp,đ,https://cdn.nhathuoclongchau.com.vn/unsafe/https://cms-prod.s3-sgn09.fptcloud.com/DSC_02225_efcc009575.jpg,"NaCl , Lô hội , Menthol , Thymol , Acid lactic , Vitamin E , Hương liệu ",,Hoa Linh,Hộp x 100ml,Dược mỹ phẩm | Chăm sóc cơ thể,duoc-my-pham | duoc-my-pham/cham-soc-co-the,True,True,40,0,https://nhathuoclongchau.com.vn/duoc-my-pham/dung-dich-ve-sinh-phu-nu-da-huong-xanh-lo-hoi-giup-lam-sach-nhe-nhang-khu-mui-hoi-hop-100-ml.html,duoc-my-pham,400
423,00049623,"SỮA RỬA MẶT CETAPHIL OILY SKIN CLEANSER CHO DA DẦU, NHẠY CẢM 473ML","Sữa rửa mặt Cetaphil Oily Skin Cleanser cho da dầu, nhạy cảm (473ml)",duoc-my-pham/sua-rua-mat-cetaphil-oily-skin-cleanser-cho-da-dau-nhay-cam-473-ml.html,464000.0,Chai,đ,https://cdn.nhathuoclongchau.com.vn/unsafe/https://cms-prod.s3-sgn09.fptcloud.com/DSC_02229_7f78c668c9.jpg,"Aqua , Glycerin , Cocamido Propyl Belaine , Disodium Laureth Sulfosuccinate , Sodium cocoamphoacetate , Sodium benzoate , Parfum , Amyl cinnamal , Citronellol , Geraniol , Hydroxycitronellal , Linalool , Sodium Chloride , Citric Acid ",,Cetaphil,Chai x 473ml,"Dược mỹ phẩm | Chăm sóc da mặt | Sữa rửa mặt (Kem, gel, sữa)",duoc-my-pham | duoc-my-pham/cham-soc-da-mat | duoc-my-pham/sua-rua-mat-kem-gel-sua,True,True,40,0,https://nhathuoclongchau.com.vn/duoc-my-pham/sua-rua-mat-cetaphil-oily-skin-cleanser-cho-da-dau-nhay-cam-473-ml.html,duoc-my-pham,400
424,00049554,"KEM BÔI CERAVE MOISTURIZING CREAM DƯỠNG ẨM, PHỤC HỒI CHO DA KHÔ HỦ 454G","Kem bôi CeraVe Moisturizing Cream dưỡng ẩm, phục hồi cho da khô (454g)",duoc-my-pham/kem-boi-cerave-moisturizing-cream-duong-am-phuc-hoi-cho-da-kho-hu-454-g.html,515000.0,Hũ,đ,https://cdn.nhathuoclongchau.com.vn/unsafe/https://cms-prod.s3-sgn09.fptcloud.com/DSC_00753_3c521a2447.jpg,"CERAMIDE EOP , Ceteareth-20 , Aqua/ Water , Petrolatum , Glycerin , Potassium phosphate , Ceramide NP , Cetearyl Alcohol , Ceramide AP , Caprylic/capric triglycerides , Cetyl alcohol , Tocopherols , Dimethicone , Behentrimonium Methosulfate , SODIUM LAUROYL LACTYLATE , Sodium hyaluronate , Cholesterol , Phenoxyethanol , Disodium EDTA , Dipotassium phosphate , Phytosphingosine , Xanthan gum , Ethylhexylglycerin , Carbomer , Aqua/ Water ",,Cerave,,Dược mỹ phẩm | Chăm sóc da mặt | Dưỡng da mặt,duoc-my-pham | duoc-my-pham/cham-soc-da-mat | duoc-my-pham/duong-da-mat,True,True,40,0,https://nhathuoclongchau.com.vn/duoc-my-pham/kem-boi-cerave-moisturizing-cream-duong-am-phuc-hoi-cho-da-kho-hu-454-g.html,duoc-my-pham,400
425,00049553,KEM BÔI LA ROCHE POSAY EFFACLAR DUO+M HỖ TRỢ ĐIỀU TRỊ MỤN HỘP 7.5ML,Kem bôi La Roche-Posay Effaclar Duo+M hỗ trợ giảm mụn (7.5ml),duoc-my-pham/kem-boi-la-roche-posay-effaclar-duo-m-ho-tro-dieu-tri-mun-hop-7-5-ml.html,130000.0,Hộp,đ,https://cdn.nhathuoclongchau.com.vn/unsafe/https://cms-prod.s3-sgn09.fptcloud.com/DSC_00684_882cd58b9e.jpg,"Aqua/ Water , Glycerin , Dimethicone , Isocetyl Stearate , Niacinamide , Isopropyl Lauroyl Sarcosinate , Silica , Ammonium Polyacryloyldimethyl Taurate , Oryza Sativa Starch/Rice Starch , Punica Granatum Pericarp Extract , Potassium Cetyl Phosphate , Sorbitan Oleate , Zinc PCA , Glyceryl stearate SE , Isohexadecane , Sodium hydroxide , Myristyl Myristate , 2-Oleamido-1,3-Octadecanediol , Mannose , Poloxamer 338 , Propanediol , Hydroxyethoxyphenyl Butanone , Capryloyl Salicylic Acid , Caprylyl glycol , Vitreoscilla Ferment , Citric Acid , Trisodium Ethylenediamine Disuccinate , Maltodextrin , Xanthan gum , Pentylene Glycol , Polysorbate 80 , Acrylamide/Sodium Acryloyldimethyltaurate Copolymer , Salicylic acid , Piroctone Olamine , Parfum (Fragrance) ",Dạng kem,Laroche posay,Hộp x 7.5ml,"Dược mỹ phẩm | Giải pháp làn da | Kem hỗ trợ giảm mụn, gel hỗ trợ giảm mụn",duoc-my-pham | duoc-my-pham/giai-phap-lan-da | duoc-my-pham/da-mun,True,True,40,0,https://nhathuoclongchau.com.vn/duoc-my-pham/kem-boi-la-roche-posay-effaclar-duo-m-ho-tro-dieu-tri-mun-hop-7-5-ml.html,duoc-my-pham,400
426,00049552,"KEM BÔI VICHY LIFT COLLAGEN NIGHT DƯỠNG SÁNG, NGỪA LÃO HÓA HỘP 50ML","Kem bôi Vichy Liftactiv Collagen Specialist Night dưỡng sáng, ngừa lão hóa (50ml)",duoc-my-pham/kem-boi-vichy-lift-collagen-night-duong-sang-ngua-lao-hoa-hop-50-ml.html,1205000.0,Hộp,đ,https://cdn.nhathuoclongchau.com.vn/unsafe/https://cms-prod.s3-sgn09.fptcloud.com/DSC_00770_f9d0c5e2ce.jpg,"Aqua , Dimethicon , Dipropylene glycol , Glycerin , Elaeis Guineensis Oil , Alcohol Denat , Butyrospermum Parkii Butter , Glyceryl stearate SE , Peg-100 stearate , HYDROXYETHYLPIPERAZINE ETHANE SULFONIC ACID , Myristyl Myristate ",,Vichy,Hộp x 50ml,Dược mỹ phẩm | Chăm sóc da mặt | Dưỡng da mặt,duoc-my-pham | duoc-my-pham/cham-soc-da-mat | duoc-my-pham/duong-da-mat,True,True,40,0,https://nhathuoclongchau.com.vn/duoc-my-pham/kem-boi-vichy-lift-collagen-night-duong-sang-ngua-lao-hoa-hop-50-ml.html,duoc-my-pham,400
427,00049550,SỮA RỬA MẶT CERAVE FOAMING CLEANSER LÀM SẠCH SÂU DÀNH CHO DA DẦU CHAI 88ML,Sữa rửa mặt Cerave Foaming Cleanser làm sạch sâu dành cho da dầu (88ml),duoc-my-pham/sua-rua-mat-cerave-foaming-cleanser-lam-sach-sau-danh-cho-da-dau-chai-88-ml.html,180000.0,Chai,đ,https://cdn.nhathuoclongchau.com.vn/unsafe/https://cms-prod.s3-sgn09.fptcloud.com/DSC_00721_094618d2d8.jpg,"Ceramide AP , Aqua/ Water , Cocamidopropyl , Glycerin , Sodium Lauroyl Sarcosinate , Propanediol , PEG-150 Pentaerythrityl Tetrastearate , Niacinamide , Peg-6 Caprylic , Ceramide NP , CERAMIDE EOP , Citric Acid , Sodium methyl cocoyl taurate , Sodium benzoate , Sodium Chloride , SODIUM LAUROYL LACTYLATE , Sodium hyaluronate , Cholesterol , Phenoxyethanol , Disodium EDTA , Tetrasodium EDTA , Phytosphingosine , Xanthan gum , Ethylhexylglycerin , Carbomer ",,Cerave,Chai x 88ml,"Dược mỹ phẩm | Chăm sóc da mặt | Sữa rửa mặt (Kem, gel, sữa)",duoc-my-pham | duoc-my-pham/cham-soc-da-mat | duoc-my-pham/sua-rua-mat-kem-gel-sua,True,True,40,0,https://nhathuoclongchau.com.vn/duoc-my-pham/sua-rua-mat-cerave-foaming-cleanser-lam-sach-sau-danh-cho-da-dau-chai-88-ml.html,duoc-my-pham,400
428,00049548,"SỮA RỬA MẶT CERAVE BLEMISH CONTROL CLEANSER NGỪA MỤN DÀNH CHO DA DẦU, DA MỤN CHAI 473ML","Sữa rửa mặt Cerave Blemish Control Cleanser ngừa mụn dành cho da dầu, da mụn (473ml)",duoc-my-pham/sua-rua-mat-cerave-blemish-control-cleanser-ngua-mun-danh-cho-da-dau-da-mun-chai-473-ml.html,495000.0,Chai,đ,https://cdn.nhathuoclongchau.com.vn/unsafe/https://cms-prod.s3-sgn09.fptcloud.com/DSC_00732_17a20b7fb5.jpg,"Aqua/Water/EAU , Glycerin , Sodium Lauroyl Sarcosinate , Cocamidopropyl hydroxysultaine , Niacinamide , Salicylic acid , Sodium methyl cocoyl taurate , PEG-150 Pentaerythrityl Tetrastearate , Gluconolactone , Sodium Cocoyl Isethionate , Ceramide NP , Ceramide AP , CERAMIDE EOP , Carbomer , Calcium gluconate , Triethyl citrate ",Gel,Cerave,Chai x 473ml,"Dược mỹ phẩm | Chăm sóc da mặt | Sữa rửa mặt (Kem, gel, sữa)",duoc-my-pham | duoc-my-pham/cham-soc-da-mat | duoc-my-pham/sua-rua-mat-kem-gel-sua,True,True,40,0,https://nhathuoclongchau.com.vn/duoc-my-pham/sua-rua-mat-cerave-blemish-control-cleanser-ngua-mun-danh-cho-da-dau-da-mun-chai-473-ml.html,duoc-my-pham,400
429,00049546,NƯỚC TẨY TRANG EUCERIN DERMATO CLEAN MICELLAR 3 IN 1 DÀNH CHO DA NHẠY CẢM CHAI 400ML,Nước tẩy trang Eucerin Dermato Clean Micellar 3 in 1 dành cho da nhạy cảm (400ml),duoc-my-pham/nuoc-tay-trang-eucerin-dermato-clean-micellar-3-in-1-danh-cho-da-nhay-cam-chai-400-ml.html,479000.0,Chai,đ,https://cdn.nhathuoclongchau.com.vn/unsafe/https://cms-prod.s3-sgn09.fptcloud.com/DSC_00758_5ce78331db.jpg,"Aqua , Poloxamer 124 , Glycerin , Phenoxyethanol , Arginine HCL , 1,2-Hexanediol , Glyceryl Glucoside , Decyl glucoside , Trisodium Edta , Sodium cocoamphoacetate , Sodium hyaluronate , Sodium Chloride ",Dung dịch,Eucerin,Chai x 400ml,"Dược mỹ phẩm | Chăm sóc da mặt | Nước tẩy trang, dầu tẩy trang",duoc-my-pham | duoc-my-pham/cham-soc-da-mat | duoc-my-pham/nuoc-tay-trang,True,True,40,0,https://nhathuoclongchau.com.vn/duoc-my-pham/nuoc-tay-trang-eucerin-dermato-clean-micellar-3-in-1-danh-cho-da-nhay-cam-chai-400-ml.html,duoc-my-pham,400
430,00049545,GEL RỬA MẶT SVR SEBIACLEAR MOUSSANT LÀM SẠCH VÀ GIẢM DẦU CHO DA DẦU TÚI 400ML,Gel rửa mặt SVR Sebiaclear Moussant làm sạch và giảm dầu cho da dầu (400ml),duoc-my-pham/gel-rua-mat-svr-sebiaclear-moussant-lam-sach-va-giam-dau-cho-da-dau-tui-400-ml-1.html,491000.0,Túi,đ,https://cdn.nhathuoclongchau.com.vn/unsafe/https://cms-prod.s3-sgn09.fptcloud.com/DSC_00725_a354c7e370.jpg,"Aqua , Glycerin , Gluconolactone , Decyl glucoside , DISODIUM COCOCYL GLUTAMATE , Coco-betaine , Salicylic acid , Acrylates/C10-C30 Alkyl Acrylate Crosspolymer , Sodium hydroxide , Parfum (Fragrance) ",,SVR,Túi x 400ml,"Dược mỹ phẩm | Chăm sóc da mặt | Sữa rửa mặt (Kem, gel, sữa)",duoc-my-pham | duoc-my-pham/cham-soc-da-mat | duoc-my-pham/sua-rua-mat-kem-gel-sua,True,True,40,0,https://nhathuoclongchau.com.vn/duoc-my-pham/gel-rua-mat-svr-sebiaclear-moussant-lam-sach-va-giam-dau-cho-da-dau-tui-400-ml-1.html,duoc-my-pham,400
431,00049544,"TINH CHẤT SVR SEBIACLEAR SERUM GIẢM MỤN MỜ THÂM, LÀM MỊN DA HỘP 30ML","Tinh chất SVR Sebiaclear Serum giảm mụn mờ thâm, làm mịn da (30ml)",duoc-my-pham/tinh-chat-svr-sebiaclear-serum-giam-mun-mo-tham-lam-min-da-hop-30-ml.html,715000.0,Hộp,đ,https://cdn.nhathuoclongchau.com.vn/unsafe/https://cms-prod.s3-sgn09.fptcloud.com/DSC_00716_ae6f5d1911.jpg,"Aqua , Gluconolactone , Methyl Methacrylate Crosspolyme , Dicaprylyl Carbonate , Niacinamide , Propanediol , Sodium hydroxide , Dimethicon , Glycerin , Caprylic/capric triglycerides , Cetearyl alcol , Salicylic acid ",Serum,SVR,Hộp x 30ml,"Dược mỹ phẩm | Chăm sóc da mặt | Serum, Essence hoặc Ampoule",duoc-my-pham | duoc-my-pham/cham-soc-da-mat | duoc-my-pham/serum-essence-hoac-ampoule,True,True,40,0,https://nhathuoclongchau.com.vn/duoc-my-pham/tinh-chat-svr-sebiaclear-serum-giam-mun-mo-tham-lam-min-da-hop-30-ml.html,duoc-my-pham,400
432,00049543,KEM DƯỠNG LA ROCHEPOSAY CICAPLAST BAUME B5+ LÀM DỊU VÀ PHỤC HỒI DA CHO TRẺ EM VÀ TRẺ SƠ SINH HỘP 100ML,Kem dưỡng La Roche-Posay Cicaplast Baume B5+ làm dịu và phục hồi da cho trẻ em và trẻ sơ sinh (100ml),duoc-my-pham/kem-duong-la-rocheposay-cicaplast-baume-b5-lam-diu-va-phuc-hoi-da-cho-tre-em-va-tre-so-sinh-hop-100-ml.html,880000.0,Tuýp,đ,https://cdn.nhathuoclongchau.com.vn/unsafe/https://cms-prod.s3-sgn09.fptcloud.com/DSC_00627_8b304d53ac.jpg,"CI 77891 , Pentaerythrityl Tetra-di-t-butyl Hydroxyhydrocinnamate , Tocopherols , Polyglyceryl-4 Isostearate , Maltodextrin , Acetylated Glycol Stearate , Lactobacillus , Trisodium Ethylenediamine Disuccinate , Citric Acid , Vitreoscilla Ferment , Caprylyl glycol , Capryloyl Glycine , Mannose , Magnesium sulfate , Aluminum hydroxide , Silica , Alpha-Glucan Oligosaccharide , Manganese gluconate , Madecassoside , Zinc gluconate , Polymnia Sonchifolia Root Juice , CENTELLA ASIATICA LEAF EXTRACT , Trihydroxystearin , Cetyl Peg/Ppg-10/1 Dimethicone , Butylene glycol , Propanediol , Zea mays starch , Panthenol , Butyrospermum Parkii Butter , Glycerin , Dimethicone , Hydrogenated Polyisobutene , Aqua/ Water ",Dạng kem,Laroche posay,Tuýp x 10ml,"Dược mỹ phẩm | Giải pháp làn da | Dưỡng da bị khô, thiếu ẩm",duoc-my-pham | duoc-my-pham/giai-phap-lan-da | duoc-my-pham/da-bi-kho-thieu-am,True,True,40,0,https://nhathuoclongchau.com.vn/duoc-my-pham/kem-duong-la-rocheposay-cicaplast-baume-b5-lam-diu-va-phuc-hoi-da-cho-tre-em-va-tre-so-sinh-hop-100-ml.html,duoc-my-pham,400
433,00049541,SỮA RỬA MẶT EUCERIN SPOTLESS BRIGHTENING CLEANSING FOAMING SÁNG DA TUÝP 50G,Sữa rửa mặt Eucerin Spotless Brightening Cleansing Foam sáng da (50g),duoc-my-pham/sua-rua-mat-eucerin-spotless-brightening-cleansing-foaming-sang-da-tuyp-50-g.html,199000.0,Tuýp,đ,https://cdn.nhathuoclongchau.com.vn/unsafe/https://cms-prod.s3-sgn09.fptcloud.com/DSC_00670_572b4787c5.jpg,"Aqua , Myristic acid , Propylene glycol , Palmitic Acid , Stearic acid , Potassium hydroxide , Glycerin , Lauric Acid , PEG-150 , Peg-8 , Glyceryl stearate , Cera alba , Parfum , Sodium methyl cocoyl taurate , Arachidic acid , BHT , Etidronic acid , Disodium EDTA , Oleic Acid , Bisabolol , Farnesol , Sodium Ascorbyl Phosphate , Omega Oil , Octadecenedioic Acid ",,Eucerin,Tuýp x 50g,"Dược mỹ phẩm | Chăm sóc da mặt | Sữa rửa mặt (Kem, gel, sữa)",duoc-my-pham | duoc-my-pham/cham-soc-da-mat | duoc-my-pham/sua-rua-mat-kem-gel-sua,True,True,40,0,https://nhathuoclongchau.com.vn/duoc-my-pham/sua-rua-mat-eucerin-spotless-brightening-cleansing-foaming-sang-da-tuyp-50-g.html,duoc-my-pham,400
434,00049540,"GEL RỬA MẶT EUCERIN PRO ACNE CLEANSING GEL DÀNH CHO DA NHỜN, MỤN CHAI 400ML","Gel rửa mặt Eucerin Pro Acne Cleansing Gel dành cho da nhờn, mụn (400ml)",duoc-my-pham/gel-rua-mat-eucerin-pro-acne-cleansing-gel-danh-cho-da-nhon-mun-chai-400-ml.html,559000.0,Chai,đ,https://cdn.nhathuoclongchau.com.vn/unsafe/https://cms-prod.s3-sgn09.fptcloud.com/DSC_00738_497fb265e3.jpg,"Aqua , Sodium cocoamphoacetate , Propylene glycol , Sodium Laureth Sulfate , Sodium Chloride , Citric Acid , Sodium benzoate , Salicylic acid ",,Eucerin,Chai x 400ml,"Dược mỹ phẩm | Chăm sóc da mặt | Sữa rửa mặt (Kem, gel, sữa)",duoc-my-pham | duoc-my-pham/cham-soc-da-mat | duoc-my-pham/sua-rua-mat-kem-gel-sua,True,True,40,0,https://nhathuoclongchau.com.vn/duoc-my-pham/gel-rua-mat-eucerin-pro-acne-cleansing-gel-danh-cho-da-nhon-mun-chai-400-ml.html,duoc-my-pham,400
435,00049159,"MELASMA CREAM - KEM GIẢM NÁM, TÀN NHANG 30ML","Kem Melasma Cream Neothera giảm nám, tàn nhang (30ml)",duoc-my-pham/melasma-cream-kem-giam-nam-tan-nhang-30-ml.html,425000.0,Hộp,đ,https://cdn.nhathuoclongchau.com.vn/unsafe/https://cms-prod.s3-sgn09.fptcloud.com/DSC_09632_ef2f0844c6.jpg,"Aqua , Caprylic/capric triglyceride , Ceteth-20 , Cetyl alcohol , Glyceryl stearate , Steareth-20 , Peg-75 , Glycerin , Cyclopentasiloxane , Dimethicon , Tranexamic acid , PEG-50 Shea Butter ",,NEOTHERA,Hộp,Dược mỹ phẩm | Chăm sóc cơ thể,duoc-my-pham | duoc-my-pham/cham-soc-co-the,True,True,40,0,https://nhathuoclongchau.com.vn/duoc-my-pham/melasma-cream-kem-giam-nam-tan-nhang-30-ml.html,duoc-my-pham,400
436,00048506,GEL RỬA MẶT SVR PHYSIOPURE GELEE MOUSSANTE DÀNH CHO DA NHẠY CẢM TUÝP 200ML,Gel rửa mặt SVR Physiopure Gelee Moussante dành cho da nhạy cảm (200ml),duoc-my-pham/gel-rua-mat-svr-physiopure-gelee-moussante-danh-cho-da-nhay-cam-tuyp-200-ml.html,500000.0,Tuýp,đ,https://cdn.nhathuoclongchau.com.vn/unsafe/https://cms-prod.s3-sgn09.fptcloud.com/DSC_00728_d1c55a172e.jpg,"Aqua , Glycerin , Disodium cocoyl glutamate , Decyl glucoside , Xanthan gum , Coco-betaine , Parfum , Citric Acid , Magnesium PCA , Sodium benzoate , Potassium sorbate ",Gel,SVR,Tuýp x 200ml,"Dược mỹ phẩm | Chăm sóc da mặt | Sữa rửa mặt (Kem, gel, sữa)",duoc-my-pham | duoc-my-pham/cham-soc-da-mat | duoc-my-pham/sua-rua-mat-kem-gel-sua,True,True,40,0,https://nhathuoclongchau.com.vn/duoc-my-pham/gel-rua-mat-svr-physiopure-gelee-moussante-danh-cho-da-nhay-cam-tuyp-200-ml.html,duoc-my-pham,400
437,00047173,GEL RỬA MẶT SVR SEBIACLEAR MOUSSANT LÀM SẠCH VÀ GIẢM DẦU CHO DA DẦU CHAI 400ML,Gel rửa mặt SVR Sebiaclear Moussant làm sạch và giảm dầu cho da dầu (400ml),duoc-my-pham/gel-rua-mat-svr-sebiaclear-moussant-lam-sach-va-giam-dau-cho-da-dau-chai-400-ml.html,555000.0,Chai,đ,https://cdn.nhathuoclongchau.com.vn/unsafe/https://cms-prod.s3-sgn09.fptcloud.com/DSC_00743_7c22221396.jpg,"Aqua , Glycerin , Gluconolactone , Decyl glucoside , DISODIUM COCOCYL GLUTAMATE , Coco-betaine , Salicylic acid , Acrylates/C10-C30 Alkyl Acrylate Crosspolymer , Sodium hydroxide , Parfum (Fragrance) ",,SVR,Chai x 400ml,"Dược mỹ phẩm | Chăm sóc da mặt | Sữa rửa mặt (Kem, gel, sữa)",duoc-my-pham | duoc-my-pham/cham-soc-da-mat | duoc-my-pham/sua-rua-mat-kem-gel-sua,True,True,40,0,https://nhathuoclongchau.com.vn/duoc-my-pham/gel-rua-mat-svr-sebiaclear-moussant-lam-sach-va-giam-dau-cho-da-dau-chai-400-ml.html,duoc-my-pham,400
438,00046892,SỮA RỬA MẶT LÀM SẠCH VÀ SÁNG DA LA ROCHE POSAY MELA B3 GEL MICRO PEELING CLARIFYING 200ML,"Sữa rửa mặt La Roche-Posay Mela B3 Gel Micro-Peeling Clarifying 200ml mờ thâm nám, dưỡng da sáng và đều màu",duoc-my-pham/sua-rua-mat-lam-sach-va-sang-da-la-roche-posay-mela-b3-gel-micro-peeling-clarifying-200-ml-1.html,635000.0,Chai,đ,https://cdn.nhathuoclongchau.com.vn/unsafe/https://cms-prod.s3-sgn09.fptcloud.com/TUK_05871_4ca312292a.jpg,"Aqua , Glycerin , Coco-betaine , Propanediol , Sodium Cocoyl Glycinate , Peg-120 Methyl Glucose Dioleate , Sodium hydroxide , Sodium Chloride , Citric Acid , Gluconolactone ",,Laroche posay,Chai,"Dược mỹ phẩm | Chăm sóc da mặt | Sữa rửa mặt (Kem, gel, sữa)",duoc-my-pham | duoc-my-pham/cham-soc-da-mat | duoc-my-pham/sua-rua-mat-kem-gel-sua,True,True,40,0,https://nhathuoclongchau.com.vn/duoc-my-pham/sua-rua-mat-lam-sach-va-sang-da-la-roche-posay-mela-b3-gel-micro-peeling-clarifying-200-ml-1.html,duoc-my-pham,400
439,00046891,KEM DƯỠNG GIẢM VÀ NGĂN NGỪA THÂM NÁM LA ROCHE POSAY MELA B3 SPF30 ANTI DARK SPOTS CORRECTIVE PROTECTIVE CARE ANTI RECURRENCE 40ML,"Kem dưỡng La Roche-Posay Mela B3 Cream SPF 30 dưỡng da mềm mịn, mờ thâm nám, dưỡng da sáng và đều màu ",duoc-my-pham/kem-duong-giam-va-ngan-ngua-tham-nam-la-roche-posay-mela-b3-spf-30-anti-dark-spots-corrective-protective-care-anti-recurrence-40-ml-1.html,1049000.0,Hộp,đ,https://cdn.nhathuoclongchau.com.vn/unsafe/https://cms-prod.s3-sgn09.fptcloud.com/TUK_05852_7faa6714f2.jpg,"Aqua , C15-19 Alkane , Diisopropyl Sebacate , Niacinamide , Ethylhexyl Triazone , Glycerin , Bis-ethylhexyloxyphenol Methoxyphenyl Triazine , Silica , Drometrizole trisiloxane ",,Laroche posay,Hộp,Dược mỹ phẩm | Chăm sóc da mặt | Dưỡng da mặt,duoc-my-pham | duoc-my-pham/cham-soc-da-mat | duoc-my-pham/duong-da-mat,True,True,40,0,https://nhathuoclongchau.com.vn/duoc-my-pham/kem-duong-giam-va-ngan-ngua-tham-nam-la-roche-posay-mela-b3-spf-30-anti-dark-spots-corrective-protective-care-anti-recurrence-40-ml-1.html,duoc-my-pham,400
440,00046299,"KEM BÔI SVR CREME CICAVIT+ DƯỠNG ẨM VÀ LÀM DỊU CHO CÁC TRƯỜNG HỢP KHÔ DA, MẨN ĐỎ HỘP 40ML","Kem bôi SVR Cicavit+ Creme dưỡng ẩm và làm dịu cho các trường hợp khô da, mẩn đỏ (40ml)",duoc-my-pham/kem-boi-svr-creme-cicavit-duong-am-va-lam-diu-cho-cac-truong-hop-kho-da-man-do-hop-40-ml.html,334000.0,Hộp,đ,https://cdn.nhathuoclongchau.com.vn/unsafe/https://cms-prod.s3-sgn09.fptcloud.com/DSC_00701_25728dbe06.jpg,"Aqua , Butyrospermum Parkii (Shea) Butter Extract , Glycerin , Dimethiconol , Propanediol , Ethylhexyl Stearate , Dimethicone , Alpha-Glucan Oligosaccharide , Glucose , Citric Acid , Tocopherol , Hydrogenated Polyisobutene , PEG-30 Dipolyhydroxystearate ",Kem,SVR,Hộp x 40ml,"Dược mỹ phẩm | Giải pháp làn da | Dưỡng da bị khô, thiếu ẩm",duoc-my-pham | duoc-my-pham/giai-phap-lan-da | duoc-my-pham/da-bi-kho-thieu-am,True,True,40,0,https://nhathuoclongchau.com.vn/duoc-my-pham/kem-boi-svr-creme-cicavit-duong-am-va-lam-diu-cho-cac-truong-hop-kho-da-man-do-hop-40-ml.html,duoc-my-pham,400
441,00045229,SỮA CHỐNG NẮNG BÍ ĐAO COCOON 50ML,"Sữa chống nắng bí đao Cocoon giúp bảo vệ da trước tia UVA, UVB (50ml)",duoc-my-pham/sua-chong-nang-bi-dao-cocoon-50-ml.html,395000.0,Hộp,đ,https://cdn.nhathuoclongchau.com.vn/unsafe/https://cms-prod.s3-sgn09.fptcloud.com/COCOON_Sua_chong_nang_bi_dao_50ml_STUDIO_493ba1689d.jpg,"Aqua , Triethyl citrate , Cyclopentasiloxane , DIBUTYL ADIPATE , Isododecane , Butyloctyl Salicylate , Ethylhexyl methoxycrylene , Diethylamino hydroxybenzoyl hexyl benzoate , Silica , METHYLENE BIS-BENZOTRIAZOLYL TETRAMETHYLBUTYLPHENOL ",,Cocoon,Hộp,Dược mỹ phẩm | Chăm sóc cơ thể | Chống nắng toàn thân,duoc-my-pham | duoc-my-pham/cham-soc-co-the | duoc-my-pham/chong-nang-toan-than,True,True,40,0,https://nhathuoclongchau.com.vn/duoc-my-pham/sua-chong-nang-bi-dao-cocoon-50-ml.html,duoc-my-pham,400
442,00045227,NƯỚC DƯỠNG TÓC TINH DẦU BƯỞI COCOON 310ML,"Nước dưỡng tóc tinh dầu bưởi Cocoon giảm gãy rụng, nuôi dưỡng da đầu (310ml)",duoc-my-pham/nuoc-duong-toc-tinh-dau-buoi-cocoon-310-ml.html,325000.0,Hộp,đ,https://cdn.nhathuoclongchau.com.vn/unsafe/https://cms-prod.s3-sgn09.fptcloud.com/COCOON_Nuoc_duong_toc_tinh_dau_buoi_310ml_STUDIO_02115ca584.jpg,"Aqua , Isododecane , C15-19 Alkane , Glycerin , Citrus Grandis Peel Oil , Xylitylglucoside , Anhydroxylitol , Maltitol , Xylitol , Pelvetia Canaliculata Extract , Propanediol , Arginine , Lactic Acid ",,Cocoon,Hộp,"Dược mỹ phẩm | Chăm sóc tóc - da đầu | Dưỡng tóc, ủ tóc",duoc-my-pham | duoc-my-pham/cham-soc-toc-da-dau | duoc-my-pham/duong-toc-u-toc,True,True,40,0,https://nhathuoclongchau.com.vn/duoc-my-pham/nuoc-duong-toc-tinh-dau-buoi-cocoon-310-ml.html,duoc-my-pham,400
443,00042685,KEM BÔI SVR SIBEACLEAR HYDRA DƯỠNG ẨM CHO DA DẦU MỤN HỘP 40ML,Kem bôi SVR Sebiaclear Hydra dưỡng ẩm cho da dầu mụn (40ml),duoc-my-pham/kem-boi-svr-sibeaclear-hydra-duong-am-cho-da-dau-mun-hop-40-ml.html,466000.0,Hộp,đ,https://cdn.nhathuoclongchau.com.vn/unsafe/https://cms-prod.s3-sgn09.fptcloud.com/DSC_00656_04c66973aa.jpg,"Aqua , Prunus Amygdalus Dulcis Oil , Niacinamide , Dimethicone , Glyceryl Stearate Citrate , Silica , Glycerin , Glyceryl Glucoside , Pentylene Glycol , Cetearyl Alcohol , Sodium Polyacrylate , Parfum , 1,2-Hexanediol ",Kem,SVR,Hộp x 40ml,"Dược mỹ phẩm | Giải pháp làn da | Da mẫn cảm, dễ kích ứng",duoc-my-pham | duoc-my-pham/giai-phap-lan-da | duoc-my-pham/viem-da-co-dia,True,True,40,0,https://nhathuoclongchau.com.vn/duoc-my-pham/kem-boi-svr-sibeaclear-hydra-duong-am-cho-da-dau-mun-hop-40-ml.html,duoc-my-pham,400
444,00041495,GEL TẮM GỘI DỊU NHẸ MEGADERM CVI PHARMA 180ML,"Gel tắm gội dịu nhẹ Megaderm CVI Đức Phúc Pharma làm sạch dịu nhẹ, chăm sóc và bảo vệ da (180ml)",duoc-my-pham/gel-tam-goi-diu-nhe-megaderm-cvi-pharma-180-ml.html,130000.0,Hộp,đ,https://cdn.nhathuoclongchau.com.vn/unsafe/https://cms-prod.s3-sgn09.fptcloud.com/DSC_04219_8c388ce04d.jpg,"Purified water , Sodium laurilsulfate , Sodium Chloride , Glycerin , PEG-150 Distearate , Polysorbate , PEG-7 Glyceryl Cocoate ",,CVI Pharma,Hộp,"Dược mỹ phẩm | Chăm sóc cơ thể | Sữa dưỡng thể, kem dưỡng thể",duoc-my-pham | duoc-my-pham/cham-soc-co-the | duoc-my-pham/duong-the,True,True,40,0,https://nhathuoclongchau.com.vn/duoc-my-pham/gel-tam-goi-diu-nhe-megaderm-cvi-pharma-180-ml.html,duoc-my-pham,400
445,00503829,XỊT CHỐNG NẮNG CHO TRẺ EM BANANA BOAT KIDS SENSITIVE SPF50+ PA++++ BẢO VỆ DA KHÔNG GÂY KÍCH ỨNG 170G,Xịt chống nắng cho trẻ em Banana Boat Kids Sensitive SPF50+ PA++++ bảo vệ da không gây kích ứng (170g),duoc-my-pham/chong-nang-dang-xit-dung-cho-tre-em-banana-boat-kids-sensitive-spf50-pa-170g-38156.html,285000.0,Chai,đ,https://cdn.nhathuoclongchau.com.vn/unsafe/https://cms-prod.s3-sgn09.fptcloud.com/00503829_chong_nang_dang_xit_dung_cho_tre_em_banana_boat_kids_sensitive_spf50_pa_170g_2103_642c_large_b5f817014d.jpg,"Sodium Citrate , Caprylyl glycol , Phenoxyethanol , Glycerin , Sodium Chloride , Ethylhexyl methoxycrylene , Myrica Cerifera Fruit Wax , Lauryl PEG-8 Dimethicone , Cetyl Peg/Ppg-10/1 Dimethicone , Butyl Methoxydibenzoylmethane , C12-15 Alkyl Benzoate , Ethylhexyl Salicylate , Octocrylene , Homosalate , Isohexadecane , Isobutane , Aqua/ Water ",Dạng xịt,Banana Boat,Chai x 170g,Dược mỹ phẩm | Chăm sóc cơ thể | Chống nắng toàn thân,duoc-my-pham | duoc-my-pham/cham-soc-co-the | duoc-my-pham/chong-nang-toan-than,True,True,40,0,https://nhathuoclongchau.com.vn/duoc-my-pham/chong-nang-dang-xit-dung-cho-tre-em-banana-boat-kids-sensitive-spf50-pa-170g-38156.html,duoc-my-pham,400
446,00503574,CHỐNG NẮNG DƯỠNG ẨM DẠNG SỮA CHO MẶT VÀ TOÀN THÂN SENKA PERFECT UV MILK N SPF50+ PA++++ 40ML,Sữa chống nắng dưỡng ẩm Senka Perfect UV Milk N SPF50+ PA++++ dành cho mặt và toàn thân (40ml),duoc-my-pham/chong-nang-duong-am-dang-sua-cho-mat-va-toan-than-senka-perfect-uv-milk-n-spf50-pa-40ml-37897.html,209000.0,Tuýp,đ,https://cdn.nhathuoclongchau.com.vn/unsafe/https://cms-prod.s3-sgn09.fptcloud.com/00503574_chong_nang_duong_am_dang_sua_cho_mat_va_toan_than_senka_perfect_uv_milk_n_spf50_pa_40ml_1765_6412_large_aeb2e0e160.jpg,"Caprylyl Methicone , Dimethicone , Silica , Titanium dioxide , SORBITAN SESQUIISOSTEARATE , Polymethylsilsesquioxane , Ethylhexyl Salicylate , Polysilicone-15 , Zinc oxide , Methyl Methacrylate Crosspolymer , Talc , Ethylhexyl methoxycrylene , Isododecane , Alcohol Denat , Aqua/ Water , Cyclopentasiloxane , Diisopropyl Sebacate , Octocrylene , Glycerin , Citrus Aurantium Dulcis (Orange) Fruit Extract , PEG-9 POLYDIMETHYLSILOXYETHYL DIMETHICONE , SODIUM ACETYLATED HYALURONATE , Potassium sorbate , Citric Acid , Sericin , Sodium hyaluronate , Oryza Sativa (Rice) Germ Oil , PEG/PPG-14/7 Dimethyl Ether , Honey , PPG-17 , Sodium Metabisulfite , Tocopherols , BHT , Trisodium Edta , Stearic acid , Aluminum hydroxide , Hydrogen Dimethicone , Disteardimonium Hectorite , Bis-ethylhexyloxyphenol Methoxyphenyl Triazine , ISOSTEARIC ACID ",,Senka,Tuýp x 40ml,Dược mỹ phẩm | Chăm sóc cơ thể | Chống nắng toàn thân,duoc-my-pham | duoc-my-pham/cham-soc-co-the | duoc-my-pham/chong-nang-toan-than,True,True,40,0,https://nhathuoclongchau.com.vn/duoc-my-pham/chong-nang-duong-am-dang-sua-cho-mat-va-toan-than-senka-perfect-uv-milk-n-spf50-pa-40ml-37897.html,duoc-my-pham,400
447,00503573,CHỐNG NẮNG NÂNG TÔNG DẠNG ESSENCE CHO DA MẶT SENKA PERFECT UV SPF50+ PA++++ 50G,Chống nắng nâng tông dạng Essence cho da mặt Senka Perfect UV SPF50+ PA++++ (50g),duoc-my-pham/chong-nang-nang-tong-dang-senka-essence-perfect-uv-37898.html,209000.0,Tuýp,đ,https://cdn.nhathuoclongchau.com.vn/unsafe/https://cms-prod.s3-sgn09.fptcloud.com/sensa_31295f459b.jpg,"Hydrolyzed Silk , Hydrogen Dimethicone , SODIUM ACETYLATED HYALURONATE , Potassium sorbate , Citric Acid , Dimethicone , Sericin , Sodium hyaluronate , Tocopherols , Talc , CI 77491 , Polysilicone-2 , Citrus Aurantium Dulcis (Orange) Fruit Extract , Aluminum hydroxide , BHT , DIMETHYLACRYLAMIDE , Triethoxycaprylylsilane , Phenoxyethanol , Silica , Titanium dioxide , HDI/TRIMETHYLOL CROSSPOLYMER , Cetyl ethylhexanoate , Bis-ethylhexyloxyphenol Methoxyphenyl Triazine , Caprylyl Methicone , Polysilicone-15 , POLYBUTYLENE GLYCOL/PPG-9/1 COPOLYMER , Glycerin , Diethylamino hydroxybenzoyl hexyl benzoate , Butylene glycol , Zinc oxide , Peg-8 , ethylhexyl methoxycinnamate , Alcohol Denat , Aqua/ Water ",,Senka,Tuýp x 50g,Dược mỹ phẩm | Chăm sóc cơ thể | Chống nắng toàn thân,duoc-my-pham | duoc-my-pham/cham-soc-co-the | duoc-my-pham/chong-nang-toan-than,True,True,40,0,https://nhathuoclongchau.com.vn/duoc-my-pham/chong-nang-nang-tong-dang-senka-essence-perfect-uv-37898.html,duoc-my-pham,400
448,00503422,GEL RỬA MẶT CHO DA MỤN EUCERIN ANCE OIL CONTROL PRO ACNE SOLUTION CLEANSING 75ML,Gel rửa mặt Eucerin Ance Oil Control Pro Acne Solution Cleansing Gel dành cho da mụn (75ml),duoc-my-pham/gel-rua-mat-cho-da-mun-eucerin-ance-oil-control-pro-acne-solution-cleansing-75ml-37717.html,209000.0,Tuýp,đ,https://cdn.nhathuoclongchau.com.vn/unsafe/https://cms-prod.s3-sgn09.fptcloud.com/00503422_gel_rua_mat_cho_da_mun_eucerin_ance_oil_control_pro_acne_solution_cleansing_75ml_1395_63f7_large_db97e04b9d.jpg,"Aqua/ Water , Sodium cocoamphoacetate , Propylene glycol , Salicylic acid , Sodium Chloride , Citric Acid , Sodium benzoate , Sodium Laureth Sulfate ",Nhũ tương (Gel),Eucerin,Tuýp x 75ml,"Dược mỹ phẩm | Chăm sóc da mặt | Sữa rửa mặt (Kem, gel, sữa)",duoc-my-pham | duoc-my-pham/cham-soc-da-mat | duoc-my-pham/sua-rua-mat-kem-gel-sua,True,True,40,0,https://nhathuoclongchau.com.vn/duoc-my-pham/gel-rua-mat-cho-da-mun-eucerin-ance-oil-control-pro-acne-solution-cleansing-75ml-37717.html,duoc-my-pham,400
449,00503097,"SỮA DƯỠNG THỂ DÀNH CHO DA THƯỜNG, KHÔ VÀ RẤT KHÔ CERAVE MOISTURISING LOTION 236ML","Sữa dưỡng ẩm da CeraVe Moisturising Lotion 236ml dành cho da thường, da khô và rất khô",duoc-my-pham/sua-duong-the-danh-cho-da-thuong-kho-va-rat-kho-cerave-moisturising-lotion-236-ml.html,350000.0,Chai,đ,https://cdn.nhathuoclongchau.com.vn/unsafe/https://cms-prod.s3-sgn09.fptcloud.com/00503097_5d8db9dc8d.jpg,"CERAMIDE EOP , Tocopherols , Sodium hyaluronate , Carbomer , Xanthan gum , Cholesterol , Phytosphingosine , Ceramide AP , Ceramide NP , Dipotassium phosphate , Disodium EDTA , Potassium phosphate , Ethylhexyl Glycerin , SODIUM LAUROYL LACTYLATE , Polyglyceryl-3 distearate , Behentrimonium Methosulfate , Ceteareth-20 , Polysorbate 20 , Phenoxyethanol , Dimethicone , Cetyl alcohol , Cetearyl Alcohol , Caprylic/capric triglycerides , Glycerin , Aqua/ Water ",,Cerave,Chai x 236ml,"Dược mỹ phẩm | Chăm sóc cơ thể | Sữa dưỡng thể, kem dưỡng thể",duoc-my-pham | duoc-my-pham/cham-soc-co-the | duoc-my-pham/duong-the,True,True,40,0,https://nhathuoclongchau.com.vn/duoc-my-pham/sua-duong-the-danh-cho-da-thuong-kho-va-rat-kho-cerave-moisturising-lotion-236-ml.html,duoc-my-pham,400
450,00502424,"TINH CHẤT NGĂN NGỪA THÂM NÁM, ĐỐM NÂU VICHY LIFTACTIV B3 SERUM DARK SPOTS AND SWRINKLES 30ML","Tinh chất ngăn ngừa thâm nám, đốm nâu Liftactiv Specialist B3 Serum 30ml Vichy",duoc-my-pham/tinh-chat-ngan-ngua-tham-nam-dom-nau-vichy-liftactiv-b3-serum-dark-spots-and-swrinkles-30-ml.html,1280000.0,Hộp,đ,https://cdn.nhathuoclongchau.com.vn/unsafe/https://cms-prod.s3-sgn09.fptcloud.com/DSC_02504_5073b3e8f3.jpg,"Glycerin , Niacinamide , Butylene glycol , Aqua/ Water , hydroxyethyl piperazine ethane sulfonic , hydroxyethyl urea , Propylene glycol , Glycolic acid ",,Vichy,Hộp x 30ml,Dược mỹ phẩm | Chăm sóc da mặt | Dưỡng da mặt,duoc-my-pham | duoc-my-pham/cham-soc-da-mat | duoc-my-pham/duong-da-mat,True,True,40,0,https://nhathuoclongchau.com.vn/duoc-my-pham/tinh-chat-ngan-ngua-tham-nam-dom-nau-vichy-liftactiv-b3-serum-dark-spots-and-swrinkles-30-ml.html,duoc-my-pham,400
451,00502244,"KEM BÔI ZIAJA MED SKIN RELIEF DERMATOLOGICAL FORMULA SOOTHING CREAM NGỪA MẨN ĐỎ, LÀM DỊU DA 50ML","Kem bôi Ziaja Med Skin Relief Dermatological Formula Soothing Cream ngừa mẩn đỏ, làm dịu da (50ml)",duoc-my-pham/ziaja-med-skin-relief-dermatological-formula-soothing-cream-anti-redness-50-ml-kem-ngua-man-do.html,425000.0,Tuýp,đ,https://cdn.nhathuoclongchau.com.vn/unsafe/https://cms-prod.s3-sgn09.fptcloud.com/DSC_03778_23da076cc4.jpg,"Aqua , Cetearyl Ethylhexanoate , Octyldodecanol , propylen glycol , Aluminum Starch Octenylsuccinate , Cetearyl Glucoside , Cetearyl Alcohol ",,Ziaja,Tuýp x 50ml,Dược mỹ phẩm | Giải pháp làn da | Da nhạy cảm,duoc-my-pham | duoc-my-pham/giai-phap-lan-da | duoc-my-pham/da-bi-kich-ung,True,True,40,0,https://nhathuoclongchau.com.vn/duoc-my-pham/ziaja-med-skin-relief-dermatological-formula-soothing-cream-anti-redness-50-ml-kem-ngua-man-do.html,duoc-my-pham,400
452,00502005,"SỮA CHỐNG NẮNG CHO BÉ BIORE UV KIDS PURE MILK SPF 50+ PA+++ BẢO VỆ DA, DỊU NHẸ 70ML","Sữa chống nắng cho bé Biore UV Kids Pure Milk SPF 50+ PA+++ bảo vệ da, dịu nhẹ (70ml)",duoc-my-pham/biore-uv-kids-pure-milk-spf-50+-70ml-kem-chong-nang-dang-sua-diu-nhe-cho-tre-em-36207.html,234000.0,Chai,đ,https://cdn.nhathuoclongchau.com.vn/unsafe/https://cms-prod.s3-sgn09.fptcloud.com/00502005_biore_uv_kids_pure_milk_spf_50_70ml_kem_chong_nang_dang_sua_diu_nhe_cho_tre_em_3011_6321_large_58d55463c6.jpg,"Tocopherol , Butyrospermum Parkii (Shea) Butter , Glycerin , Sorbitan Isostearate , Dipropylene glycol , Water purified , C30-45 Alkyldimethylsilyl Polypropylsilsesquioxane , Triethoxycaprylylsilane , Aluminum hydroxide , PEG-30 Dipolyhydroxystearate , Stearic acid , Neopentyl Glycol Dicaprate , C12-15 Alkyl Benzoate , Dimethicone , Titanium dioxide , Butylene glycol , Hydrogenated Polyisobutene , Zinc oxide , Cyclopentasiloxane ",,Biore,Chai x 70ml,Dược mỹ phẩm | Chăm sóc cơ thể | Chống nắng toàn thân,duoc-my-pham | duoc-my-pham/cham-soc-co-the | duoc-my-pham/chong-nang-toan-than,True,True,40,0,https://nhathuoclongchau.com.vn/duoc-my-pham/biore-uv-kids-pure-milk-spf-50+-70ml-kem-chong-nang-dang-sua-diu-nhe-cho-tre-em-36207.html,duoc-my-pham,400
453,00500957,SỮA TẮM DR.EA ZOLIC BODY CLEANSING MILK 150ML,"Sữa tắm Dr.EA Body Zolic Body Cleansing Milk 150ml làm sạch sâu cho da, hỗ trợ làm giảm các triệu chứng viêm da",duoc-my-pham/sua-tam-dr-ea-zolic-body-cleansing-milk-150-ml.html,220000.0,Chai,đ,https://cdn.nhathuoclongchau.com.vn/unsafe/https://cms-prod.s3-sgn09.fptcloud.com/zolic_5f8447ad5c.jpg,"Aqua , Cocamido Propyl Belaine , Sulfur , Glycolic acid , Glycerin , Cetearyl Alcohol , Glyceryl stearate , Capric/Capric triglyceride , Salicylic acid , Hydrogenated castor oil , Propylene glycol , Vitis Vinifera (Grape) Seed Oil , Aloe barbadensis leaf extract , Sodium PCA , Allantoin , Tocopheryl acetate , Fragrance , Zin PCA , Phenoxyethanol , Benzoic Acid , Dehydroacetic Acid , Potassium hydroxide , Citric Acid , Disodium EDTA , Sesamum Indicum (Sesame) Seed Oil (Sesamum Indicum) ",Gel,Dr.EA,Chai,"Dược mỹ phẩm | Chăm sóc cơ thể | Sữa tắm, xà bông",duoc-my-pham | duoc-my-pham/cham-soc-co-the | duoc-my-pham/sua-tam-xa-bong,True,True,40,0,https://nhathuoclongchau.com.vn/duoc-my-pham/sua-tam-dr-ea-zolic-body-cleansing-milk-150-ml.html,duoc-my-pham,400
454,00033481,"BIORE INTENSIVE AURA SPF50+ 150ML - SERUM CHỐNG NẮNG KHÁNG BỤI, SÁNG DA MỊN MÀNG DÙNG CHO TOÀN THÂN",Serum chống nắng dưỡng thể kháng bụi Bioré UV SPF50+ PA+++ Kao (150ml) ,duoc-my-pham/kem-chong-nang-serum-dung-cho-toan-than-biore-khang-bui-sang-da-min-mang-spf-50-150ml-33592.html,199000.0,Chai,đ,https://cdn.nhathuoclongchau.com.vn/unsafe/https://cms-prod.s3-sgn09.fptcloud.com/00033481_kem_chong_nang_serum_dung_cho_toan_than_biore_khang_bui_sang_da_min_mang_spf_50_150ml_1358_621c_large_0923a433e2.jpg,"Cl 77891 , Phenoxyethanol , Agar , Citrus Junos Fruit Extract , Tocopherol , Stearic acid , Arginine , Aluminum hydroxide , BHT , Disodium EDTA , Vinyl Dimethicone/Lauryl Dimethicone Crosspolymer , Dimethicone/Vinyl Dimethicone Crosspolymer , Potassium hydroxide , Glyceryl stearate , Frangrance , Acrylates-C10-30-Alkyl-Acrylate-Crosspolymer , Cetyl alcohol , Triethoxycaprylylsilane , Dextrin , Silica, hydrated , Hydrogenated Polyisobutene , Silica , Niacinamide , Diethylamino hydroxybenzoyl hexyl benzoate , Dimethicone , Ethylhexyl Triazone , Bis-ethylhexyloxyphenol Methoxyphenyl Triazine , Lauryl Methacrylate , Titanium dioxide , Isopropyl Palmitate , Butylene glycol , Alcohol , ethylhexyl methoxycinnamate , Water purified ",,Biore,Chai,Dược mỹ phẩm | Chăm sóc cơ thể | Chống nắng toàn thân,duoc-my-pham | duoc-my-pham/cham-soc-co-the | duoc-my-pham/chong-nang-toan-than,True,True,40,0,https://nhathuoclongchau.com.vn/duoc-my-pham/kem-chong-nang-serum-dung-cho-toan-than-biore-khang-bui-sang-da-min-mang-spf-50-150ml-33592.html,duoc-my-pham,400
455,00016462,NƯỚC LÀM SẠCH SÂU VÀ TẨY TRANG DÀNH CHO DA NHẠY CẢM LA ROCHE-POSAY MICELLAR WATER ULTRA SENSITIVE SKIN 200ML,Nước làm sạch sâu và tẩy trang La Roche-Posay Micellar Water Ultra Sensitive Skin dành cho da nhạy cảm (200ml),duoc-my-pham/larocheposay-micellar-water-ultra-sensitikin-200ml-m0365702-14241.html,455000.0,Chai,đ,https://cdn.nhathuoclongchau.com.vn/unsafe/https://cms-prod.s3-sgn09.fptcloud.com/00016462_larocheposay_micellar_water_ultra_sensitikin_200ml_m0365702_1351_6331_large_ca135bd679.jpg,"Aqua , Capric Glycerides , Poloxamer 124 , Poloxamer 184 , Peg-6 Caprylic , Glycerin , Polysorbate 80 , Disodium EDTA , BHT , Parfum ",,Laroche posay,Chai x 200ml,Dược mỹ phẩm | Chăm sóc da mặt,duoc-my-pham | duoc-my-pham/cham-soc-da-mat,True,True,40,0,https://nhathuoclongchau.com.vn/duoc-my-pham/larocheposay-micellar-water-ultra-sensitikin-200ml-m0365702-14241.html,duoc-my-pham,400
456,00015087,"DẦU XẢ DƯỠNG TÓC KINGPHAR 200G-DƯỠNG ẨM, GIẢM GÃY RỤNG","Dầu xả dưỡng tóc Kingphar giúp tóc suôn mượt, ngừa rụng tóc, phục hồi tóc hư tổn (200g)",duoc-my-pham/dau-xa-duong-toc-kingphar-200g-duong-am-giam-gay-rung-15103.html,55000.0,Chai,đ,https://cdn.nhathuoclongchau.com.vn/unsafe/https://cms-prod.s3-sgn09.fptcloud.com/00015087_dau_xa_duong_toc_kingphar_200g_7209_6017_large_85b52d3ef3.JPG,"Water , Cetyl alcohol , Paraffinum Liquidum , Behentrimonium Chloride , Glycerin , Fragrance , Salix Alba (Willow) Bark Extract , Rosmarinus officinalis leaf oil , Azadirachta Indica Leaf Extract , Phenoxythanol , Laurdimo-nium Hydroxypropyl Hydrolyzed Wheat Protein , TEA-Dodecylbenzenesul-fona , Tetrasodium EDTA , Guar hydroxypropyltrimcnnium chloride , Dimethiconol , Citric Acid, Anhydrous , Aloe barbadensis leaf juice , Salvia officinalis , Thymus Zygis oil , Citrus Aurantifolia (lime) Juice ",,Kingphar,Chai,Dược mỹ phẩm | Chăm sóc tóc - da đầu | Dầu gội dầu xả,duoc-my-pham | duoc-my-pham/cham-soc-toc-da-dau | duoc-my-pham/dau-goi-dau-xa,True,True,40,0,https://nhathuoclongchau.com.vn/duoc-my-pham/dau-xa-duong-toc-kingphar-200g-duong-am-giam-gay-rung-15103.html,duoc-my-pham,400
457,00014868,VICHY MINERAL 89 FORTIFYING DAILY BOOSTER 50ML M9154700 MB148200 VC0001- TINH CHẤT KHOÁNG CÔ ĐẶC CỦNG CỐ HÀNG RÀO BẢO VỆ DA GIÚP DA CĂNG MỊN VÀ RẠNG RỠ,Dưỡng chất tăng cường khoáng Mineral 89 giúp da khỏe dành cho mọi loại da (50ml),duoc-my-pham/vichy-duong-chat-tang-cuong-khoang-mineral-89-50ml-m9154700-15316.html,1215000.0,Hộp,đ,https://cdn.nhathuoclongchau.com.vn/unsafe/https://cms-prod.s3-sgn09.fptcloud.com/00014868_vichy_duong_chat_tang_cuong_khoang_mineral_89_50ml_m9154700_4625_5c9e_large_d48fc276dc.jpg,"Aqua , Glycerin , Butylene glycol , Carbomer , Sodium hyaluronate , Phenoxyethanol , Caprylyl glycol , Citric Acid , PEG/PPG/Polybutylene Glycol-8/5/3 Glycerin , Methyl Gluceth-20 , Biosaccharide Gum-1 ",,Vichy,Hộp,Dược mỹ phẩm | Chăm sóc da mặt | Dưỡng da mặt,duoc-my-pham | duoc-my-pham/cham-soc-da-mat | duoc-my-pham/duong-da-mat,True,True,40,0,https://nhathuoclongchau.com.vn/duoc-my-pham/vichy-duong-chat-tang-cuong-khoang-mineral-89-50ml-m9154700-15316.html,duoc-my-pham,400
458,00014725,KEM LÀM SẠCH DA ECZE STOP 35G- ĐIỀU TRỊ VIÊM DA CƠ ĐỊA,"Kem Ecze Stop hỗ trợ giảm ngứa, giảm dị ứng, giảm viêm sát khuẩn (35g)",duoc-my-pham/kem-lam-sach-da-ecze-stop-35g-15438.html,165000.0,Hộp,đ,https://cdn.nhathuoclongchau.com.vn/unsafe/https://cms-prod.s3-sgn09.fptcloud.com/00014725_kem_lam_sach_da_ecze_stop_35g_2212_5c87_large_ac5fe492ff.jpg,"Dầu dừa , Glycerin ",,SPAPHAR,Hộp x 35g,"Dược mỹ phẩm | Giải pháp làn da | Da mẫn cảm, dễ kích ứng",duoc-my-pham | duoc-my-pham/giai-phap-lan-da | duoc-my-pham/viem-da-co-dia,True,True,40,0,https://nhathuoclongchau.com.vn/duoc-my-pham/kem-lam-sach-da-ecze-stop-35g-15438.html,duoc-my-pham,400
459,00013895,"DẦU XẢ THÁI DƯƠNG 3 HƯƠNG HOA ĐÀO DƯỠNG TÓC MỀM MƯỢT, ÓNG Ả 200ML","Dầu xả Thái Dương 3 hương hoa đào dưỡng tóc mềm mượt, óng ả (200ml)",duoc-my-pham/thai-duong-dau-xa-3-hhoa-15821.html,60000.0,Chai,đ,https://cdn.nhathuoclongchau.com.vn/unsafe/https://cms-prod.s3-sgn09.fptcloud.com/DSC_00027_2_de21c62b19.jpg,"Aqua , Cetearyl Alcohol , Cyclopentasiloxane , Hydrogenated Polydencene , Fragrance , Dimethicone , Olive oil , Ester sulfonate , Quaternium-91 , Hydrolyzed Keratin , Phenyl Trimethicone , Argania Spinosa Kernel Oil , Guar hydroxypropyltrimcnnium chloride , Myristyl Myristate , Linoleamidopropyl Pg-dimonium Cholride Phosphate , Allantoin , Citric Acid , Disodium EDTA , Magnesium nitrate , Magnesium chloride , Behentrimonium Chloride , Methylparaben , Propylparaben , Methylchloroisothiazolinone , Methylisothiazolinone ",Dung dịch,Sao Thái Dương,Chai x 200ml,Dược mỹ phẩm | Chăm sóc tóc - da đầu | Dầu gội dầu xả,duoc-my-pham | duoc-my-pham/cham-soc-toc-da-dau | duoc-my-pham/dau-goi-dau-xa,True,True,40,0,https://nhathuoclongchau.com.vn/duoc-my-pham/thai-duong-dau-xa-3-hhoa-15821.html,duoc-my-pham,400
460,00013450,LA ROCHE-POSAY MICELLAR WATER ULTRA OILY SKIN 200ML M9054120 M9054101 - NƯỚC LÀM SẠCH SÂU VÀ TẨY TRANG DÀNH CHO DA DẦU NHẠY CẢM,"Nước tẩy trang La Roche-Posay Effaclar Micellar Water Ultra Oily Skin dịu nhẹ, không làm khô da (200ml)",duoc-my-pham/nuoc-tay-trang-laroche-posay-200ml-m9054100-16016.html,450000.0,Chai,đ,https://cdn.nhathuoclongchau.com.vn/unsafe/https://cms-prod.s3-sgn09.fptcloud.com/00013450_nuoc_tay_trang_laroche_posay_200ml_m9054100_4181_5c90_large_7081472ef4.jpg,"Aqua , Hexylene glycol , Glycerin , Zinc PCA , Sodium lactate , Disodium EDTA , Citric Acid , Iodopropynyl butylcarbamate , Polyaminopropyl Biguanide , Poloxamer 188 , Disodium Cocoamphodiacetate , Dihydrocholeth-30 ",,Laroche posay,Chai x 200ml,Dược mỹ phẩm | Chăm sóc da mặt,duoc-my-pham | duoc-my-pham/cham-soc-da-mat,True,True,40,0,https://nhathuoclongchau.com.vn/duoc-my-pham/nuoc-tay-trang-laroche-posay-200ml-m9054100-16016.html,duoc-my-pham,400
461,00000489,"GIẤY THẤM DẦU ACNES OIL REMOVER PAPER ROHTO HỖ TRỢ LẤY BỎ DẦU THỪA, GIÚP DA KHÔ THOÁNG HỘP X 100 MIẾNG","Giấy thấm dầu Acnes Oil Remover Paper giúp kiểm soát nhờn, ngăn ngừa mụn (100 tờ)",duoc-my-pham/acnes-giay-tham-dau-oil-remover-paper-100-cai-17563.html,32500.0,Gói,đ,https://cdn.nhathuoclongchau.com.vn/unsafe/https://cms-prod.s3-sgn09.fptcloud.com/00000489_acnes_giay_tham_dau_oil_remover_paper_100_cai_8611_62bd_large_14c6bc8d12.jpg,Giấy ,,Acnes,Gói,Dược mỹ phẩm | Chăm sóc da mặt,duoc-my-pham | duoc-my-pham/cham-soc-da-mat,True,True,40,0,https://nhathuoclongchau.com.vn/duoc-my-pham/acnes-giay-tham-dau-oil-remover-paper-100-cai-17563.html,duoc-my-pham,400
462,00020488,PERFECTA BABY 150ML - GEL TẮM GỘI 3 TRONG 1 CHO TRẺ,Gel tắm gội 3 trong 1 cho trẻ từ 1 ngày tuổi Perfecta Baby Rohto dưỡng ẩm da (150ml),duoc-my-pham/perfecta-baby-150ml-gel-tam-goi-3-trong-1-cho-tre-20736.html,195000.0,Hộp,đ,https://cdn.nhathuoclongchau.com.vn/unsafe/https://cms-prod.s3-sgn09.fptcloud.com/00020488_perfecta_baby_150ml_gel_tam_goi_3_trong_1_cho_tre_4780_5eb0_large_9bdc16ab4d.JPG,"Cocamidopropyl betaine , Hạt lanh , Allantoin , Sodium Lauryl Glucose Carboxylate , Omega 6 ",,Rohto,Hộp x 150ml,"Dược mỹ phẩm | Chăm sóc cơ thể | Sữa tắm, xà bông",duoc-my-pham | duoc-my-pham/cham-soc-co-the | duoc-my-pham/sua-tam-xa-bong,True,True,40,0,https://nhathuoclongchau.com.vn/duoc-my-pham/perfecta-baby-150ml-gel-tam-goi-3-trong-1-cho-tre-20736.html,duoc-my-pham,400
463,00022537,"VICHY LIFTACTIV COLLAGEN SPECIALIST 16 CREAM DAY 50ML - KEM DƯỠNG ẨM NGĂN NGỪA, CẢI THIỆN CÁC DẤU HIỆU LÃO HÓA DA","Kem dưỡng ẩm Vichy Collagen Liftactiv Collagen Specialist ngăn ngừa, cải thiện các dấu hiệu lão hóa da (50ml)",duoc-my-pham/vichy-liftactiv-collagen-specialist-50ml-mb119100-kem-duong-am-ngan-ngua-cai-thien-cac-dau-hieu-l-22863.html,1260000.0,Hộp,đ,https://cdn.nhathuoclongchau.com.vn/unsafe/https://cms-prod.s3-sgn09.fptcloud.com/00022537_vichy_liftactiv_collagen_specialist_50ml_mb119100_kem_duong_am_ngan_ngua_cai_thien_cac_dau_hieu_l_5678_60b0_large_006e2d9429.jpg,"Aqua , Glycerin , Dimethicon , Silica , Isohexadecane , Alcohol , HYDROXYETHYLPIPERAZINE ETHANE SULFONIC ACID , Niacinamide , Propanediol , Synthetic Wax , Peg-10 dimethicone , Hydrolyzed Rice Protein , sodium phytate , Adenosine , grifola frondosa fruiting body extract , Hydroxyacetophenone , Palmitoyl tetrapeptide-7 , palmitoyl tripeptide-1 , Rhamnose , sh-polypeptide-69 , Sodium hydroxide , Ascorbyl Glucoside , Disteardimonium Hectorite , Butylene glycol , Caprylic/capric triglyceride , Caprylyl glycol , Carbomer , Ceteareth-6 , Cl 77891 , Titanium dioxide , Bột Maltodextrin , Pentylene Glycol , Polysorbate 20 , Propylene Carbonate , sodium acrylates , Synthetic Fluorphlogopite , Tocopherol ",,Vichy,Hộp x 50ml,"Dược mỹ phẩm | Giải pháp làn da | Hỗ trợ tái tạo, cải thiện da lão hoá",duoc-my-pham | duoc-my-pham/giai-phap-lan-da | duoc-my-pham/tai-tao-chong-lao-hoa,True,True,40,0,https://nhathuoclongchau.com.vn/duoc-my-pham/vichy-liftactiv-collagen-specialist-50ml-mb119100-kem-duong-am-ngan-ngua-cai-thien-cac-dau-hieu-l-22863.html,duoc-my-pham,400
464,00027460,"TINH CHẤT EUCERIN HYALURON 3X FILLER MOISTURE BOOSTER CẤP ẨM, NGĂN NGỪA LÃO HÓA HỘP 30ML",Tinh chất Eucerin Anti-Age Hyaluron-Filler Moisture Filler cấp ẩm ngăn ngừa lão hóa (30ml),duoc-my-pham/eucerin-anti-age-hyaluron-filler-moisture-filler-30ml-83524-tinh-chat-cap-am-ngan-ngua-lao-hoa-27778.html,889000.0,Hộp,đ,https://cdn.nhathuoclongchau.com.vn/unsafe/https://cms-prod.s3-sgn09.fptcloud.com/DSC_00641_714ef7a281.jpg,"Aqua , Alcohol Denat , Butylene glycol , Glycerin , Sodium hyaluronate , Peg-40 Hydrogenated Castor Oil , Caprylyl glycol , Citric Acid , BHT , Parfum , Sodium Ascorbyl Phosphate ",Serum,Eucerin,Hộp x 30ml,Dược mỹ phẩm | Chăm sóc da mặt,duoc-my-pham | duoc-my-pham/cham-soc-da-mat,True,True,40,0,https://nhathuoclongchau.com.vn/duoc-my-pham/eucerin-anti-age-hyaluron-filler-moisture-filler-30ml-83524-tinh-chat-cap-am-ngan-ngua-lao-hoa-27778.html,duoc-my-pham,400
465,00027496,TINH CHẤT NGỪA RỤNG TÓC RADICAL MED ANTI-HAIR LOSS 3 ỐNG - MEN,Tinh chất Radical Med Anti-Hair Loss ngừa rụng tóc cho nam (3 ống),duoc-my-pham/tinh-chat-ngua-rung-toc-radical-med-anti-hair-loss-3-ong-men-27812.html,385000.0,Hộp,đ,https://cdn.nhathuoclongchau.com.vn/unsafe/https://cms-prod.s3-sgn09.fptcloud.com/DSC_02448_8da72cfde2.jpg,Thành phần khác ,,Radical,Hộp 3 Ống,Dược mỹ phẩm | Chăm sóc tóc - da đầu | Chăm sóc chuyên sâu cho tóc,duoc-my-pham | duoc-my-pham/cham-soc-toc-da-dau | duoc-my-pham/dac-tri,True,True,40,0,https://nhathuoclongchau.com.vn/duoc-my-pham/tinh-chat-ngua-rung-toc-radical-med-anti-hair-loss-3-ong-men-27812.html,duoc-my-pham,400
466,00029025,VICHY NORMADERM INTENSIVE PURIFYING GEL 200ML - SỮA RỬA MẶT DẠNG GEL GIÚP LÀM SẠCH SÂU VÀ GIẢM BÃ NHỜN,Sữa rửa mặt dạng gel giúp làm sạch sâu và giảm bã nhờn trên da Vichy Normaderm Phytosolution Intensive Purifying Gel (200ml),duoc-my-pham/vichy-normaderm-phytosolution-intensive-purifying-gel-200ml-mb158501-sua-rua-mat-dang-gel-giup-lam-29309.html,510000.0,Chai,đ,https://cdn.nhathuoclongchau.com.vn/unsafe/https://cms-prod.s3-sgn09.fptcloud.com/00029025_vichy_normaderm_phytosolution_intensive_purifying_gel_200ml_mb158501_sua_rua_mat_dang_gel_giup_lam_4655_5fd9_large_0e73ed1bab.jpg,"Aqua/ Water , Coco-betaine , Propanediol , Peg-120 Methyl Glucose Dioleate , Sodium Chloride , Sodium Cocoyl Glycinate , Dipropylene glycol , Zinc gluconate , Salicylic acid , Bifida ferment lysate , Sodium hydroxide , Sodium benzoate , Phenoxyethanol , Copper gluconate , Caprylyl glycol , Tetrasodium glutamate diacetate , Parfum (Fragrance) ",Gel,Vichy,Chai,"Dược mỹ phẩm | Chăm sóc da mặt | Sữa rửa mặt (Kem, gel, sữa)",duoc-my-pham | duoc-my-pham/cham-soc-da-mat | duoc-my-pham/sua-rua-mat-kem-gel-sua,True,True,40,0,https://nhathuoclongchau.com.vn/duoc-my-pham/vichy-normaderm-phytosolution-intensive-purifying-gel-200ml-mb158501-sua-rua-mat-dang-gel-giup-lam-29309.html,duoc-my-pham,400
467,00030325,EUCERIN PH5 FACIAL CLEANSER SENSITIVE SKIN - SỮA RỬA MẶT CHO DA NHẠY CẢM 400ML,Sữa rửa mặt cho da nhạy cảm Eucerin PH5 Facial Cleanser Sensitive Skin (400ml),duoc-my-pham/eucerin-ph5-facial-cleanser-sensitive-skin-sua-rua-mat-cho-da-nhay-cam-400ml-30476.html,279000.0,Chai,đ,https://cdn.nhathuoclongchau.com.vn/unsafe/https://cms-prod.s3-sgn09.fptcloud.com/00030325_eucerin_ph5_facial_cleanser_sensitive_skin_sua_rua_mat_cho_da_nhay_cam_400ml_7460_63db_large_50312ccd17.jpg,"Aqua , Sodium cocoamphoacetate , Propylene glycol , Sodium Laureth Sulfate , Sodium Chloride , Citric Acid , Sodium benzoate , Salicylic acid , Sodium myreth sulfate , Lauryl glucoside , Methylpropanediol , Peg-40 Hydrogenated Castor Oil ",,Eucerin,Chai,"Dược mỹ phẩm | Chăm sóc da mặt | Sữa rửa mặt (Kem, gel, sữa)",duoc-my-pham | duoc-my-pham/cham-soc-da-mat | duoc-my-pham/sua-rua-mat-kem-gel-sua,True,True,40,0,https://nhathuoclongchau.com.vn/duoc-my-pham/eucerin-ph5-facial-cleanser-sensitive-skin-sua-rua-mat-cho-da-nhay-cam-400ml-30476.html,duoc-my-pham,400
468,00031116,"FIXDERMA FCL ALPHA-BETA ACNE CLEANSER 200ML - SỮA RỬA MẶT NGĂN NGỪA VÀ GIẢM MỤN TRỨNG CÁ, MỤN ĐẦU ĐEN",Sữa rửa mặt làm giảm mụn Fixderma FCL Alpha-Beta Acne Cleanser (200ml),duoc-my-pham/fixderma-fcl-alpha-beta-acne-cleanser-200ml-sua-rua-mat-ngan-ngua-va-giam-mun-trung-ca-mun-dau-de-31264.html,630000.0,Chai,đ,https://cdn.nhathuoclongchau.com.vn/unsafe/https://cms-prod.s3-sgn09.fptcloud.com/00031116_fixderma_fcl_alpha_beta_acne_cleanser_200ml_sua_rua_mat_ngan_ngua_va_giam_mun_trung_ca_mun_dau_de_1615_60e6_large_1aca7509c0.jpg,"Sodium Lauroyl Sarcosinate , Glycerol , Salicylic acid , Glycolic acid , Capryloyl Glycine , Vaccinium Myrtillus Fruit Extract , Acer Saccharum (Sugar Maple) Extract , Citrus Aurantium Dulcis (Orange) Fruit Extract , Citrus Limon (Lemon) , Saccharum Officinarum (Sugar Cane) Extract ",,Fixderma,Chai,"Dược mỹ phẩm | Chăm sóc da mặt | Sữa rửa mặt (Kem, gel, sữa)",duoc-my-pham | duoc-my-pham/cham-soc-da-mat | duoc-my-pham/sua-rua-mat-kem-gel-sua,True,True,40,0,https://nhathuoclongchau.com.vn/duoc-my-pham/fixderma-fcl-alpha-beta-acne-cleanser-200ml-sua-rua-mat-ngan-ngua-va-giam-mun-trung-ca-mun-dau-de-31264.html,duoc-my-pham,400
469,00042975,DẦU GỘI VICHY DERCOS TECHNIQUE ANTI DANDRUFF GIÚP GIẢM GÀU CHO DA ĐẦU 75ML,Dầu gội Vichy Dercos Technique Anti-Dandruff giúp giảm gàu cho da đầu (75ml),duoc-my-pham/dau-goi-lam-sach-gau-vichy-dercos-75-ml.html,160000.0,Chai,đ,https://cdn.nhathuoclongchau.com.vn/unsafe/https://cms-prod.s3-sgn09.fptcloud.com/DSC_00504_1268e352f7.jpg,"Aqua/Water/EAU , Sodium Laureth Sulfate , Glycol Distearate , Coco-betaine , Glycerin , Dimethicone , Selenium Sulfide , Carbomer , CI 47005 , Acid Yellow 3 , Citric Acid , Menthol , 2-Oleamido-1,3-Octadecanediol , Ppg-5-ceteth-20 , Salicylic acid , Sodium benzoate , Sodium Chloride , Sodium hydroxide , Tocopheryl acetate , Parfum (Fragrance) ",Dung dịch,Vichy,Chai,Dược mỹ phẩm | Chăm sóc tóc - da đầu | Dầu gội dầu xả,duoc-my-pham | duoc-my-pham/cham-soc-toc-da-dau | duoc-my-pham/dau-goi-dau-xa,True,True,30,0,https://nhathuoclongchau.com.vn/duoc-my-pham/dau-goi-lam-sach-gau-vichy-dercos-75-ml.html,duoc-my-pham,400
470,00007864,"VICHY DERCOS ENERGISING SHAMPOO HAIRLOSS 200ML M9032400 M9032402 M9032403 M9032420 M9032422 - DẦU GỘI TĂNG CƯỜNG DƯỠNG TÓC, GIẢM RỤNG TÓC",Dầu gội ngăn ngừa và giảm rụng tóc Vichy Dercos Energising (200ml) ,duoc-my-pham/dau-goi-vichy-tang-cuong-duong-toc-giam-gay-rung-621.html,415000.0,Hộp,đ,https://cdn.nhathuoclongchau.com.vn/unsafe/https://cms-prod.s3-sgn09.fptcloud.com/1_80017d3557.jpg,Aqua ,,Vichy,Hộp,Dược mỹ phẩm | Chăm sóc tóc - da đầu | Dầu gội dầu xả,duoc-my-pham | duoc-my-pham/cham-soc-toc-da-dau | duoc-my-pham/dau-goi-dau-xa,True,True,30,0,https://nhathuoclongchau.com.vn/duoc-my-pham/dau-goi-vichy-tang-cuong-duong-toc-giam-gay-rung-621.html,duoc-my-pham,400
471,00049636,"XỊT KHỬ MÙI ZUCHI HOA LINH THẢO DƯỢC NGĂN NGỪA HÔI NÁCH, HÔI CHÂN HỘP 20ML","Xịt khử mùi Zuchi Hoa Linh Thảo Dược ngăn ngừa hôi nách, hôi chân (20ml)",duoc-my-pham/xit-khu-mui-zuchi-hoa-linh-thao-duoc-ngan-ngua-hoi-nach-hoi-chan-hop-20-ml.html,25000.0,Hộp,đ,https://cdn.nhathuoclongchau.com.vn/unsafe/https://cms-prod.s3-sgn09.fptcloud.com/DSC_02211_36c2af2355.jpg,"Purified water , Aluminum chlorohydrate , propylen glycol , Benzalkonium Chloride , Ethyl Alcohol , Zinc chloride , Propylene glycol , Fragrance , Menthol , Acid hydrochloric ",Dạng xịt,Hoa Linh,Hộp x 20ml,"Dược mỹ phẩm | Chăm sóc cơ thể | Lăn khử mùi, xịt khử mùi",duoc-my-pham | duoc-my-pham/cham-soc-co-the | duoc-my-pham/khu-mui,True,True,20,0,https://nhathuoclongchau.com.vn/duoc-my-pham/xit-khu-mui-zuchi-hoa-linh-thao-duoc-ngan-ngua-hoi-nach-hoi-chan-hop-20-ml.html,duoc-my-pham,400
472,00045234,MẶT NẠ NGHỆ HƯNG YÊN COCOON 30ML,"Mặt nạ nghệ Hưng Yên Cocoon cải thiện bề mặt, giúp da trở nên mịn màng (30ml)",duoc-my-pham/mat-na-nghe-hung-yen-cocoon-30-ml.html,145000.0,Chai,đ,https://cdn.nhathuoclongchau.com.vn/unsafe/https://cms-prod.s3-sgn09.fptcloud.com/COCOON_Mat_na_nghe_Hung_Yen_30ml_STUDIO_0a6f74f971.jpg,"Aqua , Kaolin , Silica , Curcuma longa root powder , Caprylic/capric triglyceride , Hydroxyethyl Acrylate , Tetrahydrodiferuloylmethane , Curcuma Longa Root Extract , Niacinamide , Lactic Acid , Avena sativa meal extract ",,Cocoon,Chai,Dược mỹ phẩm | Chăm sóc da mặt | Mặt nạ,duoc-my-pham | duoc-my-pham/cham-soc-da-mat | duoc-my-pham/mat-na,True,True,20,0,https://nhathuoclongchau.com.vn/duoc-my-pham/mat-na-nghe-hung-yen-cocoon-30-ml.html,duoc-my-pham,400
473,00045232,GEL RỬA MẶT BÍ ĐAO COCOON 310ML,Gel rửa mặt bí đao Cocoon giúp làm sạch sâu lỗ chân lông (310ml),duoc-my-pham/gel-rua-mat-bi-dao-cocoon-310-ml.html,295000.0,Chai,đ,https://cdn.nhathuoclongchau.com.vn/unsafe/https://cms-prod.s3-sgn09.fptcloud.com/COCOON_Gel_bi_dao_rua_mat_310_ML_STUDIO_f8c0a75847.jpg,"Trisodium Ethylenediamine Disuccinate , Menthyl lactate , Xanthan gum , Ethylhexyglycerin , Lavandula angustifolia oil , Rosmarinus officinalis leaf oil , Melaleuca Alternifolia Essential oil , Polysorbate 20 , Sodium hydroxide , Sodium lactate , Glycereth-26 , Caramel , Peg-120 Methyl Glucose Dioleate , Butylene glycol , Propanediol , Betaine , Centella Asiatica Extract , Panthenol , Niacinamide , Salicylic acid , Benincasa cerfera extract (bí đao) , Glycerin , PEG-7 Glyceryl Cocoate , Cocoyl Methyl Glucamide , Acrylates/Steareth-20 Methacrylate , Cocamidopropyl betaine , Potassium Laureth Phosphate , Aqua ",,Cocoon,Chai,"Dược mỹ phẩm | Chăm sóc da mặt | Sữa rửa mặt (Kem, gel, sữa)",duoc-my-pham | duoc-my-pham/cham-soc-da-mat | duoc-my-pham/sua-rua-mat-kem-gel-sua,True,True,20,0,https://nhathuoclongchau.com.vn/duoc-my-pham/gel-rua-mat-bi-dao-cocoon-310-ml.html,duoc-my-pham,400
474,00045231,KEM CHỐNG NẮNG BÍ ĐAO COCOON 50ML,Kem chống nắng bí đao Cocoon giúp chống nắng với khả năng bảo vệ cao (50ml),duoc-my-pham/kem-chong-nang-bi-dao-cocoon-50-ml.html,395000.0,Hộp,đ,https://cdn.nhathuoclongchau.com.vn/unsafe/https://cms-prod.s3-sgn09.fptcloud.com/COCOON_Kem_Chong_Nang_Bi_Dao_50_ML_STUDIO_9210672ca8.jpg,"Aqua , C12-15 Alkyl Benzoate , Isododecane , Cyclopentasiloxane , Bis-ethylhexyloxyphenol Methoxyphenyl Triazine , Butyloctyl Salicylate , TRIS-BIPHENYL TRIAZINE , Silica , Methyl Methacrylate Crosspolymer , Dicaprylyl Carbonate , Ethylhexyl Triazone , Butyl Methoxydibenzoylmethane ",,Cocoon,Hộp,Dược mỹ phẩm | Chăm sóc cơ thể | Chống nắng toàn thân,duoc-my-pham | duoc-my-pham/cham-soc-co-the | duoc-my-pham/chong-nang-toan-than,True,True,20,0,https://nhathuoclongchau.com.vn/duoc-my-pham/kem-chong-nang-bi-dao-cocoon-50-ml.html,duoc-my-pham,400
475,00043297,SEBAMED CLEAR FACE ANTI-PIMPLE GEL KỲ PHONG 10ML,"Gel Clear Face Anti-Pimple Sebamed pH 5.5 giúp làm giảm mụn,ngăn ngừa mụn, dưỡng ẩm (10ml)",duoc-my-pham/sebamed-clear-face-anti-pimple-gel-ky-phong-10-ml.html,188000.0,Tuýp,đ,https://cdn.nhathuoclongchau.com.vn/unsafe/https://cms-prod.s3-sgn09.fptcloud.com/DSC_04081_a99adae5bb.jpg,"Aqua , Alcohol , Glycerin , Polysorbate 20 , Propylene glycol , Panthenol , Bisabolol , Allantoin , Hamamelis virginiana bark/leaf extract , Hydrolyzed Silk , Cucumis Sativus Fruit Extract , Chloroxylenol , Caramel , Citric Acid , Sodium carbomer , Sodium hydroxide , Parfum , Potassium sorbate , Sodium benzoate ",Gel,Sebamed,Tuýp,Dược mỹ phẩm | Chăm sóc da mặt | Dưỡng da mặt,duoc-my-pham | duoc-my-pham/cham-soc-da-mat | duoc-my-pham/duong-da-mat,True,True,20,0,https://nhathuoclongchau.com.vn/duoc-my-pham/sebamed-clear-face-anti-pimple-gel-ky-phong-10-ml.html,duoc-my-pham,400
476,00042589,KEM DƯỠNG ẨM SECALIA DS ISISPHARMA PHỤC HỒI VÀ LÀM DỊU DA NHẠY CẢM 40ML,Kem dưỡng ẩm Secalia DS Isispharma phục hồi và làm dịu da nhạy cảm (40ml),duoc-my-pham/kem-duong-am-secalia-ds-isispharma-phuc-hoi-va-lam-diu-da-nhay-cam-40-ml.html,264000.0,Tuýp,đ,https://cdn.nhathuoclongchau.com.vn/unsafe/https://cms-prod.s3-sgn09.fptcloud.com/secallia_a38458d95f.jpg,"Aqua , Cetearyl Ethylhexanoate , Butylene glycol , Squalane , Plukenetia Volubilis Seed Oil , C20-22 Alkyl Phosphate , C20-22 Alcohols , Arachidyl alcohol , Butyrospermum Parkii (Shea) Butter , Trehalose , PENTAERYTHRITYL DISTEARATE , Phenoxyethanol , Behenyl alcohol , Polyacrylate-13 , triethanolamine , Peg-5 Pentaerythrityl Ether , Arachidyl Glucoside , Polyisobutene , Ethyl-hexylglycerin , Glycine Soja Sterols , Helianthus Annuus (Sunflower) Seed Oil , Polysorbate 20 , Tetrasodium EDTA , Sorbitan Isostearate , Rosmarinus Officinalis Leaf Extract , Tocopherol ",,ISIS PHARMA,Tuýp,"Dược mỹ phẩm | Giải pháp làn da | Dưỡng da bị khô, thiếu ẩm",duoc-my-pham | duoc-my-pham/giai-phap-lan-da | duoc-my-pham/da-bi-kho-thieu-am,True,True,20,0,https://nhathuoclongchau.com.vn/duoc-my-pham/kem-duong-am-secalia-ds-isispharma-phuc-hoi-va-lam-diu-da-nhay-cam-40-ml.html,duoc-my-pham,400
477,00042342,"KEM DƯỠNG ẨM, LÀM DỊU NGỨA CHO DA KHÔ HOẶC DA CHÀM CỦA TRẺ SƠ SINH VÀ TRẺ NHỎ MUSTELA STELATOPIA+ LIPID-REPLENISHING CREAM ANTI-ITCHING 150ML","Kem dưỡng ẩm Stelatopia+ Lipid-Replenishing Mustela 150ml làm dịu ngứa cho da khô, da chàm của trẻ sơ sinh",duoc-my-pham/kem-duong-am-lam-diu-ngua-cho-da-kho-hoac-da-cham-cua-tre-so-sinh-va-tre-nho-mustela-stelatopia-lipid-replenishing-cream-anti-itching-150-ml.html,670000.0,Hộp,đ,https://cdn.nhathuoclongchau.com.vn/unsafe/https://cms-prod.s3-sgn09.fptcloud.com/mustela_stelatopia_lipid_replenishing_cream_150ml_2dca0522ac2e4d46bc71b213ed743181_master_448e56606f.webp,"Aqua , Helianthus Annuus Seed Oil , Glycerin , Caprylic/capric triglycerides , Butyrospermum Parkii (Shea) Butter , C10-18 Triglycerides , Sucrose Stearate , Helianthus Annuus Seed Oil Unsaponifiables , Persea Gratissima oil , Alpha-glucan- Oligosaccharide , Bentonite , Glyceryl Caprylate , Xanthan gum , Sodium benzoate , Sodium Stearoyl Glutamate , Citric Acid , Tocopherol ",,MUSTELA,Hộp,Dược mỹ phẩm | Chăm sóc cơ thể,duoc-my-pham | duoc-my-pham/cham-soc-co-the,True,True,20,0,https://nhathuoclongchau.com.vn/duoc-my-pham/kem-duong-am-lam-diu-ngua-cho-da-kho-hoac-da-cham-cua-tre-so-sinh-va-tre-nho-mustela-stelatopia-lipid-replenishing-cream-anti-itching-150-ml.html,duoc-my-pham,400
478,00041068,CANOVA ACNELL 50+ - REPLENISHING CREAM 50ML - KEM NGỪA MỤN BAN NGÀY,"Kem ngừa mụn ban ngày Canova Acnell 50+ giúp chăm sóc và dưỡng ẩm cho da bị mụn, da kích ứng và da nhạy cảm (50ml)",duoc-my-pham/canova-acnell-50-replenishing-cream-50-ml-kem-ngua-mun-ban-ngay.html,545000.0,Hộp,đ,https://cdn.nhathuoclongchau.com.vn/unsafe/https://cms-prod.s3-sgn09.fptcloud.com/DSC_04245_bb2bf36ca9.jpg,"Aqua , ethylhexyl methoxycinnamate , Diethylamino hydroxybenzoyl hexyl benzoate , Ethylhexyl Salicylate , Alcohol Denat , Ethylhexyl Triazone , Methylene Bis-Benzotriazolyl ",Kem bôi da,Sifarma,Hộp,Dược mỹ phẩm | Chăm sóc da mặt,duoc-my-pham | duoc-my-pham/cham-soc-da-mat,True,True,20,0,https://nhathuoclongchau.com.vn/duoc-my-pham/canova-acnell-50-replenishing-cream-50-ml-kem-ngua-mun-ban-ngay.html,duoc-my-pham,400
479,00040633,BABY SEBAMED GENTLE WASH PH5.5 KỲ PHONG 200ML,Sữa tắm gội dịu nhẹ toàn thân Baby Sebamed Gentle Wash pH5.5 giúp làm sạch bụi bẩn bám trên da bé (200ml),duoc-my-pham/baby-sebamed-gentle-wash-ph-5-5-ky-phong-200-ml.html,239000.0,Chai,đ,https://cdn.nhathuoclongchau.com.vn/unsafe/https://cms-prod.s3-sgn09.fptcloud.com/DSC_04011_7003b1ec97.jpg,"Aqua , Decyl glucoside , PEG-7 Glyceryl Cocoate , Disodium Laureth Sulfosuccinate , Sodium Laureth-6 Carboxylate , Peg-120 Methyl Glucose Dioleate , Allantoin , Squalane , Magnesium sulfate , Sodium hydroxide , Parfum , Benzyl alcohol , Phenoxyethanol , Sodium benzoate ",,Sebamed,Chai,"Dược mỹ phẩm | Chăm sóc cơ thể | Sữa tắm, xà bông",duoc-my-pham | duoc-my-pham/cham-soc-co-the | duoc-my-pham/sua-tam-xa-bong,True,True,20,0,https://nhathuoclongchau.com.vn/duoc-my-pham/baby-sebamed-gentle-wash-ph-5-5-ky-phong-200-ml.html,duoc-my-pham,400
480,00040184,SỮA TẮM RỬA MẶT KHÔNG XÀ PHÒNG LÀM SẠCH CHO DA NHẠY CẢM SOFT SHOWER STANHOME 740ML,"Sữa tắm, rửa mặt không xà phòng Stanhome Soft Shower Gel 740ml dành cho da nhạy cảm",duoc-my-pham/sua-tam-rua-mat-khong-xa-phong-lam-sach-cho-da-nhay-cam-soft-shower-stanhome-740-ml.html,529000.0,Chai,đ,https://cdn.nhathuoclongchau.com.vn/unsafe/https://cms-prod.s3-sgn09.fptcloud.com/soft_shower_9d9d58e61a.jpg,"Aqua , Cocamido Propyl Belaine , Glycerin , Sodium Lauroyl Sarcosinate , Parfum (Fragrance) , Benzoic Acid , Potassium sorbate , Citric Acid ",,Stanhome,Chai,"Dược mỹ phẩm | Chăm sóc cơ thể | Sữa tắm, xà bông",duoc-my-pham | duoc-my-pham/cham-soc-co-the | duoc-my-pham/sua-tam-xa-bong,True,True,20,0,https://nhathuoclongchau.com.vn/duoc-my-pham/sua-tam-rua-mat-khong-xa-phong-lam-sach-cho-da-nhay-cam-soft-shower-stanhome-740-ml.html,duoc-my-pham,400
481,00039952,"KEM BÔI ĐA NĂNG PURE PAW PAW OINTMENT 25G HƯƠNG DÂU - AUSTRALIA - DƯỠNG ẨM, GIẢM NỨT NẺ, TRỊ BỎNG, CÔN TRÙNG CẮN","Kem Pure Paw Paw Ointment hương dâu giúp dưỡng ẩm, giảm nứt nẻ, côn trùng cắn (25g)",duoc-my-pham/kem-boi-da-nang-pure-paw-paw-ointment-25-g-huong-dau-australia-duong-am-giam-nut-ne-tri-bong-con-trung-can.html,110000.0,Tuýp,đ,https://cdn.nhathuoclongchau.com.vn/unsafe/https://cms-prod.s3-sgn09.fptcloud.com/DSC_09375_4ee1526a65.jpg,"Petrolatum , Carica Papaya fruit extract , Potassium sorbate , Cera alba , Sodium benzoate , Strawberry Flavor ",,PURE PAW PAW,Tuýp x 25g,Dược mỹ phẩm | Chăm sóc cơ thể,duoc-my-pham | duoc-my-pham/cham-soc-co-the,True,True,20,0,https://nhathuoclongchau.com.vn/duoc-my-pham/kem-boi-da-nang-pure-paw-paw-ointment-25-g-huong-dau-australia-duong-am-giam-nut-ne-tri-bong-con-trung-can.html,duoc-my-pham,400
482,00039751,NEOTONE GEL ISISPHARMA 40ML,"Gel Neotone IsisPharma làm sạch da êm dịu, giúp da trắng sáng (40ml)",duoc-my-pham/neotone-gel-isispharma-40-ml.html,169000.0,Hộp,đ,https://cdn.nhathuoclongchau.com.vn/unsafe/https://cms-prod.s3-sgn09.fptcloud.com/00039751_1_6514f9a1d5.jpg,"Aqua , Sodium cocoamphoacetate , Peg-40 glyceryl cocoate , acrylates/C10-30 alkyl acrylate crosspolymer , Peg-200 Hydrogenated Glyceryl Palmate , Silica , Pentylene Glycol , Sodium coceth sulfate , Xylitylglucoside , PEG-7 Glyceryl Cocoate , Xanthan gum , Anhydroxylitol , Jojoba Esters , Sodium hydroxide , Sodium benzoate , Glycolic acid , Salicylic acid , Chlorphenesin , Xylitol , Sodium lauroyl oat amino acids , Ascorbyl Tetraisopalmitate , Parfum (Fragrance) , Disodium EDTA , Caprylyl glycol , Glycyrrhiza Glabra (Licorice) Root Extract , Tocopherol , Aspergillus ferment , CI 74160 , Glycine Soja (Soybean) Oil , Ethoxydiglycol , CI 42090 (BLUE 1) , Sorbic Acid ",Gel,ISIS PHARMA,Hộp 1 Tuýp,"Dược mỹ phẩm | Chăm sóc da mặt | Sữa rửa mặt (Kem, gel, sữa)",duoc-my-pham | duoc-my-pham/cham-soc-da-mat | duoc-my-pham/sua-rua-mat-kem-gel-sua,True,True,20,0,https://nhathuoclongchau.com.vn/duoc-my-pham/neotone-gel-isispharma-40-ml.html,duoc-my-pham,400
483,00039736,"DẦU GỘI RUDONDO NEW QUANG XANH GIẢM NẤM, KIỂM SOÁT DẦU NHỜN 120ML","Dầu gội Rudondo New Quang Xanh giảm nấm, kiểm soát dầu nhờn (120ml)",duoc-my-pham/dau-goi-giam-nam-dau-nhon-rudondo-new-quang-xanh-120-ml.html,120000.0,Chai,đ,https://cdn.nhathuoclongchau.com.vn/unsafe/https://cms-prod.s3-sgn09.fptcloud.com/DSC_04320_aa3883af28.jpg,Ketoconazole 1.8%,,Quang Xanh,Chai x 120ml,Dược mỹ phẩm | Chăm sóc tóc - da đầu | Dầu gội giúp giảm nấm và ngứa da đầu,duoc-my-pham | duoc-my-pham/cham-soc-toc-da-dau | duoc-my-pham/dau-goi-tri-nam,True,True,20,0,https://nhathuoclongchau.com.vn/duoc-my-pham/dau-goi-giam-nam-dau-nhon-rudondo-new-quang-xanh-120-ml.html,duoc-my-pham,400
484,00039547,AUVI NATURE AV4 INTIMATE WASH 150ML,"Gel vệ sinh phụ nữ Auvi Nature AV4 Intimate Wash 150ml giúp làm sạch vùng kín, giảm viêm và ngứa",duoc-my-pham/auvi-nature-av-4-intimate-wash-150-ml.html,198000.0,Tuýp,đ,https://cdn.nhathuoclongchau.com.vn/unsafe/https://cms-prod.s3-sgn09.fptcloud.com/00039547_a23055e41b.jpg,"Purified water , Acid lactic , Sodium laurilsulfate , Cocamido Propyl Belaine , Sodium Chloride , Sodium benzoate , Potassi Sorbate , Chamomilla Recutita (Matricaria) Flower , Fragrance , licorice root extract , Lavender , Lactobacillus ",Gel,Auvi Nature,Tuýp,Dược mỹ phẩm | Chăm sóc cơ thể,duoc-my-pham | duoc-my-pham/cham-soc-co-the,True,True,20,0,https://nhathuoclongchau.com.vn/duoc-my-pham/auvi-nature-av-4-intimate-wash-150-ml.html,duoc-my-pham,400
485,00039306,"KEM BÔI CERADAN ADVANCED MOISTURISING SKIN BARRIER CREAM DƯỠNG ẨM SÂU, PHỤC HỒI LỚP HÀNG RÀO DA 30G","Kem bôi Ceradan Advanced Moisturising Skin Barrier Cream dưỡng ẩm sâu, phục hồi lớp hàng rào da (30g)",duoc-my-pham/ceradan-advanced-moisturing-skin-barrier-cream-hyphens-30-g.html,308000.0,Hộp,đ,https://cdn.nhathuoclongchau.com.vn/unsafe/https://cms-prod.s3-sgn09.fptcloud.com/DSC_04860_5f7cfef76d.jpg,Aqua/ Water ,Dạng kem,Ceradan,Hộp x 30g,"Dược mỹ phẩm | Chăm sóc cơ thể | Sữa dưỡng thể, kem dưỡng thể",duoc-my-pham | duoc-my-pham/cham-soc-co-the | duoc-my-pham/duong-the,True,True,20,0,https://nhathuoclongchau.com.vn/duoc-my-pham/ceradan-advanced-moisturing-skin-barrier-cream-hyphens-30-g.html,duoc-my-pham,400
486,00038920,KEM MỜ NÁM CANOVA 8+2 LIGHTENING CREAM 50ML,Kem mờ nám Canova 8+2 Sifarma hỗ trợ cải thiện tăng sắc tố da (50ml),duoc-my-pham/kem-mo-nam-canova-8-2-lightening-cream-50-ml.html,750000.0,Hộp,đ,https://cdn.nhathuoclongchau.com.vn/unsafe/https://cms-prod.s3-sgn09.fptcloud.com/DSC_04296_035e4dc2df.jpg,"Aqua , C12-15 Alkyl Benzoate , Glycolic acid , Glycerin , Steareth-2 , Cetyl alcohol , Steareth-21 , Urea , Kojic Dipalmitate , Cetearyl Alcohol ",Dạng kem,Sifarma,Hộp x 50ml,Dược mỹ phẩm | Giải pháp làn da,duoc-my-pham | duoc-my-pham/giai-phap-lan-da,True,True,20,0,https://nhathuoclongchau.com.vn/duoc-my-pham/kem-mo-nam-canova-8-2-lightening-cream-50-ml.html,duoc-my-pham,400
487,00503866,SỮA TẮM DƯỠNG ẨM CHO DA KHÔ ATO WASH MTGPHARM 150ML,Sữa tắm dưỡng ẩm cho da khô Ato Wash MTGpharm 150ml Cocorang Palm (tuýp),duoc-my-pham/sua-tam-duong-am-cho-da-kho-ato-wash-mtgpharm-150-ml.html,231000.0,Tuýp,đ,https://cdn.nhathuoclongchau.com.vn/unsafe/https://cms-prod.s3-sgn09.fptcloud.com/atowash_1_21e5394725.jpg,"Ceramide , Hyaluronic acid , Lipid sinh lý , Glycerin , Panthenol ",Dung dịch,COCORANG PALM,Tuýp,"Dược mỹ phẩm | Chăm sóc cơ thể | Sữa tắm, xà bông",duoc-my-pham | duoc-my-pham/cham-soc-co-the | duoc-my-pham/sua-tam-xa-bong,True,True,20,0,https://nhathuoclongchau.com.vn/duoc-my-pham/sua-tam-duong-am-cho-da-kho-ato-wash-mtgpharm-150-ml.html,duoc-my-pham,400
488,00503572,CHỐNG NẮNG DƯỠNG ẨM DẠNG GEL CHO MẶT VÀ TOÀN THÂN SENKA PERFECT UV GEL N SPF50+ PA++++ 80ML,Gel sữa chống nắng Senka Perfect UV Gel N SPF 50+ PA++++ dành cho mặt và toàn thân (80ml),duoc-my-pham/chong-nang-duong-am-senka-perfect-uv-gel-37899.html,229000.0,Tuýp,đ,https://cdn.nhathuoclongchau.com.vn/unsafe/https://cms-prod.s3-sgn09.fptcloud.com/00503572_chong_nang_duong_am_dang_gel_cho_mat_va_toan_than_senka_perfect_uv_gel_n_spf50_pa_80ml_6973_6412_large_695a17c2ed.jpg,"Potassium sorbate , Sericin , SODIUM ACETYLATED HYALURONATE , Sodium hyaluronate , Oryza Sativa (Rice) Germ Oil , PEG/PPG-14/7 Dimethyl Ether , Honey , Isopropyl Alcohol , Sodium Citrate , Sodium Metabisulfite , HYDROXYPROPYL METHYLCELLULOSE STEAROXY ETHER , DISTEARYLDIMONIUM CHLORIDE , Disodium EDTA , Citrus Aurantium Dulcis (Orange) Fruit Extract , Tocopherols , BHT , Citric Acid , SUCCINOGLYCAN , PEG-100 HYDROGENATED CASTOR OIL , SORBITAN SESQUIISOSTEARATE , DIMETHYLACRYLAMIDE , Phenoxyethanol , ISOSTEARIC ACID , PPG-17 , Silica , Ethylhexyl Triazone , PEG-60 Hydrogenated castor oil , Bis-ethylhexyloxyphenol Methoxyphenyl Triazine , Hydrated silica , Glycerin , Dimethicone , Alcohol Denat , ethylhexyl methoxycinnamate , Butylene glycol , Zinc oxide , Cyclopentasiloxane , Aqua/ Water ",Nhũ tương (Gel),Senka,Tuýp x 80ml,Dược mỹ phẩm | Chăm sóc cơ thể | Chống nắng toàn thân,duoc-my-pham | duoc-my-pham/cham-soc-co-the | duoc-my-pham/chong-nang-toan-than,True,True,20,0,https://nhathuoclongchau.com.vn/duoc-my-pham/chong-nang-duong-am-senka-perfect-uv-gel-37899.html,duoc-my-pham,400
489,00503411,ISISPHARMA SECALIA BALM 200ML,"Kem Secalia Balm IsisPharma giúp dưỡng da, tăng cường độ ẩm, chống khô da (200ml)",duoc-my-pham/isispharma-secalia-balm-200-ml.html,515000.0,Hộp,đ,https://cdn.nhathuoclongchau.com.vn/unsafe/https://cms-prod.s3-sgn09.fptcloud.com/00503411_2_21b97763e8.jpg,"Peg-5 Pentaerythrityl Ether , Phenoxyethanol , Cetyl alcohol , Dimethicone , PEG-2 Stearate , Glycol Stearate , TRICETEARETH-4 PHOSPHATE , Plukenetia Volubilis Seed Oil , Paraffinum Liquidum , glycerine , Butyrospermum Parkii Butter , Aqua/ Water ",Dạng kem,ISIS PHARMA,Hộp x 200ml,"Dược mỹ phẩm | Chăm sóc cơ thể | Sữa dưỡng thể, kem dưỡng thể",duoc-my-pham | duoc-my-pham/cham-soc-co-the | duoc-my-pham/duong-the,True,True,20,0,https://nhathuoclongchau.com.vn/duoc-my-pham/isispharma-secalia-balm-200-ml.html,duoc-my-pham,400
490,00503056,AUVI NATURE AV24 SENSITIVE SKIN CLEANSER 250ML,Gel tắm Auvi Nature AV24 Sensitive Skin Cleanser giúp làm sạch da và dưỡng ẩm (250ml),duoc-my-pham/auvi-nature-av-24-sensitive-skin-cleanser-250-ml.html,350000.0,Hộp,đ,https://cdn.nhathuoclongchau.com.vn/unsafe/https://cms-prod.s3-sgn09.fptcloud.com/DSC_02542_fa4b90f72c.jpg,"Propylene glycol , Laureth-4 , Ethylhexyl Palmitate , Glycol Distearate , Frangrance , Peg-120 Methyl Glucose Dioleate , cocamide MEA , Acrylates Copolymer , Sodium Chloride , C8-14 Alkyl Glucoside , Sodium Cocoyl Isethionate , Cocamidopropyl betaine , Disodium Cocoamphodiacetate , Aqua/ Water ",Nhũ tương (Gel),Auvi Nature,Hộp x 250ml,"Dược mỹ phẩm | Giải pháp làn da | Dưỡng da bị khô, thiếu ẩm",duoc-my-pham | duoc-my-pham/giai-phap-lan-da | duoc-my-pham/da-bi-kho-thieu-am,True,True,20,0,https://nhathuoclongchau.com.vn/duoc-my-pham/auvi-nature-av-24-sensitive-skin-cleanser-250-ml.html,duoc-my-pham,400
491,00503030,RADICAL MED ANTI HAIR LOSS CONDITIONER SPRAY 200ML,Dưỡng ngừa rụng tóc dạng xịt Radical Med Anti Hair Loss Conditioner Spray 200ml,duoc-my-pham/radical-med-anti-hair-loss-conditioner-spray-200-ml.html,420000.0,Chai,đ,https://cdn.nhathuoclongchau.com.vn/unsafe/https://cms-prod.s3-sgn09.fptcloud.com/DSC_03289_f33996f63a.jpg,"Equisetum Arvense (Horsetail) Leaf Extract , Panthenol , Apigenin , Inulin , Biotinoyl Tripeptide-1 , Hydrolyzed Keratin , Aqua , Peg 400 , EDTA , Citric Acid ",,Radical,Chai,"Dược mỹ phẩm | Chăm sóc tóc - da đầu | Dưỡng tóc, ủ tóc",duoc-my-pham | duoc-my-pham/cham-soc-toc-da-dau | duoc-my-pham/duong-toc-u-toc,True,True,20,0,https://nhathuoclongchau.com.vn/duoc-my-pham/radical-med-anti-hair-loss-conditioner-spray-200-ml.html,duoc-my-pham,400
492,00502972,JEAN DARCEL LAIT CLARIFIANT CLEARING MILK 150ML - DA DẦU VÀ MỤN,Sữa rửa mặt Jean Darcel Lait Clarifiant Clearing Milk cho da dầu và mụn (150ml),duoc-my-pham/jean-darcel-lait-clarifiant-clearing-milk-150-ml-da-dau-va-mun.html,369000.0,Hộp,đ,https://cdn.nhathuoclongchau.com.vn/unsafe/https://cms-prod.s3-sgn09.fptcloud.com/00502972_32b3d805f8.jpg,"Ethylhexyl , Hazelnut , Cetearyl Glucoside , Cetearyl Alcohol , Pentylene Glycol , Dicaprylyl Carbonate , Aqua/ Water ",,Jean D’Arcel,Hộp x 150ml,"Dược mỹ phẩm | Chăm sóc da mặt | Sữa rửa mặt (Kem, gel, sữa)",duoc-my-pham | duoc-my-pham/cham-soc-da-mat | duoc-my-pham/sua-rua-mat-kem-gel-sua,True,True,20,0,https://nhathuoclongchau.com.vn/duoc-my-pham/jean-darcel-lait-clarifiant-clearing-milk-150-ml-da-dau-va-mun.html,duoc-my-pham,400
493,00502422,SỮA RỬA MẶT SENKA PERFECT WHIP COLLAGEN IN 120G 10170231201VN,"Sữa rửa mặt Perfect Whip Collagen in Senka loại bỏ bụi bẩn, bụi mịn và bã nhờn (120g)",duoc-my-pham/sua-rua-mat-senka-perfect-whip-collagen-in-120g-10170231201vn-36656.html,119000.0,Tuýp,đ,https://cdn.nhathuoclongchau.com.vn/unsafe/https://cms-prod.s3-sgn09.fptcloud.com/00502422_sua_rua_mat_senka_perfect_whip_collagen_in_120g_10170231201vn_3605_636c_large_7f42813c2d.jpg,"Soluble Collagen , Hydrolyzed Silk , Potassium sorbate , Citric Acid , Sericin , Silica , BHT , Sodium acetate , Sodium hyaluronate , PEG/PPG-14/7 Dimethyl Ether , CI 77492 , Sodium Metabisulfite , Phenoxythanol , Sodium benzoate , Peg-90M , Disodium EDTA , Fragrance , Polyquaternium-7 , Beeswax , Polyquaternium-112 , Alcohol , Dipropylene glycol , Glycerin , Lauric Acid , Potassium hydroxide , Peg-8 , Myristic acid , Stearic acid , Aqua/ Water ",,Senka,Tuýp x 120g,"Dược mỹ phẩm | Chăm sóc da mặt | Sữa rửa mặt (Kem, gel, sữa)",duoc-my-pham | duoc-my-pham/cham-soc-da-mat | duoc-my-pham/sua-rua-mat-kem-gel-sua,True,True,20,0,https://nhathuoclongchau.com.vn/duoc-my-pham/sua-rua-mat-senka-perfect-whip-collagen-in-120g-10170231201vn-36656.html,duoc-my-pham,400
494,00502421,SỮA RỬA MẶT TẠO BỌT SENKA PERFECT WHIP U 120G 10170227201VN,"Sữa rửa mặt tạo bọt Perfect Whip U Senka loại bỏ bụi bẩn, bụi mịn và bã nhờn (120g)",duoc-my-pham/sua-rua-mat-tao-bot-senka-perfect-whip-u-120g-10170227201vn-36657.html,99000.0,Tuýp,đ,https://cdn.nhathuoclongchau.com.vn/unsafe/https://cms-prod.s3-sgn09.fptcloud.com/00502421_sua_rua_mat_tao_bot_senka_perfect_whip_u_120g_10170227201vn_2238_636c_large_df3a859f33.jpg,"Hydrolyzed Silk , Potassium sorbate , Citric Acid , Sericin , Sodium acetate , Sodium hyaluronate , PEG/PPG-14/7 Dimethyl Ether , Sodium Metabisulfite , Sodium benzoate , Disodium EDTA , Fragrance , Polyquaternium-7 , Glyceryl stearate SE , Butylene glycol , Alcohol , Lauric Acid , Glycerin , Myristic acid , Peg-8 , Stearic acid , Aqua/ Water ",,Senka,Tuýp x 120g,"Dược mỹ phẩm | Chăm sóc da mặt | Sữa rửa mặt (Kem, gel, sữa)",duoc-my-pham | duoc-my-pham/cham-soc-da-mat | duoc-my-pham/sua-rua-mat-kem-gel-sua,True,True,20,0,https://nhathuoclongchau.com.vn/duoc-my-pham/sua-rua-mat-tao-bot-senka-perfect-whip-u-120g-10170227201vn-36657.html,duoc-my-pham,400
495,00502420,NƯỚC TẨY TRANG KHÔNG CỒN SENKA MICELLAR ALL CLEAR WATER FRESH 230ML 10215288202VN,"Nước tẩy trang Micellar All Clear Water Fresh Senka giúp làm sạch lớp trang điểm khó trôi, bụi bẩn, bã nhờn (230ml)",duoc-my-pham/nuoc-tay-trang-khong-con-senka-micellar-all-clear-water-fresh-230ml-10215288202vn-36658.html,119000.0,Chai,đ,https://cdn.nhathuoclongchau.com.vn/unsafe/https://cms-prod.s3-sgn09.fptcloud.com/00502420_nuoc_tay_trang_khong_con_senka_micellar_all_clear_water_fresh_230ml_10215288202vn_6539_636c_large_261d5f2db7.jpg,"Sodium acetate , Potassium sorbate , Sericin , Camellia Sinensis Leaf Extract , Sodium hyaluronate , Sodium metaphosphate , Alcohol , Citric Acid , Potassium Cocoyl Glycinate , Sodium Citrate , Methylparaben , Phenoxyethanol , Glycerin , Peg-8 , PEG/PPG-50/40 Dimethyl Ether , Dipropyleneglycol , Aqua/ Water ",,Senka,Chai x 230ml,"Dược mỹ phẩm | Chăm sóc da mặt | Nước tẩy trang, dầu tẩy trang",duoc-my-pham | duoc-my-pham/cham-soc-da-mat | duoc-my-pham/nuoc-tay-trang,True,True,20,0,https://nhathuoclongchau.com.vn/duoc-my-pham/nuoc-tay-trang-khong-con-senka-micellar-all-clear-water-fresh-230ml-10215288202vn-36658.html,duoc-my-pham,400
496,00502312,"GEL RỬA MẶT AVACNE CLEANSING GEL AUVI LÀM SẠCH NHẸ NHÀNG, KIỂM SOÁT DẦU THỪA, NGĂN NGỪA MỤN 150G","Gel rửa mặt Avacne Cleansing Gel AUVI làm sạch nhẹ nhàng, kiểm soát dầu thừa, ngăn ngừa mụn (150g)",thuoc/avacne-cleansing-gel-auvi-150g-36571.html,385000.0,Hộp,đ,https://cdn.nhathuoclongchau.com.vn/unsafe/https://cms-prod.s3-sgn09.fptcloud.com/DSC_02529_11ae1320d9.jpg,"Butylene glycol , Peg-120 Methyl Glucose Dioleate , Decyl glucoside , Lauramide DEA , Lauramidopropyl Betaine , Potassium Laureth Phosphate , Aqua/ Water ",Nhũ tương (Gel),Auvi Nature,Hộp x 150g,"Dược mỹ phẩm | Chăm sóc da mặt | Sữa rửa mặt (Kem, gel, sữa)",duoc-my-pham | duoc-my-pham/cham-soc-da-mat | duoc-my-pham/sua-rua-mat-kem-gel-sua,True,True,20,0,https://nhathuoclongchau.com.vn/thuoc/avacne-cleansing-gel-auvi-150g-36571.html,duoc-my-pham,400
497,00502184,GARNIER SKIN NATURALS BRIGHT COMPLETE ANTI-ACNE CLEANSING FOAM 100ML - SỮA RỬA MẶT NGỪA MỤN,Sữa rửa mặt ngừa mụn Garnier Skin Naturals Bright Complete Anti-Acne Cleansing Foam (100ml),duoc-my-pham/garnier-skin-naturals-bright-complete-anti-acne-cleansing-foam-100ml-sua-rua-mat-ngua-mun-36401.html,119000.0,Tuýp,đ,https://cdn.nhathuoclongchau.com.vn/unsafe/https://cms-prod.s3-sgn09.fptcloud.com/DSC_00025_ac0db00dee.jpg,"Citrus Limon Fruit Extract , Tetrasodium EDTA , Ascorbyl Glucoside , Phenoxyethanol , Salicylic acid , Pumice , Fragrance , PEG-14M , Perlite , Kaolin , Glyceryl stearate , GLYCERYL DISTEARATE , Lauric Acid , Potassium hydroxide , Stearic acid , Palmitic Acid , Myristic acid , Glycerin , Aqua/ Water ",,Garnier,Tuýp x 100ml,"Dược mỹ phẩm | Chăm sóc da mặt | Sữa rửa mặt (Kem, gel, sữa)",duoc-my-pham | duoc-my-pham/cham-soc-da-mat | duoc-my-pham/sua-rua-mat-kem-gel-sua,True,True,20,0,https://nhathuoclongchau.com.vn/duoc-my-pham/garnier-skin-naturals-bright-complete-anti-acne-cleansing-foam-100ml-sua-rua-mat-ngua-mun-36401.html,duoc-my-pham,400
498,00502176,"KEM BÔI  SENSYLIA 24H LÉGÈRE ISISPHARMA DƯỠNG ẨM SÂU, GIẢM KÍCH ỨNG, PHÙ HỢP DA NHẠY CẢM 40ML","Kem bôi Sensylia 24h Légère Isispharma dưỡng ẩm sâu, giảm kích ứng, phù hợp da nhạy cảm (40ml)",thuoc/avacne-serum-auvi-nature-30ml-36409.html,600000.0,Hộp,đ,https://cdn.nhathuoclongchau.com.vn/unsafe/https://cms-prod.s3-sgn09.fptcloud.com/DSC_02515_7c66f1e850.jpg,"Disodium EDTA , Tea Tree , Sodium hyaluronate , Allantoin , triethanolamine , Polyacrylic acid , Peg-40 Hydrogenated Castor Oil , Rosemary Leaf , Matricaria Chamomilla Flower , Licorice Extract , Cao khô Camellia Sinensis Leaf , Polygonum Root , Ethylhexyl Glycerin , Phenoxyethanol , Propylene glycol , Centella Asiatica Extract , glycyrrhiza uralensis , Angelica Polymorpha Sinensis Root Extract , Scutellaria Baicalensis Root Extract , Eugenia caryophyllus (clove) bud oil , Salvia Miltiorrhiza Root Extract , Pentylene Glycol , 1,2-Hexanediol , PEG/PPG 17/6 Copolymer , Glycerin , Aloe barbadensis leaf juice , Propanediol , Glyceteth-26 , Hamamelis Virginiana (Witch Hazel) Extract , Butylene glycol , Aqua/ Water ",,Auvi Nature,Hộp x 30ml,Dược mỹ phẩm | Chăm sóc cơ thể,duoc-my-pham | duoc-my-pham/cham-soc-co-the,True,True,20,0,https://nhathuoclongchau.com.vn/thuoc/avacne-serum-auvi-nature-30ml-36409.html,duoc-my-pham,400
499,00502097,GEL RỬA MẶT GIẢM NHỜN K3 AOSACLEANSER PURIFYING GEL OILY SKIN 200ML,"Gel rửa mặt K3 Aosacleanser Purifying giúp giảm nhờn, mụn, làm sạch da một cách dịu nhẹ (200ml)",duoc-my-pham/gel-rua-mat-giam-nhon-k3-aosacleanser-purifying-gel-oily-skin-200-ml.html,320000.0,Hộp,đ,https://cdn.nhathuoclongchau.com.vn/unsafe/https://cms-prod.s3-sgn09.fptcloud.com/aosacleanser_40e109d13e.jpg,"Glycerin , Coco-Glucoside , Salicylic acid , Cocamidopropyl , Sodium lauroyl glycinate , Water purified ",Nhũ tương (Gel),K3,Hộp x 200ml,"Dược mỹ phẩm | Chăm sóc da mặt | Sữa rửa mặt (Kem, gel, sữa)",duoc-my-pham | duoc-my-pham/cham-soc-da-mat | duoc-my-pham/sua-rua-mat-kem-gel-sua,True,True,20,0,https://nhathuoclongchau.com.vn/duoc-my-pham/gel-rua-mat-giam-nhon-k3-aosacleanser-purifying-gel-oily-skin-200-ml.html,duoc-my-pham,400
500,00501341,"SỮA RỬA MẶT ACNE AID LIQUID CLEANSER LÀM SẠCH KIỂM SOÁT DẦU, NGỪA MỤN 100ML","Sữa rửa mặt Acne-Aid Liquid Cleanser làm sạch kiểm soát dầu, ngừa mụn (100ml)",duoc-my-pham/sua-rua-mat-tri-mun-acne-aid-liquid-cleanser-oil-control-100ml-35495.html,175000.0,Chai,đ,https://cdn.nhathuoclongchau.com.vn/unsafe/https://cms-prod.s3-sgn09.fptcloud.com/Acneaid_1_f67bf38529.jpg,"Aqua/ Water , Sodium Lauroyl Sarcosinate , Myristic acid , Disodium Laureth Sulfosuccinate , PEG-7 Glyceryl Cocoate , Glycerin , Cocamidopropyl betaine , Olive oil , Mineral oil , Sodium hydroxide , Fragrance , Glycol Distearate , acrylates/C10-30 alkyl acrylate crosspolymer , Disodium EDTA , Imidazolidinyl urea ",Dung dịch,Acne-Aid,Chai x 100ml,"Dược mỹ phẩm | Chăm sóc da mặt | Sữa rửa mặt (Kem, gel, sữa)",duoc-my-pham | duoc-my-pham/cham-soc-da-mat | duoc-my-pham/sua-rua-mat-kem-gel-sua,True,True,20,0,https://nhathuoclongchau.com.vn/duoc-my-pham/sua-rua-mat-tri-mun-acne-aid-liquid-cleanser-oil-control-100ml-35495.html,duoc-my-pham,400
501,00500600,XỊT KHỬ MÙI NIVEA ANTI-PERSPIRANT EXTRA BRIGHTENING 8 SUPER FOOD 48H 150ML,"Xịt khử mùi Nivea Anti-Perspirant Extra Brightening 8 Super Food giảm tiết mồ hôi, ngăn mùi đến 48h (150ml) ",duoc-my-pham/xit-khu-mui-nivea-anti-perspirant-extra-brightening-8-super-food-48h-150ml-34725.html,98000.0,Chai,đ,https://cdn.nhathuoclongchau.com.vn/unsafe/https://cms-prod.s3-sgn09.fptcloud.com/00500600_xit_khu_mui_nivea_anti_perspirant_extra_brightening_8_super_food_48h_150ml_1019_62a8_large_2725302c8d.jpg,"Isobutane , Propane , Cyclomethicone , Aluminum chlorohydrate , Isopropyl Palmitate , Parfum , Disteardimonium Hectorite , Dimethicone , Propylene Carbonate , Dimethiconol , Glycyrrhiza Glabra Root , Hydrolyzed Pearl , Sodium Ascorbyl Phosphate , Aqua , Glycerin , Propylene glycol , Cymbopogon Citratus Extract , Persea Gratissima Fruit Extract , Caramel , Vitamin C , Potassium sorbate , Panax ginseng root extract , Camellia Sinensis Leaf Extract , Bisabolol , Lactic Acid , Aloe barbadensis leaf juice powder , Sodium benzoate , Peg-40 Hydrogenated Castor Oil , Glucose , Trideceth-9 , Citric Acid , Cucumis Sativus Fruit Extract , Citrus Limon (Lemon) , Maltodextrin , Punica Granatum Fruit Extract ",,Nivea,Chai,"Dược mỹ phẩm | Chăm sóc cơ thể | Lăn khử mùi, xịt khử mùi",duoc-my-pham | duoc-my-pham/cham-soc-co-the | duoc-my-pham/khu-mui,True,True,20,0,https://nhathuoclongchau.com.vn/duoc-my-pham/xit-khu-mui-nivea-anti-perspirant-extra-brightening-8-super-food-48h-150ml-34725.html,duoc-my-pham,500
502,00500599,XỊT KHỬ MÙI NIVEA ANTI-PERSPIRANT PEARL & BEAUTY 150ML,"Xịt khử mùi Nivea Anti-Perspirant Pearl And Beauty giảm tiết mồ hôi, ngăn mùi đến 48h (150ml) ",duoc-my-pham/xit-khu-mui-nivea-anti-perspirant-pearl-beauty-150ml-34717.html,98000.0,Chai,đ,https://cdn.nhathuoclongchau.com.vn/unsafe/https://cms-prod.s3-sgn09.fptcloud.com/00500599_xit_khu_mui_nivea_anti_perspirant_pearl_beauty_150ml_7681_62d0_large_fa6d6159ea.jpg,"Isopropyl Palmitate , Isobutane , Propane , Cyclomethicone , Aluminum chlorohydrate , Parfum , Hydrolyzed Pearl , Octyldodecanol , Talc , Dimethicone , Persea Gratissima Fruit Extract , Propylene Carbonate , Disteardimonium Hectorite , Dimethiconol ",,Nivea,Chai,"Dược mỹ phẩm | Chăm sóc cơ thể | Lăn khử mùi, xịt khử mùi",duoc-my-pham | duoc-my-pham/cham-soc-co-the | duoc-my-pham/khu-mui,True,True,20,0,https://nhathuoclongchau.com.vn/duoc-my-pham/xit-khu-mui-nivea-anti-perspirant-pearl-beauty-150ml-34717.html,duoc-my-pham,500
503,00500597,XỊT KHỬ MÙI NAM NIVEA ANTI-PERSPIRANT BLACK & WHITE INVISIBLE NGĂN VỆT Ố VÀNG 150ML,"Xịt ngăn mùi Nivea Men Black & White Invisible Ultimate Impact giảm vết ố vàng, mồ hôi và mùi trong 48h (150ml) ",duoc-my-pham/xit-khu-mui-nam-nivea-anti-perspirant-black-white-invisible-ngan-vet-o-vang-150ml-34718.html,119000.0,Chai,đ,https://cdn.nhathuoclongchau.com.vn/unsafe/https://cms-prod.s3-sgn09.fptcloud.com/00500597_xit_khu_mui_nam_nivea_anti_perspirant_black_white_invisible_ngan_vet_o_vang_150ml_6084_62a8_large_108a991d2e.jpg,"Aluminum chlorohydrate , Isobutane , Propane , Cyclomethicone , C12-15 Alkyl Benzoate , Propylene glycol , Parfum , Disteardimonium Hectorite , Octyldodecanol , Propylene Carbonate , Dimethiconol , Palmitamidopropyltrimonium Chloride , Isopropyl Palmitate ",,Nivea,Chai,"Dược mỹ phẩm | Chăm sóc cơ thể | Lăn khử mùi, xịt khử mùi",duoc-my-pham | duoc-my-pham/cham-soc-co-the | duoc-my-pham/khu-mui,True,True,20,0,https://nhathuoclongchau.com.vn/duoc-my-pham/xit-khu-mui-nam-nivea-anti-perspirant-black-white-invisible-ngan-vet-o-vang-150ml-34718.html,duoc-my-pham,500
504,00500425,SỮA RỬA MẶT DỊU NHẸ CETAPHIL GENTLE SKIN CLEANSER CHO DA NHẠY CẢM 473ML,Sữa rửa mặt dịu nhẹ Cetaphil Gentle Skin Cleanser bổ sung độ ẩm dành cho mọi loại da (473ml),duoc-my-pham/cetaphil-gentle-cleanse-473ml-sua-rua-mat-diu-nhe-34544.html,356000.0,Chai,đ,https://cdn.nhathuoclongchau.com.vn/unsafe/https://cms-prod.s3-sgn09.fptcloud.com/DSC_02234_e7fe0f7a82.jpg,"Panthenol  , Pantolactone  , Sodium Cocoyl Isethionate  , Aqua , Glycerin , Cetearyl Alcohol , Niacinamide , Xanthan gum , Sodium benzoate , Citric Acid ",Dung dịch,Cetaphil,Chai x 473ml,"Dược mỹ phẩm | Chăm sóc da mặt | Sữa rửa mặt (Kem, gel, sữa)",duoc-my-pham | duoc-my-pham/cham-soc-da-mat | duoc-my-pham/sua-rua-mat-kem-gel-sua,True,True,20,0,https://nhathuoclongchau.com.vn/duoc-my-pham/cetaphil-gentle-cleanse-473ml-sua-rua-mat-diu-nhe-34544.html,duoc-my-pham,500
505,00500261,DR.CELINE KEM MỜ SẸO MTV HEALTHCARE SCIENCE VIET NAM 15G,Kem mờ sẹo C-Section Scars & Stretch Marks Dr. Celine (15g),duoc-my-pham/dr-celin-kem-mo-seo-mtv-healthcare-science-viet-nam-15-g.html,190000.0,Hộp,đ,https://cdn.nhathuoclongchau.com.vn/unsafe/https://cms-prod.s3-sgn09.fptcloud.com/dr_3_8fd564d0f5.jpg,"Water , Glycerin , Curcumin , Bisabolol , Hydroxyehtyl Acrylate/Sodium Acryioyldimethyl Taurate Copolymer , Allium Cepa Bulb Extract , Octyldodecanol , Octyldodecyl PCA , PEG-30 Dipolyhydroxystearate , Tocopherol , Ethylhexyl Glycerin , Propylene glycol , Centella Asiatica Extract , Aloe barbadensis leaf ",Dạng kem,Healthcare,Hộp 1 Tuýp x 15g,"Dược mỹ phẩm | Giải pháp làn da | Hỗ trợ mờ sẹo, mờ vết thâm",duoc-my-pham | duoc-my-pham/giai-phap-lan-da | duoc-my-pham/tri-seo-mo-tham,True,True,20,0,https://nhathuoclongchau.com.vn/duoc-my-pham/dr-celin-kem-mo-seo-mtv-healthcare-science-viet-nam-15-g.html,duoc-my-pham,500
506,00500108,EUCERIN ACNE-OIL CONTROL PRO ACNE SOLUTION ANTI-ACNE MARK 40ML 66862 - TINH CHẤT GIÚP GIẢM THÂM MỤN VÀ DƯỠNG SÁNG DA,"Tinh chất Eucerin Acne-Oil Control Pro Acne Solution Anti-Acne Mark giảm thâm mụn, dưỡng sáng da (40ml)",duoc-my-pham/eucerin-acne-oil-control-pro-acne-solution-anti-acne-mark-40ml-66862-tinh-chat-giup-giam-tham-mun-34190.html,649000.0,Hộp,đ,https://cdn.nhathuoclongchau.com.vn/unsafe/https://cms-prod.s3-sgn09.fptcloud.com/00500108_eucerin_acne_oil_control_pro_acne_solution_anti_acne_mark_40ml_66862_tinh_chat_giup_giam_tham_mun_1301_627c_large_9a426207b2.jpg,"Aqua , Alcohol Denat , Glycerin , Tapioca Starch , Carbomer , Acid Salicylic , Panthenol , Ammonium Acryloyldimethyltaurate/VP Copolymer , Pantolactone , Sodium hydroxide , Trisodium HEDTA , Isobutylamido Thiazolyl Resorcinol , Glucosylrutin , Glycyrrhiza Inflata Root Extract , Decylene Glycol , Isoquercitrin , Citric Acid , Parfum ",,Eucerin,Hộp,Dược mỹ phẩm | Chăm sóc da mặt | Dưỡng da mặt,duoc-my-pham | duoc-my-pham/cham-soc-da-mat | duoc-my-pham/duong-da-mat,True,True,20,0,https://nhathuoclongchau.com.vn/duoc-my-pham/eucerin-acne-oil-control-pro-acne-solution-anti-acne-mark-40ml-66862-tinh-chat-giup-giam-tham-mun-34190.html,duoc-my-pham,500
507,00033830,CETAPHIL SỮA DƯỠNG THỂ ĐẶC TRỊ PRO AD DERMA SKIN RESTORING MOISTURIZER CHO DA KHÔ VÀ CHÀM DA 295ML,"Sữa dưỡng thể Cetaphil Pro Ad Derma Skin Restoring Moisturizer dành cho da khô, da cơ địa (295ml)",duoc-my-pham/cetaphil-sua-duong-the-dac-tri-pro-ad-derma-skin-restoring-moisturizer-cho-da-kho-va-cham-da-295ml-33918.html,615000.0,Chai,đ,https://cdn.nhathuoclongchau.com.vn/unsafe/https://cms-prod.s3-sgn09.fptcloud.com/00033830_cetaphil_sua_duong_the_dac_tri_pro_ad_derma_skin_restoring_moisturizer_cho_da_kho_va_cham_da_295ml_3273_6257_large_2a7840a2fd.jpg,"Aqua , Glycerin , Capric Triglyceride , Helianthus Annuus Seed Oil , Pentylene Glycol , Butyrospermum parkii extract , Cyclopentasiloxane , Cetearyl Alcohol , Sorbitol , Behenyl alcohol , Glyceryl stearate , Allantoin , Arginine , Caprylyl glycol , Ceteareth-20 , Cetyl alcohol , Citric Acid , Dimethiconol , Disodium EDTA , Glyceryl Stearate Citrate , Hydroxypalmitoyl Sphinganine , Niacinamide , Panthenol , Sodium hyaluronate , Sodium PCA , Sodium Polyacrylate , Tocopheryl acetate ",,Cetaphil,Chai,"Dược mỹ phẩm | Chăm sóc cơ thể | Sữa dưỡng thể, kem dưỡng thể",duoc-my-pham | duoc-my-pham/cham-soc-co-the | duoc-my-pham/duong-the,True,True,20,0,https://nhathuoclongchau.com.vn/duoc-my-pham/cetaphil-sua-duong-the-dac-tri-pro-ad-derma-skin-restoring-moisturizer-cho-da-kho-va-cham-da-295ml-33918.html,duoc-my-pham,500
508,00033592,CHỐNG NẮNG DẠNG SỮA ANESSA PERFECT UV SUNSCREEN SKINCARE MILK N SPF50+ PA++++ 20ML 10118617201VN,Sữa chống nắng dưỡng da kiềm dầu Anessa Perfect UV Sunscreen Skincare Milk SPF50+ PA++++ Shiseido (20ml),duoc-my-pham/chong-nang-dang-sua-anessa-perfect-uv-sunscreen-skincare-milk-n-spf50-pa-20ml-10118617201vn-33703.html,250000.0,Tuýp,đ,https://cdn.nhathuoclongchau.com.vn/unsafe/https://cms-prod.s3-sgn09.fptcloud.com/00033592_chong_nang_dang_sua_anessa_perfect_uv_sunscreen_skincare_milk_n_spf50_pa_20ml_10118617201vn_9348_6232_large_83435f585d.jpg,"Aqua , Zinc oxide , Alcohol , Talc , Diisopropyl Sebacate , Isododecane , Octocrylene , Ethylhexyl , C12-15 Alkyl Benzoate ",,ANESSA,Tuýp x 20ml,Dược mỹ phẩm | Chăm sóc cơ thể | Chống nắng toàn thân,duoc-my-pham | duoc-my-pham/cham-soc-co-the | duoc-my-pham/chong-nang-toan-than,True,True,20,0,https://nhathuoclongchau.com.vn/duoc-my-pham/chong-nang-dang-sua-anessa-perfect-uv-sunscreen-skincare-milk-n-spf50-pa-20ml-10118617201vn-33703.html,duoc-my-pham,500
509,00033480,BIORE AQUA RICH SPF 50 50G - TINH CHẤT CHỐNG NẮNG DƯỠNG ẨM DÙNG CHO MẶT CỔ VAI,"Tinh chất chống nắng vi điểm màng nước Bioré UV Aqua Rich SPF50+ PA++++ dưỡng ẩm cho mặt, cổ, vai (50g)",duoc-my-pham/kem-chong-nang-dung-cho-mat-co-vai-biore-tinh-chat-mang-nuoc-duong-am-aqua-rich-spf-50-50g-33591.html,183000.0,Chai,đ,https://cdn.nhathuoclongchau.com.vn/unsafe/https://cms-prod.s3-sgn09.fptcloud.com/1_32bc7f5b70.jpg,"Methyl paraben , Phenoxyethanol , Sodium hyaluronate , Royal jelly , Tocopherols , Sodium hydroxide , BHT , Disodium EDTA , Arginine , Frangrance , Sorbitan Stearate , Agar , Cetyl alcohol , Potassium hydroxide , Vinyl Dimethicone/Lauryl Dimethicone Crosspolymer , Glyceryl Behenate , Glyceryl stearate , Glycerin , C12-15 Alkyl Benzoate , Dimethicone , Acrylates-C10-30-Alkyl-Acrylate-Crosspolymer , Xylitol , Butylene glycol , Dextrin Palmitate , Bis-ethylhexyloxyphenol Methoxyphenyl Triazine , Hydrogenated Polyisobutene , Diethylamino hydroxybenzoyl hexyl benzoate , Sodium Methylparaben , Isopropyl Palmitate , Ethylhexyl Triazone , ethylhexyl methoxycinnamate , Alcohol , Water purified ",,Biore,Chai,Dược mỹ phẩm | Chăm sóc da mặt | Kem chống nắng da mặt,duoc-my-pham | duoc-my-pham/cham-soc-da-mat | duoc-my-pham/chong-nang-da-mat,True,True,20,0,https://nhathuoclongchau.com.vn/duoc-my-pham/kem-chong-nang-dung-cho-mat-co-vai-biore-tinh-chat-mang-nuoc-duong-am-aqua-rich-spf-50-50g-33591.html,duoc-my-pham,500
510,00033479,BIORE PERFECT PROTECT MILK BRIGHT SPF50 25ML - SỮA CHỐNG NẮNG SÁNG MỊN DÙNG CHO MẶT VÀ TOÀN THÂN ,Sữa chống nắng mặt và toàn thân Bioré UV Perfect Protect Milk Bright SPF50+ PA+++ sáng mịn da (25ml),duoc-my-pham/kem-chong-nang-dang-sua-dung-cho-mat-va-toan-than-biore-bao-ve-da-perfect-protect-milk-bright-spf-50-33585.html,65000.0,Chai,đ,https://cdn.nhathuoclongchau.com.vn/unsafe/https://cms-prod.s3-sgn09.fptcloud.com/00033479_kem_chong_nang_dang_sua_dung_cho_mat_va_toan_than_biore_bao_ve_da_perfect_protect_milk_bright_spf_50_2561_62af_large_d69c4a0077.jpg,"Frangrance , Stearic acid , Aluminium hydroxide , C30-45 Olefin , C30-45 Alkyl Methicone , Polysilicone-9 , Peg-3 Dimethicone , PEG-12 Dimethicone , Bis-ethylhexyloxyphenol Methoxyphenyl Triazine , Mica , Diethylamino hydroxybenzoyl hexyl benzoate , Titanium dioxide , Hydrogen Dimethicone , Glycerin , Talc , Hydrogenated Polyisobutene , Dimethicone , Sodium methyl cocoyl taurate , ethylhexyl methoxycinnamate , Alcohol Denat , Zinc oxide , Cyclopentasiloxane , Water purified ",,Biore,Chai x 25ml,Dược mỹ phẩm | Chăm sóc da mặt | Kem chống nắng da mặt,duoc-my-pham | duoc-my-pham/cham-soc-da-mat | duoc-my-pham/chong-nang-da-mat,True,True,20,0,https://nhathuoclongchau.com.vn/duoc-my-pham/kem-chong-nang-dang-sua-dung-cho-mat-va-toan-than-biore-bao-ve-da-perfect-protect-milk-bright-spf-50-33585.html,duoc-my-pham,500
511,00033478,SỮA CHỐNG NẮNG CHO MẶT BIORE BRIGHT MILK SPF 50+ PA+++ GIÚP NÂNG TÔNG 30ML,Sữa chống nắng cho mặt Biore Bright Milk SPF 50+ PA+++ giúp nâng tông (30ml),duoc-my-pham/kem-chong-nang-dang-sua-dung-cho-mat-biore-bright-milk-spf-50-30ml-33584.html,99000.0,Chai,đ,https://cdn.nhathuoclongchau.com.vn/unsafe/https://cms-prod.s3-sgn09.fptcloud.com/00033478_kem_chong_nang_dang_sua_dung_cho_mat_biore_bright_milk_spf_50_30ml_5179_62af_large_3d03a48a08.jpg,"CI 77891 , CI 77120 , CI 73360 , Methylparaben , Phenoxythanol , Sodium hyaluronate , Tocopherol , Tin Oxide , BHT , Frangrance , PEG-32 , Stearic acid , Dimethicone/Vinyl Dimethicone Crosspolymer , Aluminum hydroxide , Vinyl Dimethicone/Lauryl Dimethicone Crosspolymer , Silica , Peg-3 Dimethicone , Polysilicone-9 , Triethoxycaprylylsilane , PEG-12 Dimethicone , Ethylhexyl Triazone , Mica , Glycerin , Polymethylsilsesquioxane , Titanium dioxide , Diethylamino hydroxybenzoyl hexyl benzoate , Talc , Isopropyl Palmitate , Lauryl Methacrylate , Hydrogenated Polyisobutene , Dimethicone , ethylhexyl methoxycinnamate , Purified water , Alcohol , Zinc oxide , Cyclopentasiloxane ",,Biore,Chai,Dược mỹ phẩm | Chăm sóc da mặt | Kem chống nắng da mặt,duoc-my-pham | duoc-my-pham/cham-soc-da-mat | duoc-my-pham/chong-nang-da-mat,True,True,20,0,https://nhathuoclongchau.com.vn/duoc-my-pham/kem-chong-nang-dang-sua-dung-cho-mat-biore-bright-milk-spf-50-30ml-33584.html,duoc-my-pham,500
512,00008548,EUCERIN ATO CONTROL FACE CREAM 50ML 63614 - KEM DƯỠNG DA MẶT CHO DA DỊ ỨNG,"Kem dưỡng da mặt Eucerin AtoControl Face Cream giảm khô, ngứa và mẩn đỏ (50ml)",duoc-my-pham/kem-duong-da-mat-eucerin-ato-control-195.html,416000.0,Hộp,đ,https://cdn.nhathuoclongchau.com.vn/unsafe/https://cms-prod.s3-sgn09.fptcloud.com/00008548_kem_duong_da_mat_eucerin_ato_control_9131_6327_large_02da53fe66.jpg,"Aqua , Glycerin , Caprylic/capric triglyceride , Cyclomethicone , Dimethicone , Cetyl alcohol , Glyceryl stearate , PEG-40 Stearate , Glycyrrhiza Inflata Root Extract , Ceramide NP , Tocopherol , Ascorbyl palmitate , Citric Acid , Sodium Citrate , BHT , 1,2-Hexanediol , Decylene Glycol , Phenoxyethanol , Pentaerythrityl Tetraisostearate , Triisostearin , Vitis Vinifera Seed Oil , Oenothera Biennis Oil , Cetyl Alcohol Glyceryl Stearate , Menthoxypropanediol ",Dạng kem,Eucerin,Hộp,"Dược mỹ phẩm | Giải pháp làn da | Dưỡng da bị khô, thiếu ẩm",duoc-my-pham | duoc-my-pham/giai-phap-lan-da | duoc-my-pham/da-bi-kho-thieu-am,True,True,20,0,https://nhathuoclongchau.com.vn/duoc-my-pham/kem-duong-da-mat-eucerin-ato-control-195.html,duoc-my-pham,500
513,00008549,EUCERIN ATO CONTROL ACUTE CARE 40ML 63174 - KEM ĐIỀU TRỊ DỊ ỨNG GIAI ĐOẠN BÙNG PHÁT,"Kem dưỡng da mặt Eucerin AtoControl Acute Care Cream giảm khô, ngứa và mẩn đỏ (40ml)",duoc-my-pham/kem-duong-da-eucerin-ato-control-acute-care-cream-205.html,483000.0,Chai,đ,https://cdn.nhathuoclongchau.com.vn/unsafe/https://cms-prod.s3-sgn09.fptcloud.com/00008549_kem_duong_da_eucerin_ato_control_acute_care_cream_2462_5c87_large_c01a142369.jpg,"Aqua , Glycerin , Caprylic/capric triglyceride , Dimethicone , PEG-40 Stearate , Glycyrrhiza Inflata Root Extract , Ceramide NP , Decylene Glycol , Citric Acid , Sodium Citrate , Tocopherol , Ascorbyl palmitate , Trisodium Edta , BHT , 1,2-Hexanediol , Phenoxyethanol , Pentaerythrityl Tetraisostearate , Triisostearin , Vitis Vinifera Seed Oil , Oenothera Biennis Oil , Cetyl Alcohol Glyceryl Stearate , Menthoxypropanediol ",,Eucerin,Chai x 40ml,"Dược mỹ phẩm | Giải pháp làn da | Da mẫn cảm, dễ kích ứng",duoc-my-pham | duoc-my-pham/giai-phap-lan-da | duoc-my-pham/viem-da-co-dia,True,True,20,0,https://nhathuoclongchau.com.vn/duoc-my-pham/kem-duong-da-eucerin-ato-control-acute-care-cream-205.html,duoc-my-pham,500
514,00008546,EUCERIN DERMO CAPILLAIRE PH5 MILD SHAMPOO 250ML 69653 - DẦU GỘI CHĂM SÓC DA ĐẦU NHẠY CẢM,Dầu gội cho da đầu nhạy cảm Eucerin Dermo Capillaire pH5 Mild Shampoo ngăn ngừa khô da đầu (250ml),duoc-my-pham/dau-goi-eucerin-dermocapillaire-ph5-mild-207.html,275000.0,Chai,đ,https://cdn.nhathuoclongchau.com.vn/unsafe/https://cms-prod.s3-sgn09.fptcloud.com/8546_dau_goi_eucerin_dermocapillaire_ph5_mild_7942_599f_large_7dcab05c1e.jpg,"Aqua , Sorbitol , Sodium myreth sulfate , Sodium Laureth Sulfate , Sodium cocoamphoacetate , Peg-120 Methyl Glucose Dioleate , Peg-40 Hydrogenated Castor Oil , Panthenol , Citric Acid , Sodium Citrate , Sodium Chloride , Sodium acetate,anhydrous , Polyquaternium-10 , Phenoxyethanol , Piroctone Olamine , Parfum ",Dung dịch,Eucerin,Chai,Dược mỹ phẩm | Chăm sóc tóc - da đầu,duoc-my-pham | duoc-my-pham/cham-soc-toc-da-dau,True,True,20,0,https://nhathuoclongchau.com.vn/duoc-my-pham/dau-goi-eucerin-dermocapillaire-ph5-mild-207.html,duoc-my-pham,500
515,00010698,LA ROCHE-POSAY CICAPLAST LEVRES BARRIER REAIRING BALM 7.5ML M6917700 M6917720 - SON DƯỠNG GIÚP PHỤC HỒI ĐỘ ẨM BẢO VỆ MÔI,"Kem dưỡng môi La Roche-Posay Cicaplast Levres giảm tình trạng môi khô, nứt nẻ và kích ứng (7.5ml)",duoc-my-pham/kem-duong-moi-la-roche-posay-cicaplast-levres-563.html,215000.0,Tuýp,đ,https://cdn.nhathuoclongchau.com.vn/unsafe/https://cms-prod.s3-sgn09.fptcloud.com/10698_kem_duong_moi_la_roche_posay_cicaplast_levres_6175_599f_large_b2c2c1d09a.jpg,"Caprylic acid triglyceride , Butyrospermum Parkii (Shea) Butter , Cera alba , Beeswax , Panthenol , Palmitate , Silica , Soybean , Aqua , Saccharin , Peg-5 Pentaerythrityl Ether , Hydrogenated Vegetable Oil , Silylate , Polybutene , Myristyl Malate Phosphonic Acid , Pentaerythrityl Tetra-di-t-butyl Hydroxyhydrocinnamate ",,Laroche posay,Tuýp,Dược mỹ phẩm | Mỹ phẩm trang điểm | Son môi,duoc-my-pham | duoc-my-pham/my-pham-trang-diem | duoc-my-pham/son-moi,True,True,20,0,https://nhathuoclongchau.com.vn/duoc-my-pham/kem-duong-moi-la-roche-posay-cicaplast-levres-563.html,duoc-my-pham,500
516,00009520,"GEL TẮM LÀM SẠCH, DỊU DA DÀNH CHO DA NHẠY CẢM, TRẺ EM VÀ SƠ SINH LA ROCHE POSAY LIPIKAR SOOTHING PROTECTIVE SHOWER GEL 200ML",Gel tắm La Roche-Posay Lipikar Gel Lavant giúp da được làm dịu và làm sạch mọi độc tố (200ml),duoc-my-pham/gel-tam-la-roche-posay-lipikar-cho-da-nhay-cam-579.html,235000.0,Tuýp,đ,https://cdn.nhathuoclongchau.com.vn/unsafe/https://cms-prod.s3-sgn09.fptcloud.com/9520_gel_tam_la_roche_posay_lipikar_cho_da_nhay_cam_2316_599f_large_e9cad59418.jpg,"Aqua , Sodium Laureth Sulfate , Peg-200 Hydrogenated Glyceryl Palmate , Glycerin , Coco-betaine , Polysorbate 20 , PEG-7 Glyceryl Cocoate , Citric Acid , cocamide MEA , Niacinamide , Parfum (Fragrance) , Peg-55 Propylene Glycol Oleate , Propylene glycol , Prunus Amygdalus Dulcis Oil , Sodium benzoate , Sodium Chloride , Sodium hydroxide , Peg-60 Hydrogenated Castor Oi , Peg-75 Shea Butter Glycerides , Polyquaternium-11 , Ppg-5-ceteth-20 ",,Laroche posay,Tuýp x 200ml,"Dược mỹ phẩm | Chăm sóc cơ thể | Sữa tắm, xà bông",duoc-my-pham | duoc-my-pham/cham-soc-co-the | duoc-my-pham/sua-tam-xa-bong,True,True,20,0,https://nhathuoclongchau.com.vn/duoc-my-pham/gel-tam-la-roche-posay-lipikar-cho-da-nhay-cam-579.html,duoc-my-pham,500
517,00005364,NORINSE BODY BATH 236.6ML - SỮA TẮM KHÔNG DÙNG NƯỚC,"Sữa tắm không cần dùng nước NoRinse Body Bath thay thế cách tắm thông thường (236,6ml)",duoc-my-pham/sua-tam-khong-dung-nuoc-no-rinse-2366ml-601.html,157000.0,Chai,đ,https://cdn.nhathuoclongchau.com.vn/unsafe/https://cms-prod.s3-sgn09.fptcloud.com/00005364_sua_tam_khong_dung_nuoc_no_rinse_2366ml_8719_5c87_large_72c68363ec.jpg,"Deionized Water , Triethanolamine Lauryl Sulfate , Propylene glycol , Cocamidopropyl betaine , Diazolidinyl urea , Methylparaben , Propylparaben , Fragrance , Citric Acid ",Dung dịch,Norinse,Chai x 236.6ml,"Dược mỹ phẩm | Chăm sóc cơ thể | Sữa tắm, xà bông",duoc-my-pham | duoc-my-pham/cham-soc-co-the | duoc-my-pham/sua-tam-xa-bong,True,True,20,0,https://nhathuoclongchau.com.vn/duoc-my-pham/sua-tam-khong-dung-nuoc-no-rinse-2366ml-601.html,duoc-my-pham,500
518,00008542,EUCERIN HYALURON FILLER NIGHT CREAM 50ML 63486 - KEM DƯỠNG DA NGĂN NGỪA LÃO HÓA BAN ĐÊM,Kem ngăn ngừa lão hóa ban đêm Eucerin Hyaluron-Filler Night Cream (50ml),duoc-my-pham/kem-ngua-lao-hoa-da-ban-dem-eucerin-hyaluron-filler-632.html,1370000.0,Hộp,đ,https://cdn.nhathuoclongchau.com.vn/unsafe/https://cms-prod.s3-sgn09.fptcloud.com/00008542_kem_ngua_lao_hoa_da_ban_dem_eucerin_hyaluron_filler_8911_5ca7_large_43c19ea344.jpg,"Aqua , Glycerin , Butyrospermum Parkii Butter , Isopropyl Palmitate , Panthenol , Caprylic/capric triglyceride , Hydrogenated Coco-glycerides , Octyldodecanol , Butylene glycol , Glyceryl Stearate Citrate , Stearyl alcohol , Cetyl alcohol , Sodium hyaluronate , Tocopherol , acrylates/C10-30 alkyl acrylate crosspolymer , Dimethicone , Carbomer , Caprylyl glycol , Trisodium Edta , 1,2-Hexanediol , Phenoxyethanol , Parfum , Glycine Soja Germ Extract , Methyl Methacrylate Crosspolyme ",,Eucerin,Hộp x 50ml,"Dược mỹ phẩm | Giải pháp làn da | Hỗ trợ tái tạo, cải thiện da lão hoá",duoc-my-pham | duoc-my-pham/giai-phap-lan-da | duoc-my-pham/tai-tao-chong-lao-hoa,True,True,20,0,https://nhathuoclongchau.com.vn/duoc-my-pham/kem-ngua-lao-hoa-da-ban-dem-eucerin-hyaluron-filler-632.html,duoc-my-pham,500
519,00005936,"PHYSIOGEL DERMO-CLEANSER 150ML - SỬA RỬA MẶT DỊU NHẸ DÀNH CHO DA KHÔ,NHẠY CẢM",Sữa rửa mặt Physiogel Daily Moisture Therapy Dermo-Cleanser 150ml cho da khô,duoc-my-pham/sua-rua-mat-diu-nhe-danh-cho-da-kho-nhay-cam-physiogel-dermo-cleanser-150ml-759.html,160000.0,Chai,đ,https://cdn.nhathuoclongchau.com.vn/unsafe/https://cms-prod.s3-sgn09.fptcloud.com/00005936_sua_rua_mat_physiogel_6962_5ced_large_33a09d9e96.jpg,"Aqua , Peg-75 , Cetearyl Alcohol , Disodium phosphate , Methylparaben , Citric Acid , Butylparaben , Parfum , Sodium Cococyl Isethionate ",,Physiogel,Chai,"Dược mỹ phẩm | Chăm sóc da mặt | Sữa rửa mặt (Kem, gel, sữa)",duoc-my-pham | duoc-my-pham/cham-soc-da-mat | duoc-my-pham/sua-rua-mat-kem-gel-sua,True,True,20,0,https://nhathuoclongchau.com.vn/duoc-my-pham/sua-rua-mat-diu-nhe-danh-cho-da-kho-nhay-cam-physiogel-dermo-cleanser-150ml-759.html,duoc-my-pham,500
520,00008545,EUCERIN DERMATO CLEAN CLARIFYING TONER 200ML 63995 - NƯỚC CÂN BẰNG DỊU NHẸ,"Nước cân bằng Eucerin DermatoClean Clarifying Toner giữ ẩm, dịu nhẹ cho da (200ml)",duoc-my-pham/nuoc-hoa-hong-lam-sach-da-eucerin-dermato-clean-884.html,603000.0,Chai,đ,https://cdn.nhathuoclongchau.com.vn/unsafe/https://cms-prod.s3-sgn09.fptcloud.com/00008545_nuoc_hoa_hong_lam_sach_da_eucerin_dermato_clean_1213_5ca0_large_74898753cc.png,"Aqua , Dipropylene glycol , Glyceryl Glucoside , glycerine , Sodium hyaluronate , Decyl glucoside , Sodium Citrate , Citric Acid , Cocamidopropyl betaine , Trisodium Edta , Sodium Chloride , 1,2-Hexanediol , Phenoxyethanol ",Dung dịch,Eucerin,Chai x 200ml,Dược mỹ phẩm | Chăm sóc da mặt,duoc-my-pham | duoc-my-pham/cham-soc-da-mat,True,True,20,0,https://nhathuoclongchau.com.vn/duoc-my-pham/nuoc-hoa-hong-lam-sach-da-eucerin-dermato-clean-884.html,duoc-my-pham,500
521,00002617,DUCRAY KERTYOL PSO SHAMPOO 125ML - DẦU GỘI TRỊ GÀU MẢNG,"Dầu gội Ducray Kertyol P.S.O Shampoo làm sạch tóc, loại bỏ gàu dạng mảng và vảy nến (125ml)",duoc-my-pham/dau-goi-sach-gau-ducray-kertyol-pso-125ml-948.html,350000.0,Chai,đ,https://cdn.nhathuoclongchau.com.vn/unsafe/https://cms-prod.s3-sgn09.fptcloud.com/00002617_dau_goi_sach_gau_ducray_kertyol_pso_125ml_2947_5d35_large_811b6a88d3.png,Aqua ,,Ducray,Chai x 125ml,Dược mỹ phẩm | Chăm sóc tóc - da đầu | Dầu gội dầu xả,duoc-my-pham | duoc-my-pham/cham-soc-toc-da-dau | duoc-my-pham/dau-goi-dau-xa,True,True,20,0,https://nhathuoclongchau.com.vn/duoc-my-pham/dau-goi-sach-gau-ducray-kertyol-pso-125ml-948.html,duoc-my-pham,500
522,00008513,FIXDERMA STRALLIUM STRETCH MARK CREAM 75G,"Kem Fixderma Strallium Stretch Mark Cream cải thiện tính đàn hồi, làm mềm da, loại bỏ vết rạn da (75g)",duoc-my-pham/kem-lam-mo-vet-ran-da-fixderma-958.html,450000.0,Tuýp,đ,https://cdn.nhathuoclongchau.com.vn/unsafe/https://cms-prod.s3-sgn09.fptcloud.com/00008513_kem_lam_mo_vet_ran_da_fixderma_5902_5c87_large_0ac0757865.png,"Allium Cepa Bulb Extract , Aloe barbadensis leaf juice , Tocopheryl acetate , Nicotinamide , Glyceryl stearate , Almond oil , Glycerol , Butyrospermum Parkii (Shea) Butter ",,Fixderma,Tuýp,Dược mỹ phẩm | Chăm sóc cơ thể | Chăm sóc da nứt nẻ,duoc-my-pham | duoc-my-pham/cham-soc-co-the | duoc-my-pham/tri-nut-da,True,True,20,0,https://nhathuoclongchau.com.vn/duoc-my-pham/kem-lam-mo-vet-ran-da-fixderma-958.html,duoc-my-pham,500
523,00003644,HAPPY EVENT ROHTO 100ML - SỮA CHỐNG RẠN DA,Sữa chống rạn da Happy Event Anti-Stretch Mark Lotion giúp dưỡng ẩm tự nhiên (100ml),duoc-my-pham/sua-chong-ran-da-happy-event-961.html,145000.0,Tuýp,đ,https://cdn.nhathuoclongchau.com.vn/unsafe/https://cms-prod.s3-sgn09.fptcloud.com/00003644_sua_chong_ran_da_happy_event_3684_5fad_large_d04068b98d.jpg,"Water , Glycerin , Arachidyl alcohol , Lanolin , Hydroxyethyl Acrylate , Sodium Acryloyldimethyl Taurate Copolymer , Behenyl alcohol , Arachidyl Glucoside , Tocopheryl acetate , Squalane , Polysorbate 60 , Ethylhexylglycerin , Phenoxythanol , Olea Europaea (Olive) Fruit Oil , Methaccrylate Crosspolymer ",Dung dịch,Rohto,Tuýp x 100ml,Dược mỹ phẩm | Chăm sóc cơ thể | Chăm sóc da nứt nẻ,duoc-my-pham | duoc-my-pham/cham-soc-co-the | duoc-my-pham/tri-nut-da,True,True,20,0,https://nhathuoclongchau.com.vn/duoc-my-pham/sua-chong-ran-da-happy-event-961.html,duoc-my-pham,500
524,00016489,"18+ ACTIVE MANUKA HONEYPROPOLIS SKIN HEALTH CREME 40ML - KEM MẬT ONG TRỊ THÂM,GIẢM KÍCH ỨNG CHO DA NHẠY CẢM","Kem 18+ Active Manuka Honey And Propolis Skin Health Crème dưỡng ẩm, giảm kích ứng da, viêm da (40ml)",duoc-my-pham/18-active-manuka-honeypropolis-skin-health-creme-40ml-14214.html,620000.0,Tuýp,đ,https://cdn.nhathuoclongchau.com.vn/unsafe/https://cms-prod.s3-sgn09.fptcloud.com/00016489_18_active_manuka_honeypropolis_skin_health_creme_40ml_7645_5b02_large_1c2bb4c416.JPG,"Honey , Beeswax , Propolis wax , Evening primrose oil , Calendula Oil , Water ",Dạng kem,Pure NZ,Tuýp,"Dược mỹ phẩm | Giải pháp làn da | Hỗ trợ mờ sẹo, mờ vết thâm",duoc-my-pham | duoc-my-pham/giai-phap-lan-da | duoc-my-pham/tri-seo-mo-tham,True,True,20,0,https://nhathuoclongchau.com.vn/duoc-my-pham/18-active-manuka-honeypropolis-skin-health-creme-40ml-14214.html,duoc-my-pham,500
525,00016372,"GEL CHẤM MỤN DERMACOS ANTI ACNE ANTI IMPERFECTION GIÚP KHỬ KHUẨN, GIẢM SẸO, CHỨA BÙN HOẠT TÍNH 15ML","Gel chấm mụn Dermacos Anti-Acne Anti-Imperfection giúp khử khuẩn, giảm sẹo, chứa bùn hoạt tính (15ml)",duoc-my-pham/dermacos-anti-acne-anti-imperfextion-spot-gel-15ml-14328.html,232000.0,Hộp,đ,https://cdn.nhathuoclongchau.com.vn/unsafe/https://cms-prod.s3-sgn09.fptcloud.com/DSC_02748_25253cbf3e.jpg,"Colloidal silver , Kaolin , AHA , Salix alba bark , Glycerin , Nấm men Saccharomyces boulardii , PCA , Hamamelis Virginiana (Witch Hazel) Extract , Peat Extract ",,FARMONA,Hộp x 15ml,"Dược mỹ phẩm | Giải pháp làn da | Kem hỗ trợ giảm mụn, gel hỗ trợ giảm mụn",duoc-my-pham | duoc-my-pham/giai-phap-lan-da | duoc-my-pham/da-mun,True,True,20,0,https://nhathuoclongchau.com.vn/duoc-my-pham/dermacos-anti-acne-anti-imperfextion-spot-gel-15ml-14328.html,duoc-my-pham,500
526,00016131,CERADAN CERAMIDE DIAPER CREAM 10G - KEM NGỪA HĂM TẢ CHO BÉ,"Kem Ceradan Ceramide Diaper Cream hỗ trợ làm dịu da, chống hăm tã cho bé (10g)",duoc-my-pham/ceradan-diaper-cream-10g-14565.html,96000.0,Tuýp,đ,https://cdn.nhathuoclongchau.com.vn/unsafe/https://cms-prod.s3-sgn09.fptcloud.com/00016131_ceradan_diaper_cream_10g_6863_610c_large_6f6caaf496.jpg,"Butylene glycol , Ceramide , Cholesterol , Dextrin , Ethylhexyl Palmitate , Linoleic acid , Liquid Paraffin , Liquorice Root (Glycyrrhiza Glabra) , Octenidine , Paraffin , Polymethyl Methacrylatez , Petrolatum , Zinc oxide ",Kem bôi da,Hyphens,Tuýp x 10g,Dược mỹ phẩm | Chăm sóc cơ thể,duoc-my-pham | duoc-my-pham/cham-soc-co-the,True,True,20,0,https://nhathuoclongchau.com.vn/duoc-my-pham/ceradan-diaper-cream-10g-14565.html,duoc-my-pham,500
527,00015171,BIOTEEZ-S SHAMPOO FIXDERMA 75ML,"Dầu gội Fixderma Bioteez-S làm sạch gàu, giảm nhờn da đầu, duy trì độ ẩm cho tóc (75ml)",duoc-my-pham/fixderma-bioteez-s-75g-15023.html,278000.0,Hộp,đ,https://cdn.nhathuoclongchau.com.vn/unsafe/https://cms-prod.s3-sgn09.fptcloud.com/00015171_fixderma_bioteez_s_75g_2814_5c8b_large_e54fe656f2.JPG,"Aqua , Sodium Lauryl Ehter Sulfat , Cocoamidopropyl betaine , Acrylates Copolymer , Zinc Pyrithione , Glycerol , Glycol Stearate ",,Fixderma,Hộp,Dược mỹ phẩm | Chăm sóc tóc - da đầu | Dầu gội dầu xả,duoc-my-pham | duoc-my-pham/cham-soc-toc-da-dau | duoc-my-pham/dau-goi-dau-xa,True,True,20,0,https://nhathuoclongchau.com.vn/duoc-my-pham/fixderma-bioteez-s-75g-15023.html,duoc-my-pham,500
528,00014522,EUCERIN BABY WASH SHAMPOO 400ML 69728 - SỮA TẮM GỘI DỊU NHẸ CHO BÉ,Sữa tắm gội Eucerin Baby Wash & Shampoo làm sạch dịu nhẹ mái tóc và làn da của bé (400ml),duoc-my-pham/sua-tam-goi-diu-nhe-cho-be-eucerin-baby-wash-shampoo-400ml-69728-15595.html,280000.0,Chai,đ,https://cdn.nhathuoclongchau.com.vn/unsafe/https://cms-prod.s3-sgn09.fptcloud.com/00014522_eucerin_baby_wash_shampoo_400ml_69728_2530_5c87_large_e6167e1ed6.jpg,"Water , Decyl glucoside , Sodium myreth sulfate , Peg-200 Hydrogenated Glyceryl Palmate , Cocamidopropyl betaine , Sodium Chloride , Panthenol , Butyrospermum Parkii (Shea) Butter , Polyquaternium-10 , Citric Acid , Sodium benzoate ",Dung dịch,Eucerin,Chai x 400ml,"Dược mỹ phẩm | Chăm sóc cơ thể | Sữa tắm, xà bông",duoc-my-pham | duoc-my-pham/cham-soc-co-the | duoc-my-pham/sua-tam-xa-bong,True,True,20,0,https://nhathuoclongchau.com.vn/duoc-my-pham/sua-tam-goi-diu-nhe-cho-be-eucerin-baby-wash-shampoo-400ml-69728-15595.html,duoc-my-pham,500
529,00012421,"SỮA RỬA MẶT VÀ TOÀN THÂN CERADAN CERAMIDE MOISTURING WASH DƯỠNG ẨM, LÀM DỊU, BẢO VỆ DA 150ML","Sữa rửa mặt và toàn thân Ceradan Ceramide Moisturing Wash dưỡng ẩm, làm dịu, bảo vệ da (150ml)",duoc-my-pham/ceradan-moisturing-body-wash-150ml-16029.html,220000.0,Chai,đ,https://cdn.nhathuoclongchau.com.vn/unsafe/https://cms-prod.s3-sgn09.fptcloud.com/DSC_04835_4f415d7544.jpg,"Linolenic acid , Ceramide , Water , Glycerin , Caprylic acid triglyceride , Guar hydroxypropyltrimcnnium chloride , Acid citric , Allantoin , Phenoxyethanol , cocamide MEA , Natri Lauroamphoacetate ",Nhũ tương (Gel),Ceradan,Chai x 150ml,"Dược mỹ phẩm | Chăm sóc cơ thể | Sữa tắm, xà bông",duoc-my-pham | duoc-my-pham/cham-soc-co-the | duoc-my-pham/sua-tam-xa-bong,True,True,20,0,https://nhathuoclongchau.com.vn/duoc-my-pham/ceradan-moisturing-body-wash-150ml-16029.html,duoc-my-pham,500
530,00011009,"GIẤY THẤM DẦU ACNES OIL REMOVER FILM ROHTO KIỂM SOÁT NHỜN, GIÚP DA KHÔNG BÓNG DẦU HỘP X 50 MIẾNG","Giấy thấm dầu Acnes Oil Remover Film Rohto kiểm soát nhờn, giúp da không bóng dầu (50 miếng)",duoc-my-pham/phim-tham-dau-acnes-goi-50-to-16214.html,64000.0,Cái,đ,https://cdn.nhathuoclongchau.com.vn/unsafe/https://cms-prod.s3-sgn09.fptcloud.com/00011009_phim_tham_dau_acnes_goi_50_to_2147_5d10_large_ef9f119292.JPG,Plastic ,,Acnes,Cái,Dược mỹ phẩm | Chăm sóc da mặt,duoc-my-pham | duoc-my-pham/cham-soc-da-mat,True,True,20,0,https://nhathuoclongchau.com.vn/duoc-my-pham/phim-tham-dau-acnes-goi-50-to-16214.html,duoc-my-pham,500
531,00010644,"FIXDERMA SKARFIX PLUS 15G - KEM GIẢM VẾT THÂM, NÁM, TÀN NHANG","Kem làm sáng da Skarfix-Plus Cream Fixderma mờ vết thâm, đốm đen (15g)",duoc-my-pham/fixderma-skarfix-plus-15g-kem-giam-vet-tham-nam-tan-nhang-16379.html,246000.0,Tuýp,đ,https://cdn.nhathuoclongchau.com.vn/unsafe/https://cms-prod.s3-sgn09.fptcloud.com/00010644_fixderma_skarfix_plus_15g_kem_giam_vet_tham_nam_tan_nhang_4859_6425_large_584675ff75.jpg,"Aqua , Glyceryl stearate , Peg-100 stearate , Capric Triglyceride , Arbutin , Stearic acid , Cyclopentasiloxane , Glycerol , Octinoxate , Steareth-2 , Phenoxyethanol , Ethylhexylglycerin , Benzophenone-4 , triethanolamine , Titanium dioxide , Aluminum hydroxide , Tocopheryl acetate , Disodium EDTA , Fragrance ",,Fixderma,Tuýp x 15g,"Dược mỹ phẩm | Giải pháp làn da | Kem hỗ trợ mờ nám, tàn nhang, đốm nâu",duoc-my-pham | duoc-my-pham/giai-phap-lan-da | duoc-my-pham/nam-tan-nhang-dom-nau,True,True,20,0,https://nhathuoclongchau.com.vn/duoc-my-pham/fixderma-skarfix-plus-15g-kem-giam-vet-tham-nam-tan-nhang-16379.html,duoc-my-pham,500
532,00008348,DUCRAY KELUAL DS SHAMPOO 100ML - DẦU GỘI TRỊ GÀU,"Dầu gội Ducray Kelual DS Shampoo làm sạch gàu, dịu da đầu và bớt ngứa (100ml)",duoc-my-pham/ducray-kelual-ds-100ml-16707.html,455000.0,Chai,đ,https://cdn.nhathuoclongchau.com.vn/unsafe/https://cms-prod.s3-sgn09.fptcloud.com/00008348_ducray_kelual_ds_100ml_8684_5cb0_large_48f656248e.jpg,Aqua ,,Ducray,Chai,Dược mỹ phẩm | Chăm sóc tóc - da đầu | Dầu gội dầu xả,duoc-my-pham | duoc-my-pham/cham-soc-toc-da-dau | duoc-my-pham/dau-goi-dau-xa,True,True,20,0,https://nhathuoclongchau.com.vn/duoc-my-pham/ducray-kelual-ds-100ml-16707.html,duoc-my-pham,500
533,00002764,EMCO 15G - KEM CHỐNG THÂM QUẦNG MẮT,"Lăn chăm sóc thâm quầng mắt Emco UltraCream giảm vết nhăn nơi đuôi mắt, dưỡng da vùng mắt (15g)",duoc-my-pham/emco-tham-quang-mat-12g-17321.html,140000.0,Tuýp,đ,https://cdn.nhathuoclongchau.com.vn/unsafe/https://cms-prod.s3-sgn09.fptcloud.com/00002764_emco_tham_quang_mat_12g_4151_5b8d_large_db537305ca.JPG,"Lactoserum atomisat , Chất nhũ hoá , Tảo biển , Nước tinh khiết , Prunus flora extrax , Pacomiae lactiflora extract , Chất cân bằng pH , Tinh chất tảo biển , Axit béo từ trái cây ",Dạng kem,Thiên Khánh,Tuýp,"Dược mỹ phẩm | Chăm sóc da vùng mắt | Hỗ trợ cải thiện quầng thâm, bọng mắt",duoc-my-pham | duoc-my-pham/cham-soc-da-vung-mat | duoc-my-pham/ngan-ngua-tri-tham-quang-bong-mat,True,True,20,0,https://nhathuoclongchau.com.vn/duoc-my-pham/emco-tham-quang-mat-12g-17321.html,duoc-my-pham,500
534,00001812,CETAPHIL DAILY FACIAL MOISTURIZER SPF15 118ML - KEM CHỐNG NẮNG,Kem chống nắng Cetaphil Daily Facial Moisturizer SPF15/PA++ dành cho mọi loại da (118ml),duoc-my-pham/cetaphil-daily-facial-moisturizer-spf15-17450.html,200000.0,Chai,đ,https://cdn.nhathuoclongchau.com.vn/unsafe/https://cms-prod.s3-sgn09.fptcloud.com/00001812_cetaphil_daily_facial_moisturizer_spf15_2438_5cae_large_a75528eec0.jpg,"Aqua , Octocrylene , Cyclopentasiloxane , Glycerin , Butyl Methoxydibenzoylmethane , Glyceryl stearate , Peg-100 stearate , Phenoxyethanol , Benzyl alcohol , triethanolamine , acrylates/C10-30 alkyl acrylate crosspolymer , Tocopheryl acetate , Carbomer , Disodium EDTA, anhydrous , Diisopropyl Adipate , Polymethyl Methacrylatez ",,Cetaphil,Chai x 118ml,Dược mỹ phẩm | Chăm sóc da mặt,duoc-my-pham | duoc-my-pham/cham-soc-da-mat,True,True,20,0,https://nhathuoclongchau.com.vn/duoc-my-pham/cetaphil-daily-facial-moisturizer-spf15-17450.html,duoc-my-pham,500
535,00000492,ACNES FOAMING WASH ROHTO 150ML - SỮA RỬA MẶT NGĂN NGỪA MỤN,Dung dịch tạo bọt ngăn ngừa mụn Acnes Foaming Wash Rohto sạch khuẩn (150ml),duoc-my-pham/acnes-foaming-wash-150ml-17561.html,75000.0,Chai,đ,https://cdn.nhathuoclongchau.com.vn/unsafe/https://cms-prod.s3-sgn09.fptcloud.com/00000492_acnes_foaming_wash_150ml_6737_5fac_large_b953c09299.jpg,"Salicylic acid , Niacinamide , Zinc gluconate , Water , Glycerin , Myristic acid , Potassium , Hydroxide , Ethanol , Lauric Acid , Zinc chloride , Magnesium ascorbate , Aloe barbadensis leaf extract , Sodium , Hyaluronate , Butylene glycol , Dipotassium Glycyrrhizinate , Palmitic Acid , Polysorbata 60 , Octyldodecanol , Sodium Chloride , Isopropyl Methylphenol , Sodium edetate , Methylparaben , Propylparaben , Phenoxyethanol , Fragrance , Laureth-6 Carboxylic Acid , Stearyl Glycyrrhetinate , Ethylparaben ",,Acnes,Chai x 150ml,"Dược mỹ phẩm | Chăm sóc da mặt | Sữa rửa mặt (Kem, gel, sữa)",duoc-my-pham | duoc-my-pham/cham-soc-da-mat | duoc-my-pham/sua-rua-mat-kem-gel-sua,True,True,20,0,https://nhathuoclongchau.com.vn/duoc-my-pham/acnes-foaming-wash-150ml-17561.html,duoc-my-pham,500
536,00000487,ACNES C10 ROHTO 15ML - DUNG DỊCH LÀM MỜ SẸO THÂM,"Dung dịch Acnes C10 Rohto mờ sẹo, thâm, hỗ trợ giảm nám, tàn nhang (15ml)",duoc-my-pham/acnes-c10-15ml-rm-lo-17565.html,355000.0,Chai,đ,https://cdn.nhathuoclongchau.com.vn/unsafe/https://cms-prod.s3-sgn09.fptcloud.com/00000487_acnes_c10_15ml_rm_lo_6198_5cca_large_cde84e0663.jpg,"Propane-1,2-diol , Water , Vitamin C , propylen glycol , Alcohol , Butylene glycol , Peg-8 , Grapefruit , Fragrance , PPG-6-Decyltetradeceth-30 ",,Acnes,Chai x 15ml,"Dược mỹ phẩm | Giải pháp làn da | Hỗ trợ mờ sẹo, mờ vết thâm",duoc-my-pham | duoc-my-pham/giai-phap-lan-da | duoc-my-pham/tri-seo-mo-tham,True,True,20,0,https://nhathuoclongchau.com.vn/duoc-my-pham/acnes-c10-15ml-rm-lo-17565.html,duoc-my-pham,500
537,00016793,"KEM BÔI SVR SEBIACLEAR MAT+PORES SE KHÍT LỖ CHÂN LÔNG, GIẢM MỤN 40ML","Kem SVR Sebiaclear Mat And Pores điều hòa bã nhờn, dưỡng ẩm, thu nhỏ lỗ chân lông (40ml)",duoc-my-pham/svr-sebiaclear-mat-pores-40ml-kem-duong-da-lam-giam-mun-thong-thoang-lo-chan-long-va-loai-bo-dau-18122.html,466000.0,Tuýp,đ,https://cdn.nhathuoclongchau.com.vn/unsafe/https://cms-prod.s3-sgn09.fptcloud.com/DSC_00667_27a8de1be1.jpg,"1,2-Hexanediol , Caprylyl glycol , Parfum , Polysorbata 60 , Sorbitan Isostearate , Xanthan gum , Citric Acid , Sarcosine , Sodium Citrate , Tocopherol , Aqua , Silica , Propanediol , Gluconolactone ",Kem,SVR,Tuýp x 40ml,Dược mỹ phẩm | Chăm sóc da mặt,duoc-my-pham | duoc-my-pham/cham-soc-da-mat,True,True,20,0,https://nhathuoclongchau.com.vn/duoc-my-pham/svr-sebiaclear-mat-pores-40ml-kem-duong-da-lam-giam-mun-thong-thoang-lo-chan-long-va-loai-bo-dau-18122.html,duoc-my-pham,500
538,00017282,EUCERIN PRO ACNE A.I CLEARING TREATMENT 40ML 87925 - GEL ĐẶC TRỊ MỤN,Gel Eucerin Pro Acne A.I Clearing Treatment giảm mụn và nhờn (40ml),duoc-my-pham/eucerin-ai-clearing-treatment-40ml-87925-18619.html,490000.0,Hộp,đ,https://cdn.nhathuoclongchau.com.vn/unsafe/https://cms-prod.s3-sgn09.fptcloud.com/00017282_eucerin_ai_clearing_treatment_40ml_87925_1345_5c3f_large_38b59c34ed.png,"Aqua , Glycolic acid , Dimethicone , Glycerin , Cetearyl Alcohol , Glyceryl stearate , Sodium hydroxide , Gluconolactone , PEG-40 Stearate , Salicylic acid , PEG-150 Distearate , Glycyrrhiza Inflata Root Extract , Panthenol , Xanthan gum , Trisodium Edta , Phenoxyethanol , Parfum ",,Eucerin,Hộp x 40ml,"Dược mỹ phẩm | Giải pháp làn da | Kem hỗ trợ giảm mụn, gel hỗ trợ giảm mụn",duoc-my-pham | duoc-my-pham/giai-phap-lan-da | duoc-my-pham/da-mun,True,True,20,0,https://nhathuoclongchau.com.vn/duoc-my-pham/eucerin-ai-clearing-treatment-40ml-87925-18619.html,duoc-my-pham,500
539,00017280,EUCERIN PRO ACNE CORRECT COVER STICK 2G 88965 - KEM CHE KHUYẾT ĐIỂM VÀ GIẢM MỤN,Kem che khuyết điểm Eucerin ProAcne Correct Cover Stick giảm mụn thâm (2g),duoc-my-pham/eucerin-correct-cover-stick-25g-88965-18631.html,370000.0,Tuýp,đ,https://cdn.nhathuoclongchau.com.vn/unsafe/https://cms-prod.s3-sgn09.fptcloud.com/00017280_eucerin_correct_cover_stick_25g_88965_9655_5c8a_large_cd185f7137.png,"Cyclopentasiloxane , Octyldodecanol , Synthetic Beeswax , Polybutene , Nylon 12 , Salicylic acid , Mica , Bisabolol , Tocopherol , CI 77891 , CI 77492 , CI 77491 , CI 77499 ",,Eucerin,Tuýp,Dược mỹ phẩm | Mỹ phẩm trang điểm | Trang điểm mặt,duoc-my-pham | duoc-my-pham/my-pham-trang-diem | duoc-my-pham/trang-diem-mat,True,True,20,0,https://nhathuoclongchau.com.vn/duoc-my-pham/eucerin-correct-cover-stick-25g-88965-18631.html,duoc-my-pham,500
540,00017327,FIXDERMA MOISTURIZING LOTION 150ML,Sữa dưỡng ẩm Fixderma Multi Active Moisturizing Lotion cân bằng độ ẩm cho da (150ml),duoc-my-pham/moisturizing-lotion-150ml-fixderma-18677.html,337000.0,Chai,đ,https://cdn.nhathuoclongchau.com.vn/unsafe/https://cms-prod.s3-sgn09.fptcloud.com/00017327_moisturizing_lotion_150ml_fixderma_3576_5cb0_large_bc4878903e.jpg,"Aqua , Glyceryl monostearate , Glycerol , Caprylic/capric triglyceride , Aloe barbadensis leaf juice , Stearic acid , Cetearyl Alcohol , Butyrospermum Parkii (Shea) Butter , Cyclopentasiloxane , Steareth-2 , Myristyl Myristate ",,Fixderma,Chai x 150ml,"Dược mỹ phẩm | Chăm sóc cơ thể | Sữa dưỡng thể, kem dưỡng thể",duoc-my-pham | duoc-my-pham/cham-soc-co-the | duoc-my-pham/duong-the,True,True,20,0,https://nhathuoclongchau.com.vn/duoc-my-pham/moisturizing-lotion-150ml-fixderma-18677.html,duoc-my-pham,500
541,00017368,EUCERIN PRO ACNE  MAKE UP CLEANSING WATER 200ML 87926 - NƯỚC TẨY TRANG,Nước tẩy trang Eucerin Pro Acne Acne And Make Up Cleansing Water giảm nhờn trên da (200ml),duoc-my-pham/eucerin-acne-oil-control-pro-acne-solution-200ml-87926-18722.html,259000.0,Chai,đ,https://cdn.nhathuoclongchau.com.vn/unsafe/https://cms-prod.s3-sgn09.fptcloud.com/00017368_eucerin_acne_oil_control_pro_acne_solution_200ml_87926_7534_5d52_large_5ec19d6e02.png,"Aqua , Poloxamer 124 , Glyceryl Glucoside , Glycerin , Sodium hyaluronate , Decyl glucoside , Arginine HCL , Sodium cocoamphoacetate , Trisodium Edta , Sodium Chloride , 1,2-Hexanediol , Phenoxyethanol ",,Eucerin,Chai,"Dược mỹ phẩm | Chăm sóc da mặt | Nước tẩy trang, dầu tẩy trang",duoc-my-pham | duoc-my-pham/cham-soc-da-mat | duoc-my-pham/nuoc-tay-trang,True,True,20,0,https://nhathuoclongchau.com.vn/duoc-my-pham/eucerin-acne-oil-control-pro-acne-solution-200ml-87926-18722.html,duoc-my-pham,500
542,00017484,EUCERIN PH5 WASHLOTION 1000ML 63075 - SỮA TẮM CHO DA NHẠY CẢM,Sữa tắm Eucerin pH5 WashLotion Preserves Skin Resilience dành cho da nhạy cảm (1000ml),duoc-my-pham/eucerin-ph5-for-body-face-wash-lotion-1000ml-63075-18838.html,499000.0,Chai,đ,https://cdn.nhathuoclongchau.com.vn/unsafe/https://cms-prod.s3-sgn09.fptcloud.com/00017484_eucerin_ph5_for_body_face_wash_lotion_1000ml_63075_2784_5c87_large_ada143a361.png,"Aqua , Sodium cocoamphoacetate , Sodium myreth sulfate , Lauryl glucoside , Sodium Chloride , Citric Acid , Peg-40 Hydrogenated Castor Oil , Peg-200 Hydrogenated Glyceryl Palmate , Coco-Glucoside , Glycol Distearate , glycerine , Polyquaternium-10 , Diammonium citrate , Sodium benzoate , Sodium salicylate , Benzyl alcohol , Linalool , Butylphenyl Methylpropional , Alpha Isomethyl Ionone , Hexyl cinnamal , Benzyl salicylate , Parfum ",,Eucerin,Chai x 1l,"Dược mỹ phẩm | Chăm sóc cơ thể | Sữa tắm, xà bông",duoc-my-pham | duoc-my-pham/cham-soc-co-the | duoc-my-pham/sua-tam-xa-bong,True,True,20,0,https://nhathuoclongchau.com.vn/duoc-my-pham/eucerin-ph5-for-body-face-wash-lotion-1000ml-63075-18838.html,duoc-my-pham,500
543,00017887,EUCERIN PRO ACNE TONER 200ML 88983 - NƯỚC CÂN BẰNG,"Nước hoa hồng Eucerin Acne-Oil Control ProAcne Solution Toner dành cho da mụn, da dầu (200ml)",duoc-my-pham/eucerin-pro-acne-toner-200ml-88983-nuoc-can-bang-19240.html,389000.0,Chai,đ,https://cdn.nhathuoclongchau.com.vn/unsafe/https://cms-prod.s3-sgn09.fptcloud.com/00017887_eucerin_pro_acne_toner_200ml_88983_nuoc_can_bang_9391_5d52_large_7e9824a4df.png,"Aqua , Alcohol Denat , Butylene glycol , Lactic Acid , Peg-40 Hydrogenated Castor Oil , Sodium hydroxide , Glyceryl Caprylate , Phenoxyethanol , Parfum , Poloxamer 124 ",,Eucerin,Chai x 200ml,Dược mỹ phẩm | Chăm sóc da mặt | Toner (nước hoa hồng) / Lotion,duoc-my-pham | duoc-my-pham/cham-soc-da-mat | duoc-my-pham/toner-nuoc-hoa-hong-lotion,True,True,20,0,https://nhathuoclongchau.com.vn/duoc-my-pham/eucerin-pro-acne-toner-200ml-88983-nuoc-can-bang-19240.html,duoc-my-pham,500
544,00017893,EUCERIN PRO ACNE SOLUTION SRUB 100ML 88984 63636 - GEL TẨY TẾ BÀO CHẾT CÓ HẠT DÀNH CHO DA MỤN,Gel tẩy tế bào chết Eucerin Acne-Oil Control Pro Acne Solution Scrub dành cho da mụn (100ml),duoc-my-pham/eucerin-dermo-purifyer-100ml-88984-grm-co-hat-19249.html,279000.0,Tuýp,đ,https://cdn.nhathuoclongchau.com.vn/unsafe/https://cms-prod.s3-sgn09.fptcloud.com/00017893_eucerin_dermo_purifyer_100ml_88984_grm_co_hat_5838_62af_large_d8ff22d018.jpg,"Aqua , Cocamidopropyl betaine , Sodium myreth sulfate , Polyethylene , Lactic Acid , Glycerin , Sodium Chloride , Hydroxypropyl Starch Phosphate , acrylates/C10-30 alkyl acrylate crosspolymer , Polyquaternium-10 , Peg-40 Hydrogenated Castor Oil , Mannitol , Microcrystalline cellulose , Benzophenone-4 , Phenoxyethanol , Methylparaben , Propylparaben , Parfum (Fragrance) , PEG-90 Glyceryl Isostearate , Laureth-2 , CI 77289 ",,Eucerin,Tuýp,Dược mỹ phẩm | Chăm sóc da mặt | Tẩy tế bào chết,duoc-my-pham | duoc-my-pham/cham-soc-da-mat | duoc-my-pham/tay-te-bao-chet,True,True,20,0,https://nhathuoclongchau.com.vn/duoc-my-pham/eucerin-dermo-purifyer-100ml-88984-grm-co-hat-19249.html,duoc-my-pham,500
545,00017918,EUCERIN DERMATO CLEAN MICELLAR CLEANSING FLUID 3IN1 200ML 63997 - NƯỚC TẨY TRANG,Nước tẩy trang Eucerin DermatoClean Micellar 3 IN 1 dành cho mọi loại da (200ml),duoc-my-pham/eucerin-dermato-clean-micellar-cleansing-fluid-3in1-200ml-63997-nuoc-tay-trang-19257.html,339000.0,Chai,đ,https://cdn.nhathuoclongchau.com.vn/unsafe/https://cms-prod.s3-sgn09.fptcloud.com/00017918_eucerin_dermato_clean_micellar_cleansing_fluid_3in1_200ml_63997_nuoc_tay_trang_6144_6078_large_57644c07c2.jpg,"Aqua , Glyceryl Glucoside , Glycerin , Sodium hyaluronate , Decyl glucoside , Arginine HCL , Sodium cocoamphoacetate , Trisodium Edta , Sodium Chloride , 1,2-Hexanediol , Phenoxyethanol , Poloxamer 124 ",Dung dịch,Eucerin,Chai x 200ml,"Dược mỹ phẩm | Chăm sóc da mặt | Nước tẩy trang, dầu tẩy trang",duoc-my-pham | duoc-my-pham/cham-soc-da-mat | duoc-my-pham/nuoc-tay-trang,True,True,20,0,https://nhathuoclongchau.com.vn/duoc-my-pham/eucerin-dermato-clean-micellar-cleansing-fluid-3in1-200ml-63997-nuoc-tay-trang-19257.html,duoc-my-pham,500
546,00017988,VICHY CAPITAL IDEAL SOLEIL ANTI AGEING SPF50 50ML MB055000 - KCN NGĂN NGỪA LÃO HÓA GIÚP DA ĐÀN HỒI,Kem chống nắng Vichy Idéal Soleil Anti-Age SPF50 bảo vệ da khỏi tác động có hại của ánh nắng mặt trời (50ml),duoc-my-pham/vichy-capital-ideal-soleil-anti-ageing-spf50-50ml-mb055000-kcn-ngan-ngua-lao-hoa-giup-da-dan-hoi-19327.html,635000.0,Tuýp,đ,https://cdn.nhathuoclongchau.com.vn/unsafe/https://cms-prod.s3-sgn09.fptcloud.com/00017988_vichy_capital_ideal_soleil_anti_ageing_spf50_50ml_mb055000_kcn_ngan_ngua_lao_hoa_giup_da_dan_hoi_2830_5c91_large_f8234bf731.jpg,,,Vichy,Tuýp x 50ml,Dược mỹ phẩm | Chăm sóc da mặt | Kem chống nắng da mặt,duoc-my-pham | duoc-my-pham/cham-soc-da-mat | duoc-my-pham/chong-nang-da-mat,True,True,20,0,https://nhathuoclongchau.com.vn/duoc-my-pham/vichy-capital-ideal-soleil-anti-ageing-spf50-50ml-mb055000-kcn-ngan-ngua-lao-hoa-giup-da-dan-hoi-19327.html,duoc-my-pham,500
547,00018003,"GEL BÔI HIRUSCAR SILICONE PRO MỜ SẸO MỔ,TO LỒI PHÌ ĐẠI 10G","Gel bôi Hiruscar Silicone Pro mờ sẹo mổ, to lồi phì đại (10g)",duoc-my-pham/hiruscar-silicone-pro-medinova-10g-19353.html,265000.0,Tuýp,đ,https://cdn.nhathuoclongchau.com.vn/unsafe/https://cms-prod.s3-sgn09.fptcloud.com/00018003_gel_boi_mo_seo_mo_to_loi_phi_dai_hiruscar_silicone_pro_10g_4972_6303_large_b5566af946.jpg,"Glycosaminoglycans , Tocopheryl acetate , Ascorbyl Tetraisopalmitate , Nước cất , Dimethicone , Cetyl Peg/Ppg-10/1 Dimethicone , Cyclomethicone , Cyclopentasiloxane , Dimethicone/Vinyl Dimethicone Crosspolymer , Isononyl Isononanoate ",Nhũ tương (Gel),Medinova,Tuýp x 10g,"Dược mỹ phẩm | Giải pháp làn da | Hỗ trợ mờ sẹo, mờ vết thâm",duoc-my-pham | duoc-my-pham/giai-phap-lan-da | duoc-my-pham/tri-seo-mo-tham,True,True,20,0,https://nhathuoclongchau.com.vn/duoc-my-pham/hiruscar-silicone-pro-medinova-10g-19353.html,duoc-my-pham,500
548,00018044,KELO-COTE ALLIANCE 6G - KEM TRỊ SẸO,"Gel Kelo-Cote Alliance hỗ trợ làm mờ sẹo, giảm vết thâm (6g)",duoc-my-pham/kelo-cote-alliance-6g-19394.html,439000.0,Tuýp,đ,https://cdn.nhathuoclongchau.com.vn/unsafe/https://cms-prod.s3-sgn09.fptcloud.com/00018044_kelo_cote_alliance_6g_5940_5cd1_large_987590b3a9.jpg,"Silicon dioxide , Polysiloxane ",Nhũ tương (Gel),Nhãn khác,Tuýp x 6g,"Dược mỹ phẩm | Giải pháp làn da | Hỗ trợ mờ sẹo, mờ vết thâm",duoc-my-pham | duoc-my-pham/giai-phap-lan-da | duoc-my-pham/tri-seo-mo-tham,True,True,20,0,https://nhathuoclongchau.com.vn/duoc-my-pham/kelo-cote-alliance-6g-19394.html,duoc-my-pham,500
549,00018283,ELLGY PLUS CRACKED HEEL CREAM HOE 25G - KEM LÀM ẨM DA GÓT CHÂN,Kem Ellgy Plus Cracked Heel Cream HOE làm ẩm da gót chân (25g),duoc-my-pham/ellgy-plus-cracked-heel-cream-hoe-25g-kem-lam-am-da-got-chan-19610.html,85000.0,Tuýp,đ,https://cdn.nhathuoclongchau.com.vn/unsafe/https://cms-prod.s3-sgn09.fptcloud.com/00018283_ellgy_plus_cracked_heel_cream_hoe_25g_kem_lam_am_da_got_chan_5014_5c93_large_9ca4e30112.JPG,"Saccharide Isomerate , Dịch chiết Portulaca ",,Hoe Pharmaceuticals,Tuýp x 25g,"Dược mỹ phẩm | Chăm sóc cơ thể | Kem dưỡng da tay, chân",duoc-my-pham | duoc-my-pham/cham-soc-co-the | duoc-my-pham/duong-tay-chan,True,True,20,0,https://nhathuoclongchau.com.vn/duoc-my-pham/ellgy-plus-cracked-heel-cream-hoe-25g-kem-lam-am-da-got-chan-19610.html,duoc-my-pham,500
550,00022686,EUCERIN ULTRAWHITE+ SPOTLESS CLEANSING FOAM 150G 63470 - SỮA RỬA MẶT TẠO BỌT,Sữa rửa mặt dịu nhẹ Eucerin Ultra White+ Spotless Gentle Cleansing Foam dành cho mọi loại da (150g),duoc-my-pham/eucerin-ultrawhite-spotless-cleansing-foam-150g-63470-srm-tao-bot-23008.html,519000.0,Tuýp,đ,https://cdn.nhathuoclongchau.com.vn/unsafe/https://cms-prod.s3-sgn09.fptcloud.com/00022686_eucerin_ultrawhite_spotless_cleansing_foam_150g_63470_srm_tao_bot_2845_5f21_large_81fb8b029e.JPG,"Propylene glycol , Lauroyl Lysine , Peg-8 , Glyceryl stearate , Bisabolol , Cera alba , BHT , EDTA , Farnesol , Parfum , Axit Myristic , Axit Palmitic , Axit stearic , Kali Hydroxide , Glyxerin , Axit lauric , PEG-150 , Axit Octadecenedioic , Natri ascorbyl Phosphate , Natri Methyl Cocoyl Taurate , Axit Arachidic , Axit Etidronic , Axit oleic ",Dạng kem,Eucerin,Tuýp,"Dược mỹ phẩm | Chăm sóc da mặt | Sữa rửa mặt (Kem, gel, sữa)",duoc-my-pham | duoc-my-pham/cham-soc-da-mat | duoc-my-pham/sua-rua-mat-kem-gel-sua,True,True,20,0,https://nhathuoclongchau.com.vn/duoc-my-pham/eucerin-ultrawhite-spotless-cleansing-foam-150g-63470-srm-tao-bot-23008.html,duoc-my-pham,500
551,00028366,MẶT NẠ DERMAL TINH CHẤT COLLAGEN DƯA LEO 23G,Mặt nạ Dermal tinh chất Collagen dưa leo dưỡng ẩm da (23g),duoc-my-pham/mat-na-dermal-tinh-chat-collagen-dua-leo-23g-28671.html,15000.0,Gói,đ,https://cdn.nhathuoclongchau.com.vn/unsafe/https://cms-prod.s3-sgn09.fptcloud.com/00028366_mat_na_dermal_tinh_chat_collagen_dua_leo_23g_3695_62ad_large_c806fa3483.jpg,"Water , Glycerin , Butylene glycol , Cucumis Sativus Fruit Extract , Hydrolyzed Collagen , Aloe barbadensis leaf juice , Portulaca Oleracea Extract , Betaglucan , Panthenol , Tocopherol acetate , Polysorbate 80 , Disodium EDTA , Xanthan gum , Methylparaben , Fragrance ",,Dermal,Gói,Dược mỹ phẩm | Chăm sóc da mặt | Mặt nạ,duoc-my-pham | duoc-my-pham/cham-soc-da-mat | duoc-my-pham/mat-na,True,True,20,0,https://nhathuoclongchau.com.vn/duoc-my-pham/mat-na-dermal-tinh-chat-collagen-dua-leo-23g-28671.html,duoc-my-pham,500
552,00028367,MẶT NẠ DERMAL TINH CHẤT COLLAGEN TRÀ XANH 23G,Mặt nạ Dermal Green Tea Collagen Essence Mask dưỡng da dành cho mọi loại da (23g),duoc-my-pham/mat-na-dermal-tinh-chat-collagen-tra-xanh-23g-28672.html,15000.0,Gói,đ,https://cdn.nhathuoclongchau.com.vn/unsafe/https://cms-prod.s3-sgn09.fptcloud.com/00028367_mat_na_dermal_tinh_chat_collagen_tra_xanh_23g_1018_62b4_large_836857effa.jpg,"Water , Glycerin , Butylene glycol , Camellia Sinensis Leaf Extract , Hydrolyzed Collagen , Aloe barbadensis leaf juice , Portulaca Oleracea Extract , Betaglucan , Panthenol , Tocopherol acetate , Polysorbate 80 , Disodium EDTA , Xanthan gum , Methylparaben , Fragrance ",,Dermal,Gói,Dược mỹ phẩm | Chăm sóc da mặt | Mặt nạ,duoc-my-pham | duoc-my-pham/cham-soc-da-mat | duoc-my-pham/mat-na,True,True,20,0,https://nhathuoclongchau.com.vn/duoc-my-pham/mat-na-dermal-tinh-chat-collagen-tra-xanh-23g-28672.html,duoc-my-pham,500
553,00028395,DẦU GỘI SEBAMED ANTI-DANDRUFF SHAMPOO 200ML,"Dầu gội Sebamed Anti-Dandruff Shampoo sạch gàu, giảm rụng tóc, nấm da đầu (200ml)",duoc-my-pham/dau-goi-sebamed-anti-dandruff-shampoo-200ml-28700.html,333000.0,Chai,đ,https://cdn.nhathuoclongchau.com.vn/unsafe/https://cms-prod.s3-sgn09.fptcloud.com/00028395_dau_goi_sebamed_anti_dandruff_shampoo_200ml_9704_6126_large_49076dda17.jpg,Aqua ,,Sebamed,Chai,Dược mỹ phẩm | Chăm sóc tóc - da đầu | Dầu gội dầu xả,duoc-my-pham | duoc-my-pham/cham-soc-toc-da-dau | duoc-my-pham/dau-goi-dau-xa,True,True,20,0,https://nhathuoclongchau.com.vn/duoc-my-pham/dau-goi-sebamed-anti-dandruff-shampoo-200ml-28700.html,duoc-my-pham,500
554,00028657,"SEBAMED CLEAR FACE ANTIBACTERIAL CLEANSING FOAM 150ML - SRM TẠO BỌT KHÁNG KHUẨN, GIẢM MỤN","Sữa rửa mặt Clear Face Antibacterial Cleansing Foam Sebamed giúp làm sạch bụi bẩn, bã nhờn và tế bào da chết (150ml)",duoc-my-pham/sebamed-clear-face-antibacterial-cleansing-foam-150ml-srm-tao-bot-khang-khuan-giam-mun-28960.html,360000.0,Hộp,đ,https://cdn.nhathuoclongchau.com.vn/unsafe/https://cms-prod.s3-sgn09.fptcloud.com/DSC_04037_d44961fbee.jpg,"Aqua , Cocamidopropyl , Betainamide MEA Chloride , Cocotrimonium Methosulfate , Sodium lactate , Panthenol , Parfum , Phenoxyethanol ",,Sebamed,Hộp x 150ml,"Dược mỹ phẩm | Chăm sóc da mặt | Sữa rửa mặt (Kem, gel, sữa)",duoc-my-pham | duoc-my-pham/cham-soc-da-mat | duoc-my-pham/sua-rua-mat-kem-gel-sua,True,True,20,0,https://nhathuoclongchau.com.vn/duoc-my-pham/sebamed-clear-face-antibacterial-cleansing-foam-150ml-srm-tao-bot-khang-khuan-giam-mun-28960.html,duoc-my-pham,500
555,00028936,"STARBALM ĐỎ 10G - CAO LÀM NÓNG MẠNH, GIẢM CHẤN THƯƠNG","Cao đỏ Starbalm làm ấm cơ, giúp cơ thư giãn sau khi vận động (10g)",duoc-my-pham/cao-starbalm-do-10g-29230.html,45000.0,Hộp,đ,https://cdn.nhathuoclongchau.com.vn/unsafe/https://cms-prod.s3-sgn09.fptcloud.com/exxtra_669a42b037.jpg,"Menthol , Eucalyptus oil , Clove oil , Dementholised Mint Oil , Cassia Oil , Vaselin , Methyl nicotinate , Pine Tree Oil ",,Starbalm,Hộp,Dược mỹ phẩm | Chăm sóc cơ thể | Massage,duoc-my-pham | duoc-my-pham/cham-soc-co-the | duoc-my-pham/massage,True,True,20,6.4667962,https://nhathuoclongchau.com.vn/duoc-my-pham/cao-starbalm-do-10g-29230.html,duoc-my-pham,500
556,00029541,"CORINE DE FARME SHOWER GEL 2 IN 1 - SỮA TẮM LÀM SẠCH, MỀM MỊN DA TOÀN THÂN VÀ VÙNG SINH DỤC NGOÀI 250ML",Sữa tắm Corine De Farme Gel Douche Shower Gel dùng cho toàn thân và vùng sinh dục ngoài (250ml),duoc-my-pham/corine-de-farme-shower-gel-2-in-1-sua-tam-lam-sach-mem-min-da-toan-than-va-vung-sinh-duc-ngoai-25-29805.html,145000.0,Chai,đ,https://cdn.nhathuoclongchau.com.vn/unsafe/https://cms-prod.s3-sgn09.fptcloud.com/00029541_corine_de_farme_shower_gel_2_in_1_sua_tam_lam_sach_mem_min_da_toan_than_va_vung_sinh_duc_ngoai_25_4938_6007_large_a7807165d7.JPG,"Aqua , Cocamidopropyl betaine , Decyl glucoside , Glycerin , Coco-Glucoside , Sodium Chloride , Peg-200 Hydrogenated Glyceryl Palmate , Parfum , Lactic Acid , Styrene/Acrylates Copolymer , PEG , Sodium Lauroyl Sarcosinate , PEG-150 Pentaerythrityl Tetrastearate ",,Corine De Farme,Chai,"Dược mỹ phẩm | Chăm sóc cơ thể | Sữa tắm, xà bông",duoc-my-pham | duoc-my-pham/cham-soc-co-the | duoc-my-pham/sua-tam-xa-bong,True,True,20,0,https://nhathuoclongchau.com.vn/duoc-my-pham/corine-de-farme-shower-gel-2-in-1-sua-tam-lam-sach-mem-min-da-toan-than-va-vung-sinh-duc-ngoai-25-29805.html,duoc-my-pham,500
557,00029922,"FIXDERMA MOISTURIZING BAR 100G - BÁNH XÀ PHÒNG DƯỠNG DA, DÀNH CHO DA KHÔ, DA NHẠY CẢM","Xà phòng Fixderma Moisturizing Bar làm sạch da, dưỡng da và giữ ẩm làm da mềm mịn (100g)",duoc-my-pham/fixderma-moisturizing-bar-100g-banh-xa-phong-duong-da-danh-cho-da-kho-da-nhay-cam-30189.html,140000.0,Hộp,đ,https://cdn.nhathuoclongchau.com.vn/unsafe/https://cms-prod.s3-sgn09.fptcloud.com/00029922_fixderma_moisturizing_bar_100g_banh_xa_phong_duong_da_danh_cho_da_kho_da_nhay_cam_4603_6049_large_130ee32509.JPG,"Maltodextrin , Milk protein , Shea butter , Prunus Amygdalus Dulcis Oil , Coconut , Vitamin E , Sodium lauroyl glycinate , Cetostearyl alcohol , Sodium Coco Sulphate ",,Fixderma,Hộp,"Dược mỹ phẩm | Chăm sóc cơ thể | Sữa tắm, xà bông",duoc-my-pham | duoc-my-pham/cham-soc-co-the | duoc-my-pham/sua-tam-xa-bong,True,True,20,0,https://nhathuoclongchau.com.vn/duoc-my-pham/fixderma-moisturizing-bar-100g-banh-xa-phong-duong-da-danh-cho-da-kho-da-nhay-cam-30189.html,duoc-my-pham,500
558,00029928,FIXDERMA FCL ALPHA-BETA ACNE GEL 30ML - GEL CHĂM SÓC DA MẶT DÀNH CHO DA MỤN TRỨNG CÁ VÀ MỤN ĐẦU ĐEN,"Gel Fixderma FCL Alpha-Beta Acne dành chăm sóc da mụn, hạn chế mụn trứng cá, mụn đầu đen (30ml)",duoc-my-pham/fixderma-fcl-alpha-beta-acne-gel-30ml-gel-cham-soc-da-mat-danh-cho-da-mun-trung-ca-va-mun-dau-den-30195.html,589000.0,Chai,đ,https://cdn.nhathuoclongchau.com.vn/unsafe/https://cms-prod.s3-sgn09.fptcloud.com/00029928_fixderma_fcl_alpha_beta_acne_gel_30ml_gel_rua_mat_duong_da_dac_tri_ngan_ngua_mun_trung_ca_va_mun_4639_6111_large_48681577cd.jpg,"Aqua , Ethoxydiglycol , Glycolic acid , Cyclodextrin , Tea Tree , Orange , Lemon , Propanediol , Capryloyl Glycine , Butylene glycol , SEBACIC ACID , Salicylic acid , Capric Triglyceride , Sodium ascorbate , Retinol , Vaccinium Myrtillus Fruit Extract , Saccharum Officinarum (Sugar Cane) Extract , Acer Saccharum (Sugar Maple) Extract , Taraktogenos Kurzil Seed Oil , Nigella Sativa Seed Oil , Leptospermum Scoparium Branch , Potassium Lauroyl Wheat Amino Acids , Palm Glycerides , Magnolia Grandiflora Bark , 10-Hydroxydecanoic Acid , 1,10-Decanediol , Tocophenyl Acetate , Tocophenyl , Polyquartenium-10 ",,Fixderma,Chai,"Dược mỹ phẩm | Giải pháp làn da | Kem hỗ trợ giảm mụn, gel hỗ trợ giảm mụn",duoc-my-pham | duoc-my-pham/giai-phap-lan-da | duoc-my-pham/da-mun,True,True,20,0,https://nhathuoclongchau.com.vn/duoc-my-pham/fixderma-fcl-alpha-beta-acne-gel-30ml-gel-cham-soc-da-mat-danh-cho-da-mun-trung-ca-va-mun-dau-den-30195.html,duoc-my-pham,500
559,00029971,"FIXDERMA - SHADOW SPF 30+, 75G - KEM CHỐNG NẮNG, DÙNG ĐƯỢC CHO TRẺ DƯỚI 6 TUỔI","Gel chống nắng Fixderma Shadow SPF30+ PA+++ dành cho da nhờn, hỗn hợp, da ra nhiều mồ hôi (75g)",duoc-my-pham/fixderma-shadow-spf-30-75g-kem-chong-nang-dung-duoc-cho-tre-duoi-6-tuoi-30238.html,273000.0,Hộp,đ,https://cdn.nhathuoclongchau.com.vn/unsafe/https://cms-prod.s3-sgn09.fptcloud.com/00029971_fixderma_shadow_spf_30_75g_kem_chong_nang_dung_duoc_cho_tre_duoi_6_tuoi_8067_6081_large_725492461b.JPG,"Octinoxate , Avobenzone , Benzophenone-4 , Zinc oxide , Tocopheryl acetate , Vitamin E , Capric Triglyceride , Propylene glycol ",,Fixderma,Hộp,Dược mỹ phẩm | Chăm sóc da mặt | Kem chống nắng da mặt,duoc-my-pham | duoc-my-pham/cham-soc-da-mat | duoc-my-pham/chong-nang-da-mat,True,True,20,0,https://nhathuoclongchau.com.vn/duoc-my-pham/fixderma-shadow-spf-30-75g-kem-chong-nang-dung-duoc-cho-tre-duoi-6-tuoi-30238.html,duoc-my-pham,500
560,00030330,REBIRTH LIFE PLATINUM TEA TREE OIL - TINH DẦU TRÀM TRÀ TRỊ MỤN 10ML,"Tinh dầu tràm trà Rebirth Life Platinum Tea Tree Oil dưỡng da, giảm mụn (10ml)",duoc-my-pham/rebirth-life-platinum-tea-tree-oil-tinh-dau-tram-tra-tri-mun-10ml-30481.html,215000.0,Chai,đ,https://cdn.nhathuoclongchau.com.vn/unsafe/https://cms-prod.s3-sgn09.fptcloud.com/00030330_rebirth_life_platinum_tea_tree_oil_tinh_dau_tram_tra_tri_mun_10ml_5004_6065_large_d186af9646.jpg,Tinh dầu tràm trà ,,Rebirth,Chai,"Dược mỹ phẩm | Giải pháp làn da | Kem hỗ trợ giảm mụn, gel hỗ trợ giảm mụn",duoc-my-pham | duoc-my-pham/giai-phap-lan-da | duoc-my-pham/da-mun,True,True,20,0,https://nhathuoclongchau.com.vn/duoc-my-pham/rebirth-life-platinum-tea-tree-oil-tinh-dau-tram-tra-tri-mun-10ml-30481.html,duoc-my-pham,500
561,00032666,EUCERIN EVEN SKIN SPOTLESS BRIGHTENING GENTLE CLEANSING FOAM 150G 63470 - SỮA RỬA MẶT TẠO BỌT,Sữa rửa mặt dịu nhẹ sáng da Eucerin Spotless Brightening Gentle Cleansing Foam dành cho mọi loại da (150ml),duoc-my-pham/eucerin-even-skin-spotless-brightening-gentle-cleansing-foam-150ml-63470-sua-rua-mat-tao-bot-32788.html,519000.0,Tuýp,đ,https://cdn.nhathuoclongchau.com.vn/unsafe/https://cms-prod.s3-sgn09.fptcloud.com/00032666_eucerin_even_skin_spotless_brightening_gentle_cleansing_foam_150ml_63470_sua_rua_mat_tao_bot_5412_62af_large_8d3258747a.jpg,"Aqua , Myristic acid , Propylene glycol , Palmitic Acid , Stearic acid , Potassium hydroxide , Glycerin , Lauric Acid , PEG-150 , Peg-8 , Glyceryl stearate , Cera alba , Parfum , Sodium methyl cocoyl taurate , Arachidic acid , BHT , Etidronic acid , Disodium EDTA , Oleic Acid , Bisabolol , Farnesol , Sodium Ascorbyl Phosphate , Omega Oil , Octadecenedioic Acid ",,Eucerin,Tuýp,"Dược mỹ phẩm | Chăm sóc da mặt | Sữa rửa mặt (Kem, gel, sữa)",duoc-my-pham | duoc-my-pham/cham-soc-da-mat | duoc-my-pham/sua-rua-mat-kem-gel-sua,True,True,20,0,https://nhathuoclongchau.com.vn/duoc-my-pham/eucerin-even-skin-spotless-brightening-gentle-cleansing-foam-150ml-63470-sua-rua-mat-tao-bot-32788.html,duoc-my-pham,500
562,00032669,EUCERIN EVEN SKIN SPOTLESS BRIGHTENING NIGHT 50ML 83506 - KEM DƯỠNG SÁNG DA BAN ĐÊM,"Kem dưỡng sáng da ban đêm Eucerin Even Skin Spotless Brightening Night giảm vết thâm nám, đốm nâu (50ml)",duoc-my-pham/eucerin-even-skin-spotless-brightening-night-50ml-83506-kem-duong-sang-da-ban-dem-32799.html,929000.0,Chai,đ,https://cdn.nhathuoclongchau.com.vn/unsafe/https://cms-prod.s3-sgn09.fptcloud.com/00032669_eucerin_even_skin_spotless_brightening_night_50ml_83506_kem_duong_sang_da_ban_dem_6833_6181_large_18338bca61.jpg,"Hyaluronic acid , Thiamidol , Pro -Brightening system ",Dạng kem,Eucerin,Chai,"Dược mỹ phẩm | Giải pháp làn da | Kem hỗ trợ mờ nám, tàn nhang, đốm nâu",duoc-my-pham | duoc-my-pham/giai-phap-lan-da | duoc-my-pham/nam-tan-nhang-dom-nau,True,True,20,0,https://nhathuoclongchau.com.vn/duoc-my-pham/eucerin-even-skin-spotless-brightening-night-50ml-83506-kem-duong-sang-da-ban-dem-32799.html,duoc-my-pham,500
563,00030329,"REBIRTH CELLULAR B PLAVENOM PLACENTA  BEE VENOM - SERUM TẾ BÀO GỐC NHAU THAI CỪU VÀ NỌC ONG 10ML : SE KHÍT LỖ CHÂN LÔNG, NGĂN NGỪA NẾP NHĂN, CHỐNG LÃO HÓA DA","Serum tế bào gốc Rebirth Cellular B Plavenom Nhau thai cừu và Nọc Ong dưỡng ẩm da, se khít lỗ chân lông (10ml)",duoc-my-pham/rebirth-cellular-b-plavenom-placenta-bee-venom-serum-te-bao-goc-nhau-thai-cuu-va-noc-ong-10ml-s-30480.html,,Chai,đ,https://cdn.nhathuoclongchau.com.vn/unsafe/https://cms-prod.s3-sgn09.fptcloud.com/00030329_rebirth_cellular_b_plavenom_placenta_bee_venom_serum_te_bao_goc_nhau_thai_cuu_va_noc_ong_10ml_s_3427_6065_large_41caed1a78.jpg,"Water , Methyl Gluceth-20 , Propylene glycol , Peg-40 Hydrogenated Castor Oil , Cellulose gum , Phenoxyethanol , Sodium PCA 2-Phenoxyethanol , Methylparaben , Chlorphenesin , Fragrance , Aloe barbadensis leaf juice powder , Lavandula angustifolia (lavender) oil , Caprylyl glycol , Bee Venom , Hexapeptide-10 , Placental Protein , Sodium hyaluronate , Pogostemon Cablin  (Patchouli) Oil , Pelargonium Graveolens (Geranium) Flower Oil , Malus Domestica Fruit Cell Culture Extract , Lecithin ",,Rebirth,Chai,Dược mỹ phẩm | Giải pháp làn da,duoc-my-pham | duoc-my-pham/giai-phap-lan-da,True,True,40,0,https://nhathuoclongchau.com.vn/duoc-my-pham/rebirth-cellular-b-plavenom-placenta-bee-venom-serum-te-bao-goc-nhau-thai-cuu-va-noc-ong-10ml-s-30480.html,duoc-my-pham,500
564,00038973,AUWHITE SERUM AUVI NATURE 30ML,"Serum Auwhite Auvi Nature giúp làm mờ đốm nâu, dưỡng ẩm và làm sáng da (30ml)",duoc-my-pham/auwhite-serum-auvi-nature-30-ml.html,,Hộp,đ,https://cdn.nhathuoclongchau.com.vn/unsafe/https://cms-prod.s3-sgn09.fptcloud.com/auviwhite_42946dfeb9.jpg,"Water , Glycerin , Butylene glycol , 1,2-Hexanediol , alpha-Arbutin , 3-O-ETHYL ASCORBIC ACID , Dimethicone , Glycereth-26 , Ammonium Acryloyldimethyltaurate/VP Copolymer , Phenoxyethanol , Allantoin , Sodium hyaluronate , Hydrogenated Lecithin , Carnosine , Hydroxyacetophenone , Disodium EDTA , Xanthan gum , Fragrance ",,Auvi Nature,Hộp x 30ml,"Dược mỹ phẩm | Chăm sóc da mặt | Serum, Essence hoặc Ampoule",duoc-my-pham | duoc-my-pham/cham-soc-da-mat | duoc-my-pham/serum-essence-hoac-ampoule,True,True,1,0,https://nhathuoclongchau.com.vn/duoc-my-pham/auwhite-serum-auvi-nature-30-ml.html,duoc-my-pham,500
565,00038593,BIODERMA SEBIUM GEL MOUSSANT 200ML,Sữa rửa mặt Bioderma Sebium Gel Moussant giúp làm sạch nhẹ nhàng kháng khuẩn ngăn ngừa mụn (200ml),duoc-my-pham/bioderma-sebium-gel-moussant-200-ml.html,,Tuýp,đ,https://cdn.nhathuoclongchau.com.vn/unsafe/https://cms-prod.s3-sgn09.fptcloud.com/00038593_7374b0662e.jpg,Water ,Nhũ tương (Gel),Bioderma,Tuýp x 200ml,"Dược mỹ phẩm | Chăm sóc da mặt | Sữa rửa mặt (Kem, gel, sữa)",duoc-my-pham | duoc-my-pham/cham-soc-da-mat | duoc-my-pham/sua-rua-mat-kem-gel-sua,True,True,1,0,https://nhathuoclongchau.com.vn/duoc-my-pham/bioderma-sebium-gel-moussant-200-ml.html,duoc-my-pham,500
566,00503146,DUNG DỊCH TẮM GỘI KHÔ CLEANSING FOAM ALFASEPT 150ML,Dung dịch tắm gội khô Alfasept Cleansing Foam phù hợp với da nhạy cảm (150ml),duoc-my-pham/dung-dich-tam-goi-kho-alfasept-150ml-37448.html,,Hộp,đ,https://cdn.nhathuoclongchau.com.vn/unsafe/https://cms-prod.s3-sgn09.fptcloud.com/00503146_dung_dich_tam_goi_kho_150ml_alfasept_1_hop_x_1_chai_8711_63e4_large_8cccb2595f.jpg,"Hương liệu , Citric Acid , Sodium benzoate , (+)-menthol , Caprylic/capric triglycerides , Dipropyleneglycol , Glycereth-26 , Decyl glucoside , Vinyl Dimethicone/Lauryl Dimethicone Crosspolymer , Peg-40 Hydrogenated Castor Oil , Ethanol , Nước ",Dung dịch,Alfasept,Hộp 1 Chai x 150ml,Dược mỹ phẩm | Chăm sóc tóc - da đầu | Dầu gội dầu xả,duoc-my-pham | duoc-my-pham/cham-soc-toc-da-dau | duoc-my-pham/dau-goi-dau-xa,True,True,1,0,https://nhathuoclongchau.com.vn/duoc-my-pham/dung-dich-tam-goi-kho-alfasept-150ml-37448.html,duoc-my-pham,500
567,00501923,BIORGA CYSTIPHANE REDUCING HAIR LOSS SHAMPOO 200ML,Dầu gội Biorga Cystiphane Reducing Hair Loss Shampoo ngăn ngừa rụng tóc (200ml),duoc-my-pham/biorga-cystiphane-reducing-hair-loss-shampoo-200ml-36085.html,,Hộp,đ,https://cdn.nhathuoclongchau.com.vn/unsafe/https://cms-prod.s3-sgn09.fptcloud.com/1_198f13f791.png,"Methyl glyoxal , Cellulose gum , Sodium hyaluronate , N-acetyl Cysteine , Sodium polystyrene sulfonate , Zinc PCA , Tetrasodium EDTA , Pyridoxin hydroclorid , Peg-80 Glyceryl Cocoate , Sodium benzoate , Citric Acid , Sodium Chloride , Polyquartenium-10 , Zinc Pyrithione , cocamide MEA , Disodium Cocoamphodiacetate , Glycerin , Aqua/ Water , Sodium Lauryl Ether Sulfate ",,Biorga,Hộp x 200ml,Dược mỹ phẩm | Chăm sóc tóc - da đầu,duoc-my-pham | duoc-my-pham/cham-soc-toc-da-dau,True,True,1,0,https://nhathuoclongchau.com.vn/duoc-my-pham/biorga-cystiphane-reducing-hair-loss-shampoo-200ml-36085.html,duoc-my-pham,500
568,00011252,LA ROCHE-POSAY EFFACLAR K OILY SKIN RENOVATING CARE ANTI OXIDANT ANTI SEBUM 8HR 40ML M9043700 MB123501 - KEM DƯỠNG GIÚP CẢI THIỆN BỀ MẶT DA GIẢM MỤN ĐẦU ĐEN VÀ GIẢM BÓNG NHỜN,"Kem dưỡng La Roche-Posay Effaclar K(+) hỗ trợ làm giảm bóng nhờn, hạn chế mụn đầu đen (30ml)",duoc-my-pham/kem-giam-mun-dau-den-la-roche-posay-effaclar-k-548.html,,Hộp,đ,https://cdn.nhathuoclongchau.com.vn/unsafe/https://cms-prod.s3-sgn09.fptcloud.com/11252_kem_giam_mun_dau_den_la_roche_posay_effaclar_k_3842_599f_large_e09cd64027.jpg,Aqua ,,Laroche posay,Hộp,Dược mỹ phẩm | Chăm sóc da mặt,duoc-my-pham | duoc-my-pham/cham-soc-da-mat,True,True,1,0,https://nhathuoclongchau.com.vn/duoc-my-pham/kem-giam-mun-dau-den-la-roche-posay-effaclar-k-548.html,duoc-my-pham,500
569,00014831,LA ROCHE-POSAY SEROZINC ZINC SULFATE SOLUTION CLEANSING SOOTHING 150ML M9119300 M9119301 - NƯỚC KHOÁNG GIÚP LÀM SẠCH VÀ LÀM DỊU DA,"Nước xịt khoáng La Roche-Posay Serozinc hỗ trợ chống oxy hóa, giảm sưng viêm (150ml)",duoc-my-pham/nuoc-xit-khoang-la-roche-posay-150ml-553.html,,Chai,đ,https://cdn.nhathuoclongchau.com.vn/unsafe/https://cms-prod.s3-sgn09.fptcloud.com/00014831_nuoc_xit_khoang_la_roche_posay_150ml_1396_5c94_large_fdd32f2299.jpg,,,Laroche posay,Chai x 150ml,Dược mỹ phẩm | Chăm sóc da mặt | Xịt khoáng,duoc-my-pham | duoc-my-pham/cham-soc-da-mat | duoc-my-pham/xit-khoang,True,True,1,0,https://nhathuoclongchau.com.vn/duoc-my-pham/nuoc-xit-khoang-la-roche-posay-150ml-553.html,duoc-my-pham,500
570,00011251,LA ROCHE-POSAY TOLERIANE PURIFYING FOAMING CREAM 125ML M9057100 - SRM TẠO BỌT DÀNH CHO DA HỖN HỢP VÀ DA DẦU QUÁ NHẠY CẢM,Sữa rửa mặt La Roche-Posay Toleriane Foaming Cream hỗ trợ làm sạch da nhẹ nhàng và dưỡng ẩm (125ml),duoc-my-pham/sua-rua-mat-la-roche-posay-toleriane-purifying-125ml-560.html,,Tuýp,đ,https://cdn.nhathuoclongchau.com.vn/unsafe/https://cms-prod.s3-sgn09.fptcloud.com/11251_sua_rua_mat_la_roche_posay_toleriane_purifying_125ml_7863_599f_large_74207643e6.jpg,,,Laroche posay,Tuýp x 125ml,"Dược mỹ phẩm | Chăm sóc da mặt | Sữa rửa mặt (Kem, gel, sữa)",duoc-my-pham | duoc-my-pham/cham-soc-da-mat | duoc-my-pham/sua-rua-mat-kem-gel-sua,True,True,1,0,https://nhathuoclongchau.com.vn/duoc-my-pham/sua-rua-mat-la-roche-posay-toleriane-purifying-125ml-560.html,duoc-my-pham,500
571,00013492,LA ROCHE-POSAY EFFACLAR DEEP CLEANSING FOAMING CREAM 125ML M9052800 M9052820 - SRM TẠO BỌT LÀM SẠCH DÀNH CHO DA DẦU NHẠY CẢM,Sữa rửa mặt La Roche-Posay Effaclar Foaming Cream hỗ trợ làm sạch sâu và nhẹ nhàng thanh tẩy làn da (125ml),duoc-my-pham/sua-rua-mat-la-roche-posay-se-khit-lo-chan-long-587.html,,Hộp,đ,https://cdn.nhathuoclongchau.com.vn/unsafe/https://cms-prod.s3-sgn09.fptcloud.com/13492_sua_rua_mat_la_roche_posay_se_khit_lo_chan_long_4071_599f_large_8aa5eef3d3.jpg,,,Laroche posay,Hộp,Dược mỹ phẩm | Chăm sóc da mặt,duoc-my-pham | duoc-my-pham/cham-soc-da-mat,True,True,1,0,https://nhathuoclongchau.com.vn/duoc-my-pham/sua-rua-mat-la-roche-posay-se-khit-lo-chan-long-587.html,duoc-my-pham,500
572,00005362,NORINSE SHAMPOO 473.1ML - DẦU GỘI KHÔNG DÙNG NƯỚC,Dầu gội không dùng nước NoRinse Shampoo làm sạch tóc nhẹ nhàng (473.1ml),duoc-my-pham/dau-goi-khong-dung-nuoc-no-rinse-4731ml-598.html,,Chai,đ,https://cdn.nhathuoclongchau.com.vn/unsafe/https://cms-prod.s3-sgn09.fptcloud.com/00005362_dau_goi_khong_dung_nuoc_no_rinse_4731ml_8749_6425_large_a6e987e3b0.jpg,"Triethanolamine Lauryl Sulfate , Propylene glycol , Cocamidopropyl betaine , Diazolidinyl urea , Methylparaben , Propylparaben , Citric Acid , Fragrance , Deionized Water ",,Norinse,Chai,Dược mỹ phẩm | Chăm sóc tóc - da đầu | Dầu gội dầu xả,duoc-my-pham | duoc-my-pham/cham-soc-toc-da-dau | duoc-my-pham/dau-goi-dau-xa,True,True,1,0,https://nhathuoclongchau.com.vn/duoc-my-pham/dau-goi-khong-dung-nuoc-no-rinse-4731ml-598.html,duoc-my-pham,500
573,00005363,NORINSE SHAMPOO 59.1ML - DẦU GỘI KHÔNG DÙNG NƯỚC,"Dầu gội không dùng nước NoRinse Shampoo làm sạch tóc nhẹ nhàng (59,1ml)",duoc-my-pham/dau-goi-khong-dung-nuoc-no-rinse-591ml-622.html,,Chai,đ,https://cdn.nhathuoclongchau.com.vn/unsafe/https://cms-prod.s3-sgn09.fptcloud.com/00005363_dau_goi_khong_dung_nuoc_no_rinse_591ml_4276_5b48_large_089b74f23a.JPG,"Triethanolamine Lauryl Sulfate , Propylene glycol , Cocamidopropyl betaine , Diazolidinyl urea , Methylparaben , Propylparaben , Citric Acid , Fragrance , Deionized Water ",Dung dịch,Norinse,Chai x 59.1ml,Dược mỹ phẩm | Chăm sóc tóc - da đầu | Dầu gội dầu xả,duoc-my-pham | duoc-my-pham/cham-soc-toc-da-dau | duoc-my-pham/dau-goi-dau-xa,True,True,1,0,https://nhathuoclongchau.com.vn/duoc-my-pham/dau-goi-khong-dung-nuoc-no-rinse-591ml-622.html,duoc-my-pham,500
574,00001036,AZACNE SPAPHAR 25G - KEM THẢO DƯỢC NGỪA MỤN,"Kem thảo dược ngừa mụn Azacné Spaphar dưỡng ẩm, giảm thâm, nám (25g)",duoc-my-pham/kem-thao-duoc-ngua-mun-azacne-701.html,,Tuýp,đ,https://cdn.nhathuoclongchau.com.vn/unsafe/https://cms-prod.s3-sgn09.fptcloud.com/00001036_kem_thao_duoc_ngua_mun_azacne_7295_5c8f_large_d0914d820f.jpg,"Tinh chất lô hội , Sài đất , Dịch chiết Neem , Hoàng liên , Tá dược vừa đủ ",Dạng kem,Âu cơ,Tuýp,"Dược mỹ phẩm | Giải pháp làn da | Dưỡng da bị khô, thiếu ẩm",duoc-my-pham | duoc-my-pham/giai-phap-lan-da | duoc-my-pham/da-bi-kho-thieu-am,True,True,1,0,https://nhathuoclongchau.com.vn/duoc-my-pham/kem-thao-duoc-ngua-mun-azacne-701.html,duoc-my-pham,500
575,00002958,EXPLAQ SPAPHAR 35G - KEM DƯỢC LIỆU NGỪA VẢY DA,"Kem dược liệu Explaq Spaphar tẩy sạch vảy, làm thơm, dưỡng da và duy trì độ ẩm cho da (35g)",duoc-my-pham/explaq-702.html,,Tuýp,đ,https://cdn.nhathuoclongchau.com.vn/unsafe/https://cms-prod.s3-sgn09.fptcloud.com/00002958_explaq_3450_5c87_large_f7d1951b78.jpg,"Chitosan , Phá cổ chỉ , MSM , Dịch chiết ba chạc , Dịch chiết lá sòi , Tá dược vừa đủ ",Dạng kem,Âu cơ,Tuýp,"Dược mỹ phẩm | Giải pháp làn da | Da mẫn cảm, dễ kích ứng",duoc-my-pham | duoc-my-pham/giai-phap-lan-da | duoc-my-pham/viem-da-co-dia,True,True,1,0,https://nhathuoclongchau.com.vn/duoc-my-pham/explaq-702.html,duoc-my-pham,500
576,00007022,SỮA RỬA MẶT NGHỆ THÁI DƯƠNG CHO DA MỤN THÂM 90G,"Sữa rửa mặt nghệ Thái Dương loại bỏ lớp trang điểm, chất nhờn, bụi bẩn trên da (90g)",duoc-my-pham/sua-rua-mat-nghe-thai-duong-90g-742.html,,Tuýp,đ,https://cdn.nhathuoclongchau.com.vn/unsafe/https://cms-prod.s3-sgn09.fptcloud.com/00007022_sua_rua_mat_nghe_thai_duong_90g_8625_5c8f_large_898a502a32.png,"Nghệ , Paraffin Oil , Aqua , Ceteareth 20 , Propylene glycol , Glyceryl monostearate , Isopropyl myristate , Glycerin , Cocoamidopropyl betaine , Stearyl alcohol , Sodium Chloride , Fragrance , PEG-75 Lanolin , Tocopheryl acetate , Riboflavin , Methylchloroisothiazolinone , Methylisothiazolinone , Magnesium chloride , Magnesium nitrate , Sodium lauryl ehter sulfate , Ceteareth 25 , Ethylene glycol distearate , Cocodiethanolamid , Ceareth-5 ",,Sao Thái Dương,Tuýp x 90g,"Dược mỹ phẩm | Chăm sóc da mặt | Sữa rửa mặt (Kem, gel, sữa)",duoc-my-pham | duoc-my-pham/cham-soc-da-mat | duoc-my-pham/sua-rua-mat-kem-gel-sua,True,True,1,0,https://nhathuoclongchau.com.vn/duoc-my-pham/sua-rua-mat-nghe-thai-duong-90g-742.html,duoc-my-pham,500
577,00010108,A-DERMA PRIMALBA 200ML - GEL TẮM,Gel tắm A-Derma Primalba Gentle Cleansing Gel sạch tóc và toàn thân dành cho bé (200ml),duoc-my-pham/gel-lam-sach-toc-toan-than-cho-em-be-a-derma-936.html,,Tuýp,đ,https://cdn.nhathuoclongchau.com.vn/unsafe/https://cms-prod.s3-sgn09.fptcloud.com/00010108_gel_lam_sach_toc_toan_than_cho_em_be_a_derma_1645_5c87_large_715b6dd2a2.jpg,Aqua/ Water ,,A-DERMA,Tuýp x 200ml,"Dược mỹ phẩm | Chăm sóc cơ thể | Sữa tắm, xà bông",duoc-my-pham | duoc-my-pham/cham-soc-co-the | duoc-my-pham/sua-tam-xa-bong,True,True,1,0,https://nhathuoclongchau.com.vn/duoc-my-pham/gel-lam-sach-toc-toan-than-cho-em-be-a-derma-936.html,duoc-my-pham,500
578,00001008,AVENE THERMAL SPRING WATER 150ML - NƯỚC KHOÁNG DƯỠNG DA,"Nước xịt khoáng Avène Thermal Spring Water làm dịu, giảm kích ứng da (150ml)",duoc-my-pham/xit-khoang-avene-thermal-spring-water-150ml-940.html,,Chai,đ,https://cdn.nhathuoclongchau.com.vn/unsafe/https://cms-prod.s3-sgn09.fptcloud.com/00001008_xit_khoang_avene_thermal_spring_water_150ml_2352_5d51_large_8e15df2a67.png,,,Avène,Chai x 150ml,Dược mỹ phẩm | Chăm sóc da mặt,duoc-my-pham | duoc-my-pham/cham-soc-da-mat,True,True,1,0,https://nhathuoclongchau.com.vn/duoc-my-pham/xit-khoang-avene-thermal-spring-water-150ml-940.html,duoc-my-pham,500
579,00000537,A-DERMA SKINCARE CREAM 50ML - KEM DƯỠNG ẨM,"Kem A-Derma Skin Care Cream dưỡng ẩm và làm dịu da, giảm kích ứng da (50ml)",duoc-my-pham/kem-duong-am-danh-cho-da-de-kich-ung-a-derma-945.html,,Hộp,đ,https://cdn.nhathuoclongchau.com.vn/unsafe/https://cms-prod.s3-sgn09.fptcloud.com/537_kem_duong_am_danh_cho_da_de_kich_ung_a_derma_2612_59a9_large_8a5b636305.jpg,Aqua/ Water ,,A-DERMA,Hộp x 50ml,"Dược mỹ phẩm | Chăm sóc cơ thể | Sữa dưỡng thể, kem dưỡng thể",duoc-my-pham | duoc-my-pham/cham-soc-co-the | duoc-my-pham/duong-the,True,True,1,0,https://nhathuoclongchau.com.vn/duoc-my-pham/kem-duong-am-danh-cho-da-de-kich-ung-a-derma-945.html,duoc-my-pham,500
580,00002619,DUCRAY MELASCREEN ECLAT LIGHT CREAM SKIN LIGHTENING SPF15 40ML - KEM DƯỠNG,Kem dưỡng da Ducray Melascreen Eclat Light Cream SPF15 giảm tăng sắc tố da và đốm nâu trên da (40ml),duoc-my-pham/kem-duong-sang-da-ducray-melascreen-eclat-light-949.html,,Chai,đ,https://cdn.nhathuoclongchau.com.vn/unsafe/https://cms-prod.s3-sgn09.fptcloud.com/2619_kem_duong_sang_da_ducray_melascreen_eclat_light_4523_59a9_large_ae53676654.jpg,,,Ducray,Chai x 40ml,Dược mỹ phẩm | Chăm sóc da mặt | Kem chống nắng da mặt,duoc-my-pham | duoc-my-pham/cham-soc-da-mat | duoc-my-pham/chong-nang-da-mat,True,True,1,0,https://nhathuoclongchau.com.vn/duoc-my-pham/kem-duong-sang-da-ducray-melascreen-eclat-light-949.html,duoc-my-pham,500
581,00002620,DUCRAY MELASCREEN UV LIGHT CREAM 40ML - KCN,Kem chống nắng Ducray Melascreen UV Light Cream SPF50+ giảm đốm nâu và lão hóa da (40ml),duoc-my-pham/kem-chong-nang-ducray-melascreen-spf50-950.html,,Tuýp,đ,https://cdn.nhathuoclongchau.com.vn/unsafe/https://cms-prod.s3-sgn09.fptcloud.com/00002620_kem_chong_nang_ducray_melascreen_spf50_2909_5caf_large_706c0e9d5f.jpg,,,Ducray,Tuýp x 40ml,Dược mỹ phẩm | Chăm sóc cơ thể | Chống nắng toàn thân,duoc-my-pham | duoc-my-pham/cham-soc-co-the | duoc-my-pham/chong-nang-toan-than,True,True,1,0,https://nhathuoclongchau.com.vn/duoc-my-pham/kem-chong-nang-ducray-melascreen-spf50-950.html,duoc-my-pham,500
582,00010581,DUCRAY ARGEAL SHAMPOO 200ML - DẦU GỘI DẠNG KEM CHO DA ĐẦU NHỜN,"Dầu gội Ducray Argeal Shampoo dạng kem giúp tóc hết nhờn, hết bết dính và xẹp tóc (200ml)",duoc-my-pham/ducray-argeal-shampoo-200ml-dau-goi-dang-kem-cho-da-dau-nhon-953.html,,Chai,đ,https://cdn.nhathuoclongchau.com.vn/unsafe/https://cms-prod.s3-sgn09.fptcloud.com/00010581_ducray_argeal_shampoo_200ml_dau_goi_dang_kem_cho_da_dau_nhon_2777_6365_large_fcc08c04c3.jpg,Aqua ,,Ducray,Chai x 200ml,Dược mỹ phẩm | Chăm sóc tóc - da đầu | Dầu gội dầu xả,duoc-my-pham | duoc-my-pham/cham-soc-toc-da-dau | duoc-my-pham/dau-goi-dau-xa,True,True,1,0,https://nhathuoclongchau.com.vn/duoc-my-pham/ducray-argeal-shampoo-200ml-dau-goi-dang-kem-cho-da-dau-nhon-953.html,duoc-my-pham,500
583,00009550,"ISIS SECALIA AHA 200ML - KEM DƯỠNG ẨM CHO DA KHÔ DÀY SỪNG, NỨT NẺ CHÂN","Kem Secalia AHA IsisPharma dưỡng ẩm, làm mềm, giảm khô da, giảm kích ứng (200ml)",duoc-my-pham/kem-duong-am-lam-mem-da-secalia-aha-200ml-972.html,,Tuýp,đ,https://cdn.nhathuoclongchau.com.vn/unsafe/https://cms-prod.s3-sgn09.fptcloud.com/00009550_4_2_d1f211b9ba.jpg,"Aqua , Glycolic acid , Peg-8 , Glycerin , Caprylic/capric triglyceride , Cetearyl Isononanoate , Butyrospermum Parkii (Shea) Butter , Squalane , Cetearyl Alcohol , Cetyl palmitate , Cyclopentasiloxane , Lactic Acid , Sodium salicylate , Tocopheryl acetate , Ethylhexylglycerin , Helianthus Annuus (Sunflower) Seed Oil , Rosmarinus Officinalis (Rosemary) Leaf Extract , Tocopherol , Steareth-21 , Hydroxypropyl Starch Phosphate , Plukenetia Volubilis Seed Oil , Dipotassium Glycyrrhizate ",,ISIS PHARMA,Tuýp x 200ml,"Dược mỹ phẩm | Giải pháp làn da | Dưỡng da bị khô, thiếu ẩm",duoc-my-pham | duoc-my-pham/giai-phap-lan-da | duoc-my-pham/da-bi-kho-thieu-am,True,True,1,0,https://nhathuoclongchau.com.vn/duoc-my-pham/kem-duong-am-lam-mem-da-secalia-aha-200ml-972.html,duoc-my-pham,500
584,00016407,T3 ACNE BODY WASH HOE 200ML - SỮA TẮM TRỊ MỤN LƯNG,Sữa tắm T3 Acne Body Wash ngăn ngừa mụn (200ml),duoc-my-pham/t3-acne-body-wash-200ml-14294.html,,Chai,đ,https://cdn.nhathuoclongchau.com.vn/unsafe/https://cms-prod.s3-sgn09.fptcloud.com/00016407_t3_acne_body_wash_200ml_6066_5bd8_large_309f47a7b6.JPG,"Water , Sodium Laureth Sulfate , Disodium laureth sulfosuccianate , Cocamidopropyl betaine , Decyl glucoside , Propylene glycol , Glycerin , Peg-120 Methyl Glucose Dioleate , Polyquaternium-7 , Polyquaternium-39 , Sodium Chloride , Phenoxyethanol , Fragrance , Melaleuca Alternifolia (Tea Tree) Leaf Extract , Triclosan , Imidazolidinyl urea , Disodium EDTA , Methylparaben , Ethylparaben , Propylparaben , Butylparaben , Octadecyl Di-t-butyl-4-hydroxyhydrocinnamate ",,Hoe Pharmaceuticals,Chai x 200ml,"Dược mỹ phẩm | Chăm sóc cơ thể | Sữa tắm, xà bông",duoc-my-pham | duoc-my-pham/cham-soc-co-the | duoc-my-pham/sua-tam-xa-bong,True,True,1,0,https://nhathuoclongchau.com.vn/duoc-my-pham/t3-acne-body-wash-200ml-14294.html,duoc-my-pham,500
585,00015124,LIPICE LIPBALM STRAWBERRY ROHTO 4.3G - SON DƯỠNG HƯƠNG DÂU,"Son dưỡng Lipice Lipbalm hương dâu hỗ trợ dưỡng ẩm, bảo vệ môi (4.3g)",duoc-my-pham/lipice-lipbalm-strawberry-15066.html,,Cây,đ,https://cdn.nhathuoclongchau.com.vn/unsafe/https://cms-prod.s3-sgn09.fptcloud.com/00015124_lipice_lipbalm_strawberry_8099_5b9f_large_e3fb3d63d2.JPG,,,Rohto,Cây,Dược mỹ phẩm | Mỹ phẩm trang điểm | Son môi,duoc-my-pham | duoc-my-pham/my-pham-trang-diem | duoc-my-pham/son-moi,True,True,1,0,https://nhathuoclongchau.com.vn/duoc-my-pham/lipice-lipbalm-strawberry-15066.html,duoc-my-pham,500
586,00014447,CETAPHIL BABY MOISTURISING BATHWASH BODY 230ML - SỮA TẮM EM BÉ,Sữa tắm dưỡng ẩm cho trẻ em Cetaphil Baby Moisturising Bath And Wash (230ml),duoc-my-pham/cetaphil-baby-moisturising-wash-shampoo-body-230ml-15631.html,,Chai,đ,https://cdn.nhathuoclongchau.com.vn/unsafe/https://cms-prod.s3-sgn09.fptcloud.com/00014447_cetaphil_baby_moisturising_wash_shampoo_body_230ml_8241_5d63_large_41298a3d44.png,Aqua ,,Cetaphil,Chai,"Dược mỹ phẩm | Chăm sóc cơ thể | Sữa tắm, xà bông",duoc-my-pham | duoc-my-pham/cham-soc-co-the | duoc-my-pham/sua-tam-xa-bong,True,True,1,0,https://nhathuoclongchau.com.vn/duoc-my-pham/cetaphil-baby-moisturising-wash-shampoo-body-230ml-15631.html,duoc-my-pham,500
587,00014323,URIAGE DEPIDERM SPF50 SOIN DE JOUR ANTI TACHES 30ML - KEM DƯỠNG DA BAN NGÀY NGỪA ĐỐM NÂU VÀ TÀN NHANG,"Kem chăm sóc da ban ngày ngăn ngừa nám, tàn nhang Uriage Depiderm SPF50 (30ml)",duoc-my-pham/uriage-depiderm-spf50-soin-de-jour-anti-taches-30ml-15690.html,,Tuýp,đ,https://cdn.nhathuoclongchau.com.vn/unsafe/https://cms-prod.s3-sgn09.fptcloud.com/00014323_uriage_depiderm_spf50_soin_de_jour_anti_taches_30ml_8966_5cca_large_4db7a75871.jpg,"Aqua , Dicaprylyl Carbonate , Methylene Bis-Benzotriazolyl , Butyl Methoxydibenzoylmethane , Ethylhexyl Triazone , Niacinamide , Decyl glucoside , Ascorbyl Tetraisopalmitate , Butylene glycol , Phenoxyethanol , Tetrasodium EDTA , Tocopheryl acetate , o-Cymen-5-ol , Propylene glycol , Glycyrrhiza glabra , Citric Acid , Sodium hydroxide , Uriage Thermal Spring Water , Benzotriazole Tetramethylbutylphenol , Nylon 12 , Triacontanyl PVP , C20-22 Alkyl Phosphate , C20-22 Alcohols , Xanthan Gum Benzoic Acid ",,Uriage,Tuýp,"Dược mỹ phẩm | Giải pháp làn da | Kem hỗ trợ mờ nám, tàn nhang, đốm nâu",duoc-my-pham | duoc-my-pham/giai-phap-lan-da | duoc-my-pham/nam-tan-nhang-dom-nau,True,True,1,0,https://nhathuoclongchau.com.vn/duoc-my-pham/uriage-depiderm-spf50-soin-de-jour-anti-taches-30ml-15690.html,duoc-my-pham,500
588,00014260,EUCERIN AQUA PORIN ACTIVE MIST SPRAY 150ML 87968 - NƯỚC KHOÁNG DƯỠNG ẨM CHO DA NHẠY CẢM,Nước xịt khoáng Eucerin Aquaporin Active Mist Spray dưỡng ẩm cho da nhạy cảm (150ml),duoc-my-pham/eucerin-aqua-porin-active-150ml-87968-15706.html,,Chai,đ,https://cdn.nhathuoclongchau.com.vn/unsafe/https://cms-prod.s3-sgn09.fptcloud.com/00014260_eucerin_aqua_porin_active_150ml_87968_8179_5c89_large_674c05b173.png,,,Eucerin,Chai x 50ml,Dược mỹ phẩm | Chăm sóc da mặt | Xịt khoáng,duoc-my-pham | duoc-my-pham/cham-soc-da-mat | duoc-my-pham/xit-khoang,True,True,1,0,https://nhathuoclongchau.com.vn/duoc-my-pham/eucerin-aqua-porin-active-150ml-87968-15706.html,duoc-my-pham,500
589,00014219,LA ROCHE-POSAY ULTRA FINE SCRUB SENSITIVE SKIN 50ML M0365102 M0365120- GEL LÀM SẠCH TẾ BÀO CHẾT DÀNH CHO DA NHẠY CẢM,"Gel La Roche-Posay Ultrafine Scrub Sensitive Skin hỗ trợ loại bỏ bã nhờn, tế bào chết (50ml)",duoc-my-pham/larocheposay-gel-lam-sach-te-bao-chet-50ml49g-m0365102-15726.html,,Tuýp,đ,https://cdn.nhathuoclongchau.com.vn/unsafe/https://cms-prod.s3-sgn09.fptcloud.com/00014219_larocheposay_gel_lam_sach_te_bao_chet_50ml49g_m0365102_6468_5c90_large_b3e136e2c4.jpg,,Nhũ tương (Gel),Laroche posay,Tuýp,Dược mỹ phẩm | Chăm sóc da mặt | Tẩy tế bào chết,duoc-my-pham | duoc-my-pham/cham-soc-da-mat | duoc-my-pham/tay-te-bao-chet,True,True,1,0,https://nhathuoclongchau.com.vn/duoc-my-pham/larocheposay-gel-lam-sach-te-bao-chet-50ml49g-m0365102-15726.html,duoc-my-pham,500
590,00014218,LA ROCHE-POSAY ANTHELIOS ANTI SHINE INVISIBLE FRESH MIST SPF50 UVB UVA SUN SENSITIVE SKIN 75ML M9165700 - XỊT CN GIÚP KIỂM SOÁT BÓNG NHỜN VÀ BẢO VỆ DA TRƯỚC TÁC HẠI CỦA TIA UV,Xịt chống nắng La Roche-Posay Anthelios Invisible Fresh Mist SPF50 hỗ trợ kiểm soát bã nhờn và mồ hôi (75ml),duoc-my-pham/larocheposay-xit-chong-nang-75ml-m9165700-15727.html,,Chai,đ,https://cdn.nhathuoclongchau.com.vn/unsafe/https://cms-prod.s3-sgn09.fptcloud.com/00014218_larocheposay_xit_chong_nang_75ml_m9165700_6225_5c91_large_f9fbc228ca.jpg,,,Laroche posay,Chai,Dược mỹ phẩm | Chăm sóc da mặt | Kem chống nắng da mặt,duoc-my-pham | duoc-my-pham/cham-soc-da-mat | duoc-my-pham/chong-nang-da-mat,True,True,1,0,https://nhathuoclongchau.com.vn/duoc-my-pham/larocheposay-xit-chong-nang-75ml-m9165700-15727.html,duoc-my-pham,500
591,00014217,LA ROCHE-POSAY LIPIKAR SOOTHING PROTECTING SHOWER GEL 400ML M9546500 - GEL TẮM GIÚP LÀM SẠCH LÀM DỊU VÀ BẢO VỆ CHO DA NHẠY CẢM PHÙ HỢP CHO TRẺ EM VÀ TRẺ SƠ SINH,Gel tắm La Roche-Posay Lipikar Gel Lavant giúp da được làm dịu và làm sạch mọi độc tố (400ml),duoc-my-pham/larocheposay-gel-tam-lam-sach-va-bao-ve-cho-da-nhay-cam-400ml-m9546500-15728.html,,Chai,đ,https://cdn.nhathuoclongchau.com.vn/unsafe/https://cms-prod.s3-sgn09.fptcloud.com/00014217_larocheposay_gel_tam_lam_sach_va_bao_ve_cho_da_nhay_cam_400ml_m9546500_2105_5c90_large_152c01ba86.jpg,,Nhũ tương (Gel),Laroche posay,Chai,"Dược mỹ phẩm | Chăm sóc cơ thể | Sữa tắm, xà bông",duoc-my-pham | duoc-my-pham/cham-soc-co-the | duoc-my-pham/sua-tam-xa-bong,True,True,1,0,https://nhathuoclongchau.com.vn/duoc-my-pham/larocheposay-gel-tam-lam-sach-va-bao-ve-cho-da-nhay-cam-400ml-m9546500-15728.html,duoc-my-pham,500
592,00014195,AVENE CICALFATE LOTION 40ML - LOTION LÀM LÀNH DA LÀM KHÔ VẾT THƯƠNG RỈ DỊCH CHỐNG NHIỄM KHUẨN,"Lotion asséchante, réparatrice Eau Thermale Avène Cicalfate làm dịu các kích ứng, vết thương trên da (40ml) ",duoc-my-pham/avene-lotion-cicalfate-40ml-15745.html,,Tuýp,đ,https://cdn.nhathuoclongchau.com.vn/unsafe/https://cms-prod.s3-sgn09.fptcloud.com/00014195_avene_lotion_cicalfate_40ml_6339_5c85_large_a5274c99b3.png,,,Avène,Tuýp,"Dược mỹ phẩm | Chăm sóc cơ thể | Sữa dưỡng thể, kem dưỡng thể",duoc-my-pham | duoc-my-pham/cham-soc-co-the | duoc-my-pham/duong-the,True,True,1,0,https://nhathuoclongchau.com.vn/duoc-my-pham/avene-lotion-cicalfate-40ml-15745.html,duoc-my-pham,500
593,00011146,LA ROCHE-POSAY LIPIKAR SYNDET AP+ LIPID REPLENISHING CREAM WASH ANTI IRRITATION ANTI SCRATCHING 200ML M9147100 M9147101 M9147120- SRM VÀ TẮM CUNG CẤP ĐỘ ẨM GIẢM KÍCH ỨNG VÀ NGỨA,Sữa rửa mặt và tắm La Roche-Posay Innovation Lipikar Syndet AP+ làm sạch nhẹ nhàng da nhạy cảm (200ml),duoc-my-pham/srmlipikar-syndetap-200ml-m9147100-16148.html,,Tuýp,đ,https://cdn.nhathuoclongchau.com.vn/unsafe/https://cms-prod.s3-sgn09.fptcloud.com/00011146_srmlipikar_syndetap_200ml_m9147100_4206_5c95_large_c60294eadc.jpg,,,Laroche posay,Tuýp,Dược mỹ phẩm | Chăm sóc da mặt,duoc-my-pham | duoc-my-pham/cham-soc-da-mat,True,True,1,0,https://nhathuoclongchau.com.vn/duoc-my-pham/srmlipikar-syndetap-200ml-m9147100-16148.html,duoc-my-pham,500
594,00011014,ENAT CREAM MEGA 30G,"Kem dưỡng da Enat Natural Vitamin E Cream giữ ẩm, mờ vết nhăn, sẹo thâm trên da (30g)",duoc-my-pham/enat-cream-30g-mega-16210.html,,Tuýp,đ,https://cdn.nhathuoclongchau.com.vn/unsafe/https://cms-prod.s3-sgn09.fptcloud.com/00011014_enat_cream_30g_mega_1283_5c87_large_346711d167.jpg,"Aqua , Glycerin , Isopropyl myristate , Stearic acid , Vitamin E ",,MEGA We care,Tuýp x 30g,Dược mỹ phẩm | Chăm sóc da mặt,duoc-my-pham | duoc-my-pham/cham-soc-da-mat,True,True,1,0,https://nhathuoclongchau.com.vn/duoc-my-pham/enat-cream-30g-mega-16210.html,duoc-my-pham,500
595,00010647,"DẦU XẢ THÁI DƯƠNG 7 200ML - DÀNH CHO TÓC XƠ, GÃY RỤNG, CHẺ NGỌN","Dầu xả Thái Dương 7 suôn mềm, óng ả, tự nhiên (200ml)",duoc-my-pham/dau-xa-thai-duong-7-200ml-danh-cho-toc-xo-gay-rung-che-ngon-16377.html,,Chai,đ,https://cdn.nhathuoclongchau.com.vn/unsafe/https://cms-prod.s3-sgn09.fptcloud.com/00010647_thai_duong_dau_xa_7_5674_5c93_large_8503ee82e7.jpg,"Aqua , Cetearyl Alcohol , Fragrance , Olive oil , Dimethicone , Isopropyl myristate , Argan oil , Allantoin , Disodium EDTA, anhydrous , Chiết xuất táo , Hydrogenate Isobutene , Hydrolyzed Keratin , Ppg-3 Benzyl Ether Myristate , Linoleamidopropyl Pg-dimonium Cholride Phosphate , Cyclopentasiloxane , Quaternium-91 , Myristyl Myristate , Polyquaternium-7 , Behentrimonium Chloride , Nipaguard CG ",Dung dịch,Sao Thái Dương,Chai x 200ml,Dược mỹ phẩm | Chăm sóc tóc - da đầu | Dầu gội dầu xả,duoc-my-pham | duoc-my-pham/cham-soc-toc-da-dau | duoc-my-pham/dau-goi-dau-xa,True,True,1,0,https://nhathuoclongchau.com.vn/duoc-my-pham/dau-xa-thai-duong-7-200ml-danh-cho-toc-xo-gay-rung-che-ngon-16377.html,duoc-my-pham,500
596,00009731,EURODAN CREAM GAMMA 30G - KEM DƯỠNG ẨM TRỊ KHÔ NỨT DA,"Kem bôi da EuroDan Cream giảm nhăn da, giữ ấm da, hạn chế khô nứt da (30g)",duoc-my-pham/eurodan-16610.html,,Tuýp,đ,https://cdn.nhathuoclongchau.com.vn/unsafe/https://cms-prod.s3-sgn09.fptcloud.com/00009731_eurodan_4705_5f80_large_da70513998.JPG,"Deionized Water , Cetearyl Alcohol , glycerine , Ceramide 3.3%, Acid Linoleic 1.1%, Isopropyl myristate , Saccharide Isomerate , Cholesterol 1.1%, Benzyl alcohol ",Dạng kem,GAMMA,Tuýp,"Dược mỹ phẩm | Giải pháp làn da | Dưỡng da bị khô, thiếu ẩm",duoc-my-pham | duoc-my-pham/giai-phap-lan-da | duoc-my-pham/da-bi-kho-thieu-am,True,True,1,0,https://nhathuoclongchau.com.vn/duoc-my-pham/eurodan-16610.html,duoc-my-pham,500
597,00006612,SCAR Z ROHTO 12G - GEL TRỊ SẸO,"Gel Scarz Solution Rohto giúp làm phẳng, mờ sẹo và đều màu da (12g)",duoc-my-pham/scar-z-12g-16899.html,,Tuýp,đ,https://cdn.nhathuoclongchau.com.vn/unsafe/https://cms-prod.s3-sgn09.fptcloud.com/00006612_scar_z_12g_6960_5fab_large_78be105467.jpg,"Water , Ethanol , Dipropylene glycol , Peg-40 Hydrogenated Castor Oil , Niacinamide , Ethoxydiglycol , triethanolamine , Centella Asiatica Extract , Ascorbyl Glucoside , Tocopheryl acetate , Sodium Chondroitin Sulfate , Allantoin , Sodium hyaluronate , Carbomer , BHT , Disodium EDTA , Phenoxyethanol , Biosaccharide Gum-4 , Hydrolyzed Soy Protein , Isopropylmethylphenol ",,Rohto,Tuýp,Dược mỹ phẩm | Giải pháp làn da,duoc-my-pham | duoc-my-pham/giai-phap-lan-da,True,True,1,0,https://nhathuoclongchau.com.vn/duoc-my-pham/scar-z-12g-16899.html,duoc-my-pham,500
598,00006484,SAFORELLE SOOTHING CREAM 50ML - KEM LÀM MỀM VÀ DỊU DA VÙNG KÍN,Kem Saforelle Crème Apaisante Soothing Cream hỗ trợ làm mềm và dịu da (50ml),duoc-my-pham/saforelle-soothing-cream-50ml-16906.html,,Hộp,đ,https://cdn.nhathuoclongchau.com.vn/unsafe/https://cms-prod.s3-sgn09.fptcloud.com/00006484_saforelle_soothing_cream_50ml_3584_5d1e_large_bac811335f.JPG,"Aqua , Dicaprylyl Ether , Glycerin , Cetyl alcohol , Peg-100 stearate ",,Saforelle,Hộp,"Dược mỹ phẩm | Giải pháp làn da | Dưỡng da bị khô, thiếu ẩm",duoc-my-pham | duoc-my-pham/giai-phap-lan-da | duoc-my-pham/da-bi-kho-thieu-am,True,True,1,0,https://nhathuoclongchau.com.vn/duoc-my-pham/saforelle-soothing-cream-50ml-16906.html,duoc-my-pham,500
599,00003123,FOLTENE FOAM WOMEN THINNING HAIR 70ML - DƯỠNG TÓC GIẢM RỤNG TÓC,Dưỡng chất Foltène Pharma Foam Women Thinning Hair hỗ trợ giảm gãy rụng tóc cho nữ (70ml),duoc-my-pham/foltene-foam-women-thinning-hair-70ml-duong-toc-giam-rung-toc-17282.html,,Chai,đ,https://cdn.nhathuoclongchau.com.vn/unsafe/https://cms-prod.s3-sgn09.fptcloud.com/00003123_foltene_foam_women_5020_5b55_large_53fd98fc4e.JPG,"Water , Cetearyl Alcohol , Cetrimonium Chloride , Cocamide Dea , Cyclopentasiloxane , Dimethicone , Aloe barbadensis leaf juice , Dimethiconol , Simmondsia Chinensis Seed Oil , Tocopheryl acetate , Glycerin , Peg-8 , Palmitoyl , Sodium Polyacrylate , Parfum , Limonene , Linalool , Citric Acid , Phenoxyethanol , Imidazolidinyl urea , Methylparaben , Ethylparaben , Butylparaben , Propylparaben , Methylchloroisothiazolinone , Methylisothiazolinone , Cucumis Sativus Fruit Extract , Solanum Lycopersicum Fruit Extract , Persea Gratissima Fruit Extract , Chrysanthemum Indicum Flower Extract , Ceteareth-12 , Decylene Glycol , Chlorphenesin , Coconut Oil Diethanolamide , Glyco Distearate ",,Foltene,Chai,Dược mỹ phẩm | Chăm sóc tóc - da đầu,duoc-my-pham | duoc-my-pham/cham-soc-toc-da-dau,True,True,1,0,https://nhathuoclongchau.com.vn/duoc-my-pham/foltene-foam-women-thinning-hair-70ml-duong-toc-giam-rung-toc-17282.html,duoc-my-pham,500
600,00002340,A-DERMA EPITHELIALE AH DUO ULTRA REPAIRING CREAM 40ML - KEM LIỀN SẸO,"Kem A-Derma Epitheliale A.H Duo Ultra-Repairing Cream phục hồi da tổn thương, liền sẹo (40ml)",duoc-my-pham/aderma-epitheliale-ah-duo-40ml-17389.html,,Hộp,đ,https://cdn.nhathuoclongchau.com.vn/unsafe/https://cms-prod.s3-sgn09.fptcloud.com/00002340_aderma_epitheliale_ah_duo_40ml_1610_5c87_large_8312558946.jpg,Aqua ,,A-DERMA,Hộp x 40ml,Dược mỹ phẩm | Chăm sóc cơ thể,duoc-my-pham | duoc-my-pham/cham-soc-co-the,True,True,1,0,https://nhathuoclongchau.com.vn/duoc-my-pham/aderma-epitheliale-ah-duo-40ml-17389.html,duoc-my-pham,500
601,00016577,SVR XERIAL 30 CREME 100ML,"Kem dưỡng ẩm SVR Xérial 30 Crème nuôi dưỡng làn da mềm mịn, loại bỏ tình trạng kích ứng và khô ráp da (100ml)",duoc-my-pham/svr-xerial-30-creme-100ml-17676.html,,Hộp,đ,https://cdn.nhathuoclongchau.com.vn/unsafe/https://cms-prod.s3-sgn09.fptcloud.com/00016577_svr_xerial_30_creme_100ml_7958_5c95_large_f128402f40.jpg,"Aqua , Urea , Glycerin , Paraffinum Liquidum , Butyrospermum Parkii (Shea) Butter , Polyacrylate-13 , Octyldodecanol , triethanolamine , Caprylic/capric triglyceride , Hexyldecyl laurat , Salicylic acid , Silica dimethyl silylate , Dicaprylyl Carbonate , Serine , Allantoin , Histidine , Tocopherol , Polyisobutene , PEG-30 Stearate , Polysorbate 20 , Sorbitan Isostearate , Propylene glycol , Disodium EDTA , Citric Acid , Potassium sorbate ",,SVR,Hộp,"Dược mỹ phẩm | Chăm sóc cơ thể | Sữa dưỡng thể, kem dưỡng thể",duoc-my-pham | duoc-my-pham/cham-soc-co-the | duoc-my-pham/duong-the,True,True,1,0,https://nhathuoclongchau.com.vn/duoc-my-pham/svr-xerial-30-creme-100ml-17676.html,duoc-my-pham,600
602,00016803,URIAGE PRURICED CREME 100ML - KEM CHĂM SÓC DA KHÔ KÍCH ỨNG,"Kem Uriage Pruriced Crème cung cấp độ ẩm cho da bị khô, kích ứng (100ml)",duoc-my-pham/uriage-pruriced-creme-100ml-kem-cham-soc-da-kho-kich-ung-18131.html,,Hộp,đ,https://cdn.nhathuoclongchau.com.vn/unsafe/https://cms-prod.s3-sgn09.fptcloud.com/smalls/00016803_uriage_pruriced_creme_100ml_kem_cham_soc_da_kho_kich_ung_8389_30b8_large_929955a516.jpg,,,Uriage,Hộp x 100ml,Dược mỹ phẩm | Giải pháp làn da | Da nhạy cảm,duoc-my-pham | duoc-my-pham/giai-phap-lan-da | duoc-my-pham/da-bi-kich-ung,True,True,1,0,https://nhathuoclongchau.com.vn/duoc-my-pham/uriage-pruriced-creme-100ml-kem-cham-soc-da-kho-kich-ung-18131.html,duoc-my-pham,600
603,00017281,EUCERIN PRO ACNE SUPER SERUM 30ML 89751 - TINH CHẤT TRỊ MỤN,Serum Eucerin Pro Acne Solution Super giảm nhờn mụn (30ml),duoc-my-pham/eucerin-super-serum-30ml-89751-18618.html,,Hộp,đ,https://cdn.nhathuoclongchau.com.vn/unsafe/https://cms-prod.s3-sgn09.fptcloud.com/00017281_eucerin_super_serum_30ml_89751_9387_62e8_large_8b405645d7.jpg,"Aqua , Cyclomethicone , Glycerin , Tapioca Starch , Methylpropanediol , Lactic Acid , Dimethiconol , Xanthan gum , Decylene Glycol , Parfum , Sodium Stearoyl Glutamate , Sodium Chloride ",,Eucerin,Hộp x 30ml,"Dược mỹ phẩm | Chăm sóc da mặt | Serum, Essence hoặc Ampoule",duoc-my-pham | duoc-my-pham/cham-soc-da-mat | duoc-my-pham/serum-essence-hoac-ampoule,True,True,1,0,https://nhathuoclongchau.com.vn/duoc-my-pham/eucerin-super-serum-30ml-89751-18618.html,duoc-my-pham,600
604,00017370,SVR CLAIRIAL SERUM 30ML - SP CHĂM SÓC DA DẠNG LỎNG LÀM MỜ VẾT THÂM NÁM VÀ MỀM MỊN DA,"Tinh chất SVR Clairial Serum làm mờ các vết sạm, nám và đốm nâu trên bề mặt da (30ml)",duoc-my-pham/svr-clairial-serum-30ml-sp-cham-soc-da-dang-long-lam-mo-vet-tham-nam-va-mem-min-da-18723.html,,Hộp,đ,https://cdn.nhathuoclongchau.com.vn/unsafe/https://cms-prod.s3-sgn09.fptcloud.com/00017370_svr_clairial_serum_30ml_sp_cham_soc_da_dang_long_lam_mo_vet_tham_nam_va_mem_min_da_3531_5cbd_large_ac4b8f4d03.jpg,,,SVR,Hộp,"Dược mỹ phẩm | Giải pháp làn da | Kem hỗ trợ mờ nám, tàn nhang, đốm nâu",duoc-my-pham | duoc-my-pham/giai-phap-lan-da | duoc-my-pham/nam-tan-nhang-dom-nau,True,True,1,0,https://nhathuoclongchau.com.vn/duoc-my-pham/svr-clairial-serum-30ml-sp-cham-soc-da-dang-long-lam-mo-vet-tham-nam-va-mem-min-da-18723.html,duoc-my-pham,600
605,00017399,EUCERIN PRO ACNE DAY MAT WHITENING SPF30 50ML 89755 - KEM DƯỠNG TRẮNG DA VÀ TRỊ MỤN,"Kem dưỡng ban ngày Eucerin Pro Acne Solution Day Mat Whitening SPF30 dưỡng trắng da, ngăn ngừa mụn (50ml)",duoc-my-pham/euceriin-acne-oil-control-pro-acne-solution-50ml-89755-18755.html,,Hộp,đ,https://cdn.nhathuoclongchau.com.vn/unsafe/https://cms-prod.s3-sgn09.fptcloud.com/00017399_euceriin_acne_oil_control_pro_acne_solution_50ml_89755_9326_5ca7_large_b40663a8bb.jpg,,,Eucerin,Hộp x 50ml,Dược mỹ phẩm | Chăm sóc da mặt | Dưỡng da mặt,duoc-my-pham | duoc-my-pham/cham-soc-da-mat | duoc-my-pham/duong-da-mat,True,True,1,0,https://nhathuoclongchau.com.vn/duoc-my-pham/euceriin-acne-oil-control-pro-acne-solution-50ml-89755-18755.html,duoc-my-pham,600
606,00017781,A-DERMA PRIMALBA GENTLE CLEANSING GEL BABY 500ML - SỮA TẮM GỘI TOÀN THÂN DÀNH CHO EM BÉ,Sữa tắm gội dịu nhẹ cho tóc và cơ thể em bé A-Derma Premalba Cleansing Gel 2 IN 1 (500ml),duoc-my-pham/aderma-primalba-gentle-cleansing-gel-baby-500ml-sua-tam-goi-toan-than-danh-cho-em-be-19135.html,,Chai,đ,https://cdn.nhathuoclongchau.com.vn/unsafe/https://cms-prod.s3-sgn09.fptcloud.com/00017781_aderma_primalba_gentle_cleansing_gel_baby_500ml_sua_tam_goi_toan_than_danh_cho_em_be_6759_5d39_large_409578c267.jpg,Aqua/ Water ,,A-DERMA,Chai,"Dược mỹ phẩm | Chăm sóc cơ thể | Sữa tắm, xà bông",duoc-my-pham | duoc-my-pham/cham-soc-co-the | duoc-my-pham/sua-tam-xa-bong,True,True,1,0,https://nhathuoclongchau.com.vn/duoc-my-pham/aderma-primalba-gentle-cleansing-gel-baby-500ml-sua-tam-goi-toan-than-danh-cho-em-be-19135.html,duoc-my-pham,600
607,00017910,EUCERIN Q10 ACTIVE DAY CREAM 50ML 63413 - KEM DƯỠNG DA BAN NGÀY,Kem dưỡng da ban ngày Eucerin Q10 Active Day Cream ngăn ngừa lão hoá cho da khô và da nhạy cảm (50ml),duoc-my-pham/eucerin-q10-active-day-cream-50ml-63413-kem-duong-da-ban-ngay-19265.html,,Hộp,đ,https://cdn.nhathuoclongchau.com.vn/unsafe/https://cms-prod.s3-sgn09.fptcloud.com/00017910_eucerin_q10_active_day_cream_50ml_63413_kem_duong_da_ban_ngay_6870_5ca6_large_b1d44e6bec.jpg,,,Eucerin,Hộp,"Dược mỹ phẩm | Giải pháp làn da | Hỗ trợ tái tạo, cải thiện da lão hoá",duoc-my-pham | duoc-my-pham/giai-phap-lan-da | duoc-my-pham/tai-tao-chong-lao-hoa,True,True,1,0,https://nhathuoclongchau.com.vn/duoc-my-pham/eucerin-q10-active-day-cream-50ml-63413-kem-duong-da-ban-ngay-19265.html,duoc-my-pham,600
608,00017960,CERADAN DIAPER CREAM HYPHENS 50G,Kem Ceradan Ceramide Diaper Cream làm dịu da và chống hăm tã (50g),duoc-my-pham/ceradan-diaper-cream-hyphens-50g-19306.html,,Tuýp,đ,https://cdn.nhathuoclongchau.com.vn/unsafe/https://cms-prod.s3-sgn09.fptcloud.com/00017960_ceradan_diaper_cream_hyphens_50g_1781_609c_large_af934f8fa0.png,"Kẽm (kẽm oxit) , Octenidine Hydrochloride , Lipid sinh lý ",Kem bôi da,Hyphens,Tuýp,"Dược mỹ phẩm | Chăm sóc cơ thể | Sữa dưỡng thể, kem dưỡng thể",duoc-my-pham | duoc-my-pham/cham-soc-co-the | duoc-my-pham/duong-the,True,True,1,0,https://nhathuoclongchau.com.vn/duoc-my-pham/ceradan-diaper-cream-hyphens-50g-19306.html,duoc-my-pham,600
609,00018284,HIRUSCAR ANTI-ACNE DERMATOLOGICAL ACNE SKIN CARE MEDINOVA 100ML - SỮA RỬA MẶT NGỪA MỤN,Sữa rửa mặt ngừa mụn Hiruscar Anti-Acne Dermatological Acne Skin Care Medinova (100ml),duoc-my-pham/hiruscar-acne-skin-care-medinova-100ml-sua-rua-mat-19608.html,,Hộp,đ,https://cdn.nhathuoclongchau.com.vn/unsafe/https://cms-prod.s3-sgn09.fptcloud.com/00018284_hiruscar_acne_skin_care_medinova_100ml_sua_rua_mat_7010_5c8b_large_a33849bfda.jpg,Aqua ,,HIRUSCAR,Hộp x 100ml,"Dược mỹ phẩm | Chăm sóc da mặt | Sữa rửa mặt (Kem, gel, sữa)",duoc-my-pham | duoc-my-pham/cham-soc-da-mat | duoc-my-pham/sua-rua-mat-kem-gel-sua,True,True,1,0,https://nhathuoclongchau.com.vn/duoc-my-pham/hiruscar-acne-skin-care-medinova-100ml-sua-rua-mat-19608.html,duoc-my-pham,600
610,00018285,HIRUSCAR SPOT GEL 10G - GEL CHĂM SÓC MỤN,"Gel Hiruscar Spot Gel hỗ trợ kháng khuẩn, ngừa mụn trứng cá (10g)",duoc-my-pham/hiruscar-acne-skin-care-medinova-10g-gel-cham-soc-mun-19611.html,,Hộp,đ,https://cdn.nhathuoclongchau.com.vn/unsafe/https://cms-prod.s3-sgn09.fptcloud.com/00018285_hiruscar_acne_skin_care_medinova_10g_gel_cham_soc_mun_5522_5c8f_large_d89c03f53f.jpg,Aqua ,,HIRUSCAR,Hộp x 10g,Dược mỹ phẩm | Chăm sóc da mặt,duoc-my-pham | duoc-my-pham/cham-soc-da-mat,True,True,1,0,https://nhathuoclongchau.com.vn/duoc-my-pham/hiruscar-acne-skin-care-medinova-10g-gel-cham-soc-mun-19611.html,duoc-my-pham,600
611,00018443,EUCERIN SENSITIVE SKIN AQUAPORIN ACTIVE 50ML 69779 - KEM DƯỠNG CHO DA THƯỜNG VÀ HỖN HỢP,"Kem dưỡng da Eucerin Aquaporin Active dành cho da nhạy cảm, da thường, da hỗn hợp (50ml)",duoc-my-pham/eucerin-sensitive-skin-aquaporin-active-50ml-69779-kem-duong-cho-da-thuong-va-hon-hop-19757.html,,Hộp,đ,https://cdn.nhathuoclongchau.com.vn/unsafe/https://cms-prod.s3-sgn09.fptcloud.com/00018443_eucerin_sensitive_skin_aquaporin_active_50ml_69779_kem_duong_cho_da_thuong_va_hon_hop_1483_5d52_large_ae42d95cd7.png,"Aqua , glycerine , Glyceryl Glucoside , Dicaprylyl Carbonate , Distarch Phosphate , Glyceryl Stearate Citrate , Dimethicone , Myristyl Myristate , Octyldodecanol , C12-15 Alkyl Benzoate , Cetearyl Alcohol , Butylene glycol , Carbomer , Sodium Polyacrylate , Alcohol Denat , Phenoxyethanol ",,Eucerin,Hộp x 50ml,Dược mỹ phẩm | Chăm sóc da mặt | Dưỡng da mặt,duoc-my-pham | duoc-my-pham/cham-soc-da-mat | duoc-my-pham/duong-da-mat,True,True,1,0,https://nhathuoclongchau.com.vn/duoc-my-pham/eucerin-sensitive-skin-aquaporin-active-50ml-69779-kem-duong-cho-da-thuong-va-hon-hop-19757.html,duoc-my-pham,600
612,00018513,SEBIACLEAR GEL MOUSSANT SVR 50ML - SỮA RỮA MẶT KHÔNG CÓ XÀ PHÒNG,"Gel rửa mặt SVR Sebiaclear Gel Moussant không chứa xà phòng, làm sạch, nhẹ nhàng làm thông thoáng làn da (50ml) ",duoc-my-pham/sebiaclear-gel-moussant-svr-50ml-sua-rua-mat-khong-co-xa-phong-19832.html,,Chai,đ,https://cdn.nhathuoclongchau.com.vn/unsafe/https://cms-prod.s3-sgn09.fptcloud.com/00018513_sebiaclear_gel_moussant_svr_50ml_sua_rua_mat_khong_co_xa_phong_2360_5c94_large_68cc908369.jpg,,,SVR,Chai x 50ml,"Dược mỹ phẩm | Chăm sóc da mặt | Sữa rửa mặt (Kem, gel, sữa)",duoc-my-pham | duoc-my-pham/cham-soc-da-mat | duoc-my-pham/sua-rua-mat-kem-gel-sua,True,True,1,0,https://nhathuoclongchau.com.vn/duoc-my-pham/sebiaclear-gel-moussant-svr-50ml-sua-rua-mat-khong-co-xa-phong-19832.html,duoc-my-pham,600
613,00018579,BABYLUB GAM MA 125ML - SỮA TẮM RÔM - SẢY,Sữa tắm babylub Gamma hỗ trợ làm dịu da và giảm tình trạng rôm sẩy (125ml),duoc-my-pham/babylub-gam-ma-125ml-sua-tam-rom-say-19890.html,,Chai,đ,https://cdn.nhathuoclongchau.com.vn/unsafe/https://cms-prod.s3-sgn09.fptcloud.com/00018579_babylub_gam_ma_125ml_sua_tam_rom_say_3294_5c87_large_3160143496.png,"Deionized Water , Propylene glycol , Cetearyl Alcohol , Sodium lauryl sulfate ",,GAMMA,Chai x 125ml,"Dược mỹ phẩm | Chăm sóc cơ thể | Sữa tắm, xà bông",duoc-my-pham | duoc-my-pham/cham-soc-co-the | duoc-my-pham/sua-tam-xa-bong,True,True,1,0,https://nhathuoclongchau.com.vn/duoc-my-pham/babylub-gam-ma-125ml-sua-tam-rom-say-19890.html,duoc-my-pham,600
614,00018911,CETAPHIL BABY SHAMPOO HAIR 200ML - DẦU GỘI ĐẦU TRẺ EM,Dầu gội cho bé Cetaphil Baby Shampoo With Natural Chamomile (200ml),duoc-my-pham/cetaphil-baby-shampoo-hair-200ml-dau-goi-dau-tre-em-20211.html,,Chai,đ,https://cdn.nhathuoclongchau.com.vn/unsafe/https://cms-prod.s3-sgn09.fptcloud.com/00018911_cetaphil_baby_shampoo_hair_200ml_dau_goi_dau_tre_em_2084_5cb0_large_6eadf79280.jpg,Aqua ,,Cetaphil,Chai x 200ml,Dược mỹ phẩm | Chăm sóc tóc - da đầu | Dầu gội dầu xả,duoc-my-pham | duoc-my-pham/cham-soc-toc-da-dau | duoc-my-pham/dau-goi-dau-xa,True,True,1,0,https://nhathuoclongchau.com.vn/duoc-my-pham/cetaphil-baby-shampoo-hair-200ml-dau-goi-dau-tre-em-20211.html,duoc-my-pham,600
615,00020157,EUCERIN ANTI-AGE HYALURON FILLER+ELASTICITY NIGHT CREAM 50ML 69678 - KEM DƯỠNG DA BAN ĐÊM GIÚP NGĂN NGỪA LÃO HÓA,Kem dưỡng da ban đêm Eucerin Hyaluron-Filler And Elasticity Night Cream ngăn ngừa lão hóa (50ml),duoc-my-pham/eucerin-anti-age-hyaluron-fillerelasticity-night-cream-50ml-69678-kem-duong-da-ban-dem-giup-ngan-20453.html,,Hộp,đ,https://cdn.nhathuoclongchau.com.vn/unsafe/https://cms-prod.s3-sgn09.fptcloud.com/00020157_eucerin_anti_age_hyaluron_fillerelasticity_night_cream_50ml_69678_kem_duong_da_ban_dem_giup_ngan_4740_6126_large_04fb843855.png,,,Eucerin,Hộp x 50ml,Dược mỹ phẩm | Chăm sóc da mặt | Dưỡng da mặt,duoc-my-pham | duoc-my-pham/cham-soc-da-mat | duoc-my-pham/duong-da-mat,True,True,1,0,https://nhathuoclongchau.com.vn/duoc-my-pham/eucerin-anti-age-hyaluron-fillerelasticity-night-cream-50ml-69678-kem-duong-da-ban-dem-giup-ngan-20453.html,duoc-my-pham,600
616,00020220,AVENE EAU THERMALE COLD CREAM ULTRA RICH CLEANSING BAR 100G-,Thanh kem rửa mặt và tắm Avène Cold Cream Ultra Rich Cleansing Bar dành cho da nhạy cảm (100g),duoc-my-pham/avene-eau-thermale-cold-cream-ultra-rich-cleansing-bar-100g-20505.html,,Hộp,đ,https://cdn.nhathuoclongchau.com.vn/unsafe/https://cms-prod.s3-sgn09.fptcloud.com/00020220_avene_eau_thermale_cold_cream_ultra_rich_cleansing_bar_100g_9671_5cd1_large_65c606cdf9.jpg,,,Avène,Hộp x 100g,"Dược mỹ phẩm | Chăm sóc da mặt | Sữa rửa mặt (Kem, gel, sữa)",duoc-my-pham | duoc-my-pham/cham-soc-da-mat | duoc-my-pham/sua-rua-mat-kem-gel-sua,True,True,1,0,https://nhathuoclongchau.com.vn/duoc-my-pham/avene-eau-thermale-cold-cream-ultra-rich-cleansing-bar-100g-20505.html,duoc-my-pham,600
617,00028543,A-DERMA EXOMEGA CONTROL EMOLLIENT CREAM 50ML,"Kem dưỡng ẩm Aderma Exomega Control Emollient Cream dành cho da khô, da dị ứng (50ml)",duoc-my-pham/aderma-exomega-control-emollient-cream-50ml-28844.html,,Hộp,đ,https://cdn.nhathuoclongchau.com.vn/unsafe/https://cms-prod.s3-sgn09.fptcloud.com/00028543_aderma_exomega_control_emollient_cream_50ml_8995_615f_large_94de60e1d9.jpg,"Vitamin B3 , Tinh dầu hoa anh thảo , Phức hợp Filaxerine , Phức hợp Rhealba ",,A-DERMA,Hộp,"Dược mỹ phẩm | Chăm sóc cơ thể | Sữa dưỡng thể, kem dưỡng thể",duoc-my-pham | duoc-my-pham/cham-soc-co-the | duoc-my-pham/duong-the,True,True,1,0,https://nhathuoclongchau.com.vn/duoc-my-pham/aderma-exomega-control-emollient-cream-50ml-28844.html,duoc-my-pham,600
618,00030328,LANOPEARL WHITE SWAN WHITENING - SERUM NHAU THAI CỪU DƯỠNG TRẮNG DA 25ML,"Serum Lanopearl White Swan Whitening tinh chất nhau thai cừu dưỡng trắng da trắng sáng, rạng ngời (25ml)",duoc-my-pham/lanopearl-white-swan-whitening-serum-nhau-thai-cuu-duong-trang-da-25ml-30479.html,,Chai,đ,https://cdn.nhathuoclongchau.com.vn/unsafe/https://cms-prod.s3-sgn09.fptcloud.com/00030328_lanopearl_white_swan_whitening_serum_nhau_thai_cuu_duong_trang_da_25ml_8396_6065_large_c836e48ed1.jpg,"Cyclomethicone , Caprylic/capric triglyceride , Retinol 15D , Sheep Placental Extract , Alpha Tocopheryl Acetat , ODA White , Certofoed Organic Lemon Essential Oil ",,Rebirth,Chai,"Dược mỹ phẩm | Giải pháp làn da | Kem hỗ trợ mờ nám, tàn nhang, đốm nâu",duoc-my-pham | duoc-my-pham/giai-phap-lan-da | duoc-my-pham/nam-tan-nhang-dom-nau,True,True,1,0,https://nhathuoclongchau.com.vn/duoc-my-pham/lanopearl-white-swan-whitening-serum-nhau-thai-cuu-duong-trang-da-25ml-30479.html,duoc-my-pham,600
619,00032668,EUCERIN EVEN SKIN SPOTLESS BRIGHTENING DAY SPF30 50ML 83505 - KEM DƯỠNG SÁNG DA BAN NGÀY,Kem dưỡng sáng da ban ngày Eucerin Even Skin Spotless Brightening Day SPF30 (50ml),duoc-my-pham/eucerin-even-skin-spotless-brightening-day-spf30-50ml-83505-kem-duong-sang-da-ban-ngay-32786.html,,Chai,đ,https://cdn.nhathuoclongchau.com.vn/unsafe/https://cms-prod.s3-sgn09.fptcloud.com/00032668_eucerin_even_skin_spotless_brightening_day_spf30_50ml_83505_kem_duong_sang_da_ban_ngay_9377_6181_large_a707bed477.jpg,"Aqua , Homosalate , Alcohol Denat , Butyl Methoxydibenzoylmethane , Ethylhexyl Salicylate , Ethylhexyl Triazone , Bis-ethylhexyloxyphenol Methoxyphenyl Triazine , Butylene Glycol Dicaprylate-Dicaprate , Tapioca Starch , Distarch Phosphate , C12-15 Alkyl Benzoate , phenylbenzimidazole sulfonic acid , Isobutylamido Thiazolyl Resorcinol , Glycyrrhiza Inflata Root Extract , Tocopherol , Glucosylrutin , Isoquercitrin , Glycerin , Sodium Chloride , Stearyl alcohol , Cetyl alcohol , Xanthan gum , Carbomer , Sodium hydroxide , Glyceryl stearate , Sodium Stearoyl Glutamate , Dimethicone , Phenoxyethanol , Trisodium Edta , Parfum ",,Eucerin,Chai,Dược mỹ phẩm | Chăm sóc da mặt | Dưỡng da mặt,duoc-my-pham | duoc-my-pham/cham-soc-da-mat | duoc-my-pham/duong-da-mat,True,True,1,0,https://nhathuoclongchau.com.vn/duoc-my-pham/eucerin-even-skin-spotless-brightening-day-spf30-50ml-83505-kem-duong-sang-da-ban-ngay-32786.html,duoc-my-pham,600
620,00500966,GEL TRỊ SẸO DÀNH CHO TRẺ EM DERMATIX ULTRA SCAR CARE FOR KIDS 5G,Gel hỗ trợ cải thiện sẹo Dermatix Ultra Scar Care For Kids Menarini phù hợp cho trẻ từ 3 tháng tuổi trở lên (5g),duoc-my-pham/gel-tri-seo-danh-cho-tre-em-dermatix-ultra-scar-care-for-kids-5g-35124.html,,Hộp,đ,https://cdn.nhathuoclongchau.com.vn/unsafe/https://cms-prod.s3-sgn09.fptcloud.com/00500966_gel_tri_seo_danh_cho_tre_em_dermatix_ultra_scar_care_for_kids_5g_6502_62d0_large_a6a900c1c5.jpg,"Vitamin C ester , Polysiloxane , Cyclic ",Nhũ tương (Gel),Menarini,Hộp x 5g,"Dược mỹ phẩm | Giải pháp làn da | Hỗ trợ mờ sẹo, mờ vết thâm",duoc-my-pham | duoc-my-pham/giai-phap-lan-da | duoc-my-pham/tri-seo-mo-tham,True,True,1,0,https://nhathuoclongchau.com.vn/duoc-my-pham/gel-tri-seo-danh-cho-tre-em-dermatix-ultra-scar-care-for-kids-5g-35124.html,duoc-my-pham,600
