count,sku,name,web_name,slug,price,price_unit,currency_symbol,image_url,ingredients,dosage_form,brand,specification,category_names,category_slugs,is_active,is_publish,search_scoring,product_ranking,link,category,skip_count
1,00049347,CỐM VI SINH BỔ SUNG LỢI KHUẨN ĐƯỜNG RUỘT LACTO BIOMIN GOLD+ NEW HDPHARMA 20 GÓI X 5G,Cốm vi sinh bổ sung lợi khuẩn đường ruột Lacto Biomin Gold+ New Hdpharma (20 gói x 5g),thuc-pham-chuc-nang/com-vi-sinh-bo-sung-loi-khuan-duong-ruot-lacto-biomin-gold-new-hdpharma-20-goi-x-5-g.html,149000.0,Hộp,đ,https://cdn.nhathuoclongchau.com.vn/unsafe/https://cms-prod.s3-sgn09.fptcloud.com/DSC_9747_0837e2146a.png,"Balcillus clausii 1.5108cfu, Bacillus subtilis 10^8CFU, Bacillus coagulans 1.5x10^8cfu, Inulin 200mg, Canxi gluconat 100mg, L-Lysine hydrochloride 80mg, Taurine 20mg, Betaglucan 80% 15mg, Sắt III Hydroxide Polymaltose complex 15mg, Vitamin B3 4mg, Thymomodulin 5mg, Magie gluconat 3mg, Kẽm Gluconat 3mg, Vitamin B5 2mg, Vitamin B1 1.5mg, Vitamin B2 1.5mg, Vitamin B6 1.5mg, Mangan sulfat 1.5mg",Cốm,Hdpharma,Hộp 20 Gói x 5g,Thực phẩm chức năng | Hỗ trợ tiêu hóa,thuc-pham-chuc-nang | thuc-pham-chuc-nang/ho-tro-tieu-hoa,True,True,110,0,https://nhathuoclongchau.com.vn/thuc-pham-chuc-nang/com-vi-sinh-bo-sung-loi-khuan-duong-ruot-lacto-biomin-gold-new-hdpharma-20-goi-x-5-g.html,thuc-pham-chuc-nang,0
2,00047382,"BỔ SUNG VITAMIN D3 HỖ TRỢ XƯƠNG, RĂNG D3 DROPS DAO NORDIC HEALTH 10ML","Dung dịch D3 Drops 10ml Dao Nordic Health bổ sung vitamin D3, hỗ trợ phát triển của xương",thuc-pham-chuc-nang/bo-sung-vitamin-d3-ho-tro-xuong-rang-d3-drops-dao-nordic-health-10-ml.html,270000.0,Hộp,đ,https://cdn.nhathuoclongchau.com.vn/unsafe/https://cms-prod.s3-sgn09.fptcloud.com/DSC_01841_7ea3c478cf.jpg,Vitamin D3 10mcg,Dung dịch,DAO Nordic Health,Hộp,"Thực phẩm chức năng | Cải thiện tăng cường chức năng | Tăng sức đề kháng, miễn dịch",thuc-pham-chuc-nang | thuc-pham-chuc-nang/cai-thien-tang-cuong-chuc-nang | thuc-pham-chuc-nang/ho-tro-mien-dich-tang-suc-de-khang,True,True,110,0,https://nhathuoclongchau.com.vn/thuc-pham-chuc-nang/bo-sung-vitamin-d3-ho-tro-xuong-rang-d3-drops-dao-nordic-health-10-ml.html,thuc-pham-chuc-nang,0
3,00046430,"SIRO HO, BỔ PHẾ LÁBEBÉ 120ML","Siro Bổ Phế Lábebé 120ml hỗ trợ bổ phế, giảm ho, giảm đờm, giảm đau họng",thuc-pham-chuc-nang/siro-giup-giam-ho-bo-phe-labebe-120-ml.html,75000.0,Hộp,đ,https://cdn.nhathuoclongchau.com.vn/unsafe/https://cms-prod.s3-sgn09.fptcloud.com/DSC_09352_ae155b3fe6.jpg,"Mạch môn 200mg, Cát cánh 90mg, Cam thảo 25mg, Xuyên tâm liên 2.5mg, Dịch chiết lá Thường xuân 9mg, Keo Ong 0.5mg",Siro,LÁBEBÉ,Hộp,"Thực phẩm chức năng | Cải thiện tăng cường chức năng | Tăng sức đề kháng, miễn dịch",thuc-pham-chuc-nang | thuc-pham-chuc-nang/cai-thien-tang-cuong-chuc-nang | thuc-pham-chuc-nang/ho-tro-mien-dich-tang-suc-de-khang,True,True,110,0,https://nhathuoclongchau.com.vn/thuc-pham-chuc-nang/siro-giup-giam-ho-bo-phe-labebe-120-ml.html,thuc-pham-chuc-nang,0
4,00045955,VIÊN UỐNG BỔ SUNG CANXI GIÚP XƯƠNG CHẮC KHỎE NUTRIGROW NUTRIMED 60V,"Viên uống NutriGrow Nutrimed bổ sung canxi, vitamin D3, vitamin K2, hấp thu canxi (60 viên)",thuc-pham-chuc-nang/vien-uong-bo-sung-canxi-giup-xuong-chac-khoe-nutrigrow-nutrimed-60-v.html,480000.0,Hộp,đ,https://cdn.nhathuoclongchau.com.vn/unsafe/https://cms-prod.s3-sgn09.fptcloud.com/DSC_05520_3e8211d9fa.jpg,"Calcium Citrate 476mg, Calcium Carbonate 375mg, Vitamin D3 200iu, Vitamin K2 30mcg, Dibasic Calcium Phosphate 152mg, Magie oxide 20mg, Kẽm oxide 1.25mg, boron citrate 926mcg, Đồng Oxit 156mcg",Viên nén,NUTRIMED,Hộp 60 Viên,Thực phẩm chức năng | Vitamin & Khoáng chất | Bổ sung Canxi & Vitamin D,thuc-pham-chuc-nang | thuc-pham-chuc-nang/vitamin-khoang-chat | thuc-pham-chuc-nang/canxi-vitamin-D,True,True,110,0,https://nhathuoclongchau.com.vn/thuc-pham-chuc-nang/vien-uong-bo-sung-canxi-giup-xuong-chac-khoe-nutrigrow-nutrimed-60-v.html,thuc-pham-chuc-nang,0
5,00045954,VIÊN UỐNG BỔ SUNG VITAMIN VÀ KHOÁNG CHẤT EASYLIFE IMMUVITA 100V,"Viên uống Immuvita Easylife bổ sung vitamin và khoáng chất cho cơ thể, tăng sức khỏe (100 viên)",thuc-pham-chuc-nang/vien-uong-bo-sung-vitamin-va-khoang-chat-easylife-immuvita-100-v.html,390000.0,Hộp,đ,https://cdn.nhathuoclongchau.com.vn/unsafe/https://cms-prod.s3-sgn09.fptcloud.com/DSC_05505_4c243a16f9.jpg,"Canxi hydrogen phosphat , Magie oxide , Canxi carbonat , Vitamin C , Vitamin E , Niacin , Sắt fumarate , Panthothenic Acid , Lutein , Vitamin A , Đồng sulfat , Kẽm (kẽm oxit) , Mangane Sulphate , Vitamin D3 , Vitamin B6 , Vitamin K1 , Vitamin B2 , Vitamin B1 , Coenzyme Q10 , Vitamin B12 , Folic Acid , Crom (III) Chloride , Kali lodide , Natri Molybdate , Natri selenite , Biotin ",Viên nén,EASYLIFE,Hộp 100 Viên,Thực phẩm chức năng | Vitamin & Khoáng chất | Vitamin tổng hợp,thuc-pham-chuc-nang | thuc-pham-chuc-nang/vitamin-khoang-chat | thuc-pham-chuc-nang/vitamin-tong-hop,True,True,110,0,https://nhathuoclongchau.com.vn/thuc-pham-chuc-nang/vien-uong-bo-sung-vitamin-va-khoang-chat-easylife-immuvita-100-v.html,thuc-pham-chuc-nang,0
6,00045449,ỐNG UỐNG CANXI-D3-K2 KINGPHAR 6X5 ỐNG,Siro ống uống Canxi-D3-K2 5ml Kingphar bổ sung canxi & vitamin D3 cho cơ thể (6 vỉ x 5 ống),thuc-pham-chuc-nang/siro-bo-sung-canxi-d3-k2-kingphar-6-x5-ong.html,105000.0,Hộp,đ,https://cdn.nhathuoclongchau.com.vn/unsafe/https://cms-prod.s3-sgn09.fptcloud.com/DSC_04874_6c29236c37.jpg,"Calci glucoheptonat 550mg, Vitamin D3 100iu, Vitamin K2 10mcg",Hỗn dịch,Kingphar,Hộp 6 Vỉ x 5 Ống,Thực phẩm chức năng | Vitamin & Khoáng chất | Bổ sung Canxi & Vitamin D,thuc-pham-chuc-nang | thuc-pham-chuc-nang/vitamin-khoang-chat | thuc-pham-chuc-nang/canxi-vitamin-D,True,True,110,0,https://nhathuoclongchau.com.vn/thuc-pham-chuc-nang/siro-bo-sung-canxi-d3-k2-kingphar-6-x5-ong.html,thuc-pham-chuc-nang,0
7,00045391,SIRO BRAUER BABY KIDS D3+K2 HIGH POTENCY MK-7 DROPS 10ML,Siro Brauer Baby Kids D3+k2 High Potency MK-7 Drops 10ml bổ sung vitamin D3 và vitamin K2,thuc-pham-chuc-nang/siro-brauer-baby-kids-d3-k2-high-potency-mk-7-drops-10-ml.html,396000.0,Hộp,đ,https://cdn.nhathuoclongchau.com.vn/unsafe/https://cms-prod.s3-sgn09.fptcloud.com/DSC_04996_7d25dc3860.jpg,"Vitamin K2 11.25mcg, Vitamin D3 5mcg",Dung dịch uống,Brauer,Hộp,Thực phẩm chức năng | Vitamin & Khoáng chất,thuc-pham-chuc-nang | thuc-pham-chuc-nang/vitamin-khoang-chat,True,True,110,0,https://nhathuoclongchau.com.vn/thuc-pham-chuc-nang/siro-brauer-baby-kids-d3-k2-high-potency-mk-7-drops-10-ml.html,thuc-pham-chuc-nang,0
8,00045385,SIRO TĂNG CƯỜNG SỨC ĐỀ KHÁNG VÀ CHIỀU CAO CHO TRẺ KID GROW KENKO 100ML,Thực phẩm bảo vệ sức khỏe KID GROW Kenko tăng cường sức đề kháng và chiều cao cho trẻ,thuc-pham-chuc-nang/siro-tang-cuong-suc-de-khang-va-chieu-cao-cho-tre-kid-grow-kenko-100-ml.html,480000.0,Hộp,đ,https://cdn.nhathuoclongchau.com.vn/unsafe/https://cms-prod.s3-sgn09.fptcloud.com/DSC_05045_e0f976ccc5.jpg,"Inulin 1500mg, Mật ong 1350mg, Oligosaccharide 450mg, Magie clorua 62.85mg, Vitamin C 30mg, Sodium Ferrous Citrat 22.5mg, Canxi lactate 20.55mg, Acid folic 7.5mg, Vitamin A 3.09mg, Kẽm 1.5mg, Actobacillus 1.5mg, Hoa cúc tím 0.75mg, Quả la hán 0.75mg, Vitamin D3 0.705mg, Vitamin B12 0.6mg, Vitamin B2 0.45mg, Vitamin B6 0.375mg, Vitamin B1 0.3mg, Dầu cá tinh luyện 0.15mg",Siro,KENKO,Hộp x 100ml,Thực phẩm chức năng | Cải thiện tăng cường chức năng,thuc-pham-chuc-nang | thuc-pham-chuc-nang/cai-thien-tang-cuong-chuc-nang,True,True,110,0,https://nhathuoclongchau.com.vn/thuc-pham-chuc-nang/siro-tang-cuong-suc-de-khang-va-chieu-cao-cho-tre-kid-grow-kenko-100-ml.html,thuc-pham-chuc-nang,0
9,00045384,"VIÊN UỐNG HỖ TRỢ NÃO BỘ, THỊ LỰC VÀ SỨC KHOẺ TIM MẠCH OMEGA 3 PLUS KENKO 120V","Thực phẩm bảo vệ sức khỏe OMEGA 3 PLUS Kenko hỗ trợ não bộ, thị lực và sức khoẻ tim mạch (120 viên)",thuc-pham-chuc-nang/vien-uong-ho-tro-nao-bo-thi-luc-va-suc-khoe-tim-mach-omega-3-plus-kenko-120-v.html,920000.0,Hộp,đ,https://cdn.nhathuoclongchau.com.vn/unsafe/https://cms-prod.s3-sgn09.fptcloud.com/DSC_05020_ce6da165fb.jpg,"Dầu hạt lanh 580mg, Omega 3 360mg, Hạt Tía Tô 183.2mg, Dầu nhuyễn thể 12mg, Vitamin E 12mg, Chiết xuất vi tảo lục 0.4mg, Nattokinase 0.4mg",Viên nang mềm,KENKO,Hộp 120 Viên,Thực phẩm chức năng | Cải thiện tăng cường chức năng,thuc-pham-chuc-nang | thuc-pham-chuc-nang/cai-thien-tang-cuong-chuc-nang,True,True,110,0,https://nhathuoclongchau.com.vn/thuc-pham-chuc-nang/vien-uong-ho-tro-nao-bo-thi-luc-va-suc-khoe-tim-mach-omega-3-plus-kenko-120-v.html,thuc-pham-chuc-nang,0
10,00045381,VIÊN UỐNG BỔ NÃO GINKGO 120 PREMIUM OMEXXEL 60V,Viên uống Omexxel Ginkgo 120 Premium hỗ trợ tốt cho não và tim mạch (60 viên),thuc-pham-chuc-nang/vien-uong-bo-nao-ginkgo-120-premium-omexxel-60-v.html,788000.0,Hộp,đ,https://cdn.nhathuoclongchau.com.vn/unsafe/https://cms-prod.s3-sgn09.fptcloud.com/DSC_09431_43751644ff.jpg,"Bạch quả 120mg, Nhân Sâm 100mg, Coenzym Q10 30mg, magnesi 28mg, Canxi 27mg, Kẽm 15mg, Vitamin PP 20mg, Vitamin B6 2mg, Vitamin B5 5mg, Vitamin B1 2mg, Vitamin B2 1mg, Vitamin D3 10mcg",Viên nang cứng,OMEXXEL,Hộp 60 Viên,Thực phẩm chức năng | Thần kinh não | Bổ não - cải thiện trí nhớ,thuc-pham-chuc-nang | thuc-pham-chuc-nang/than-kinh-nao | thuc-pham-chuc-nang/bo-nao-cai-thien-tri-nho,True,True,110,0,https://nhathuoclongchau.com.vn/thuc-pham-chuc-nang/vien-uong-bo-nao-ginkgo-120-premium-omexxel-60-v.html,thuc-pham-chuc-nang,0
11,00045364,VIÊN UỐNG BỔ SUNG OMEGA 3-6-9 PREMIUM OMEXXEL 100V,Viên uống Omexxel 3-6-9 Premium hỗ trợ tốt cho não và mắt (100 viên),thuc-pham-chuc-nang/vien-uong-bo-sung-omega-3-6-9-premium-omexxel-100-v.html,453000.0,Hộp,đ,https://cdn.nhathuoclongchau.com.vn/unsafe/https://cms-prod.s3-sgn09.fptcloud.com/DSC_09384_b9a30a1717.jpg,"Omega 3 400mg, Omega 6 400mg, Omega 9 400mg, Tinh dầu tỏi 2mg, Vitamin A 300mcg, Vitamin E 3mg",Viên nang mềm,OMEXXEL,Hộp 100 Viên,Thực phẩm chức năng | Vitamin & Khoáng chất,thuc-pham-chuc-nang | thuc-pham-chuc-nang/vitamin-khoang-chat,True,True,110,0,https://nhathuoclongchau.com.vn/thuc-pham-chuc-nang/vien-uong-bo-sung-omega-3-6-9-premium-omexxel-100-v.html,thuc-pham-chuc-nang,0
12,00045177,VIÊN UỐNG HỖ TRỢ THỊ LỰC SKILLMAX OCAVILL 2X15,"Viên uống SkillMax Ocavill hỗ trợ tăng cường thị lực, cải thiện các triệu chứng khô mắt, mỏi mắt (2 vỉ x 15 viên)",thuc-pham-chuc-nang/vien-uong-ho-tro-thi-luc-skillmax-ocavill-2-x15.html,670000.0,Hộp,đ,https://cdn.nhathuoclongchau.com.vn/unsafe/https://cms-prod.s3-sgn09.fptcloud.com/DSC_08597_11fd7bb1fe.jpg,"Dầu nhuyễn thể 1000mg, Lutein 10mg, Zeaxanthin 2mg, Vitamin A 0.04mg, Eicosapentaenoic acid 120mg, Astaxanthin 0.2mg, Phospholipids 440mg",Viên nang mềm,OCAVILL,Hộp 2 Vỉ x 15 Viên,"Thực phẩm chức năng | Cải thiện tăng cường chức năng | Bổ mắt, bảo vệ mắt",thuc-pham-chuc-nang | thuc-pham-chuc-nang/cai-thien-tang-cuong-chuc-nang | thuc-pham-chuc-nang/bao-ve-mat,True,True,110,0,https://nhathuoclongchau.com.vn/thuc-pham-chuc-nang/vien-uong-ho-tro-thi-luc-skillmax-ocavill-2-x15.html,thuc-pham-chuc-nang,0
13,00044006,VIÊN UỐNG TĂNG TUẦN HOÀN MÁU NÃO PIKOLIN OCAVILL 2X15,"Viên uống Pikolin Ocavill hỗ trợ tăng tuần hoàn máu não, giảm hình thành cục máu đông (2 vỉ x 15 viên)",thuc-pham-chuc-nang/vien-uong-tang-tuan-hoan-mau-nao-pikolin-ocavill-2-x15.html,615000.0,Hộp,đ,https://cdn.nhathuoclongchau.com.vn/unsafe/https://cms-prod.s3-sgn09.fptcloud.com/DSC_08507_dda074fe01.png,"Acid folic 200mcg, Vitamin B6 1.6mg, Vitamin B1 1.4mg, Coenzyme Q10 20mg, Dầu gan cá tuyết 200mg, Melatonin 1mg, Citicoline 100mg, Nattokinase 1000, Bạch quả 120mg",Viên nang mềm,OCAVILL,Hộp 2 Vỉ x 15 Viên,Thực phẩm chức năng | Thần kinh não | Tuần hoàn máu,thuc-pham-chuc-nang | thuc-pham-chuc-nang/than-kinh-nao | thuc-pham-chuc-nang/tuan-hoan-mau,True,True,110,0,https://nhathuoclongchau.com.vn/thuc-pham-chuc-nang/vien-uong-tang-tuan-hoan-mau-nao-pikolin-ocavill-2-x15.html,thuc-pham-chuc-nang,0
14,00043230,VIÊN NHAI HỖ TRỢ SỰ PHÁT TRIỂN XƯƠNG CHO TRẺ EM BORNE MINERAL NEW NORDIC 120V,"Viên nhai Borne Mineral New Nordic hỗ trợ phát triển xương, giúp tăng chiều cao, tăng đề kháng (120 viên)",thuc-pham-chuc-nang/vien-nhai-ho-tro-su-phat-trien-xuong-cho-tre-em-borne-mineral-new-nordic-120-v.html,635000.0,Hộp,đ,https://cdn.nhathuoclongchau.com.vn/unsafe/https://cms-prod.s3-sgn09.fptcloud.com/DSC_08913_afa4db8279.jpg,"Canxi 300mg, Magie 90mg, Vitamin D3 0.005mg",Viên nén nhai,NEW NORDIC,Hộp 120 Viên,Thực phẩm chức năng | Hỗ trợ điều trị | Cơ xương khớp,thuc-pham-chuc-nang | thuc-pham-chuc-nang/ho-tro-dieu-tri | thuc-pham-chuc-nang/xuong-khop,True,True,110,0,https://nhathuoclongchau.com.vn/thuc-pham-chuc-nang/vien-nhai-ho-tro-su-phat-trien-xuong-cho-tre-em-borne-mineral-new-nordic-120-v.html,thuc-pham-chuc-nang,0
15,00040747,"VIÊN UỐNG BỔ SUNG CANXI, GIẢM NGUY CƠ LOÃNG XƯƠNG CALCIUM PREMIUM JPANWELL 120V","Thực phẩm bảo vệ sức khỏe Calcium Premium JpanWell bổ sung canxi, giảm nguy cơ loãng xương (120 viên)",thuc-pham-chuc-nang/vien-uong-bo-sung-canxi-giam-nguy-co-loang-xuong-calcium-premium-jpanwell-120-v.html,920000.0,Hộp,đ,https://cdn.nhathuoclongchau.com.vn/unsafe/https://cms-prod.s3-sgn09.fptcloud.com/DSC_09985_6ae3f52230.jpg,"Canxi từ vỏ sò 1680mg, Chất xơ hòa tan 40mg, Vi khuẩn acid lactic 20mg, Magie 16mg, Sắt 4mg, Vitamin B2 2.4mg, Vitamin B1 2mg, Vitamin D3 0.06mg, Vitamin K2 0.04mg",Viên nang cứng,Jpanwell,Hộp 120 Viên,Thực phẩm chức năng | Hỗ trợ điều trị | Cơ xương khớp,thuc-pham-chuc-nang | thuc-pham-chuc-nang/ho-tro-dieu-tri | thuc-pham-chuc-nang/xuong-khop,True,True,110,0,https://nhathuoclongchau.com.vn/thuc-pham-chuc-nang/vien-uong-bo-sung-canxi-giam-nguy-co-loang-xuong-calcium-premium-jpanwell-120-v.html,thuc-pham-chuc-nang,0
16,00040073,VIÊN UỐNG HÕ TRỢ PHỤ NỮ MANG THAI VÀ PHỤ NỮ CHO CON BÚ BRAUER ULTRA PURE DHA FOR PREGNANCY & BREASTFEEDING 60V,Viên uống hỗ trợ phụ nữ mang thai và phụ nữ cho con bú Brauer Ultra Pure Dha For Pregnancy & Breastfeeding (60 viên),thuc-pham-chuc-nang/vien-uong-ho-tro-phu-nu-mang-thai-va-phu-nu-cho-con-bu-brauer-ultra-pure-dha-for-pregnancy-and-breastfeeding-60-v.html,550000.0,Hộp,đ,https://cdn.nhathuoclongchau.com.vn/unsafe/https://cms-prod.s3-sgn09.fptcloud.com/DSC_09544_d2a3970fcb.jpg,"Omega-3 triglycerides từ dầu cá cô đặc 638.3mg, Kẽm glycinat 17.7mg, Chiết xuất hoa cúc vạn thọ 6.86mg, Lutein 515mcg, Colecalciferol 5mcg",Viên nang mềm,Brauer,Hộp 60 Viên,Thực phẩm chức năng | Vitamin & Khoáng chất,thuc-pham-chuc-nang | thuc-pham-chuc-nang/vitamin-khoang-chat,True,True,110,0,https://nhathuoclongchau.com.vn/thuc-pham-chuc-nang/vien-uong-ho-tro-phu-nu-mang-thai-va-phu-nu-cho-con-bu-brauer-ultra-pure-dha-for-pregnancy-and-breastfeeding-60-v.html,thuc-pham-chuc-nang,0
17,00039928,VIÊN SỦI KUDOS KIDS MULTIVITAMINS PLUS CALCIUM & D3 HƯƠNG DƯA HẤU 20V,Viên sủi Kudos Kids Multivitamins Plus Calcium & D3 hương dưa hấu giúp bổ sung calci và vitamin cho cơ thể (20 viên),thuc-pham-chuc-nang/vien-sui-kudos-kids-multivitamins-plus-calcium-and-d3-huong-dua-hau-20-v.html,159000.0,Tuýp,đ,https://cdn.nhathuoclongchau.com.vn/unsafe/https://cms-prod.s3-sgn09.fptcloud.com/DSC_09365_33ea32b9d1.jpg,"Calci carbonat 200mg, Vitamin C 80mg, Niacin 15mg ne, Vitamin E 12mg α-te, Acid pantothenic 6mg, Vitamin B6 1.4mg, Vitamin B2 1.4mg, Vitamin B1 1.1mg, Vitamin A 500mcg re, Acid folic 200mcg, Biotin 50mcg, Vitamin D3 5mcg, Vitamin B12 2.5mcg",Viên sủi,KUDOS,Tuýp 20 Viên,Thực phẩm chức năng | Vitamin & Khoáng chất,thuc-pham-chuc-nang | thuc-pham-chuc-nang/vitamin-khoang-chat,True,True,110,0,https://nhathuoclongchau.com.vn/thuc-pham-chuc-nang/vien-sui-kudos-kids-multivitamins-plus-calcium-and-d3-huong-dua-hau-20-v.html,thuc-pham-chuc-nang,0
18,00039927,VIÊN SỦI KUDOS DAILY VITAMINS PLUS BIOTIN & GINSENG HƯƠNG CAM 20V,Viên sủi Kudos Daily Vitamins Plus Biotin & Ginseng hương cam giúp bổ sung vitamin cho cơ thể (20 viên),thuc-pham-chuc-nang/vien-sui-kudos-daily-vitamins-plus-biotin-and-ginseng-huong-cam-20-v.html,139000.0,Tuýp,đ,https://cdn.nhathuoclongchau.com.vn/unsafe/https://cms-prod.s3-sgn09.fptcloud.com/DSC_09335_24b9811179.jpg,"Vitamin C 100mg, Chiết xuất nhân sâm 50mg, Niacin 16mg ne, Vitamin E 12mg α-te, Acid pantothenic 6mg, Vitamin B2 1.4mg, Vitamin B6 1.4mg, Vitamin B1 1.1mg, Vitamin A 800mcg re, Acid folic 200mcg, Biotin 148mcg, Vitamin D3 5mcg, Vitamin B12 5mcg",Viên sủi,KUDOS,Tuýp 20 Viên,Thực phẩm chức năng | Vitamin & Khoáng chất,thuc-pham-chuc-nang | thuc-pham-chuc-nang/vitamin-khoang-chat,True,True,110,0,https://nhathuoclongchau.com.vn/thuc-pham-chuc-nang/vien-sui-kudos-daily-vitamins-plus-biotin-and-ginseng-huong-cam-20-v.html,thuc-pham-chuc-nang,0
19,00039925,VIÊN SỦI KUDOS VITAMIN C 1000 MG HƯƠNG CHANH 20V,Viên sủi Kudos Vitamin C 1000mg hương chanh giúp bổ sung vitamin C cho cơ thể (20 viên),thuc-pham-chuc-nang/vien-sui-kudos-vitamin-c-1000-mg-huong-chanh-20-v.html,126000.0,Tuýp,đ,https://cdn.nhathuoclongchau.com.vn/unsafe/https://cms-prod.s3-sgn09.fptcloud.com/DSC_09324_db795e136a.jpg,Vitamin C 1000mg,Viên sủi,KUDOS,Tuýp 20 Viên,Thực phẩm chức năng | Vitamin & Khoáng chất,thuc-pham-chuc-nang | thuc-pham-chuc-nang/vitamin-khoang-chat,True,True,110,0,https://nhathuoclongchau.com.vn/thuc-pham-chuc-nang/vien-sui-kudos-vitamin-c-1000-mg-huong-chanh-20-v.html,thuc-pham-chuc-nang,0
20,00039601,SIRO BỔ SUNG LỢI KHUẨN CHO BÉ BRAUER BABY & CHILD IMMUNE DEFENCE PROBIOTIC LIQUID 45ML,Siro Immune Defence Probiotic Liquid Brauer giúp tăng cường sức đề kháng và tốt cho đường ruột (45ml),thuc-pham-chuc-nang/siro-bo-sung-loi-khuan-cho-be-brauer-baby-and-child-immune-defence-probiotic-liquid-45-ml.html,550000.0,Hộp,đ,https://cdn.nhathuoclongchau.com.vn/unsafe/https://cms-prod.s3-sgn09.fptcloud.com/DSC_08363_4cc0bfe6e0.jpg,"bifidobacterium longum BB536 0.5tỷ cfu, bifidobacterium breve M-16V 0.5tỷ cfu, bifidobacterium infantis M-63 0.5tỷ cfu, Acid citric , Chất nhũ hoá , Chất chống đông vón , Chất chống oxy hóa ",Siro,Brauer,Hộp x 45ml,"Thực phẩm chức năng | Cải thiện tăng cường chức năng | Tăng sức đề kháng, miễn dịch",thuc-pham-chuc-nang | thuc-pham-chuc-nang/cai-thien-tang-cuong-chuc-nang | thuc-pham-chuc-nang/ho-tro-mien-dich-tang-suc-de-khang,True,True,110,0,https://nhathuoclongchau.com.vn/thuc-pham-chuc-nang/siro-bo-sung-loi-khuan-cho-be-brauer-baby-and-child-immune-defence-probiotic-liquid-45-ml.html,thuc-pham-chuc-nang,0
21,00039538,"VIÊN SỦI KUDOS BONE HEALTH CALCIUM, D3 & VITAMIN K2 HƯƠNG CAM 20V","Viên sủi Kudos Bone hương cam bổ sung canxi, vitamin K2, vitamin D3 cho cơ thể (20 viên)",thuc-pham-chuc-nang/vien-sui-kudos-bone-health-calcium-d3-and-vitamin-k2-huong-cam-20-v.html,126000.0,Tuýp,đ,https://cdn.nhathuoclongchau.com.vn/unsafe/https://cms-prod.s3-sgn09.fptcloud.com/DSC_09344_b38a024079.jpg,"Calci carbonat 500mg, Vitamin K2 19mcg, Cholecalciferol (Vitamin D3) 5mcg",Viên sủi,KUDOS,Tuýp 20 Viên,Thực phẩm chức năng | Vitamin & Khoáng chất,thuc-pham-chuc-nang | thuc-pham-chuc-nang/vitamin-khoang-chat,True,True,110,0,https://nhathuoclongchau.com.vn/thuc-pham-chuc-nang/vien-sui-kudos-bone-health-calcium-d3-and-vitamin-k2-huong-cam-20-v.html,thuc-pham-chuc-nang,0
22,00038874,"VIÊN UỐNG CẢI THIỆN DA, MÓNG, TÓC BIO HAIR, NAIL & SKIN ROYAL CARE 30V ","Thực phẩm bảo vệ sức khỏe Royal Care Bio Hair, Nail & Skin hỗ trợ cải thiện sạm da, khô da, móng tóc chắc khoẻ (30 viên)",thuc-pham-chuc-nang/vien-uong-cai-thien-da-mong-toc-bio-hair-nail-and-skin-royal-care-30v.html,160000.0,Hộp,đ,https://cdn.nhathuoclongchau.com.vn/unsafe/https://cms-prod.s3-sgn09.fptcloud.com/1_a2daaedb7c.jpg,"L-Cystine 200mg, MSM 75mg, Kẽm Gluconat 45mg, L-Glutathione 30mg, myo-inositol 30mg, Vitamin B5 30mg, Chiết xuất Cây cọ lùn (Saw Palmetto) 20mg, DL-Methionine 20mg, Biotin 13mg, Magnesium gluconate 10mg, Ferronyl iron 7.5mg, Silic Dioxit 5mg, Đồng gluconat 500mcg",Viên nang,Royal Care,Hộp 30 Viên,Thực phẩm chức năng | Hỗ trợ làm đẹp,thuc-pham-chuc-nang | thuc-pham-chuc-nang/lam-dep,True,True,110,0,https://nhathuoclongchau.com.vn/thuc-pham-chuc-nang/vien-uong-cai-thien-da-mong-toc-bio-hair-nail-and-skin-royal-care-30v.html,thuc-pham-chuc-nang,0
23,00503276,VIÊN UỐNG HỖ TRỢ TĂNG CƯỜNG TUẦN HOÀN NÃO NATTO GOLD 3000FU ROYAL CARE 60V,"Viên uống Natto Gold 3000FU Royal Care hỗ trợ hoạt huyết, tăng cường tuần hoàn não (60 viên)",thuc-pham-chuc-nang/vien-uong-ho-tro-tang-cuong-tuan-hoan-nao-natto-gold-3000fu-royal-care-60v-37579.html,295000.0,Hộp,đ,https://cdn.nhathuoclongchau.com.vn/unsafe/https://cms-prod.s3-sgn09.fptcloud.com/00503276_vien_uong_ho_tro_tang_cuong_tuan_hoan_nao_natto_gold_3000fu_royal_care_60v_8247_63ed_large_1d74618cb5.jpg,"Coenzyme Q10 200mcg, Acid folic 800mcg, Vitamin B1 2mg, Kẽm Gluconat 2.5mg, Rutin 20mg, DHA 10% 20mg, Sữa ong chúa 20mg, Sắt fumarate 30mg, Đinh lăng 30mg, Rau đắng biển 45mg, Magnesi oxyd 100mg, Men gạo đỏ 100mg, Cao giảo cổ lam 100mg, Bạch quả 240mg, Nattokinase 3000",Viên nang cứng,Royal Care,Hộp 60 Viên,Thực phẩm chức năng | Thần kinh não,thuc-pham-chuc-nang | thuc-pham-chuc-nang/than-kinh-nao,True,True,110,0,https://nhathuoclongchau.com.vn/thuc-pham-chuc-nang/vien-uong-ho-tro-tang-cuong-tuan-hoan-nao-natto-gold-3000fu-royal-care-60v-37579.html,thuc-pham-chuc-nang,0
24,00503156,VIÊN UỐNG BỔ NÃO OMEXXEL GINKGO 120 60V,"Viên uống Omexxel Ginkgo 120 hỗ trợ tăng cường tuần hoàn máu não, tốt cho tim mạch (60 viên)",thuc-pham-chuc-nang/vien-uong-bo-nao-omexxel-ginkgo-120-60v-37462.html,688000.0,Hộp,đ,https://cdn.nhathuoclongchau.com.vn/unsafe/https://cms-prod.s3-sgn09.fptcloud.com/DSC_09493_5c9f6d0911.jpg,"Dầu cá 500mg, Chiết xuất lá Bạch quả 120mg",Viên nang mềm,OMEXXEL,Hộp 60 Viên,Thực phẩm chức năng | Thần kinh não,thuc-pham-chuc-nang | thuc-pham-chuc-nang/than-kinh-nao,True,True,110,0,https://nhathuoclongchau.com.vn/thuc-pham-chuc-nang/vien-uong-bo-nao-omexxel-ginkgo-120-60v-37462.html,thuc-pham-chuc-nang,0
25,00502900,"LADODETOX NOSAMIN 10 GÓI X 15ML - HỖ TRỢ GIẢI RƯỢU, BIA, BẢO VỆ TẾ BÀO GAN","Nước giải rượu bia Ladodetox Nosamin Ladophar hỗ trợ giải rượu, bia, giảm khó chịu (10 gói x 15ml)",thuc-pham-chuc-nang/ladodetox-nosamin-10-goi-x-15ml-ho-tro-giai-ruou-bia-bao-ve-te-bao-gan-37208.html,390000.0,Hộp,đ,https://cdn.nhathuoclongchau.com.vn/unsafe/https://cms-prod.s3-sgn09.fptcloud.com/00502900_ladodetox_nosamin_10_goi_x_15ml_ho_tro_giai_ruou_bia_bao_ve_te_bao_gan_2028_639a_large_50f26dee42.jpg,"Dịch chiết trà xanh 300mg, Cao đặc Ưng bất bạc 300mg, Cao đặc hoa Actisô 300mg, Cao đặc lá Actisô 600mg, Đảng Sâm 10g",Dung dịch uống,Ladophar,Hộp 10 Gói x 15ml,"Thực phẩm chức năng | Cải thiện tăng cường chức năng | Giải rượu, cai rượu",thuc-pham-chuc-nang | thuc-pham-chuc-nang/cai-thien-tang-cuong-chuc-nang | thuc-pham-chuc-nang/giai-ruou,True,True,110,0,https://nhathuoclongchau.com.vn/thuc-pham-chuc-nang/ladodetox-nosamin-10-goi-x-15ml-ho-tro-giai-ruou-bia-bao-ve-te-bao-gan-37208.html,thuc-pham-chuc-nang,0
26,00502653,"LIVESPO DIA 30 10 ỐNG X 5ML - BÀO TỬ LỢI KHUẨN CHO NGƯỜI TIÊU CHẢY, RỐI LOẠN TIÊU HÓA","Bào tử lợi khuẩn Livespo DIA 30 hỗ trợ giảm các triệu chứng tiêu chảy cấp tính, rối loạn tiêu hoá (10 ống x 5ml)",thuc-pham-chuc-nang/livespo-dia-30-10-ong-x-5ml-bao-tu-loi-khuan-cho-nguoi-tieu-chay-roi-loan-tieu-hoa-36914.html,270000.0,Hộp,đ,https://cdn.nhathuoclongchau.com.vn/unsafe/https://cms-prod.s3-sgn09.fptcloud.com/DSC_05147_afc678a00f.png,"Bacillus coagulans , Bacillus subtilis , Bacillus clausii 5000000000bào tử/g",Dung dịch uống,Livespo,Hộp 2 Vỉ x 5 Ống x 5ml,Thực phẩm chức năng | Hỗ trợ tiêu hóa | Vi sinh - Probiotic,thuc-pham-chuc-nang | thuc-pham-chuc-nang/ho-tro-tieu-hoa | thuc-pham-chuc-nang/vi-sinh-probiotic,True,True,110,0,https://nhathuoclongchau.com.vn/thuc-pham-chuc-nang/livespo-dia-30-10-ong-x-5ml-bao-tu-loi-khuan-cho-nguoi-tieu-chay-roi-loan-tieu-hoa-36914.html,thuc-pham-chuc-nang,0
27,00502554,VIÊN UỐNG CALCI NANO HẢI THƯỢNG VƯƠNG 60V,"Viên uống Calci Nano Hải Thượng Vương bổ sung Calci, vitamin D3 cho cơ thể (60 viên)",thuc-pham-chuc-nang/vien-uong-calci-nano-hai-thuong-vuong-60v-36815.html,347000.0,Hộp,đ,https://cdn.nhathuoclongchau.com.vn/unsafe/https://cms-prod.s3-sgn09.fptcloud.com/DSC_00130_14b87ced2e.jpg,"Calci carbonate nano 250mg, Aquamin F 650mg, Calci gluconat 200mg, Menaquinone MK7 12mcg, Magie 30mg, Kẽm Gluconat 10mg, Vitamin D3 600iu, Đường Fructose - Oligosaccharide 100mg",Viên nang cứng,Hải Thượng Vương,Hộp 60 Viên,Thực phẩm chức năng | Hỗ trợ điều trị | Cơ xương khớp,thuc-pham-chuc-nang | thuc-pham-chuc-nang/ho-tro-dieu-tri | thuc-pham-chuc-nang/xuong-khop,True,True,110,0,https://nhathuoclongchau.com.vn/thuc-pham-chuc-nang/vien-uong-calci-nano-hai-thuong-vuong-60v-36815.html,thuc-pham-chuc-nang,0
28,00502520,VIÊN XƯƠNG KHỚP TRIPLE STRENGTH GLUCOSAMINE 1500MG PHARMEKAL 60V,Viên uống Triple Strength Glucosamine 1500mg Pharmekal bổ sung dưỡng chất cho khớp (60 viên),thuc-pham-chuc-nang/vien-xuong-khop-triple-strength-glucosamine-1500mg-pharmekal-60v-36774.html,326000.0,Hộp,đ,https://cdn.nhathuoclongchau.com.vn/unsafe/https://cms-prod.s3-sgn09.fptcloud.com/00502520_vien_xuong_khop_triple_strength_glucosamine_1500mg_pharmekal_60v_4042_6356_large_467c9dcdf8.jpg,"Glucosamine Hydrochloride 1500mg, MSM 500mg, Collagen type I&III 400mg, Stearic acid , Magnesium stearate , Silicon Dioxyde , Croscamello Sodium , Chondroitin sulfate 100mg, Vitamin D3 400iu",Viên nén,Pharmekal,Hộp 60 Viên,Thực phẩm chức năng | Hỗ trợ điều trị | Cơ xương khớp,thuc-pham-chuc-nang | thuc-pham-chuc-nang/ho-tro-dieu-tri | thuc-pham-chuc-nang/xuong-khop,True,True,110,0,https://nhathuoclongchau.com.vn/thuc-pham-chuc-nang/vien-xuong-khop-triple-strength-glucosamine-1500mg-pharmekal-60v-36774.html,thuc-pham-chuc-nang,0
29,00501623,SOKI DELI GIÚP ĂN NGON 18 GÓI X 4G,"Bột hòa tan Soki Deli cải thiện tình trạng biếng ăn, tăng cường tiêu hóa và hấp thu (18 gói x 4g)",thuc-pham-chuc-nang/soki-deli-18-goi-x-4g-35769.html,360000.0,Hộp,đ,https://cdn.nhathuoclongchau.com.vn/unsafe/https://cms-prod.s3-sgn09.fptcloud.com/00501623_soki_deli_18_goi_x_4g_4693_62fb_large_29dea8fcc9.jpg,"Colostrum 300mg, Lysin hydrochlorid 300mg, Vitamin B1 0.25mg, 2’-FL HMO 20mg, Đạm sữa thủy phân 20mg, Kẽm Gluconat 14mg, Chiết xuất Tía tô xanh 50mg",Dạng bột,Soki,Hộp 18 Gói x 4g,Thực phẩm chức năng | Cải thiện tăng cường chức năng | Hỗ trợ trao đổi chất,thuc-pham-chuc-nang | thuc-pham-chuc-nang/cai-thien-tang-cuong-chuc-nang | thuc-pham-chuc-nang/ho-tro-trao-doi-chat,True,True,110,0,https://nhathuoclongchau.com.vn/thuc-pham-chuc-nang/soki-deli-18-goi-x-4g-35769.html,thuc-pham-chuc-nang,0
30,00501604,ỐNG UỐNG BỔ SUNG SẮT FEGINIC 4X5 ỐNG 5ML,Dung dịch Feginic bổ sung sắt cho người thiếu máu do thiếu sắt (4 vỉ x 5 ống x 5ml),thuc-pham-chuc-nang/ong-uong-bo-sung-sat-feginic-4x5-ong-5ml-35756.html,108000.0,Hộp,đ,https://cdn.nhathuoclongchau.com.vn/unsafe/https://cms-prod.s3-sgn09.fptcloud.com/00501604_ong_uong_bo_sung_sat_feginic_4x5_ong_5ml_7086_62f9_large_b9aea30e80.jpg,"Sắt 50mg, Inulin 25mg, Acid folic 200mcg, Vitamin B12 1.3mcg, Vitamin B6 1mg",Dung dịch,GINIC,Hộp 4 Vỉ x 5 Ống x 5ml,Thực phẩm chức năng | Vitamin & Khoáng chất | Bổ sung Sắt & Axit Folic,thuc-pham-chuc-nang | thuc-pham-chuc-nang/vitamin-khoang-chat | thuc-pham-chuc-nang/sat-axit-folic,True,True,110,0,https://nhathuoclongchau.com.vn/thuc-pham-chuc-nang/ong-uong-bo-sung-sat-feginic-4x5-ong-5ml-35756.html,thuc-pham-chuc-nang,0
31,00501602,GINKID THANH NHIỆT MÁT GAN 4X5 ỐNG 10ML,Siro Ginkid GINIC thanh nhiệt mát gan (4 vỉ x 5 ống x 10ml),thuc-pham-chuc-nang/ginkid-thanh-nhiet-mat-gan-4x5-ong-10ml-35757.html,92000.0,Hộp,đ,https://cdn.nhathuoclongchau.com.vn/unsafe/https://cms-prod.s3-sgn09.fptcloud.com/00501602_ginkid_thanh_nhiet_mat_gan_4x5_ong_10ml_4026_62f9_large_66d619beec.jpg,"Thổ phục linh 25mg, Rau má 800mg, Sài đất 150mg, Bồ Công Anh 60mg, Thương nhĩ tử 10mg, Cam thảo 10mg, Chiết xuất Actisô 60mg, Kim ngân hoa 10mg",Dung dịch,GINKID,Hộp 4 Vỉ x 5 Ống x 10ml,Thực phẩm chức năng | Cải thiện tăng cường chức năng | Chức năng gan,thuc-pham-chuc-nang | thuc-pham-chuc-nang/cai-thien-tang-cuong-chuc-nang | thuc-pham-chuc-nang/chuc-nang-gan,True,True,110,0,https://nhathuoclongchau.com.vn/thuc-pham-chuc-nang/ginkid-thanh-nhiet-mat-gan-4x5-ong-10ml-35757.html,thuc-pham-chuc-nang,0
32,00501601,"GINKID NHUẬN TRÀNG, BỔ SUNG CHẤT XƠ 3X5 ỐNG 10ML","Siro Ginkid GINIC nhuận tràng, bổ sung chất xơ (3 vỉ x 5 ống x 10ml)",thuc-pham-chuc-nang/ginkid-nhuan-trang-bo-sung-chat-xo-3x5-ong-10ml-35754.html,100000.0,Hộp,đ,https://cdn.nhathuoclongchau.com.vn/unsafe/https://cms-prod.s3-sgn09.fptcloud.com/00501601_ginkid_nhuan_trang_bo_sung_chat_xo_3x5_ong_10ml_2374_62f9_large_baf2c439a9.jpg,"Tinh chất men bia 125mg, Inulin 15625mg, Fructooligosaccharides 15625mg, Phan tả diệp 7813mg",Siro,GINKID,Hộp 3 Vỉ x 5 Ống x 10ml,Thực phẩm chức năng | Hỗ trợ tiêu hóa | Táo bón,thuc-pham-chuc-nang | thuc-pham-chuc-nang/ho-tro-tieu-hoa | thuc-pham-chuc-nang/tao-bon,True,True,110,0,https://nhathuoclongchau.com.vn/thuc-pham-chuc-nang/ginkid-nhuan-trang-bo-sung-chat-xo-3x5-ong-10ml-35754.html,thuc-pham-chuc-nang,0
33,00501600,"GINKID ZINC 4X5 ỐNG 5ML - BỔ SUNG KẼM, TĂNG ĐỀ KHÁNG","Siro Ginkid ZinC bổ sung kẽm, hỗ trợ tăng sức đề kháng (4 vỉ x 5 ống x 5ml)",thuc-pham-chuc-nang/ginkid-zinc-4x5-ong-5ml-bo-sung-kem-tang-de-khang-35752.html,89000.0,Hộp,đ,https://cdn.nhathuoclongchau.com.vn/unsafe/https://cms-prod.s3-sgn09.fptcloud.com/00501600_ginkid_zinc_4x5_ong_5ml_bo_sung_kem_tang_de_khang_3041_62f9_large_02ba9ccad1.jpg,"Kẽm Gluconat 525mg, Vitamin B1 12.5mg, Vitamin C 375mg, Vitamin B6 12.5mg, Vitamin PP 75mg, Vitamin B2 12.5mg",Siro,GINKID,Hộp 4 Vỉ x 5 Ống x 5ml,"Thực phẩm chức năng | Cải thiện tăng cường chức năng | Tăng sức đề kháng, miễn dịch",thuc-pham-chuc-nang | thuc-pham-chuc-nang/cai-thien-tang-cuong-chuc-nang | thuc-pham-chuc-nang/ho-tro-mien-dich-tang-suc-de-khang,True,True,110,0,https://nhathuoclongchau.com.vn/thuc-pham-chuc-nang/ginkid-zinc-4x5-ong-5ml-bo-sung-kem-tang-de-khang-35752.html,thuc-pham-chuc-nang,0
34,00501599,"SIRO HO, BỔ PHẾ GINKID HOCAM NEW 80ML","Siro Ginkid Ho Cam NEW 80ml hỗ trợ bổ phế, giảm ho, nhuận phế",thuc-pham-chuc-nang/siro-ginkid-hocam-new-80ml-ho-tro-giam-ho-bo-phe-35753.html,59000.0,Hộp,đ,https://cdn.nhathuoclongchau.com.vn/unsafe/https://cms-prod.s3-sgn09.fptcloud.com/00501599_siro_ginkid_hocam_new_80ml_ho_tro_giam_ho_bo_phe_1484_62fd_large_575a34209b.jpg,"Húng chanh 62.5mg, Mật ong 11250mg, Thymomodulin 312.5mg, Xuyên bối mẫu 7800mg, Trần bì 7800mg, Kim ngân hoa 7800mg, Tang bạch bì 7800mg, Cát cánh 7800mg, Bách bộ 7800mg, Tỳ bà diệp 7800mg",Siro,GINKID,Hộp x 80ml,"Thực phẩm chức năng | Hỗ trợ điều trị | Hô hấp, ho, xoang",thuc-pham-chuc-nang | thuc-pham-chuc-nang/ho-tro-dieu-tri | thuc-pham-chuc-nang/suc-khoe-duong-ho-hap-ho-xoang,True,True,110,0,https://nhathuoclongchau.com.vn/thuc-pham-chuc-nang/siro-ginkid-hocam-new-80ml-ho-tro-giam-ho-bo-phe-35753.html,thuc-pham-chuc-nang,0
35,00501425,LIVESPO CLAUSY 25 ỐNG X 5ML - BÀO TỬ LỢI KHUẨN KHÁNG ĐA KHÁNG SINH,"Dung dịch LiveSpo Clausy bổ sung lợi khuẩn, giúp cân bằng hệ vi sinh đường ruột (25 ống x 5ml)",thuc-pham-chuc-nang/livespo-clausy-25-ong-x-5ml-bao-tu-loi-khuan-khang-da-khang-sinh-35574.html,159000.0,Hộp,đ,https://cdn.nhathuoclongchau.com.vn/unsafe/https://cms-prod.s3-sgn09.fptcloud.com/DSC_03069_de090fdc3c.jpg,Bacillus clausii 2X10^9cfu,Dung dịch,Livespo,Hộp 25 Ống x 5ml,Thực phẩm chức năng | Hỗ trợ tiêu hóa | Vi sinh - Probiotic,thuc-pham-chuc-nang | thuc-pham-chuc-nang/ho-tro-tieu-hoa | thuc-pham-chuc-nang/vi-sinh-probiotic,True,True,110,0,https://nhathuoclongchau.com.vn/thuc-pham-chuc-nang/livespo-clausy-25-ong-x-5ml-bao-tu-loi-khuan-khang-da-khang-sinh-35574.html,thuc-pham-chuc-nang,0
36,00501112,SI-LIVER NAGA SUPER VESTA 60V,"Viên uống Si-Liver Naga Vesta giúp tăng cường miễn dịch, phục hồi và bảo vệ gan (60 viên)",thuc-pham-chuc-nang/si-liver-naga-super-vesta-60v-35257.html,225000.0,Hộp,đ,https://cdn.nhathuoclongchau.com.vn/unsafe/https://cms-prod.s3-sgn09.fptcloud.com/00501112_si_liver_naga_super_vesta_60v_7443_6371_large_5c6c7b2847.jpg,"DL-Methionine 4mg, Artiso 100mg, Nano Curcumin 5mg, Milk thistle 80mg, L-Carnitine 16.7mg, Cao cà gai leo 100mg",Viên nang,Vesta,Hộp 60 Viên,Thực phẩm chức năng | Cải thiện tăng cường chức năng | Chức năng gan,thuc-pham-chuc-nang | thuc-pham-chuc-nang/cai-thien-tang-cuong-chuc-nang | thuc-pham-chuc-nang/chuc-nang-gan,True,True,110,0,https://nhathuoclongchau.com.vn/thuc-pham-chuc-nang/si-liver-naga-super-vesta-60v-35257.html,thuc-pham-chuc-nang,0
37,00500791,VIÊN UỐNG TĂNG ĐỀ KHÁNG MULTIVITAMIN +ZN +D3 ROYAL CARE 60V,"Viên uống Multivitamin +Zn +D3 Royal Care hỗ trợ tăng cường sức khỏe, nâng cao sức đề kháng (60 viên)",thuc-pham-chuc-nang/vien-uong-tang-de-khang-multivitamin-zn-d3-royal-care-60v-34928.html,175000.0,Hộp,đ,https://cdn.nhathuoclongchau.com.vn/unsafe/https://cms-prod.s3-sgn09.fptcloud.com/DSC_08020_1cb976cef9.png,"Vitamin B1 10mg, Vitamin C 200mg, Aquamin F 50mg, Kẽm Gluconat 35mg, Đông trùng hạ thảo 35mg, Magnesium oxide 30mg, Thái tử sâm 15mg, Vitamin E 15mg, Vitamin PP 10mg, Iron ferronyl 9mg, Vitamin H 200mcg, Vitamin B6 3mg, Vitamin B5 3mg, Mangan gluconat 1mg, Crom picolinat 0.1mg, Selen 2000ppm 1000mcg, Vitamin K 1000mcg, Vitamin B9 400mcg, Vitamin B12 5mcg, Vitamin A 500iu, Vitamin D3 400iu, Vitamin B2 3mg",Viên nang cứng,Royal Care,Hộp 60 Viên,Thực phẩm chức năng | Vitamin & Khoáng chất | Vitamin tổng hợp,thuc-pham-chuc-nang | thuc-pham-chuc-nang/vitamin-khoang-chat | thuc-pham-chuc-nang/vitamin-tong-hop,True,True,110,0,https://nhathuoclongchau.com.vn/thuc-pham-chuc-nang/vien-uong-tang-de-khang-multivitamin-zn-d3-royal-care-60v-34928.html,thuc-pham-chuc-nang,0
38,00500358,VIÊN UỐNG HỖ TRỢ PHỤ NỮ TIỀN MÃN KINH JP LADY JPANWELL 60V,Viên uống JP Lady Jpanwell cung cấp vitamin hỗ trợ phụ nữ giai đoạn tiền mãn kinh (60 viên),thuc-pham-chuc-nang/vien-uong-ho-tro-phu-nu-tien-man-kinh-jp-lady-jpanwell-60-v.html,1300000.0,Hộp,đ,https://cdn.nhathuoclongchau.com.vn/unsafe/https://cms-prod.s3-sgn09.fptcloud.com/DSC_07330_24931f6918.jpg,"Glucosamine 5mg, Soybean isoflavones 6mg, chiết xuất nhau thai heo 100mg, Resveratrol 24mg, Hypericum perforatum flowering top 38mg, Collagen cá 100mg, Chondroitin 1mg, GABA 1mg, nhân sâm Hàn Quốc 1mg, thực vật lên men 1mg, Coenzyme Q10 1mg, Chiết xuất hoa hồng 1mg, Hyaluronic Acids 1mg, chiết xuất tinh chất hoa anh đào 0.5mg",Viên nang,Jpanwell,Hộp 60 Viên,Thực phẩm chức năng | Sinh lý - Nội tiết tố | Hỗ trợ mãn kinh,thuc-pham-chuc-nang | thuc-pham-chuc-nang/sinh-ly-noi-tiet-to | thuc-pham-chuc-nang/ho-tro-man-kinh,True,True,110,0,https://nhathuoclongchau.com.vn/thuc-pham-chuc-nang/vien-uong-ho-tro-phu-nu-tien-man-kinh-jp-lady-jpanwell-60-v.html,thuc-pham-chuc-nang,0
39,00500354,VIÊN UỐNG BỔ PHỔI LUNG CARE JPANWELL 60V,"Viên uống Lung Care+ Jpanwell hỗ trợ hệ hô hấp, giúp phổi khỏe mạnh (60 viên)",thuc-pham-chuc-nang/vien-uong-bo-phoi-lung-care-jpanwell-60v-34462.html,995000.0,Hộp,đ,https://cdn.nhathuoclongchau.com.vn/unsafe/https://cms-prod.s3-sgn09.fptcloud.com/00500354_vien_uong_bo_phoi_lung_care_jpanwell_60v_2989_6298_large_555c3d0685.jpg,bột hoa cúc tím 150mg,Viên nang,Jpanwell,Hộp 60 Viên,"Thực phẩm chức năng | Hỗ trợ điều trị | Hô hấp, ho, xoang",thuc-pham-chuc-nang | thuc-pham-chuc-nang/ho-tro-dieu-tri | thuc-pham-chuc-nang/suc-khoe-duong-ho-hap-ho-xoang,True,True,110,0,https://nhathuoclongchau.com.vn/thuc-pham-chuc-nang/vien-uong-bo-phoi-lung-care-jpanwell-60v-34462.html,thuc-pham-chuc-nang,0
40,00500122,VIÊN UỐNG HỖ TRỢ CÂN BẰNG NỘI TIẾT TỐ LÉANA OCAVILL 60V,Viên uống LéAna Ocavill hỗ trợ cân bằng nội tiết tố (60 viên),thuc-pham-chuc-nang/vien-uong-ho-tro-can-bang-noi-tiet-to-leana-ocavill-60v-34204.html,680000.0,Hộp,đ,https://cdn.nhathuoclongchau.com.vn/unsafe/https://cms-prod.s3-sgn09.fptcloud.com/DSC_08550_a755c970a2.png,"Tinh dầu hoa anh thảo 1000mg, Vitamin E 20mg, Nhân Sâm 200mg, Trinh nữ 40mg, Chiết xuất Maca 350mg",Viên nang mềm,OCAVILL,Hộp 60 Viên,Thực phẩm chức năng | Sinh lý - Nội tiết tố | Cân bằng nội tiết tố,thuc-pham-chuc-nang | thuc-pham-chuc-nang/sinh-ly-noi-tiet-to | thuc-pham-chuc-nang/can-bang-noi-tiet-to,True,True,110,0,https://nhathuoclongchau.com.vn/thuc-pham-chuc-nang/vien-uong-ho-tro-can-bang-noi-tiet-to-leana-ocavill-60v-34204.html,thuc-pham-chuc-nang,0
41,00500119,"VIÊN UỐNG BỔ SUNG CANXI, GIẢM NGUY CƠ LOÃNG XƯƠNG DR.CACI OCAVILL 60V",Viên uống Dr. Caci Ocavill giúp xương và răng chắc khỏe (60 viên),thuc-pham-chuc-nang/vien-uong-ho-tro-giam-nguy-co-loang-xuong-drcaci-ocavill-60v-34202.html,570000.0,Hộp,đ,https://cdn.nhathuoclongchau.com.vn/unsafe/https://cms-prod.s3-sgn09.fptcloud.com/DSC_08680_827789c4f8.jpg,"Canxi bisglycinate 1000.00mg, Vitamin D3 400iu, Vitamin K2 40.00mcg, Magie oxide 88.00mg",Viên nang cứng,OCAVILL,Hộp 60 viên,Thực phẩm chức năng | Vitamin & Khoáng chất | Vitamin tổng hợp,thuc-pham-chuc-nang | thuc-pham-chuc-nang/vitamin-khoang-chat | thuc-pham-chuc-nang/vitamin-tong-hop,True,True,110,0,https://nhathuoclongchau.com.vn/thuc-pham-chuc-nang/vien-uong-ho-tro-giam-nguy-co-loang-xuong-drcaci-ocavill-60v-34202.html,thuc-pham-chuc-nang,0
42,00345910,XỊT HỌNG XUYÊN TÂM LIÊN HẢI THƯỢNG VƯƠNG 30ML,"Xịt họng Xuyên Tâm Liên Hải Thượng Vương hỗ trợ giảm ho, giảm đờm, giảm đau rát họng, khàn tiếng (30ml)",thuc-pham-chuc-nang/xit-hong-xuyen-tam-lien-hai-thuong-vuong-30ml-34071.html,106000.0,Hộp,đ,https://cdn.nhathuoclongchau.com.vn/unsafe/https://cms-prod.s3-sgn09.fptcloud.com/00345910_xit_hong_xuyen_tam_lien_hai_thuong_vuong_30ml_5572_6272_large_330958447c.jpg,"Keo Ong 2000mg, Cao lá thường xuân 700mg, Xuyên tâm liên 500mg, Chiết xuất cúc la mã 100mg, dịch chiết quả sơ ri 100mg, Tinh dầu bạc hà 12mg, chiết xuất cúc tím 300mg",Dung dịch,Hải Thượng Vương,Hộp,"Thực phẩm chức năng | Hỗ trợ điều trị | Hô hấp, ho, xoang",thuc-pham-chuc-nang | thuc-pham-chuc-nang/ho-tro-dieu-tri | thuc-pham-chuc-nang/suc-khoe-duong-ho-hap-ho-xoang,True,True,110,0,https://nhathuoclongchau.com.vn/thuc-pham-chuc-nang/xit-hong-xuyen-tam-lien-hai-thuong-vuong-30ml-34071.html,thuc-pham-chuc-nang,0
43,00345909,XỊT HỌNG PROPOLIS IVY ROYAL CARE 20ML,"Xịt họng Propolis Ivy Royal Care giảm ho, đờm, đau rát họng, khản tiếng do viêm họng, viêm phế quản (20ml)",thuc-pham-chuc-nang/xit-hong-propolis-ivy-royal-care-20ml-34069.html,77000.0,Hộp,đ,https://cdn.nhathuoclongchau.com.vn/unsafe/https://cms-prod.s3-sgn09.fptcloud.com/00345909_xit_hong_propolis_ivy_royal_care_20ml_8905_6271_large_2d8296074d.jpg,"Tinh dầu húng chanh 6mg, Tinh dầu vỏ cam 12mg, Chiết xuất cúc la mã 100mg, chiết xuất cúc tím 300mg, Địa y 300mg, Cao lá thường xuân 700mg, Keo Ong 1000mg",Dung dịch,Royal Care,Hộp,"Thực phẩm chức năng | Hỗ trợ điều trị | Hô hấp, ho, xoang",thuc-pham-chuc-nang | thuc-pham-chuc-nang/ho-tro-dieu-tri | thuc-pham-chuc-nang/suc-khoe-duong-ho-hap-ho-xoang,True,True,110,0,https://nhathuoclongchau.com.vn/thuc-pham-chuc-nang/xit-hong-propolis-ivy-royal-care-20ml-34069.html,thuc-pham-chuc-nang,0
44,00033702,VIÊN SỦI TĂNG SỨC ĐỀ KHÁNG OPTIMAX IMMUNITY BOOSTER VID-FIGHTER 20V,Viên sủi Optimax Immunity Booster Vid-Fighter tăng cường sức đề kháng cho cơ thể (20 viên),thuc-pham-chuc-nang/vien-uong-tang-suc-khang-optimax-immunity-booster-vid-fighter-20v-33794.html,118000.0,Tuýp,đ,https://cdn.nhathuoclongchau.com.vn/unsafe/https://cms-prod.s3-sgn09.fptcloud.com/00033702_vien_uong_tang_suc_khang_optimax_immunity_booster_vid_fighter_20v_4698_62ae_large_b9fe136dbf.jpg,"Vitamin C 1000mg, Vitamin D 100iu, Kẽm 5mg, Mangan 2mg",,Optimax,Tuýp 20 Viên,"Thực phẩm chức năng | Cải thiện tăng cường chức năng | Tăng sức đề kháng, miễn dịch",thuc-pham-chuc-nang | thuc-pham-chuc-nang/cai-thien-tang-cuong-chuc-nang | thuc-pham-chuc-nang/ho-tro-mien-dich-tang-suc-de-khang,True,True,110,0,https://nhathuoclongchau.com.vn/thuc-pham-chuc-nang/vien-uong-tang-suc-khang-optimax-immunity-booster-vid-fighter-20v-33794.html,thuc-pham-chuc-nang,0
45,00033587,"SIRO HO, HỖ TRỢ HẠN CHẾ ĐAU ĐẦU, SỐT DATADU KINGPHAR 4X5 ỐNG 10ML","Siro Datadu Kingphar hỗ trợ hạn chế đau đầu, sốt, ho (4 vỉ x 5 ống x 10ml)",thuc-pham-chuc-nang/siro-datadu-kingphar-ho-tro-han-che-dau-dau-sot-ho-10ml-33673.html,82000.0,Hộp,đ,https://cdn.nhathuoclongchau.com.vn/unsafe/https://cms-prod.s3-sgn09.fptcloud.com/00033587_siro_datadu_kingphar_hop_4_vi_x_5_ong_10ml_ho_tro_han_che_dau_dau_sot_ho_7515_6230_large_77dc78b98a.jpg,"Tiểu hồi (Quả) 400mg, Tổ kén cái 200mg, Cối xay 150mg, Bạc hà 100mg, Kinh giới 50mg, Chiết xuất gừng 250mg",Siro,Kingphar,Hộp 4 Vỉ x 5 Ống x 10ml,"Thực phẩm chức năng | Hỗ trợ điều trị | Hô hấp, ho, xoang",thuc-pham-chuc-nang | thuc-pham-chuc-nang/ho-tro-dieu-tri | thuc-pham-chuc-nang/suc-khoe-duong-ho-hap-ho-xoang,True,True,110,0,https://nhathuoclongchau.com.vn/thuc-pham-chuc-nang/siro-datadu-kingphar-ho-tro-han-che-dau-dau-sot-ho-10ml-33673.html,thuc-pham-chuc-nang,0
46,00033284,VIÊN UỐNG HỖ TRỢ ĐẠI TRÀNG BIFIDO PLUS JPANWELL 30V,Viên uống Bifido Plus Jpanwell bổ sung các lợi khuẩn tăng cường sức khỏe đại tràng (30 viên),thuc-pham-chuc-nang/vien-uong-ho-tro-dai-trang-bifido-plus-jpanwell-30v-33397.html,990000.0,Hộp,đ,https://cdn.nhathuoclongchau.com.vn/unsafe/https://cms-prod.s3-sgn09.fptcloud.com/00033284_vien_uong_ho_tro_dai_trang_bifido_plus_jpanwell_30v_5543_61e9_large_9d369d6c67.jpg,"Bifidobacterium BB536 10x10^9cfu/g, Chất xơ hòa tan 60mg, oligosaccharides trong sữa 70mg, Lactic acid bacteria 8.8cfu/g",Viên nang,Jpanwell,Hộp 30 Viên,Thực phẩm chức năng | Hỗ trợ tiêu hóa | Đại tràng,thuc-pham-chuc-nang | thuc-pham-chuc-nang/ho-tro-tieu-hoa | thuc-pham-chuc-nang/dai-trang,True,True,110,0,https://nhathuoclongchau.com.vn/thuc-pham-chuc-nang/vien-uong-ho-tro-dai-trang-bifido-plus-jpanwell-30v-33397.html,thuc-pham-chuc-nang,0
47,00033177,CỐM LỢI SỮA TT.GALAC 20 GÓI X 3G,"Cốm lợi sữa TT.Galac Traphaco hỗ trợ lợi sữa, tăng tiết sữa, giảm nguy cơ tắc tuyến sữa (20 gói x 3g)",thuc-pham-chuc-nang/com-loi-sua-ttgalac-20-goi-x-3g-33289.html,128000.0,Hộp,đ,https://cdn.nhathuoclongchau.com.vn/unsafe/https://cms-prod.s3-sgn09.fptcloud.com/00033177_com_loi_sua_ttgalac_20_goi_x_3g_5353_62ae_large_8eee019953.jpg,"Fenugreek 250mg, Moringa Moringa Leaf 250mg, Vitamin D3 100iu, Aquamin F 200mg, Vitamin B1 300mcg, Vitamin B2 300mcg, Vitamin B3 3mcg, Vitamin B6 400mcg",Cốm,Traphaco,Hộp 20 gói,Thực phẩm chức năng | Cải thiện tăng cường chức năng,thuc-pham-chuc-nang | thuc-pham-chuc-nang/cai-thien-tang-cuong-chuc-nang,True,True,110,0,https://nhathuoclongchau.com.vn/thuc-pham-chuc-nang/com-loi-sua-ttgalac-20-goi-x-3g-33289.html,thuc-pham-chuc-nang,0
48,00033184,VIÊN UỐNG GIẢM NGUY CƠ BỊ TRĨ BYETREE ROYAL CARE 60V,"Viên uống Bye Tree Royal Care hỗ trợ tăng sức bền thành mạch, giảm nguy cơ bị trĩ (60 viên)",thuc-pham-chuc-nang/vien-uong-giam-nguy-co-bi-tri-byetree-royal-care-60v-33296.html,250000.0,Hộp,đ,https://cdn.nhathuoclongchau.com.vn/unsafe/https://cms-prod.s3-sgn09.fptcloud.com/00033184_vien_uong_giam_nguy_co_bi_tri_byetree_royal_care_60v_7820_62ae_large_12f9df6d9e.jpg,"Diosmin 150mg, Hạt dẻ ngựa 100mg, Diếp cá 100mg, Hesperidin 50mg, Vitamin C 30mg, Rutin 30mg, Witch hazel 30mg, Lecithin 10mg, Vitamin K1 30mcg",Viên nang,Royal Care,Hộp 60 viên,Thực phẩm chức năng | Hỗ trợ điều trị | Hỗ trợ điều trị trĩ,thuc-pham-chuc-nang | thuc-pham-chuc-nang/ho-tro-dieu-tri | thuc-pham-chuc-nang/tri,True,True,110,0,https://nhathuoclongchau.com.vn/thuc-pham-chuc-nang/vien-uong-giam-nguy-co-bi-tri-byetree-royal-care-60v-33296.html,thuc-pham-chuc-nang,0
49,00033126,TỐ NỮ VƯƠNG ROYAL CARE 30V,Viên uống Tố Nữ Vương Royal Care hỗ trợ cải thiện nội tiết tố nữ (30 viên),thuc-pham-chuc-nang/to-nu-vuong-royal-care-30v-33242.html,145000.0,Hộp,đ,https://cdn.nhathuoclongchau.com.vn/unsafe/https://cms-prod.s3-sgn09.fptcloud.com/00033126_to_nu_vuong_royal_care_30v_8924_61d6_large_a334a3c60f.jpg,"Mầm đậu nành 215mg, Hoa anh thảo 50mg, Collagen peptide 50mg, Acerola 15mg, Vitamin E 15mg, Pueraria mirifica 15mg, Bạch thược 300mg, Xuyên khung 50mg, Đương quy 750mg, Thục địa 100mg",Viên nang cứng,Royal Care,Hộp 30 Viên,Thực phẩm chức năng | Sinh lý - Nội tiết tố | Sinh lý nữ,thuc-pham-chuc-nang | thuc-pham-chuc-nang/sinh-ly-noi-tiet-to | thuc-pham-chuc-nang/sinh-ly-nu,True,True,110,0,https://nhathuoclongchau.com.vn/thuc-pham-chuc-nang/to-nu-vuong-royal-care-30v-33242.html,thuc-pham-chuc-nang,0
50,00032942,B COMPLEX VITAMIN ROYAL CARE 60V,"Viên uống B Complex Vitamin Royal Care hỗ trợ giảm mệt mỏi, căng thẳng (60 viên)",thuc-pham-chuc-nang/b-complex-vitamin-royal-care-60v-33061.html,160000.0,Hộp,đ,https://cdn.nhathuoclongchau.com.vn/unsafe/https://cms-prod.s3-sgn09.fptcloud.com/00032942_b_complex_vitamin_royal_care_60v_5253_61c0_large_17e5e39343.jpg,"Vitamin B12 125mcg, Vitamin B6 5mg, Vitamin B2 10mg, Vitamin B1 15mg, Vitamin PP 30mg, Vitamin C 150mg, Magie oxide 160mg",Viên nang cứng,Royal Care,Hộp 60 Viên,Thực phẩm chức năng | Vitamin & Khoáng chất | Vitamin tổng hợp,thuc-pham-chuc-nang | thuc-pham-chuc-nang/vitamin-khoang-chat | thuc-pham-chuc-nang/vitamin-tong-hop,True,True,110,0,https://nhathuoclongchau.com.vn/thuc-pham-chuc-nang/b-complex-vitamin-royal-care-60v-33061.html,thuc-pham-chuc-nang,0
51,00032923,VIÊN UỐNG CẢI THIỆN TIM MẠCH HATO GOLD JPANWELL 60V,"Viên uống Hato Gold Jpanwell cải thiện tim mạch, giảm khó thở, mệt mỏi, đau tức ngực (60 viên)",thuc-pham-chuc-nang/vien-uong-cai-thien-tim-mach-hato-gold-jpanwell-60v-33041.html,995000.0,Hộp,đ,https://cdn.nhathuoclongchau.com.vn/unsafe/https://cms-prod.s3-sgn09.fptcloud.com/00032923_vien_uong_cai_thien_tim_mach_hato_gold_jpanwell_60v_8446_61aa_large_da46bcb91d.jpg,"Coenzyme Q10 105mg, Nho 1mg, Bạch quả 1mg, Chiết xuất Maca 1mg, Vừng đen 5.24mg, Nattokinase 5.24mg, Vitamin B12 2mg, Vitamin B6 2mg, Vitamin B2 2mg, Vitamin B1 2mg, Eicosapentaenoic acid 1mg, nhân sâm Hàn Quốc 21mg, Magie 10mg, DHA 9mg",Viên nang,Jpanwell,Hộp 60 Viên,Thực phẩm chức năng | Sức khoẻ tim mạch,thuc-pham-chuc-nang | thuc-pham-chuc-nang/tim-mach-huyet-ap,True,True,110,0,https://nhathuoclongchau.com.vn/thuc-pham-chuc-nang/vien-uong-cai-thien-tim-mach-hato-gold-jpanwell-60v-33041.html,thuc-pham-chuc-nang,0
52,00032922,VIÊN UỐNG HỖ TRỢ DẠ DÀY DR. STO JPANWELL 60V,Viên uống hỗ trợ dạ dày Dr.Sto Jpanwell (60 viên),thuc-pham-chuc-nang/vien-uong-ho-tro-da-day-dr-sto-jpanwell-60v-33036.html,990000.0,Hộp,đ,https://cdn.nhathuoclongchau.com.vn/unsafe/https://cms-prod.s3-sgn09.fptcloud.com/00032922_vien_uong_ho_tro_da_day_dr_sto_jpanwell_60v_9829_61aa_large_795f1629a2.jpg,"Cao men bia 260mg, Vitamin B12 1mg, Vitamin B1 1mg, Curcumin 2mg, Vitamin B2 3mg, Magie cacbonat 6mg, Mạch Nha 10.5mg, Lactoferrin 10.5mg, Đu đủ 21mg, Bột ngũ cốc 105mg",Viên nang,Jpanwell,Hộp 60 Viên,"Thực phẩm chức năng | Hỗ trợ tiêu hóa | Dạ dày, tá tràng",thuc-pham-chuc-nang | thuc-pham-chuc-nang/ho-tro-tieu-hoa | thuc-pham-chuc-nang/da-day-ta-trang,True,True,110,0,https://nhathuoclongchau.com.vn/thuc-pham-chuc-nang/vien-uong-ho-tro-da-day-dr-sto-jpanwell-60v-33036.html,thuc-pham-chuc-nang,0
53,00032921,VIÊN UỐNG BỔ THẬN KIDNEY PLUS JPANWELL 60V,"Viên bổ thận Kidney Plus Jpanwell hỗ trợ bổ thận, duy trì đường tiết niệu khỏe mạnh (60 viên) ",thuc-pham-chuc-nang/vien-uong-bo-than-kidney-plus-jpanwell-60v-33034.html,990000.0,Hộp,đ,https://cdn.nhathuoclongchau.com.vn/unsafe/https://cms-prod.s3-sgn09.fptcloud.com/00032921_vien_uong_bo_than_kidney_plus_jpanwell_60v_9615_61aa_large_d59282942e.jpg,"Điền Thất 2mg, Hồng sâm 2mg, Vitamin B2 0.5mg, Vitamin B1 0.5mg, Chiết xuất Maca 6.24mg, Bột nấm ngưu chương chi 10.5mg, Nhân Sâm 10.5mg, Cây Hạt Bí 10.5mg, Vitamin C 100mg, Chiết xuất Cây cọ lùn (Saw Palmetto) 95mg",Viên nang,Jpanwell,Hộp 60 Viên,"Thực phẩm chức năng | Hỗ trợ điều trị | Thận, tiền liệt tuyến",thuc-pham-chuc-nang | thuc-pham-chuc-nang/ho-tro-dieu-tri | thuc-pham-chuc-nang/than-tien-liet-tuyen,True,True,110,0,https://nhathuoclongchau.com.vn/thuc-pham-chuc-nang/vien-uong-bo-than-kidney-plus-jpanwell-60v-33034.html,thuc-pham-chuc-nang,0
54,00032920,VIÊN UỐNG THẢI ĐỘC GAN DR. LIVER JPANWELL 60V,"Viên uống Dr. Liver Jpanwell bổ gan, tăng cường giải độc gan (60 viên) ",thuc-pham-chuc-nang/vien-uong-thai-doc-gan-dr-liver-jpanwell-60v-33037.html,990000.0,Hộp,đ,https://cdn.nhathuoclongchau.com.vn/unsafe/https://cms-prod.s3-sgn09.fptcloud.com/00032920_vien_uong_thai_doc_gan_dr_liver_jpanwell_60v_5501_61a5_large_2fccd9ea7b.JPG,"Vitamin E 2.5mg, Vitamin A 2.5mg, Vitamin B12 2.5mg, Vintamin B6 2.5mg, Vitamin B2 2.5mg, Vitamin B1 2.5mg, chiết xuất atiso 3mg, Kẽm 10mg, chiết xuất cây kế sữa 10.5mg, peptide đậu nành 20mg, Nghệ 20mg, L-Ornithin 20mg, Vitamin C 60mg, Curcumin extract 31.5mg, đạm thuỷ phân từ gan lợn 52.5mg, Chiết xuất hàu 95mg",Viên nang,Jpanwell,Hộp 60 Viên,Thực phẩm chức năng | Cải thiện tăng cường chức năng | Chức năng gan,thuc-pham-chuc-nang | thuc-pham-chuc-nang/cai-thien-tang-cuong-chuc-nang | thuc-pham-chuc-nang/chuc-nang-gan,True,True,110,0,https://nhathuoclongchau.com.vn/thuc-pham-chuc-nang/vien-uong-thai-doc-gan-dr-liver-jpanwell-60v-33037.html,thuc-pham-chuc-nang,0
55,00032918,VIÊN UỐNG BỔ XƯƠNG KHỚP GLUCOSAMINE AND CHONDROITIN JPANWELL 120V,Viên uống Glucosamine And Chondroitin Jpanwell hỗ trợ bổ sung chất nhờn dịch khớp (120 viên) ,thuc-pham-chuc-nang/glucosamine-and-chondroitin-jpanwell-120v-33040.html,960000.0,Hộp,đ,https://cdn.nhathuoclongchau.com.vn/unsafe/https://cms-prod.s3-sgn09.fptcloud.com/00032918_glucosamine_and_chondroitin_jpanwell_120v_9745_61a5_large_41ffa86dc1.JPG,"Canxi từ vỏ sò 200mg, Glucosamine 1600mg, Collagen 100mg, Chondroitin 31.6mg, Collagen type II 12mg, Hyaluronic acid 4mg, Vitamin B12 2.08mg, Vitamin B1 2.08mg, Elastin 2mg",Viên nang,Jpanwell,Hộp 120 Viên,Thực phẩm chức năng | Hỗ trợ điều trị | Cơ xương khớp,thuc-pham-chuc-nang | thuc-pham-chuc-nang/ho-tro-dieu-tri | thuc-pham-chuc-nang/xuong-khop,True,True,110,0,https://nhathuoclongchau.com.vn/thuc-pham-chuc-nang/glucosamine-and-chondroitin-jpanwell-120v-33040.html,thuc-pham-chuc-nang,0
56,00032917,VIÊN UỐNG GIÚP NGỦ NGON AN THẦN GABA JPANWELL 60V,"Viên uống Gaba Jpanwell giảm các triệu chứng mất ngủ, khó ngủ, giấc ngủ không sâu (60 viên) ",thuc-pham-chuc-nang/vien-uong-giup-ngu-ngon-an-than-gaba-jpanwell-60v-33035.html,960000.0,Hộp,đ,https://cdn.nhathuoclongchau.com.vn/unsafe/https://cms-prod.s3-sgn09.fptcloud.com/00032917_vien_uong_giup_ngu_ngon_an_than_gaba_jpanwell_60v_8292_61a5_large_ee00cb0747.JPG,"GABA 95mg, Nữ lang 0.2mg, Chiết xuất hoa nghệ tây 1mg, Vintamin B6 5mg, Vitamin B1 4mg, Vitamin B12 4mg, Chiết xuất lá dâu tằm 6mg, Tâm sen 10.5mg, L-Tryptophan 11mg, Glycinebetaine 20mg, L-theanine 21mg",Viên nang,Jpanwell,Hộp 60 Viên,Thực phẩm chức năng | Thần kinh não | Hỗ trợ giấc ngủ ngon,thuc-pham-chuc-nang | thuc-pham-chuc-nang/than-kinh-nao | thuc-pham-chuc-nang/ho-tro-giac-ngu-ngon,True,True,110,0,https://nhathuoclongchau.com.vn/thuc-pham-chuc-nang/vien-uong-giup-ngu-ngon-an-than-gaba-jpanwell-60v-33035.html,thuc-pham-chuc-nang,0
57,00032884,VIÊN UỐNG TĂNG CƯỜNG SỨC KHỎE VÀ TRUNG HÒA GỐC TỰ DO OKINAWA FUCOIDAN JPANWELL 3X10,Viên uống Okinawa Fucoidan +++ Jpanwell hỗ trợ tăng cường sức để kháng và trung hòa các gốc tự do (30 viên),thuc-pham-chuc-nang/okinawa-fucoidan-jpanwell-3x10-32984.html,995000.0,Hộp,đ,https://cdn.nhathuoclongchau.com.vn/unsafe/https://cms-prod.s3-sgn09.fptcloud.com/00032884_okinawa_fucoidan_jpanwell_3x10_1585_62af_large_9aadf89229.jpg,"Axit Folic 0.4mg, Niacin 1mg, Canxi Pantothenate 1mg, Vitamin A 1.6mg, Vitamin E 2mg, Vitamin B12 2mg, Vitamin B6 2mg, Vitamin B2 2mg, Vitamin B1 2mg, Vitamin C 10mg, Tảo biển Mozuku (vùng Okinawa) 480mg, Tinh chất tảo nâu Mebuku 20mg",Viên nang,Jpanwell,Hộp 3 Vỉ x 10 Viên,"Thực phẩm chức năng | Cải thiện tăng cường chức năng | Tăng sức đề kháng, miễn dịch",thuc-pham-chuc-nang | thuc-pham-chuc-nang/cai-thien-tang-cuong-chuc-nang | thuc-pham-chuc-nang/ho-tro-mien-dich-tang-suc-de-khang,True,True,110,0,https://nhathuoclongchau.com.vn/thuc-pham-chuc-nang/okinawa-fucoidan-jpanwell-3x10-32984.html,thuc-pham-chuc-nang,0
58,00032867,VIÊN SÁNG MẮT HẢI THƯỢNG VƯƠNG 60V,Viên Sáng Mắt Hải Thượng Vương hỗ trợ tăng cường thị lực (60 viên),thuc-pham-chuc-nang/vien-sang-mat-hai-thuong-vuong-60v-32986.html,180000.0,Hộp,đ,https://cdn.nhathuoclongchau.com.vn/unsafe/https://cms-prod.s3-sgn09.fptcloud.com/00032867_vien_sang_mat_hai_thuong_vuong_60v_8865_61af_large_ce9a194628.jpg,"Dầu gấc 280mg, Việt quất 100mg, Lutein 10mg, Zeaxanthin 10mg",Viên nang mềm,Hải Thượng Vương,Hộp 60 Viên,"Thực phẩm chức năng | Cải thiện tăng cường chức năng | Bổ mắt, bảo vệ mắt",thuc-pham-chuc-nang | thuc-pham-chuc-nang/cai-thien-tang-cuong-chuc-nang | thuc-pham-chuc-nang/bao-ve-mat,True,True,110,0,https://nhathuoclongchau.com.vn/thuc-pham-chuc-nang/vien-sang-mat-hai-thuong-vuong-60v-32986.html,thuc-pham-chuc-nang,0
59,00032817,VIÊN UỐNG BỔ MÁU BLOOD CARE JPANWELL 60V,"Viên uống Blood Care Jpanwell hỗ trợ bổ máu, giảm nguy cơ thiếu máu do thiếu sắt (60 viên)",thuc-pham-chuc-nang/vien-uong-blood-care-jpanwell-bo-mau-hop-60-vien-32951.html,995000.0,Hộp,đ,https://cdn.nhathuoclongchau.com.vn/unsafe/https://cms-prod.s3-sgn09.fptcloud.com/00032817_blood_care_jpanwell_60v_3261_61ad_large_ce1b030baa.jpg,"Albumin đậu nành 610mg, Hạt tiêu lốt 0.2mg, Hạt tiêu đen 0.2mg, Bạch quả 1mg, Bột Gừng 2mg, L-Tryptophan 0.042mg, L-Histidine 0.104mg, L-Threonine 0.156mg, DL-Methionine 0.156mg, L-Phenylalanine 0.262mg, L-Lysine 0.392mg, L-Isoleucine 2.708mg, L-Valine 2.772mg, L-Leucine 5.408mg, Vitamin B12 8mg, Vitamin B6 8mg, Vitamin B2 8mg, Vitamin B1 8mg, Sắt 10.5mg, Coenzyme Q10 11mg",Viên nang cứng,Jpanwell,Hộp 60 Viên,Thực phẩm chức năng | Cải thiện tăng cường chức năng,thuc-pham-chuc-nang | thuc-pham-chuc-nang/cai-thien-tang-cuong-chuc-nang,True,True,110,0,https://nhathuoclongchau.com.vn/thuc-pham-chuc-nang/vien-uong-blood-care-jpanwell-bo-mau-hop-60-vien-32951.html,thuc-pham-chuc-nang,0
60,00032785,VƯƠNG NỮ KHANG ROYAL CARE 60V,"Viên nang cứng Vương Nữ Khang Royal Care hỗ trợ hạn chế sự phát triển u xơ tử cung, u vú lành tính (60 viên)",thuc-pham-chuc-nang/vuong-nu-khang-royal-care-60v-32900.html,195000.0,Hộp,đ,https://cdn.nhathuoclongchau.com.vn/unsafe/https://cms-prod.s3-sgn09.fptcloud.com/00032785_vuong_nu_khang_royal_care_60v_5656_61aa_large_7ec72e2f67.jpg,"Trinh nữ hoàng cung 350mg, Hoàng cầm 400mg, Hoàng kỳ 400mg, Tam thất 20mg, Curcumin 20mg, Betaglucan 10mg, Papain 5mg",Viên nang cứng,Royal Care,Hộp 60 Viên,Thực phẩm chức năng | Sinh lý - Nội tiết tố | Cân bằng nội tiết tố,thuc-pham-chuc-nang | thuc-pham-chuc-nang/sinh-ly-noi-tiet-to | thuc-pham-chuc-nang/can-bang-noi-tiet-to,True,True,110,0,https://nhathuoclongchau.com.vn/thuc-pham-chuc-nang/vuong-nu-khang-royal-care-60v-32900.html,thuc-pham-chuc-nang,0
61,00345416,VIÊN UỐNG BỔ SUNG VITAMIN VÀ KHOÁNG CHẤT LAB WELL MULTI VITAS 60V,Viên nén Multi Vitas Lab Well bổ sung vitamin và khoáng chất cho cơ thể (60 viên),thuc-pham-chuc-nang/vien-uong-bo-sung-vitamin-multi-vitas-lab-well-60-vien-16.html,340000.0,Hộp,đ,https://cdn.nhathuoclongchau.com.vn/unsafe/https://cms-prod.s3-sgn09.fptcloud.com/DSC_08333_0d6a18e346.jpg,"Canxi 130mg, Nhân Sâm 30mg, Vitamin E 21.3iu, Vitamin D 400iu, Vitamin A 1700iu, Vitamin K 60mcg, Folate 600mcg, Vitamin B6 3mg, Vitamin B12 4.8mcg, Phosphorus 100mg, Riboflavin 2.3mg, Thiamine 2.3mg, Biotin 56mcg, Iron 7.5mg, Magnesium oxide 35mg, Pantothenic acid 10mg, Iodine 150mcg, Niacinamide 30mg, Inositol 30mg, Vanadium 10mcg, Lutein 150mcg, Vitamin C 45mg, Choline 15mg, Zinc 10mg, Copper 1.5mg, Potassium Citrate 15mg, Lycopene 500mcg, Selenium 50mcg, Chromium 25mcg, Molybdenum 50mcg, Manganese 4mg, Chloride 13mg",Viên nén,Lab Well,Hộp 60 Viên,Thực phẩm chức năng | Vitamin & Khoáng chất | Vitamin tổng hợp,thuc-pham-chuc-nang | thuc-pham-chuc-nang/vitamin-khoang-chat | thuc-pham-chuc-nang/vitamin-tong-hop,True,True,110,0,https://nhathuoclongchau.com.vn/thuc-pham-chuc-nang/vien-uong-bo-sung-vitamin-multi-vitas-lab-well-60-vien-16.html,thuc-pham-chuc-nang,0
62,00345360,VIÊN UỐNG SÂM - ĐÔNG TRÙNG HẠ THẢO KOTIMOGIN 20X3,Viên uống Sâm - Đông Trùng Hạ Thảo Kotimogin tăng cường sức khỏe (20 vỉ x 3 viên),thuc-pham-chuc-nang/dong-trung-ha-thao-kotimogin-17.html,350000.0,Hộp,đ,https://cdn.nhathuoclongchau.com.vn/unsafe/https://cms-prod.s3-sgn09.fptcloud.com/00345360_dong_trung_ha_thao_kotimogin_8015_6328_large_9b0f3b92a7.jpg,"Nhân Sâm 100mg, Linh chi 65mg, Đông trùng hạ thảo 20mg, Sữa ong chúa 10mg, Nhung hươu 20mg, Men bia tươi 55mg, Vitamin E 2, Vitamin A 60, Vitamin B1 0.4mg, Vitamin B2 0.4mg, Vitamin B6 0.4mg, Tá dược vừa đủ , Vitamin B9 ",Viên nang mềm,Thành Công,Hộp 20 Vỉ x 3 Viên,"Thực phẩm chức năng | Cải thiện tăng cường chức năng | Tăng sức đề kháng, miễn dịch",thuc-pham-chuc-nang | thuc-pham-chuc-nang/cai-thien-tang-cuong-chuc-nang | thuc-pham-chuc-nang/ho-tro-mien-dich-tang-suc-de-khang,True,True,110,0,https://nhathuoclongchau.com.vn/thuc-pham-chuc-nang/dong-trung-ha-thao-kotimogin-17.html,thuc-pham-chuc-nang,0
63,00345454,HEALTHY NEW DOLEXPHAR 120ML,"Siro Healthy New Kids bổ sung vitamin, lysine, taurin, hỗ trợ kích thích tiêu hóa (120ml)",thuc-pham-chuc-nang/siro-an-ngon-healthy-new-kid-20.html,89000.0,Chai,đ,https://cdn.nhathuoclongchau.com.vn/unsafe/https://cms-prod.s3-sgn09.fptcloud.com/00345454_siro_an_ngon_healthy_new_kid_8980_5f62_large_f0c20d905d.jpg,"Tá dược vừa đủ , Selenium 10Mcg, Vitamin B5 36mg, Vitamin B1 36mg, Kẽm Gluconat 120mg, Taurine 240mg, Calcium lactate 480mg, Thymomodulin 360mg, Lysine HCl 7200mg, Men bia tươi 5000mg, Vitamin B6 36mg, Vitamin B2 24mg, Vitamin D3 1200, DHA ",Siro,Dolexphar,Chai x 120ml,"Thực phẩm chức năng | Cải thiện tăng cường chức năng | Tăng sức đề kháng, miễn dịch",thuc-pham-chuc-nang | thuc-pham-chuc-nang/cai-thien-tang-cuong-chuc-nang | thuc-pham-chuc-nang/ho-tro-mien-dich-tang-suc-de-khang,True,True,110,0,https://nhathuoclongchau.com.vn/thuc-pham-chuc-nang/siro-an-ngon-healthy-new-kid-20.html,thuc-pham-chuc-nang,0
64,00345415,VIÊN UỐNG BỔ NÃO LAB WELL ULTRA BRAIN 60V,"Viên uống Ultra Brain Lab Well hỗ trợ bổ sung DHA, EPA cho cơ thể (60 viên)",thuc-pham-chuc-nang/ultra-brain-vien-uong-cai-thien-tri-nho-43.html,239000.0,Hộp,đ,https://cdn.nhathuoclongchau.com.vn/unsafe/https://cms-prod.s3-sgn09.fptcloud.com/DSC_08409_f2ebe99545.jpg,"Fish oil 1000mg, EPA 180mg, Tá dược vừa đủ 1viên, DHA 120mg",Viên nang mềm,Lab Well,Hộp 60 Viên,Thực phẩm chức năng | Thần kinh não | Bổ não - cải thiện trí nhớ,thuc-pham-chuc-nang | thuc-pham-chuc-nang/than-kinh-nao | thuc-pham-chuc-nang/bo-nao-cai-thien-tri-nho,True,True,110,0,https://nhathuoclongchau.com.vn/thuc-pham-chuc-nang/ultra-brain-vien-uong-cai-thien-tri-nho-43.html,thuc-pham-chuc-nang,0
65,00345419,VIÊN UỐNG HỖ TRỢ TIÊU HÓA GASSOMAX VITAMINS FOR LIFE 30V,"Viên uống Gasso Max Vitamins For Life bổ sung enzyme và các thảo mộc, hỗ trợ tiêu hóa tốt (30 viên)",thuc-pham-chuc-nang/gasso-max-thao-duoc-ho-tro-tieu-hoa-45.html,335000.0,Chai,đ,https://cdn.nhathuoclongchau.com.vn/unsafe/https://cms-prod.s3-sgn09.fptcloud.com/00345419_gasso_max_thao_duoc_ho_tro_tieu_hoa_9444_6328_large_1a28a201ca.jpg,"Bromelain 50mg, Papain 50mg, Ginger Root Powder 25mg, Licorice Root 50mg, Cranberry Concentrate 50mg, Cinnamon Bark 50mg, Peppermint Leaves Power 50mg, Fennel Seed Power 25mg, Betaine Hydrochloride 25mg",Viên nang,Vitamins For Life,Chai 30 Viên,"Thực phẩm chức năng | Hỗ trợ tiêu hóa | Dạ dày, tá tràng",thuc-pham-chuc-nang | thuc-pham-chuc-nang/ho-tro-tieu-hoa | thuc-pham-chuc-nang/da-day-ta-trang,True,True,110,0,https://nhathuoclongchau.com.vn/thuc-pham-chuc-nang/gasso-max-thao-duoc-ho-tro-tieu-hoa-45.html,thuc-pham-chuc-nang,0
66,00345367,MILK THISTLE 1000MG NATURES BOUNTY 50V,"Viên uống Milk Thistle Nature's Bounty hỗ trợ tăng cường chức năng gan, bảo vệ gan (50 viên)",thuc-pham-chuc-nang/giai-doc-gan-milk-thistle-49.html,282000.0,Hộp,đ,https://cdn.nhathuoclongchau.com.vn/unsafe/https://cms-prod.s3-sgn09.fptcloud.com/DSC_09838_9cf799719b.jpg,"Sáp ong vàng , Dầu đậu nành , Kế sữa 250mg, Tá dược vừa đủ ",Viên nang mềm,Nature's Bounty,Hộp 50 Viên,Thực phẩm chức năng | Cải thiện tăng cường chức năng | Chức năng gan,thuc-pham-chuc-nang | thuc-pham-chuc-nang/cai-thien-tang-cuong-chuc-nang | thuc-pham-chuc-nang/chuc-nang-gan,True,True,110,0,https://nhathuoclongchau.com.vn/thuc-pham-chuc-nang/giai-doc-gan-milk-thistle-49.html,thuc-pham-chuc-nang,0
67,00345446,ECHINA KINGPHAR 30V,Viên uống Echina Kingphar hỗ trợ tăng cường sức đề kháng (30 viên),thuc-pham-chuc-nang/echina-ho-tro-viem-hong-ho-cam-cum-81.html,57000.0,Hộp,đ,https://cdn.nhathuoclongchau.com.vn/unsafe/https://cms-prod.s3-sgn09.fptcloud.com/IMG_3635_949f7e0fd3.jpg,"Tá dược vừa đủ , Cao cúc nhím 500mg",Viên nén bao phim,Kingphar,Hộp 30 Viên,"Thực phẩm chức năng | Cải thiện tăng cường chức năng | Tăng sức đề kháng, miễn dịch",thuc-pham-chuc-nang | thuc-pham-chuc-nang/cai-thien-tang-cuong-chuc-nang | thuc-pham-chuc-nang/ho-tro-mien-dich-tang-suc-de-khang,True,True,110,0,https://nhathuoclongchau.com.vn/thuc-pham-chuc-nang/echina-ho-tro-viem-hong-ho-cam-cum-81.html,thuc-pham-chuc-nang,0
68,00005529,OMEGA369 PHARMEKAL 100V,Viên uống Omega 3-6-9 Pharmekal hỗ trợ giảm nguy cơ xơ vữa động mạch (100 viên),thuc-pham-chuc-nang/dau-ca-omega-369-my-89.html,319000.0,Hộp,đ,https://cdn.nhathuoclongchau.com.vn/unsafe/https://cms-prod.s3-sgn09.fptcloud.com/00005529_dau_ca_omega_369_my_5744_63d7_large_2e69b98de7.jpg,"Dầu hạt lanh 1200mg, Dầu cá 800mg, EPA 144mg",Viên nang mềm,Pharmekal,Hộp 100 Viên,"Thực phẩm chức năng | Vitamin & Khoáng chất | Dầu cá, Omega 3, DHA",thuc-pham-chuc-nang | thuc-pham-chuc-nang/vitamin-khoang-chat | thuc-pham-chuc-nang/dau-ca-omega-3-dha,True,True,110,0,https://nhathuoclongchau.com.vn/thuc-pham-chuc-nang/dau-ca-omega-369-my-89.html,thuc-pham-chuc-nang,0
69,00345423,LUTEIN NATURES BOUNTY 30V,Viên uống Lutein Nature's Bounty giúp tăng cường thị lực cho mắt (30 viên),thuc-pham-chuc-nang/lutein-vien-uong-bo-mat-cua-my-95.html,256000.0,Hộp,đ,https://cdn.nhathuoclongchau.com.vn/unsafe/https://cms-prod.s3-sgn09.fptcloud.com/00345423_lutein_vien_uong_bo_mat_cua_my_1869_62af_large_647c6c3d64.jpg,"Zeaxanthin 800mcg, Lutein 20mg",Viên nang mềm,Nature's Bounty,Hộp 30 viên,"Thực phẩm chức năng | Cải thiện tăng cường chức năng | Bổ mắt, bảo vệ mắt",thuc-pham-chuc-nang | thuc-pham-chuc-nang/cai-thien-tang-cuong-chuc-nang | thuc-pham-chuc-nang/bao-ve-mat,True,True,110,0,https://nhathuoclongchau.com.vn/thuc-pham-chuc-nang/lutein-vien-uong-bo-mat-cua-my-95.html,thuc-pham-chuc-nang,0
70,00345353,"VIÊN UỐNG GIÚP TÓC CHẮC KHỎE, HẠN CHẾ RỤNG TÓC HAIR VOLUME NEW NORDIC 30V","Viên uống Hair Volume New Nordic giúp tóc chắc khỏe, đẹp tóc, hạn chế rụng tóc (30 viên)",thuc-pham-chuc-nang/hair-volume-vien-uong-duong-toc-102.html,630000.0,Hộp,đ,https://cdn.nhathuoclongchau.com.vn/unsafe/https://cms-prod.s3-sgn09.fptcloud.com/00345353_hair_volume_vien_uong_duong_toc_7952_62af_large_46a5a99e57.jpg,"Biotin 3000mcg, vitamin B5 (D-Pantothenat, canxi) 20mg, Kẽm (kẽm oxit) 15mg, đồng (đồng sunfat) 2mg, chiết xuất táo (Malus domestica) 300mg, chiết xuất hạt kê (Panicum milliaceum L.) 250mg, chiết xuất cỏ đuôi ngựa (Equisetum arvense L.) 200mg, L-Cysteine 60mg, L-Methionine 50mg",Viên nén,NEW NORDIC,Hộp 2 vỉ x 15 viên,Thực phẩm chức năng | Hỗ trợ làm đẹp | Tóc,thuc-pham-chuc-nang | thuc-pham-chuc-nang/lam-dep | thuc-pham-chuc-nang/toc,True,True,110,0,https://nhathuoclongchau.com.vn/thuc-pham-chuc-nang/hair-volume-vien-uong-duong-toc-102.html,thuc-pham-chuc-nang,0
71,00345417,"VIÊN UỐNG HỖ TRỢ NGƯỜI BỊ GOUT, CHỈ SỐ ACID URIC CAO-GOUT AID VITAMINS FOR LIFE 30V",Viên uống Gout Aid Vitamins For Life hỗ trợ giảm triệu chứng ở người bị gout (30 viên),thuc-pham-chuc-nang/gout-aid-ho-tro-dieu-tri-gout-116.html,380000.0,Hộp,đ,https://cdn.nhathuoclongchau.com.vn/unsafe/https://cms-prod.s3-sgn09.fptcloud.com/00345417_gout_aid_ho_tro_dieu_tri_gout_8900_63e1_large_128ee0ed15.jpg,"Trái anh đào 300mg, Me rừng 400mg",Viên nang,Vitamins For Life,Hộp 30 viên,Thực phẩm chức năng | Hỗ trợ điều trị,thuc-pham-chuc-nang | thuc-pham-chuc-nang/ho-tro-dieu-tri,True,True,110,0,https://nhathuoclongchau.com.vn/thuc-pham-chuc-nang/gout-aid-ho-tro-dieu-tri-gout-116.html,thuc-pham-chuc-nang,0
72,00345362,LIVERWELL TRƯỜNG THỌ 12X5,"Viên uống LiverWell Navi hỗ trợ thanh nhiệt, mát gan, giải độc (12 vỉ x 5 viên)",thuc-pham-chuc-nang/vien-uong-giai-doc-gan-liverwell-122.html,140000.0,Hộp,đ,https://cdn.nhathuoclongchau.com.vn/unsafe/https://cms-prod.s3-sgn09.fptcloud.com/IMG_3677_c2d86baac2.jpg,"Atisô 75mg, Diệp hạ châu 150mg, Nhân trần 100mg, Sài đất 75mg, Cà gai leo 100mg, Rau má 75mg, Vitamin B1 3mg, Vitamin B6 3mg, Vitamin B2 1mg, Tá dược vừa đủ ",Viên nang mềm,NAVI,Hộp 12 Vỉ x 5 Viên,Thực phẩm chức năng | Cải thiện tăng cường chức năng | Chức năng gan,thuc-pham-chuc-nang | thuc-pham-chuc-nang/cai-thien-tang-cuong-chuc-nang | thuc-pham-chuc-nang/chuc-nang-gan,True,True,110,0,https://nhathuoclongchau.com.vn/thuc-pham-chuc-nang/vien-uong-giai-doc-gan-liverwell-122.html,thuc-pham-chuc-nang,0
73,00011059,SÂM NHUNG BỔ THẬN NV DOLEXPHAR 30V,"Viên uống Sâm Nhung Bổ Thận NV Dolexpharm hỗ trợ tráng dương, tăng cường sinh lực (30 viên)",thuc-pham-chuc-nang/sam-nhung-bo-than-nv-hai-linh-30v-321.html,125000.0,Hộp,đ,https://cdn.nhathuoclongchau.com.vn/unsafe/https://cms-prod.s3-sgn09.fptcloud.com/IMG_3754_319065b5fe.jpg,"Nhung hươu 2.4mg, Cao ban long 7.2mg, Dâm dương hoắc 200mg, Viễn chí 16mg, Đỗ trọng 24mg, Đảng Sâm 24mg, Xuyên khung 28mg, Trạch tả 30mg, Cẩu tích 30mg, Thỏ ty tử 40mg, Nhân Sâm 80mg, Đương quy 40mg, Bạch linh 40mg, Tục đoạn 58mg, Hà thủ ô đỏ 58mg, Bách hợp 60mg, Ba kích 200mg, Hoài Sơn 76mg, Liên Nhục 88mg, Thục địa 258mg, Cam thảo 5mg, Bạch truật 36mg",Viên nang,Dolexphar,Hộp 30 Viên,Thực phẩm chức năng | Sinh lý - Nội tiết tố | Sinh lý nam,thuc-pham-chuc-nang | thuc-pham-chuc-nang/sinh-ly-noi-tiet-to | thuc-pham-chuc-nang/sinh-ly-nam,True,True,110,0,https://nhathuoclongchau.com.vn/thuc-pham-chuc-nang/sam-nhung-bo-than-nv-hai-linh-30v-321.html,thuc-pham-chuc-nang,0
74,00015922,VIÊN UỐNG HỖ TRỢ TĂNG TIẾT DỊCH KHỚP TRIPLE CARE GOLD VITAMINS FOR LIFE 60V,"Viên nang cứng Triple Care Gold Vitamins For Life Hỗ trợ tăng tiết dịch khớp, giảm thoái hóa khớp (60 viên)",thuc-pham-chuc-nang/triple-care-gold-60v-14770.html,650000.0,Hộp,đ,https://cdn.nhathuoclongchau.com.vn/unsafe/https://cms-prod.s3-sgn09.fptcloud.com/DSC_08943_5e553c7570.jpg,"Glucosamin HCL 750mg, Collagen type II 250mg, Chondroitin sulfate sodium 250mg, Vitamin D3 200iu, Vitamin C 30mg, Manganese 2mg, MSM 100mg, Boswellia Serrata Extract 100mg, Củ nghệ 50mg, Boron 3mg, Nattokinase 1000mcg",Viên nén,Vitamins For Life,Hộp 60 Viên,Thực phẩm chức năng | Hỗ trợ điều trị | Cơ xương khớp,thuc-pham-chuc-nang | thuc-pham-chuc-nang/ho-tro-dieu-tri | thuc-pham-chuc-nang/xuong-khop,True,True,110,0,https://nhathuoclongchau.com.vn/thuc-pham-chuc-nang/triple-care-gold-60v-14770.html,thuc-pham-chuc-nang,0
75,00017023,NANO CURCUMIN PLUS TAM THẤT XẠ ĐEN HVQY 3X10,"Viên uống Nanocurcumin Tam Thất Xạ Đen Plus giảm viêm loét dạ dày, tá tràng (3 vỉ x 10 viên)",thuc-pham-chuc-nang/nanocurcumin-plus-tam-that-xa-den-hvqy-3x10-18363.html,312000.0,Hộp,đ,https://cdn.nhathuoclongchau.com.vn/unsafe/https://cms-prod.s3-sgn09.fptcloud.com/00017023_nanocurcumin_plus_tam_that_xa_den_hvqy_3x10_7200_6327_large_ab69a38711.jpg,"Bioperine 0.5mg, Vitamin E 6iu, Collagen peptide 20mg, Cao xạ đen 50mg, Tam thất 50mg, Nano Curcumin 300mg",Viên nang cứng,HVQY,Hộp 3 vỉ x 10 viên,"Thực phẩm chức năng | Hỗ trợ tiêu hóa | Dạ dày, tá tràng",thuc-pham-chuc-nang | thuc-pham-chuc-nang/ho-tro-tieu-hoa | thuc-pham-chuc-nang/da-day-ta-trang,True,True,110,0,https://nhathuoclongchau.com.vn/thuc-pham-chuc-nang/nanocurcumin-plus-tam-that-xa-den-hvqy-3x10-18363.html,thuc-pham-chuc-nang,0
76,00017891,"SIRO HO, BỔ PHẾ BỐI MẪU FORTE MOM AND BABY TẤT THÀNH 125ML","Siro bổ phế Bối Mẫu Forte Mom And Baby Tất Thành hỗ trợ bổ phổi ích phế, giảm ho (125ml)",thuc-pham-chuc-nang/boi-mau-forte-tat-thanh-125ml-siro-bo-phe-19247.html,55000.0,Chai,đ,https://cdn.nhathuoclongchau.com.vn/unsafe/https://cms-prod.s3-sgn09.fptcloud.com/00017891_boi_mau_forte_tat_thanh_125ml_siro_bo_phe_4358_5e14_large_b7787fb760.jpg,"Tô diệp 2g, Thổ bối mẫu 2g, Viễn chí 1g, Gừng tươi 2g, Cát căn 2g, Cát cánh 3g, Sa sâm 3g, Trần bì 3g, Mạch môn 3g, Tang bạch bì 4g, Kinh giới 4g, Bách bộ 4g, Tỳ bà diệp 6g, Cao Thường Xuân 0.5g, Cao hương nhu 2g, Cam thảo 2g",Siro,Tất Thành,Chai x 125ml,"Thực phẩm chức năng | Hỗ trợ điều trị | Hô hấp, ho, xoang",thuc-pham-chuc-nang | thuc-pham-chuc-nang/ho-tro-dieu-tri | thuc-pham-chuc-nang/suc-khoe-duong-ho-hap-ho-xoang,True,True,110,0,https://nhathuoclongchau.com.vn/thuc-pham-chuc-nang/boi-mau-forte-tat-thanh-125ml-siro-bo-phe-19247.html,thuc-pham-chuc-nang,0
77,00018454,VIÊN UỐNG ĐẸP DA NATURAL VITAMIN E 400IU NATURECARE 60V,Thực phẩm bảo vệ sức khỏe Natural Vitamin E 400 IU giúp cải thiện sức khỏe da và phục hồi da (60 viên),thuc-pham-chuc-nang/natural-vitamin-e-400iu-naturecare-60v-19778.html,251000.0,Hộp,đ,https://cdn.nhathuoclongchau.com.vn/unsafe/https://cms-prod.s3-sgn09.fptcloud.com/DSC_08384_9ef40feeb4.jpg,"Tá dược vừa đủ , Vitamin E 400iu",Viên nang mềm,Naturecare,Hộp 60 Viên,Thực phẩm chức năng | Vitamin & Khoáng chất | Vitamin E các loại,thuc-pham-chuc-nang | thuc-pham-chuc-nang/vitamin-khoang-chat | thuc-pham-chuc-nang/vitamin-e,True,True,110,0,https://nhathuoclongchau.com.vn/thuc-pham-chuc-nang/natural-vitamin-e-400iu-naturecare-60v-19778.html,thuc-pham-chuc-nang,0
78,00018955,ĂN NGON NGỦ NGON TẤT THÀNH NEW 30V,"Viên uống Ăn Ngon Ngủ Ngon Tất Thành hỗ trợ ăn ngon, ngủ ngon (30 viên)",thuc-pham-chuc-nang/an-ngon-ngu-ngon-tat-thanh-new-30v-20257.html,115000.0,Hộp,đ,https://cdn.nhathuoclongchau.com.vn/unsafe/https://cms-prod.s3-sgn09.fptcloud.com/IMG_3772_fdd66d6aa4.jpg,"Cao bạch quả 20mg, Rotundin 15mg, Melatonin 6mg, L-Lysine hydrochloride 400mg, L-Arginine Hydrochloride 140mg, Magie oxide 30mg, Zinc gluconate 15mg, Vitamin B6 4mg, Vitamin B1 4mg, Tá dược vừa đủ ",Viên nang mềm,Tất Thành,Hộp 30 viên,Thực phẩm chức năng | Thần kinh não | Hỗ trợ giấc ngủ ngon,thuc-pham-chuc-nang | thuc-pham-chuc-nang/than-kinh-nao | thuc-pham-chuc-nang/ho-tro-giac-ngu-ngon,True,True,110,0,https://nhathuoclongchau.com.vn/thuc-pham-chuc-nang/an-ngon-ngu-ngon-tat-thanh-new-30v-20257.html,thuc-pham-chuc-nang,0
79,00019020,ĂN NGON BÉ KHỎE BBEAR THÀNH CÔNG 4 VỈ X 5 ỐNG,"Dung dịch Ăn Ngon - Bé Khỏe BBear hỗ trợ tăng cường tiêu hóa, giúp ăn ngon (4 vỉ x 5 ống)",thuc-pham-chuc-nang/an-ngon-tieu-hoa-khoe-bbear-thanh-cong-4x5-20314.html,88000.0,Hộp,đ,https://cdn.nhathuoclongchau.com.vn/unsafe/https://cms-prod.s3-sgn09.fptcloud.com/123_2386efadd6.jpg,"Enzym Protease 50iu, Vitamin D3 100iu, Enzym Amylase 250iu, Acid folic 30mcg, DHA 50mcg, Vitamin B6 0.5mg, Vitamin B2 0.5mg, Kẽm 1mg, Vitamin B1 1.2mg, Calci gluconat 11.2mg, magnesi 15mg, Thymomodulin 20mg, Fructo-oligosaccharide 100mg, L-Lysin HCL 150mg",Dung dịch uống,Thành Công,Hộp 4 Vỉ x 5 Ống,Thực phẩm chức năng | Cải thiện tăng cường chức năng | Hỗ trợ trao đổi chất,thuc-pham-chuc-nang | thuc-pham-chuc-nang/cai-thien-tang-cuong-chuc-nang | thuc-pham-chuc-nang/ho-tro-trao-doi-chat,True,True,110,0,https://nhathuoclongchau.com.vn/thuc-pham-chuc-nang/an-ngon-tieu-hoa-khoe-bbear-thanh-cong-4x5-20314.html,thuc-pham-chuc-nang,0
80,00020313,VIÊN UỐNG HỖ TRỢ PHÒNG NGỪA VÀ ĐIỀU TRỊ GIẢM ĐAU SUY TĨNH MẠCH CHÂN ACTIVE LEGS NEW NORDIC 15V,Viên uống Active Legs hỗ trợ điều trị suy giãn tĩnh mạch chân (15 viên),thuc-pham-chuc-nang/active-legs-15v-thien-minh-20571.html,340000.0,Hộp,đ,https://cdn.nhathuoclongchau.com.vn/unsafe/https://cms-prod.s3-sgn09.fptcloud.com/00020313_active_legs_15v_thien_minh_3051_6327_large_96908d2f5e.jpg,"Hạt tiêu đen , Chiết xuất nho , Chiết xuất vỏ thông Pháp , Tá dược vừa đủ , Vitamin C ",Viên nén,NEW NORDIC,Hộp 15 Viên,Thực phẩm chức năng | Sức khoẻ tim mạch,thuc-pham-chuc-nang | thuc-pham-chuc-nang/tim-mach-huyet-ap,True,True,110,0,https://nhathuoclongchau.com.vn/thuc-pham-chuc-nang/active-legs-15v-thien-minh-20571.html,thuc-pham-chuc-nang,0
81,00020412,BAMOGIN THÀNH CÔNG 6X10,"Viên uống Bamogin Thành Công tăng cường tuần hoàn não, cải thiện trí nhớ (6 vỉ x 10 viên)",thuc-pham-chuc-nang/bamogin-thanh-cong-6x10-20580.html,160000.0,Hộp,đ,https://cdn.nhathuoclongchau.com.vn/unsafe/https://cms-prod.s3-sgn09.fptcloud.com/IMG_3705_1411770d9a.jpg,"Bạch quả 120mg, Rau đắng biển 120mg, Lạc tiên 100mg, Rau má 80mg, Đinh lăng 60mg, Magnesium lactate 5mg, Vitamin B1 1mg, Vitamin B6 1mg, Tá dược vừa đủ ",Viên nang,Thành Công,Hộp 6 Vỉ x 10 Viên,Thực phẩm chức năng | Thần kinh não | Tuần hoàn máu,thuc-pham-chuc-nang | thuc-pham-chuc-nang/than-kinh-nao | thuc-pham-chuc-nang/tuan-hoan-mau,True,True,110,0,https://nhathuoclongchau.com.vn/thuc-pham-chuc-nang/bamogin-thanh-cong-6x10-20580.html,thuc-pham-chuc-nang,0
82,00020655,VIÊN UỐNG BỔ SUNG CALCI MEGA-CAL 1000 K2 VITAMINS FOR LIFE 60V,"Viên uống Mega-Cal 1000 Vitamins For Life giúp bổ sung canxi, chống loãng xương (60 viên)",thuc-pham-chuc-nang/mega-cal-1000-60v-fda-21018.html,320000.0,Hộp,đ,https://cdn.nhathuoclongchau.com.vn/unsafe/https://cms-prod.s3-sgn09.fptcloud.com/DSC_08888_30b53ffbee.jpg,"Vitamin D3 400iu, Vitamin A 2000iu, Magnesium 250mg, Calcium 1000mg, Vitamin C 100mg, Vitamin K2 50mcg",Viên nén,Vitamins For Life,Hộp 60 Viên,Thực phẩm chức năng | Vitamin & Khoáng chất | Bổ sung Canxi & Vitamin D,thuc-pham-chuc-nang | thuc-pham-chuc-nang/vitamin-khoang-chat | thuc-pham-chuc-nang/canxi-vitamin-D,True,True,110,0,https://nhathuoclongchau.com.vn/thuc-pham-chuc-nang/mega-cal-1000-60v-fda-21018.html,thuc-pham-chuc-nang,0
83,00021490,LIVESPO PREG-MOM 20 ỐNG X 5ML - BÀO TỬ LỢI KHUẨN CHO MẸ VÀ BÉ,Bào tử lợi khuẩn LiveSpo PREG-MOM bổ sung lợi khuẩn đường ruột (20 ống x 5ml),thuc-pham-chuc-nang/bao-tu-loi-khuan-cho-me-va-be-preg-mom-livespo-20-ong-21851.html,324000.0,Hộp,đ,https://cdn.nhathuoclongchau.com.vn/unsafe/https://cms-prod.s3-sgn09.fptcloud.com/IMG_0146_cadd28fce0.jpg,"Bacillus subtilis 3 , Bacillus clausii , Bacillus coagulans , Nước cất 5ml",Dung dịch uống,Livespo,Hộp 20 Ống,Thực phẩm chức năng | Hỗ trợ tiêu hóa | Vi sinh - Probiotic,thuc-pham-chuc-nang | thuc-pham-chuc-nang/ho-tro-tieu-hoa | thuc-pham-chuc-nang/vi-sinh-probiotic,True,True,110,0,https://nhathuoclongchau.com.vn/thuc-pham-chuc-nang/bao-tu-loi-khuan-cho-me-va-be-preg-mom-livespo-20-ong-21851.html,thuc-pham-chuc-nang,0
84,00021585,LIVESPO COLON 20 ỐNG X 5ML - BÀO TỬ LỢI KHUẨN CHO NGƯỜI VIÊM ĐẠI TRÀNG,"Dung dịch LiveSpo Colon bổ sung vi sinh vật có lợi, kích thích và tăng cường tiêu hóa (20 ống x 5ml)",thuc-pham-chuc-nang/livespo-colon-phoenik-20-ong-x-5ml-21937.html,324000.0,Hộp,đ,https://cdn.nhathuoclongchau.com.vn/unsafe/https://cms-prod.s3-sgn09.fptcloud.com/00021585_livespo_colon_phoenik_20_ong_x_5ml_1708_62e8_large_85f5365830.jpg,"Bacillus clausii 3 , Bacillus subtilis , Nước cất ",Dung dịch uống,Livespo,Hộp 20 Ống x 5ml,Thực phẩm chức năng | Hỗ trợ tiêu hóa | Vi sinh - Probiotic,thuc-pham-chuc-nang | thuc-pham-chuc-nang/ho-tro-tieu-hoa | thuc-pham-chuc-nang/vi-sinh-probiotic,True,True,110,0,https://nhathuoclongchau.com.vn/thuc-pham-chuc-nang/livespo-colon-phoenik-20-ong-x-5ml-21937.html,thuc-pham-chuc-nang,0
85,00021675,"VIÊN UỐNG LÀM ĐẸP DA, CHỐNG LÃO HÓA GLUTASI OCAVILL 60V","Thực phẩm bảo vệ sức khoẻ Glutasi giúp làm đẹp da, chống lão hóa (60 viên)",thuc-pham-chuc-nang/glutasi-phytextra-60v-22029.html,930000.0,Hộp,đ,https://cdn.nhathuoclongchau.com.vn/unsafe/https://cms-prod.s3-sgn09.fptcloud.com/DSC_08634_4ae97b983e.jpg,"Glutathione 300mg, Collagen marin 2400mcg",Viên nang,OCAVILL,Hộp 60 Viên,Thực phẩm chức năng | Cải thiện tăng cường chức năng | Chống lão hóa,thuc-pham-chuc-nang | thuc-pham-chuc-nang/cai-thien-tang-cuong-chuc-nang | thuc-pham-chuc-nang/chong-lao-hoa,True,True,110,0,https://nhathuoclongchau.com.vn/thuc-pham-chuc-nang/glutasi-phytextra-60v-22029.html,thuc-pham-chuc-nang,0
86,00021930,"VIÊN UỐNG GIÚP GIẢM ACID URIC TRONG MÁU, GIẢM SƯNG ĐAU KHỚP DO GOUT URICARE JPANWELL 60V",Viên uống Uricare Jpanwell giúp giảm axit uric trong máu (60 viên),thuc-pham-chuc-nang/uricare-60v-22276.html,995000.0,Hộp,đ,https://cdn.nhathuoclongchau.com.vn/unsafe/https://cms-prod.s3-sgn09.fptcloud.com/00021930_uricare_60v_2657_6007_large_4f5c9e57c5.JPG,"Orotic Acid 225mg, Chitosan 112.50mg, Bào ngư 22.50mg, Cà rốt 22.50mg, Bột Gừng 11.25mg, Chiết xuất cá 5.62mg",Viên nang cứng,Jpanwell,Hộp 60 Viên,Thực phẩm chức năng | Hỗ trợ điều trị | Hỗ trợ điều trị gout,thuc-pham-chuc-nang | thuc-pham-chuc-nang/ho-tro-dieu-tri | thuc-pham-chuc-nang/gout,True,True,110,0,https://nhathuoclongchau.com.vn/thuc-pham-chuc-nang/uricare-60v-22276.html,thuc-pham-chuc-nang,0
87,00021931,VIÊN UỐNG HỖ TRỢ TĂNG SINH LÝ VÀ KHẢ NĂNG SINH SẢN NAM GIỚI BEST KING JPANWELL 60V,Viên uống Best King Jpanwell hỗ trợ tăng cường sinh lý và khả năng sinh sản ở nam giới (60 viên),thuc-pham-chuc-nang/best-king-jpanwell-60v-22277.html,1300000.0,Hộp,đ,https://cdn.nhathuoclongchau.com.vn/unsafe/https://cms-prod.s3-sgn09.fptcloud.com/00021931_best_king_jpanwell_60v_5419_5f92_large_ebf4650be2.JPG,"L-Carnitine 100mg, Tongkat ali 90mg, Bột Gừng 44.44mg, Selenium 25mg, L-Citrulline 22.22mg, Macca 22.22mg, Acid folic 0.24mg, Kẽm 4.44mg, Tá dược vừa đủ , Coenzym Q10 11.11mg, Chiết xuất hàu 225mg",Viên nang,Jpanwell,Hộp 60 Viên,Thực phẩm chức năng | Sinh lý - Nội tiết tố | Sức khoẻ tình dục,thuc-pham-chuc-nang | thuc-pham-chuc-nang/sinh-ly-noi-tiet-to | thuc-pham-chuc-nang/suc-khoe-tinh-duc,True,True,110,0,https://nhathuoclongchau.com.vn/thuc-pham-chuc-nang/best-king-jpanwell-60v-22277.html,thuc-pham-chuc-nang,0
88,00021932,"VIÊN UỐNG BỔ SUNG VITAMIN VÀ KHOÁNG CHẤT CHO BÀ MẸ TRƯỚC,TRONG VÀ SAU THAI KỲ HAPPY MOM JPANWELL 60V",Viên uống Happy Mom Jpanwell bổ sung vitamin và khoáng chất (60 viên),thuc-pham-chuc-nang/happy-mom-jpanwell-60v-22278.html,815000.0,Hộp,đ,https://cdn.nhathuoclongchau.com.vn/unsafe/https://cms-prod.s3-sgn09.fptcloud.com/00021932_happy_mom_jpanwell_60v_5688_5ff7_large_8cba32414f.JPG,"Axit Folic 0.80mg, Vitamin D3 4mg, Nicotinamide 10mg, Vitamin B2 10mg, Dầu thực vật 14.18mg, Pyricosphate sắt 19mg, Vitamin B12 20mg, Vitamin B1 24mg, Apha-tocopherol 50 26.76mg, Dầu cá 48.050mg, Oxit magiê 57mg, Tảo biển 62.5mg, Vitamin C 100mg, Bột Omegavie 100mg, Men chứa kẽm 160mg",Viên nén,Jpanwell,Hộp 60 Viên,Thực phẩm chức năng | Vitamin & Khoáng chất | Vitamin tổng hợp,thuc-pham-chuc-nang | thuc-pham-chuc-nang/vitamin-khoang-chat | thuc-pham-chuc-nang/vitamin-tong-hop,True,True,110,0,https://nhathuoclongchau.com.vn/thuc-pham-chuc-nang/happy-mom-jpanwell-60v-22278.html,thuc-pham-chuc-nang,0
89,00021988,VIÊN UỐNG BỔ SUNG CANXI GIÚP XƯƠNG CHẮC KHỎE ANICA OCAVILL 60V,Viên uống Anica Ocavill bổ sung Canxi và Vitamin D3 (60 viên),thuc-pham-chuc-nang/anica-phytextra-60v-22332.html,560000.0,Hộp,đ,https://cdn.nhathuoclongchau.com.vn/unsafe/https://cms-prod.s3-sgn09.fptcloud.com/DSC_01865_3fa66c5ff7.jpg,"Lithothamnium Calcareum (canxi hữu cơ) 1200mg, Tá dược vừa đủ  , Vitamin K2 20mcg, Vitamin D3 24mcg, Magnesium 4mg, Inulin 20mg",Viên nang cứng,OCAVILL,Hộp 60 Viên,Thực phẩm chức năng | Vitamin & Khoáng chất | Bổ sung Canxi & Vitamin D,thuc-pham-chuc-nang | thuc-pham-chuc-nang/vitamin-khoang-chat | thuc-pham-chuc-nang/canxi-vitamin-D,True,True,110,0,https://nhathuoclongchau.com.vn/thuc-pham-chuc-nang/anica-phytextra-60v-22332.html,thuc-pham-chuc-nang,0
90,00022773,XỊT HỌNG SEDAGOL PRO-BIO PHARMA 30ML,"Dung dịch xịt họng Sedagol Pro-Bio hỗ trợ bảo vệ vùng họng, giảm ho, viêm họng, dịu họng (30ml)",thuc-pham-chuc-nang/sedagol-pro-bio-30ml-23092.html,169000.0,Chai,đ,https://cdn.nhathuoclongchau.com.vn/unsafe/https://cms-prod.s3-sgn09.fptcloud.com/00022773_sedagol_pro_bio_30ml_5837_61b3_large_a04e12389b.JPG,"Chiết xuất cây cối xay 90mg, Chiết xuất Marshmallow 90mg, Chiết xuất Keo ong 60mg, Chiết xuất Ice-land Moss 70mg, Chiết xuất cỏ xạ hương 40mg, Chiết xuất cây móng mèo 20mg, Dầu cây trà 4.5mg, Tinh dầu bạc hà 1.8mg",Dung dịch,Probio,Chai x 30ml,"Thực phẩm chức năng | Hỗ trợ điều trị | Hô hấp, ho, xoang",thuc-pham-chuc-nang | thuc-pham-chuc-nang/ho-tro-dieu-tri | thuc-pham-chuc-nang/suc-khoe-duong-ho-hap-ho-xoang,True,True,110,0,https://nhathuoclongchau.com.vn/thuc-pham-chuc-nang/sedagol-pro-bio-30ml-23092.html,thuc-pham-chuc-nang,0
91,00027506,VALENA KINGPHAR 4X10,"Viên uống Valena Kingphar giúp an thần, hỗ trợ dễ ngủ (4 vỉ x 10 viên)",thuc-pham-chuc-nang/valena-kingphar-4x10-27822.html,86000.0,Hộp,đ,https://cdn.nhathuoclongchau.com.vn/unsafe/https://cms-prod.s3-sgn09.fptcloud.com/DSC_09293_d4338c005f.png,"Rễ nữ lang 160mg, Bình vôi 100mg, Lạc tiên 100mg, Tâm sen 80mg, Tá dược vừa đủ ",Viên nén,Kingphar,Hộp 4 vỉ x 10 viên,Thực phẩm chức năng | Thần kinh não | Hỗ trợ giấc ngủ ngon,thuc-pham-chuc-nang | thuc-pham-chuc-nang/than-kinh-nao | thuc-pham-chuc-nang/ho-tro-giac-ngu-ngon,True,True,110,0,https://nhathuoclongchau.com.vn/thuc-pham-chuc-nang/valena-kingphar-4x10-27822.html,thuc-pham-chuc-nang,0
92,00027508,ẤN THỦY VƯƠNG KINGPHAR 4X10,"Viên uống Ấn Thủy Vương Kingphar bổ thận, giảm tiêu đêm, tiểu ngày nhiều lần (4 vỉ x 10 viên)",thuc-pham-chuc-nang/an-thuy-vuong-kingphar-4x10-27824.html,105000.0,Hộp,đ,https://cdn.nhathuoclongchau.com.vn/unsafe/https://cms-prod.s3-sgn09.fptcloud.com/DSC_09323_d9d01e4630.png,"Cao mật nhân 80mg, Tang phiêu tiêu 20mg, Cao Ích trí nhân 55mg, Tá dược vừa đủ 1viên",Viên nén bao phim,Kingphar,Hộp 4 vỉ x 10 viên,"Thực phẩm chức năng | Hỗ trợ điều trị | Thận, tiền liệt tuyến",thuc-pham-chuc-nang | thuc-pham-chuc-nang/ho-tro-dieu-tri | thuc-pham-chuc-nang/than-tien-liet-tuyen,True,True,110,0,https://nhathuoclongchau.com.vn/thuc-pham-chuc-nang/an-thuy-vuong-kingphar-4x10-27824.html,thuc-pham-chuc-nang,0
93,00028493,"VIÊN UỐNG BỔ MẮT, TỐT CHO TRÍ NÃO, TIM MẠCH OMEXXEL 3-6-9 EXCELIFE 100V","Viên uống Omexxel 3-6-9 tốt cho trí não, giúp bổ mắt (100 viên)",thuc-pham-chuc-nang/omexxel-3-6-9-excelife-100v-28795.html,378000.0,Hộp,đ,https://cdn.nhathuoclongchau.com.vn/unsafe/https://cms-prod.s3-sgn09.fptcloud.com/DSC_09409_77358c32d7.jpg,"Omega 3 400mg, Omega 6 400mg, Omega 9 400mg",Viên nang mềm,OMEXXEL,Hộp 100 Viên,Thực phẩm chức năng | Vitamin & Khoáng chất,thuc-pham-chuc-nang | thuc-pham-chuc-nang/vitamin-khoang-chat,True,True,110,0,https://nhathuoclongchau.com.vn/thuc-pham-chuc-nang/omexxel-3-6-9-excelife-100v-28795.html,thuc-pham-chuc-nang,0
94,00028590,LIVERWELL NUTRIMED 60V,"Viên uống Liverwell Nutrimed hỗ trợ giải độc gan giúp hỗ trợ giải độc gan, bảo vệ tế bào gan (60 viên)",thuc-pham-chuc-nang/liverwell-nutrimed-60v-28894.html,460000.0,Hộp,đ,https://cdn.nhathuoclongchau.com.vn/unsafe/https://cms-prod.s3-sgn09.fptcloud.com/DSC_09561_716c521238.jpg,"N-acetyl Cysteine 25mg, Niacin 6.25mg, Biotin 37.5mcg, Riboflavin 1mg, Thiamin 1.5mg, Kế sữa 50mg, Câu kỷ tử 87.50mg, Sài hồ bắc 87.5mg, Glycine 25mg, Glutamic Acid 22.5mg, Cysteine 15mg, Ngũ vị tử 15mg, Hoàng cầm 15mg, alpha Lipoic acid 1mg, Tá dược vừa đủ ",Viên nén,NUTRIMED,Hộp 60 Viên,Thực phẩm chức năng | Cải thiện tăng cường chức năng,thuc-pham-chuc-nang | thuc-pham-chuc-nang/cai-thien-tang-cuong-chuc-nang,True,True,110,0,https://nhathuoclongchau.com.vn/thuc-pham-chuc-nang/liverwell-nutrimed-60v-28894.html,thuc-pham-chuc-nang,0
95,00028719,MACA F FEMALE EMPOWER 60V,"Viên uống MacaF Female hỗ trợ tăng cường nội tiết tố nữ, tăng khả năng sinh lý (60 viên)",thuc-pham-chuc-nang/maca-f-female-empower-60v-29016.html,660000.0,Hộp,đ,https://cdn.nhathuoclongchau.com.vn/unsafe/https://cms-prod.s3-sgn09.fptcloud.com/00028719_maca_f_female_empower_60v_1127_5f62_large_1cfb41e9b6.JPG,"maca root extract 300mg, Dong Quai 100mg, Tá dược vừa đủ , Common Wild Yam 100mg",Viên nang,Nature's Supplements,Hộp 60 viên,Thực phẩm chức năng | Sinh lý - Nội tiết tố | Sinh lý nữ,thuc-pham-chuc-nang | thuc-pham-chuc-nang/sinh-ly-noi-tiet-to | thuc-pham-chuc-nang/sinh-ly-nu,True,True,110,0,https://nhathuoclongchau.com.vn/thuc-pham-chuc-nang/maca-f-female-empower-60v-29016.html,thuc-pham-chuc-nang,0
96,00028718,MACA M MALE POWER 60V,"Viên uống Maca M Male Power hỗ trợ bổ thận, tráng dương (60 viên)",thuc-pham-chuc-nang/maca-m-male-power-60v-29021.html,660000.0,Hộp,đ,https://cdn.nhathuoclongchau.com.vn/unsafe/https://cms-prod.s3-sgn09.fptcloud.com/00028718_maca_m_male_power_60v_7335_5f62_large_ee96a5fd36.JPG,"maca root extract 250mg, American Ginseng 30mg, Angelica Root 30mg, Radix Polygalae-root 35mg, Fructus Alpiniae Oxyphyllae 33mg, Cortex Eucommiae 32mg, Radix Achryanthis Bidentatae 20mg, Fructus Amomi 20mg, Rhizoma Ligustici Chuanxiong 10mg, Radix Dipsaci 40mg",Viên nang,Nature's Supplements,Hộp 60 viên,Thực phẩm chức năng | Sinh lý - Nội tiết tố | Sinh lý nam,thuc-pham-chuc-nang | thuc-pham-chuc-nang/sinh-ly-noi-tiet-to | thuc-pham-chuc-nang/sinh-ly-nam,True,True,110,0,https://nhathuoclongchau.com.vn/thuc-pham-chuc-nang/maca-m-male-power-60v-29021.html,thuc-pham-chuc-nang,0
97,00029140,EURO GINKO GOLD HDPHARMA 100V,"Viên uống Euro Ginko Gold HD Pharma hỗ trợ hoạt huyết, tăng cường tuần hoàn máu não (100 viên)",thuc-pham-chuc-nang/euro-ginko-gold-hdpharma-100v-29405.html,185000.0,Hộp,đ,https://cdn.nhathuoclongchau.com.vn/unsafe/https://cms-prod.s3-sgn09.fptcloud.com/00029140_euro_ginko_gold_hdpharma_100v_5431_63a9_large_07698181e4.jpg,"Ginkgo biloba extract 480mg, Đinh lăng khô 200mg, Vitamin B1 4mg, Vitamin B2 4mg, Vitamin B6 4mg, Nattokinase 4mg, Coenzym Q10 2.4mg, Tá dược vừa đủ 4viên",Viên nang mềm,Hdpharma,Hộp 100 viên,Thực phẩm chức năng | Thần kinh não | Hỗ trợ giấc ngủ ngon,thuc-pham-chuc-nang | thuc-pham-chuc-nang/than-kinh-nao | thuc-pham-chuc-nang/ho-tro-giac-ngu-ngon,True,True,110,0,https://nhathuoclongchau.com.vn/thuc-pham-chuc-nang/euro-ginko-gold-hdpharma-100v-29405.html,thuc-pham-chuc-nang,0
98,00029360,"VIÊN UỐNG GIÚP GIẢM MỠ, CHOLESTEROL TRONG MÁU CHO NGƯỜI BỊ MỠ MÁU LIPITAS JPANWELL 60V","Viên uống Lipitas Jpanwell giúp giảm mỡ, cholesterol và triglyceride trong máu (60 viên)",thuc-pham-chuc-nang/vien-uong-lipitas-jpanwell-giam-mo-mau-mo-gan-thai-doc-gan-hop-60-vien-29698.html,995000.0,Hộp,đ,https://cdn.nhathuoclongchau.com.vn/unsafe/https://cms-prod.s3-sgn09.fptcloud.com/00029360_lipitas_jpanwell_60v_4493_6006_large_eed588f6b1.JPG,"Nattokinase 87.50mg, Inulin 70mg, Kế sữa 50mg, L-Cystine 25mg, Quercetin 12.50mg, Vitamin E 12.50mg, Selenium 6.25mg, Bột Gừng 6.25mg, Tá dược vừa đủ , Coenzym Q10 1mg, Monascus 6.25mg, Bột vỏ hành tây , Bột nấm ngưu chương chi 50mg",Viên nang cứng,Jpanwell,Hộp 60 Viên,Thực phẩm chức năng | Sức khoẻ tim mạch | Giảm Cholesterol,thuc-pham-chuc-nang | thuc-pham-chuc-nang/tim-mach-huyet-ap | thuc-pham-chuc-nang/cholesterol,True,True,110,0,https://nhathuoclongchau.com.vn/thuc-pham-chuc-nang/vien-uong-lipitas-jpanwell-giam-mo-mau-mo-gan-thai-doc-gan-hop-60-vien-29698.html,thuc-pham-chuc-nang,0
99,00029361,VIÊN UỐNG CẢI THIỆN CHỈ SỐ ĐƯỜNG HUYẾT CHO NGƯỜI TIỂU ĐƯỜNG MEDSULIN GOLD JPANWELL 60V,"Viên uống Medsulin Gold Jpanwell giúp hạ đường huyết, hỗ trợ chuyển hóa đường (60 viên)",thuc-pham-chuc-nang/medsulin-gold-jpanwell-60v-29699.html,995000.0,Hộp,đ,https://cdn.nhathuoclongchau.com.vn/unsafe/https://cms-prod.s3-sgn09.fptcloud.com/00029361_medsulin_gold_jpanwell_60v_6910_6006_large_baf2361500.JPG,"Nấm bào ngư 111.10mg, Inulin 111.10mg, Dâu tằm 55.56mg, Giảo cổ lam 37.03mg, Nicotinic acid 14mg, Kế sữa 11.11mg, Vitamin B2 1.50mg, Vitamin B1 1.30mg, Vitamin B6 1.40mg, Vitamin B12 2.6mg, Canxi Pantothenate 5.20mg, Acid folic 0.29mg, Tá dược vừa đủ , Coenzym Q10 5mg, Dây thìa canh 11.11mg",Viên nang cứng,Jpanwell,Hộp 60 Viên,Thực phẩm chức năng | Hỗ trợ điều trị | Hỗ trợ điều trị tiểu đường,thuc-pham-chuc-nang | thuc-pham-chuc-nang/ho-tro-dieu-tri | thuc-pham-chuc-nang/tieu-duong,True,True,110,0,https://nhathuoclongchau.com.vn/thuc-pham-chuc-nang/medsulin-gold-jpanwell-60v-29699.html,thuc-pham-chuc-nang,0
100,00029877,OMEGA-3 FOR KIDS 300MG NUTRIMED INTERNATIONAL 100V,"Viên uống Omega-3 For Kids Nutrimed giúp trẻ phát triển trí não, thị lực (100 viên)",thuc-pham-chuc-nang/omega-3-for-kids-300mg-nutrimed-international-100v-30144.html,450000.0,Hộp,đ,https://cdn.nhathuoclongchau.com.vn/unsafe/https://cms-prod.s3-sgn09.fptcloud.com/00029877_omega_3_for_kids_300mg_nutrimed_international_100v_6416_633e_large_20c893600c.jpg,"Omega-3 fatty acid 150mg, Vitamin A 450mcg, Vitamin D3 7.5mcg",Viên nang mềm,NUTRIMED,Hộp 100 Viên,Thực phẩm chức năng | Vitamin & Khoáng chất,thuc-pham-chuc-nang | thuc-pham-chuc-nang/vitamin-khoang-chat,True,True,110,0,https://nhathuoclongchau.com.vn/thuc-pham-chuc-nang/omega-3-for-kids-300mg-nutrimed-international-100v-30144.html,thuc-pham-chuc-nang,0
101,00030512,BAWOD CALCIUM PLUS HDPHARMA 60V,"Viên uống Bawod Calcium Plus bổ sung canxi, vitamin D3 giúp răng, xương chắc khỏe (60 viên)",thuc-pham-chuc-nang/vien-uong-chac-khoe-xuong-baywod-calcium-plus-hd-pharma-60-vien-30660.html,125000.0,Hộp,đ,https://cdn.nhathuoclongchau.com.vn/unsafe/https://cms-prod.s3-sgn09.fptcloud.com/00030512_baywod_calcium_plus_hdpharma_60v_7518_6091_large_59f87bda37.jpg,"Canxi cacbonat 150mg, Canxi Tảo biển 100mg, Inulin 50mg, Kẽm Gluconat 20mg, Magie gluconat 10mg, Vitamin B1 5mg, Vitamin PP 5mg, Vitamin B6 5mg, Vitamin B2 500Mcg, Acid folic 300Mcg, Vitamin K2 20Mcg, Vitamin D3 300IU, Vitamin E 5IU, Tá dược vừa đủ , Men Selen 20Mcg, DHA 5mg",Viên nang mềm,Hdpharma,Hộp 60 Viên,Thực phẩm chức năng | Hỗ trợ điều trị | Cơ xương khớp,thuc-pham-chuc-nang | thuc-pham-chuc-nang/ho-tro-dieu-tri | thuc-pham-chuc-nang/xuong-khop,True,True,110,0,https://nhathuoclongchau.com.vn/thuc-pham-chuc-nang/vien-uong-chac-khoe-xuong-baywod-calcium-plus-hd-pharma-60-vien-30660.html,thuc-pham-chuc-nang,100
102,00030788,VIÊN UỐNG BỔ KHỚP VITATREE GLUCOSAMINE 1500 PLUS SHARK CARTILAGE 100V,Viên uống Vitatree Glucosamine 1500 Plus Shark Cartilage hỗ trợ duy trì chức năng của khớp (100 viên),thuc-pham-chuc-nang/vitatree-glucosamine-1500-plus-shark-cartilage-bpure-100v-30934.html,643000.0,Hộp,đ,https://cdn.nhathuoclongchau.com.vn/unsafe/https://cms-prod.s3-sgn09.fptcloud.com/00030788_vitatree_glucosamine_1500_plus_shark_cartilage_bpure_100v_6986_623d_large_30d123603b.jpg,"bột sụn vi cá mập 250mg, Glucosamine Hydrochloride 1500mg",Viên nén,Vitatree,Hộp 100 viên,Thực phẩm chức năng | Hỗ trợ điều trị | Cơ xương khớp,thuc-pham-chuc-nang | thuc-pham-chuc-nang/ho-tro-dieu-tri | thuc-pham-chuc-nang/xuong-khop,True,True,110,0,https://nhathuoclongchau.com.vn/thuc-pham-chuc-nang/vitatree-glucosamine-1500-plus-shark-cartilage-bpure-100v-30934.html,thuc-pham-chuc-nang,100
103,00030818,HOẠT HUYẾT THÔNG MẠCH HOÀNG GIA ROYAL CARE 3X10,Viên uống Hoạt Huyết Thông Mạch Hoàng Gia Royal Care tăng cường tuần hoàn não (3 vỉ x 10 viên),thuc-pham-chuc-nang/hoat-huyet-thong-mach-hoang-gia-royal-care-3x10-30960.html,95000.0,Hộp,đ,https://cdn.nhathuoclongchau.com.vn/unsafe/https://cms-prod.s3-sgn09.fptcloud.com/IMG_3661_fc21bd2e17.jpg,"Nattokinase 80 , Cao bạch quả 15mg, Đương quy 1650mg, Sinh Địa 1500mg, Ngưu tất (Rễ) 1500mg, Xuyên khung 800mg, Sài Hồ 300mg, Hồng hoa 200mg, Chỉ xác 150mg, Đảng Sâm 100mg, Xích thược 750mg, Tá dược vừa đủ ",Viên nén bao phim,Royal Care,Hộp 3 vỉ x 10 viên,Thực phẩm chức năng | Thần kinh não | Bổ não - cải thiện trí nhớ,thuc-pham-chuc-nang | thuc-pham-chuc-nang/than-kinh-nao | thuc-pham-chuc-nang/bo-nao-cai-thien-tri-nho,True,True,110,0,https://nhathuoclongchau.com.vn/thuc-pham-chuc-nang/hoat-huyet-thong-mach-hoang-gia-royal-care-3x10-30960.html,thuc-pham-chuc-nang,100
104,00031036,VIÊN UỐNG BỔ NÃO OMEXXEL GINKGO 120 2X15,"Viên uống Omexxel Ginkgo 120 tăng cường tuần hoàn máu não, tốt cho tim mạch (2 vỉ x 15 viên)",thuc-pham-chuc-nang/omexxel-ginkgo-120-2x15-31175.html,364000.0,Hộp,đ,https://cdn.nhathuoclongchau.com.vn/unsafe/https://cms-prod.s3-sgn09.fptcloud.com/DSC_09340_3ff6e5fa6d.png,"Ginkgo biloba 120mg, Tá dược vừa đủ , Omega 3 500mg",Viên nang mềm,OMEXXEL,Hộp 2 Vỉ x 15 Viên,Thực phẩm chức năng | Thần kinh não,thuc-pham-chuc-nang | thuc-pham-chuc-nang/than-kinh-nao,True,True,110,0,https://nhathuoclongchau.com.vn/thuc-pham-chuc-nang/omexxel-ginkgo-120-2x15-31175.html,thuc-pham-chuc-nang,100
105,00031902,DẠ DÀY HẢI THƯỢNG VƯƠNG 3X10,"Viên uống Dạ Dày Hải Thượng Vương hỗ trợ giảm acid dịch vị, bảo vệ niêm mạc dạ dày (30 viên)",thuc-pham-chuc-nang/da-day-hai-thuong-vuong-3x10-32045.html,315000.0,Hộp,đ,https://cdn.nhathuoclongchau.com.vn/unsafe/https://cms-prod.s3-sgn09.fptcloud.com/DSC_09959_504f8a9544.jpg,"Piperine 0.5mg, Fucoidan 10mg, Magie Hydroxit 30mg, Tam thất bắc 50mg, Xạ đen 50mg, Chè dây 100mg, Nano Curcumin 400mg",Viên nang cứng,Hải Thượng Vương,Hộp 3 vỉ x 10 viên,"Thực phẩm chức năng | Hỗ trợ tiêu hóa | Dạ dày, tá tràng",thuc-pham-chuc-nang | thuc-pham-chuc-nang/ho-tro-tieu-hoa | thuc-pham-chuc-nang/da-day-ta-trang,True,True,110,0,https://nhathuoclongchau.com.vn/thuc-pham-chuc-nang/da-day-hai-thuong-vuong-3x10-32045.html,thuc-pham-chuc-nang,100
106,00032767,VIÊN UỐNG KENKAN NATTOKINASE 2400FU 60V,"Viên uống KenKan Nattokinase 2400FU giảm nguy cơ hình thành huyết khối, tăng cường lưu thông máu (60 viên)",thuc-pham-chuc-nang/vien-uong-kenkan-nattokinase-2400fu-60v-32882.html,515000.0,Hộp,đ,https://cdn.nhathuoclongchau.com.vn/unsafe/https://cms-prod.s3-sgn09.fptcloud.com/DSC_09674_24a98c9335.png,"Nattokinase 800fu, DHA 4.8mg, EPA 1.12mg",Viên nang,KenKan,Hộp 60 Viên,Thực phẩm chức năng | Sức khoẻ tim mạch,thuc-pham-chuc-nang | thuc-pham-chuc-nang/tim-mach-huyet-ap,True,True,110,0,https://nhathuoclongchau.com.vn/thuc-pham-chuc-nang/vien-uong-kenkan-nattokinase-2400fu-60v-32882.html,thuc-pham-chuc-nang,100
107,00345430,CALCIUM MAGNESIUM ZINC NATURES BOUNTY 100V,Viên uống Calcium Magnesium Zinc Nature's Bounty hỗ trợ duy trì sức khoẻ hệ xương (100 viên),thuc-pham-chuc-nang/vien-uong-bo-sung-canxi-magie-kem-1.html,270000.0,Hộp,đ,https://cdn.nhathuoclongchau.com.vn/unsafe/https://cms-prod.s3-sgn09.fptcloud.com/00345430_vien_uong_bo_sung_canxi_magie_kem_5337_62ae_large_918f8701ba.jpg,"Vitamin D 600iu, Kẽm 25mg, Canxi 1000mg, Magie 400mg",Viên nén bao phim,Nature's Bounty,Hộp 100 Viên,Thực phẩm chức năng | Vitamin & Khoáng chất | Bổ sung Kẽm & Magie,thuc-pham-chuc-nang | thuc-pham-chuc-nang/vitamin-khoang-chat | thuc-pham-chuc-nang/kem-magie,True,True,110,0,https://nhathuoclongchau.com.vn/thuc-pham-chuc-nang/vien-uong-bo-sung-canxi-magie-kem-1.html,thuc-pham-chuc-nang,100
108,00345335,"VIÊN UỐNG BỔ SUNG CANXI GIÚP XƯƠNG CHẮC KHỎE, PHÒNG NGỪA LOÃNG XƯƠNG CALCI K2 DAO NORDIC 60V","Viên uống Calci K2 Dao Nordic Health bổ sung canxi, chống loãng xương (60 viên)",thuc-pham-chuc-nang/calci-k2-vien-bo-sung-canxi-ngua-loang-xuong-7.html,365000.0,Hộp,đ,https://cdn.nhathuoclongchau.com.vn/unsafe/https://cms-prod.s3-sgn09.fptcloud.com/00345335_calci_k2_vien_bo_sung_canxi_ngua_loang_xuong_3579_62ae_large_0abcaf7b56.jpg,"Magnesium 200mg, Tá dược vừa đủ , Calcium 400mg, Vitamin D3 10mcg, Vitamin K2 22.5mcg",Viên nén,DAO Nordic Health,Hộp 60 Viên,Thực phẩm chức năng | Vitamin & Khoáng chất | Bổ sung Canxi & Vitamin D,thuc-pham-chuc-nang | thuc-pham-chuc-nang/vitamin-khoang-chat | thuc-pham-chuc-nang/canxi-vitamin-D,True,True,110,0,https://nhathuoclongchau.com.vn/thuc-pham-chuc-nang/calci-k2-vien-bo-sung-canxi-ngua-loang-xuong-7.html,thuc-pham-chuc-nang,100
109,00049149,VIÊN UỐNG HỖ TRỢ CHỨC NĂNG GAN KANZO GOLD 60V,"Viên uống Kanzo Gold hỗ trợ tăng cường chức năng gan, cải thiện tình trạng mẫn ngứa, vàng da (60 viên)",thuc-pham-chuc-nang/vien-uong-ho-tro-chuc-nang-gan-kanzo-gold-vkenko-60-v.html,960000.0,Hộp,đ,https://cdn.nhathuoclongchau.com.vn/unsafe/https://cms-prod.s3-sgn09.fptcloud.com/DSC_05265_70502b89e4.jpg,"Kế sữa 100mg, Chiết xuất gan lợn 80mg, L-ornithine hydrochloride 20mg, peptide đậu nành 20mg, Curcumin 10mg, Bột chiết xuất từ thịt hàu 5mg, Bột chiết xuất từ thịt nghêu nước ngọt 5mg, Kẽm 1.5mg, Chiết xuất nấm men 1mg, Vitamin B1 1mg, Vitamin B2 1mg, Vitamin B6 1mg, chiết xuất atiso 1.5mg, S-adenosyl-L-methionine 1mg",Viên nang cứng,Nhãn khác,Hộp 60 Viên,Thực phẩm chức năng | Cải thiện tăng cường chức năng | Chức năng gan,thuc-pham-chuc-nang | thuc-pham-chuc-nang/cai-thien-tang-cuong-chuc-nang | thuc-pham-chuc-nang/chuc-nang-gan,True,True,100,0,https://nhathuoclongchau.com.vn/thuc-pham-chuc-nang/vien-uong-ho-tro-chuc-nang-gan-kanzo-gold-vkenko-60-v.html,thuc-pham-chuc-nang,100
110,00048874,HOẠT HUYẾT THÔNG MẠCH GOLD TW3 3X10,Thực phẩm bảo vệ sức khoẻ Hoạt Huyết Thông Mạch Gold TW3 Foripharm hỗ trợ giảm nguy cơ tắt mạch (3 vỉ x 10 viên),thuc-pham-chuc-nang/hoat-huyet-thong-mach-gold-tw-3-3-x10.html,120000.0,Hộp,đ,https://cdn.nhathuoclongchau.com.vn/unsafe/https://cms-prod.s3-sgn09.fptcloud.com/DSC_05151_0c39e73eec.png,"Đương quy 375mg, Ích mẫu 225mg, Hoàng kỳ 200mg, Thục địa 200mg, Hồng hoa 200mg, Xích thược (Rễ) 100mg, Xuyên khung (Thân rễ) 100mg, Đan sâm 100mg, Cao khô lá Bạch quả 30mg",Viên nang cứng,Foripharm,Hộp 3 Vỉ x 10 Viên,Thực phẩm chức năng | Thần kinh não,thuc-pham-chuc-nang | thuc-pham-chuc-nang/than-kinh-nao,True,True,100,0,https://nhathuoclongchau.com.vn/thuc-pham-chuc-nang/hoat-huyet-thong-mach-gold-tw-3-3-x10.html,thuc-pham-chuc-nang,100
111,00047456,VIÊN UỐNG BỔ NÃO ÍCH TRÍ GOLD 60V,Bổ Não Ích Trí Gold Tất Thành tăng cường tuần hoàn não (60 viên),thuc-pham-chuc-nang/vien-uong-bo-nao-ich-tri-gold-60-v.html,210000.0,Hộp,đ,https://cdn.nhathuoclongchau.com.vn/unsafe/https://cms-prod.s3-sgn09.fptcloud.com/DSC_03095_5bbcaaa64b.jpg,"Ginkgo biloba 160mg, Rau đắng biển 134mg, Magnesium gluconate 100mg, Thục địa 200mg, Ngưu tất (Rễ) 200mg, Đan sâm 200mg, Ích mẫu 200mg, Bạch thược 100mg, Đương quy 100mg, Tá dược vừa đủ 2Viên",Viên nang,Tất Thành,Hộp 60 viên,Thực phẩm chức năng | Thần kinh não | Bổ não - cải thiện trí nhớ,thuc-pham-chuc-nang | thuc-pham-chuc-nang/than-kinh-nao | thuc-pham-chuc-nang/bo-nao-cai-thien-tri-nho,True,True,100,0,https://nhathuoclongchau.com.vn/thuc-pham-chuc-nang/vien-uong-bo-nao-ich-tri-gold-60-v.html,thuc-pham-chuc-nang,100
112,00047381,"BỔ SUNG LỢI KHUẨN CHO HỆ TIÊU HÓA, GIẢM RỐI LOẠN TIÊU HÓA BIO PLUS KENKO 10 GÓI X 15G","Dung dịch Bio Plus 15g Kenko bổ sung vi khuẩn có lợi cho hệ tiêu hóa, cân bằng đường ruột (10 gói)",thuc-pham-chuc-nang/bo-sung-loi-khuan-cho-he-tieu-hoa-giam-roi-loan-tieu-hoa-bio-plus-kenko-10-goi-x-15-g.html,560000.0,Hộp,đ,https://cdn.nhathuoclongchau.com.vn/unsafe/https://cms-prod.s3-sgn09.fptcloud.com/DSC_01888_3d01e5bc4d.jpg,"Isomaltoligosaccharides 3000mg, Mật ong 1000mg, Chất xơ hòa tan 500mg, Collagen thủy phân từ da cá 100mg, Axit lactic 0.5mg, Vi khuẩn acid lactic 29.5mg, Lactic acid bacteria 1mg, Bifidobacteria 0.25mg, axit hyaluronic 1mg, Vitamin C 0.7mg, Vitamin A 0.006mg, Vitamin D 0.00004mg, Vitamin B1 0.1mg, Vitamin B2 0.01mg, Vitamin B6 0.01mg, Vitamin B12 0.02mg, Niacinamide 0.1mg, Axit Folic 0.002mg, Axit Pantothenic 0.03mg, Vitamin E 0.05mg, Galacto-oligosaccharides 100mg, Vi khuẩn Heat-killed Enterococcus faecalis EC-12 22.5mg",Dung dịch,KENKO,Hộp 10 Gói,Thực phẩm chức năng | Hỗ trợ tiêu hóa | Vi sinh - Probiotic,thuc-pham-chuc-nang | thuc-pham-chuc-nang/ho-tro-tieu-hoa | thuc-pham-chuc-nang/vi-sinh-probiotic,True,True,100,0,https://nhathuoclongchau.com.vn/thuc-pham-chuc-nang/bo-sung-loi-khuan-cho-he-tieu-hoa-giam-roi-loan-tieu-hoa-bio-plus-kenko-10-goi-x-15-g.html,thuc-pham-chuc-nang,100
113,00047379,"VIÊN UỐNG HỖ TRỢ GIẢM ĐAU KHỚP, THOÁI HÓA KHỚP RELAX PLUS JPANWELL 60V","Viên uống Relax Plus Jpanwell hỗ trợ giảm đau khớp, khó vận động do viêm khớp (60 viên)",thuc-pham-chuc-nang/vien-uong-ho-tro-giam-dau-khop-thoai-hoa-khop-relax-plus-jpanwell-60-v.html,990000.0,Hộp,đ,https://cdn.nhathuoclongchau.com.vn/unsafe/https://cms-prod.s3-sgn09.fptcloud.com/DSC_01799_a520be3edf.jpg,"Metyl Sulfonyl Metan 500mg, Dolomite 160mg, Hà thủ ô 100mg, Glucosamin 60mg, Vỏ quế 40mg, Tảo xoắn 20mg, Nấm linh chi 20mg, Vitamin C 18.34mg, Đương quy 10mg, Bạch quả 6mg, Chondroitin 8mg, Chiết xuất nghệ 6mg, Vitamin D 6.001mg, Cam thảo 6mg, Magie 10mg, Sắt Heme 6mg, Vitamin B3 2.16mg, Vitamin E 1.06mg, Chiết xuất vỏ cây thông 1mg, Vitamin B5 0.96mg, Vitamin B2 0.24mg, Vitamin B1 0.22mg, Vitamin B6 0.22mg, Vitamin A 0.154mg, Axit Folic 0.044mg, Vitamin B12 0.00048mg",Viên nang cứng,Jpanwell,Hộp 60 Viên,Thực phẩm chức năng | Hỗ trợ điều trị | Cơ xương khớp,thuc-pham-chuc-nang | thuc-pham-chuc-nang/ho-tro-dieu-tri | thuc-pham-chuc-nang/xuong-khop,True,True,100,0,https://nhathuoclongchau.com.vn/thuc-pham-chuc-nang/vien-uong-ho-tro-giam-dau-khop-thoai-hoa-khop-relax-plus-jpanwell-60-v.html,thuc-pham-chuc-nang,100
114,00046893,VIÊN UỐNG HỖ TRỢ TIỀN LIỆT TUYẾN - BỔ THẬN GOLEX OCAVILL THE OXFORD 30V,"Viên uống Golex Ocavill hỗ trợ chống lại sự phình to của tuyến tiền liệt, cải thiện các rối loạn tiểu tiện (30 viên)",thuc-pham-chuc-nang/vien-uong-ho-tro-tien-liet-tuyen-bo-than-golex-the-oxford-30-v.html,495000.0,Hộp,đ,https://cdn.nhathuoclongchau.com.vn/unsafe/https://cms-prod.s3-sgn09.fptcloud.com/DSC_01882_6d5690a9d4.jpg,"Chiết xuất Cây cọ lùn (Saw Palmetto) 650mg, Hạt bí ngô 600mg, Tầm ma 160mg, Kẽm 15mg, Lycopene 10mg, Vitamin E 10mg, Vitamin B6 1.5mg",Viên nén,OCAVILL,Hộp 30 Viên,"Thực phẩm chức năng | Hỗ trợ điều trị | Thận, tiền liệt tuyến",thuc-pham-chuc-nang | thuc-pham-chuc-nang/ho-tro-dieu-tri | thuc-pham-chuc-nang/than-tien-liet-tuyen,True,True,100,0,https://nhathuoclongchau.com.vn/thuc-pham-chuc-nang/vien-uong-ho-tro-tien-liet-tuyen-bo-than-golex-the-oxford-30-v.html,thuc-pham-chuc-nang,100
115,00045956,"VIÊN UỐNG BỔ NÃO, TIM MẠCH, TĂNG THỊ LỰC VÀ TRÍ NHỚ OMEGA 3 POWER 120V","Viên uống Omega 3 Power DAO Nordic Health hỗ trợ tăng cường sức khoẻ tim mạch, giảm mỡ máu (120 viên)",thuc-pham-chuc-nang/vien-uong-bo-nao-tim-mach-tang-thi-luc-va-tri-nho-omega-3-power-120-v.html,330000.0,Hộp,đ,https://cdn.nhathuoclongchau.com.vn/unsafe/https://cms-prod.s3-sgn09.fptcloud.com/DSC_08880_009cf2ede8.jpg,Dầu cá tự nhiên 1000mg,Viên nang mềm,DAO Nordic Health,Hộp 120 Viên,Thực phẩm chức năng | Sức khoẻ tim mạch | Giảm Cholesterol,thuc-pham-chuc-nang | thuc-pham-chuc-nang/tim-mach-huyet-ap | thuc-pham-chuc-nang/cholesterol,True,True,100,0,https://nhathuoclongchau.com.vn/thuc-pham-chuc-nang/vien-uong-bo-nao-tim-mach-tang-thi-luc-va-tri-nho-omega-3-power-120-v.html,thuc-pham-chuc-nang,100
116,00045393,VIÊN UỐNG ĐÔNG TRÙNG HẠ THẢO PHARMA WORLD CORDYCEPS 1500MG 60V,Viên uống Đông Trùng Hạ Thảo Pharma World Cordyceps 1500mg hỗ trợ tốt cho phổi và thận (60 viên),thuc-pham-chuc-nang/vien-uong-dong-trung-ha-thao-pharma-world-cordyceps-1500-mg-60-v.html,595000.0,Hộp,đ,https://cdn.nhathuoclongchau.com.vn/unsafe/https://cms-prod.s3-sgn09.fptcloud.com/DSC_05122_588867ef68.jpg,Chiết xuất Đông trùng hạ thảo 1500mg,Viên nang cứng,Pharma World,Hộp 60 Viên,"Thực phẩm chức năng | Cải thiện tăng cường chức năng | Tăng sức đề kháng, miễn dịch",thuc-pham-chuc-nang | thuc-pham-chuc-nang/cai-thien-tang-cuong-chuc-nang | thuc-pham-chuc-nang/ho-tro-mien-dich-tang-suc-de-khang,True,True,100,0,https://nhathuoclongchau.com.vn/thuc-pham-chuc-nang/vien-uong-dong-trung-ha-thao-pharma-world-cordyceps-1500-mg-60-v.html,thuc-pham-chuc-nang,100
117,00043227,B-TEEN KENKO HỖ TRỢ PHÁT TRIỂN CHO BÉ TRAI GIAI ĐOẠN DẬY THÌ 30 GÓI X 15G,Thực phẩm bảo vệ sức khỏe B-TEEN Kenko hỗ trợ phát triển cho bé trai giai đoạn dậy thì (30 gói x 15g),thuc-pham-chuc-nang/b-teen-kenko-ho-tro-phat-trien-cho-be-trai-giai-doan-day-thi-30-goi-x-15-g.html,1550000.0,Hộp,đ,https://cdn.nhathuoclongchau.com.vn/unsafe/https://cms-prod.s3-sgn09.fptcloud.com/DSC_04296_5a6bfce13c.jpg,"Oligosaccharide 3000mg, Mật ong nguyên chất 2250mg, Protein thực vật 100mg, L-Citrulline 25mg, Men chứa kẽm 20mg, Tảo xoắn 10mg, Maca 30mg, chiết xuất thực vật lên men 30mg, Canxi lactate 30mg, Phosphatidylserine 5mg, Peptide lòng đỏ trứng 5mg, Lactobacilus 2mg, Bifidobacteria 1mg, Dầu cá tinh luyện 0.48045mg, Dầu ăn và mỡ đã qua chế biến 0.1mg, L-Arginine 50mg, Vitamin C 10mg, Vitamin A 5mg, Vitamin D3 2mg, Vitamin B1 2mg, Vitamin B2 2mg, Vitamin B6 2mg, Vitamin E 5mg, Magie sulfat 10mg",Dung dịch,KENKO,Hộp 30 Gói,Thực phẩm chức năng | Vitamin & Khoáng chất | Vitamin tổng hợp,thuc-pham-chuc-nang | thuc-pham-chuc-nang/vitamin-khoang-chat | thuc-pham-chuc-nang/vitamin-tong-hop,True,True,100,0,https://nhathuoclongchau.com.vn/thuc-pham-chuc-nang/b-teen-kenko-ho-tro-phat-trien-cho-be-trai-giai-doan-day-thi-30-goi-x-15-g.html,thuc-pham-chuc-nang,100
118,00043225,VIÊN UỐNG BỔ SUNG OMEGA 3-6-9 NATURECARE 6X20,"Viên nang mềm NatureCare Omega 369 bổ sung Omega, giảm nguy cơ xơ vữa động mạch (6 vỉ x 20 viên)",thuc-pham-chuc-nang/vien-uong-bo-sung-omega-3-6-9-naturecare-6-x20.html,570000.0,Hộp,đ,https://cdn.nhathuoclongchau.com.vn/unsafe/https://cms-prod.s3-sgn09.fptcloud.com/DSC_09006_a1b4671cf5.jpg,"Vitamin E alpha - tocophenyl 12mg, Omega 9 147mg, Omega 6 478mg, Omega 3 250mg, Axit béo không bão hòa đơn 160mg",Viên nang mềm,Naturecare,Hộp 6 Vỉ x 20 Viên,"Thực phẩm chức năng | Vitamin & Khoáng chất | Dầu cá, Omega 3, DHA",thuc-pham-chuc-nang | thuc-pham-chuc-nang/vitamin-khoang-chat | thuc-pham-chuc-nang/dau-ca-omega-3-dha,True,True,100,0,https://nhathuoclongchau.com.vn/thuc-pham-chuc-nang/vien-uong-bo-sung-omega-3-6-9-naturecare-6-x20.html,thuc-pham-chuc-nang,100
119,00039498,SIRO BỔ SUNG SẮT FER + MULTI HATRO 120ML,Siro Fer + Multi Hatro bổ sung sắt và Vitamin nhóm B cho cơ thể (120ml),thuc-pham-chuc-nang/siro-bo-sung-sat-fer-multi-hatro-120-ml.html,150000.0,Hộp,đ,https://cdn.nhathuoclongchau.com.vn/unsafe/https://cms-prod.s3-sgn09.fptcloud.com/DSC_08324_453bb032ed.jpg,"Lipofer Na Dispersible 45mg, Kẽm Gluconat 10mg, Vitamin B6 1mg, Vitamin B1 1mg, Vitamin B2 0.4mg, Acid folic 0.15mg, Vitamin B12 0.6mcg",Siro,Hatro,Hộp x 120ml,Thực phẩm chức năng | Vitamin & Khoáng chất,thuc-pham-chuc-nang | thuc-pham-chuc-nang/vitamin-khoang-chat,True,True,100,0,https://nhathuoclongchau.com.vn/thuc-pham-chuc-nang/siro-bo-sung-sat-fer-multi-hatro-120-ml.html,thuc-pham-chuc-nang,100
120,00038877,VIÊN UỐNG TĂNG CƯỜNG CHỨC NĂNG GAN OCAVILL 60V,"Viên uống Ocavill hỗ trợ tăng cường chức năng gan, giải độc gan, bảo vệ gan (4 vỉ x 15 viên)",thuc-pham-chuc-nang/vien-uong-tang-cuong-chuc-nang-gan-ocavill-60-v.html,550000.0,Hộp,đ,https://cdn.nhathuoclongchau.com.vn/unsafe/https://cms-prod.s3-sgn09.fptcloud.com/DSC_08517_92ba1f8642.png,"Chiết xuất cây kế sữa 20/1 250mg, L-ornithine hydrochloride 100mg, Chiết xuất mơ Prunus armeniaca L. 3/1 45mg, L-Methionine 30mg, Lecithin, soy 25mg, Glutathione dạng khử 25mg, Vitamin E 5mg, Vitamin B1 2mg, Vitamin B2 2mg, Vitamin B6 2mg, Silymarin 200mg",Viên nang cứng,OCAVILL,Hộp 4 Vỉ x 15 Viên,Thực phẩm chức năng | Cải thiện tăng cường chức năng | Chức năng gan,thuc-pham-chuc-nang | thuc-pham-chuc-nang/cai-thien-tang-cuong-chuc-nang | thuc-pham-chuc-nang/chuc-nang-gan,True,True,100,0,https://nhathuoclongchau.com.vn/thuc-pham-chuc-nang/vien-uong-tang-cuong-chuc-nang-gan-ocavill-60-v.html,thuc-pham-chuc-nang,100
121,00503294,VIÊN UỐNG BỔ SUNG VITAMIN VÀ KHOÁNG CHẤT CHO PHỤ NỮ MANG THAI VÀ SAU KHI SINH PRENATAL ONE 60V,"Thực phẩm bảo vệ sức khỏe Prenatal One Vitamins For Life cung cấp DHA, vitamin và khoáng chất ",thuoc/vien-uong-bo-sung-vitamin-va-khoang-chat-cho-phu-nu-mang-thai-va-sau-khi-sinh-prenatal-one-60v-37593.html,660000.0,Hộp,đ,https://cdn.nhathuoclongchau.com.vn/unsafe/https://cms-prod.s3-sgn09.fptcloud.com/DSC_00115_72e83dcffe.jpg,"Folic Acid 1mg, Vitamin B6 1.9mg, Vitamin B5 6mg, Vitamin E 10iu, Vitamin B3 18mg, Magnesium 25mg, Iron (Ferrous Fumarate) 45mg, Vitamin C 80mg, Calcium Carbonate 110mg, DHA 150mg, Vitamin D3 400iu",Viên nang mềm,Vitamins For Life,Hộp 60 Viên,Thực phẩm chức năng | Vitamin & Khoáng chất | Bổ sung Canxi & Vitamin D,thuc-pham-chuc-nang | thuc-pham-chuc-nang/vitamin-khoang-chat | thuc-pham-chuc-nang/canxi-vitamin-D,True,True,100,0,https://nhathuoclongchau.com.vn/thuoc/vien-uong-bo-sung-vitamin-va-khoang-chat-cho-phu-nu-mang-thai-va-sau-khi-sinh-prenatal-one-60v-37593.html,thuc-pham-chuc-nang,100
122,00502755,VIÊN UỐNG ĐÔNG TRÙNG HẠ THẢO TENNEN JPANWELL 60V,Viên uống Đông Trùng Hạ Thảo Tennen Jpanwell hỗ trợ tăng cường sức khỏe (6 vỉ x 10 viên),thuc-pham-chuc-nang/vien-uong-dong-trung-ha-thao-tennen-jpanwell-60v-37043.html,1390000.0,Hộp,đ,https://cdn.nhathuoclongchau.com.vn/unsafe/https://cms-prod.s3-sgn09.fptcloud.com/00502755_vien_uong_dong_trung_ha_thao_tennen_jpanwell_60v_9595_6380_large_5b207338a7.jpg,"nhân sâm Hàn Quốc 4mg, Đông trùng hạ thảo 500mg, Bột nấm linh chi 20mg, Nấm agaricus 20mg, Fucoidan 20mg, đậu tương lên men 2mg, Vitamin B1 2mg, Keo Ong 2mg, Vitamin C 10mg, Vitamin D3 0.014mg, Vitamin B2 2mg, Vitamin B6 2mg, Vitamin B12 0.002mg, Kỷ tử 2mg",Viên nang cứng,Jpanwell,Hộp 6 Vỉ x 10 Viên,"Thực phẩm chức năng | Cải thiện tăng cường chức năng | Tăng sức đề kháng, miễn dịch",thuc-pham-chuc-nang | thuc-pham-chuc-nang/cai-thien-tang-cuong-chuc-nang | thuc-pham-chuc-nang/ho-tro-mien-dich-tang-suc-de-khang,True,True,100,0,https://nhathuoclongchau.com.vn/thuc-pham-chuc-nang/vien-uong-dong-trung-ha-thao-tennen-jpanwell-60v-37043.html,thuc-pham-chuc-nang,100
123,00502603,VIÊN UỐNG TĂNG CƯỜNG CHỨC NĂNG SINH LÝ NAM KENKAN KAKI EKISU TOHCHUKASOU 60V,Viên uống Kaki Ekisu Tohchukasou Kenkan hỗ trợ tăng cường sinh lý nam giới (60 viên),thuc-pham-chuc-nang/vien-uong-tang-cuong-chuc-nang-sinh-ly-nam-kenkan-kaki-ekisu-tohchukasou-60v-36865.html,515000.0,Hộp,đ,https://cdn.nhathuoclongchau.com.vn/unsafe/https://cms-prod.s3-sgn09.fptcloud.com/00502603_vien_uong_tang_cuong_chuc_nang_sinh_ly_nam_kenkan_kaki_ekisu_tohchukasou_60v_3488_6371_large_7c3a87ff1d.jpg,"Chiết xuất bột Maca 150mg, Chiết xuất nấm men 30mg, Bột chiết xuất nấm đông trùng hạ thảo 30mg, Bột chiết xuất từ thịt hàu 100mg",Viên nang mềm,KenKan,Hộp 60 Viên,Thực phẩm chức năng | Sinh lý - Nội tiết tố | Sinh lý nam,thuc-pham-chuc-nang | thuc-pham-chuc-nang/sinh-ly-noi-tiet-to | thuc-pham-chuc-nang/sinh-ly-nam,True,True,100,0,https://nhathuoclongchau.com.vn/thuc-pham-chuc-nang/vien-uong-tang-cuong-chuc-nang-sinh-ly-nam-kenkan-kaki-ekisu-tohchukasou-60v-36865.html,thuc-pham-chuc-nang,100
124,00502210,VIÊN UỐNG BỔ SUNG DẦU HOA ANH THẢO CHO PHỤ NỮ TIỀN MÃN KINH KENKAN SEISHUN PRIMROSE 60V,Viên uống Kenkan Seishun Primrose cải thiện các triệu chứng của phụ nữ tiền mãn kinh (60 viên),thuc-pham-chuc-nang/vien-uong-bo-sung-dau-hoa-anh-thao-cho-phu-nu-tien-man-kinh-kenkan-seishun-primrose-60v-36468.html,515000.0,Hộp,đ,https://cdn.nhathuoclongchau.com.vn/unsafe/https://cms-prod.s3-sgn09.fptcloud.com/00502210_vien_uong_bo_sung_dau_hoa_anh_thao_cho_phu_nu_tien_man_kinh_kenkan_seishun_primrose_60v_5885_6334_large_f92ec17740.jpg,"Chất phụ gia 39.5mg, Bột chiết xuất hoa Anh đào 10mg, Chiết xuất đậu nành 10.5mg, Dầu hoa anh thảo 300mg",Viên nang mềm,KenKan,Hộp 60 Viên,Thực phẩm chức năng | Sinh lý - Nội tiết tố | Hỗ trợ mãn kinh,thuc-pham-chuc-nang | thuc-pham-chuc-nang/sinh-ly-noi-tiet-to | thuc-pham-chuc-nang/ho-tro-man-kinh,True,True,100,0,https://nhathuoclongchau.com.vn/thuc-pham-chuc-nang/vien-uong-bo-sung-dau-hoa-anh-thao-cho-phu-nu-tien-man-kinh-kenkan-seishun-primrose-60v-36468.html,thuc-pham-chuc-nang,100
125,00502185,VIÊN UỐNG GIẢI ĐỘC GAN GOODHEALTH LIVER TONIC 17500 60V,Viên uống Liver Tonic 17500 GoodHealth hỗ trợ giải độc gan (60 viên),thuc-pham-chuc-nang/vien-uong-giai-doc-gan-good-health-liver-tonic-17500-60v-36400.html,738000.0,Chai,đ,https://cdn.nhathuoclongchau.com.vn/unsafe/https://cms-prod.s3-sgn09.fptcloud.com/00502185_vien_uong_giai_doc_gan_good_health_liver_tonic_17500_60v_3731_6335_large_e0fe9b9ba7.jpg,"Taurine 200mg, Chiết xuất lá actiso 100mg, Chiết xuất rễ bồ công anh 125mg, Chiết xuất quả ngũ vị tử 50mg, Chiết xuất hạt kế sữa 250mg",Viên nang cứng,Good Health,Chai 60 Viên,Thực phẩm chức năng | Cải thiện tăng cường chức năng | Chức năng gan,thuc-pham-chuc-nang | thuc-pham-chuc-nang/cai-thien-tang-cuong-chuc-nang | thuc-pham-chuc-nang/chuc-nang-gan,True,True,100,0,https://nhathuoclongchau.com.vn/thuc-pham-chuc-nang/vien-uong-giai-doc-gan-good-health-liver-tonic-17500-60v-36400.html,thuc-pham-chuc-nang,100
126,00502062,NƯỚC UỐNG COLLAGEN JPANWELL HANA COLLA Q10 10 CHAI X 50ML,Thực phẩm bảo vệ sức khỏe Hana Colla Q10,thuc-pham-chuc-nang/nuoc-uong-collagen-jpanwell-hana-colla-q10-10-chai-x-50ml-36304.html,970000.0,Hộp,đ,https://cdn.nhathuoclongchau.com.vn/unsafe/https://cms-prod.s3-sgn09.fptcloud.com/00502062_nuoc_uong_collagen_jpanwell_hana_colla_q10_10_chai_x_50ml_5871_6322_large_ea79e89fee.jpg,"Bột chiết xuất hoa Anh đào 50mg, Coenzym Q10 200mg, N-Acetylglucosamine 300mg, Vitamin C 300mg, Peptide collagen cá 5000mg",Dung dịch uống,Jpanwell,Hộp 10 Chai x 50ml,Thực phẩm chức năng | Hỗ trợ làm đẹp,thuc-pham-chuc-nang | thuc-pham-chuc-nang/lam-dep,True,True,100,0,https://nhathuoclongchau.com.vn/thuc-pham-chuc-nang/nuoc-uong-collagen-jpanwell-hana-colla-q10-10-chai-x-50ml-36304.html,thuc-pham-chuc-nang,100
127,00501706,VIÊN UỐNG BẢO VỆ GAN PHARMA WORLD MILK THISTLE 60V,"Viên uống Milk Thistle Pharma World hỗ trợ chống oxy hóa, giải độc gan (60 viên)",thuc-pham-chuc-nang/vien-uong-bao-ve-gan-pharma-world-milk-thistle-60v-35855.html,445000.0,Hộp,đ,https://cdn.nhathuoclongchau.com.vn/unsafe/https://cms-prod.s3-sgn09.fptcloud.com/00501706_vien_uong_bao_ve_gan_pharma_world_milk_thistle_60v_3202_6302_large_c595132390.jpg,"Bồ Công Anh 50mg, Củ nghệ 100mg, Actiso (Lá) 100mg, Chiết xuất hạt kế sữa cô đặc 4:1 (Silybum marianums) 250mg",Viên nang,Pharma World,Hộp 60 Viên,Thực phẩm chức năng | Cải thiện tăng cường chức năng | Chức năng gan,thuc-pham-chuc-nang | thuc-pham-chuc-nang/cai-thien-tang-cuong-chuc-nang | thuc-pham-chuc-nang/chuc-nang-gan,True,True,100,0,https://nhathuoclongchau.com.vn/thuc-pham-chuc-nang/vien-uong-bao-ve-gan-pharma-world-milk-thistle-60v-35855.html,thuc-pham-chuc-nang,100
128,00345388,VIÊN UỐNG BỔ SUNG KHOÁNG CHẤT CHO THANH THIẾU NIÊN TEEN ACTIVE VITAMINS FOR LIFE 60V,Viên uống Teens Active Vitamins For Life bổ sung vitamin và khoáng chất cho thanh thiếu niên (60 viên),thuc-pham-chuc-nang/teens-active-bo-sung-vitamin-cho-thieu-nien-21.html,350000.0,Hộp,đ,https://cdn.nhathuoclongchau.com.vn/unsafe/https://cms-prod.s3-sgn09.fptcloud.com/00345388_teens_active_bo_sung_vitamin_cho_thieu_nien_5186_63a9_large_c8259bcfea.jpg,"Vitamin B6 3mg, Vitamin E 15IU, Betacarotene 1650IU, Vitamin B1 2.25mg, Vitamin B2 2.55mg, Vitamin B3 9.9mg, Vitamin B12 0.009mg, Folic Acid 0.1995mg, Biotin 0.0225mg, Pantothenic acid 6mg, Calcium 62mg, Vitamin K 0.0045mg, Iron 9mg, Vitamin D3 199.5IU, Phosphorous 10.5mg, Iodine 0.015mg, Magnesium oxide 30mg, Zinc 7.5mg, Manganese 0.990mg, Selenium 0.003mg, Chromium 0.0105mg, Copper 0.990mg, Molybdenum 0.0105mg, Vitamin C ",Viên nén,Vitamins For Life,Hộp 60 viên,Thực phẩm chức năng | Vitamin & Khoáng chất | Vitamin tổng hợp,thuc-pham-chuc-nang | thuc-pham-chuc-nang/vitamin-khoang-chat | thuc-pham-chuc-nang/vitamin-tong-hop,True,True,100,0,https://nhathuoclongchau.com.vn/thuc-pham-chuc-nang/teens-active-bo-sung-vitamin-cho-thieu-nien-21.html,thuc-pham-chuc-nang,100
129,00345371,NATTOCEREBEST NAVI 3X10,"Viên uống NattocereBest 1000-Q10 Navi hỗ trợ làm tan huyết khối, giảm nguy cơ tai biến mạch máu não (3 vỉ x 10 viên)",thuc-pham-chuc-nang/nattocerebest-vien-uong-bo-nao-tro-tim-24.html,140000.0,Hộp,đ,https://cdn.nhathuoclongchau.com.vn/unsafe/https://cms-prod.s3-sgn09.fptcloud.com/00345371_nattocerebest_vien_uong_bo_nao_tro_tim_9182_5f97_large_a7111d1ebd.JPG,"Nattokinase 1000, Coenzym Q10 10mg, Ginkgo biloba 120mg, Vitamin B6 1.5mg, Bình vôi 20mg, Tá dược vừa đủ 1Viên",Viên nang,NAVI,Hộp 3 Vỉ x 10 Viên,Thực phẩm chức năng | Thần kinh não | Tuần hoàn máu,thuc-pham-chuc-nang | thuc-pham-chuc-nang/than-kinh-nao | thuc-pham-chuc-nang/tuan-hoan-mau,True,True,100,0,https://nhathuoclongchau.com.vn/thuc-pham-chuc-nang/nattocerebest-vien-uong-bo-nao-tro-tim-24.html,thuc-pham-chuc-nang,100
130,00345347,"VIÊN UỐNG CHỐNG VIÊM KHỚP, HẠN CHẾ THOÁI HÓA KHỚP FREE FLEX DAO NORDIC 90V","Viên uống Free Flex DAO Nordic Health hỗ trợ hạn chế thoái hóa khớp, chống viêm ở khớp (90 viên)",thuc-pham-chuc-nang/free-flex-vien-uong-giam-dau-chong-viem-khop-87.html,445000.0,Hộp,đ,https://cdn.nhathuoclongchau.com.vn/unsafe/https://cms-prod.s3-sgn09.fptcloud.com/00345347_free_flex_vien_uong_giam_dau_chong_viem_khop_4358_6327_large_945946b0fd.jpg,"Hoa hồng dại 2000mg, Gừng 750mg, Nhũ hương 200mg, Vitamin D3 5mcg, Mangan 0.75mg, Vitamin C ",Viên nén,DAO Nordic Health,Hộp 90 Viên,Thực phẩm chức năng | Hỗ trợ điều trị,thuc-pham-chuc-nang | thuc-pham-chuc-nang/ho-tro-dieu-tri,True,True,100,0,https://nhathuoclongchau.com.vn/thuc-pham-chuc-nang/free-flex-vien-uong-giam-dau-chong-viem-khop-87.html,thuc-pham-chuc-nang,100
131,00345421,"VIÊN UỐNG GIÚP NHUẬN TRÀNG, GIẢM TÁO BÓN COLON CARE VITAMINS FOR LIFE 60V","Viên uống Colon Care Vitamins For Life giúp nhuận tràng, giảm táo bón (60 viên)",thuc-pham-chuc-nang/colon-care-vien-uong-nhuan-trang-117.html,390000.0,Hộp,đ,https://cdn.nhathuoclongchau.com.vn/unsafe/https://cms-prod.s3-sgn09.fptcloud.com/00345421_colon_care_vien_uong_nhuan_trang_8278_63e1_large_24e0f02a41.jpg,"Cascara Sagrada 150mg, Aloe vera 50mg, Psyllium husk 50mg, Fennel seeds 5mg, Cayenne peppers 10mg",Viên nang,Vitamins For Life,Hộp 60 viên,Thực phẩm chức năng | Hỗ trợ tiêu hóa,thuc-pham-chuc-nang | thuc-pham-chuc-nang/ho-tro-tieu-hoa,True,True,100,0,https://nhathuoclongchau.com.vn/thuc-pham-chuc-nang/colon-care-vien-uong-nhuan-trang-117.html,thuc-pham-chuc-nang,100
132,00003337,GINKGO BILOBA 60MG NATURES BOUNTY 60V,Viên uống Ginkgo Biloba 60mg Nature's Bounty hỗ trợ tăng cường tuần hoàn não (60 viên),thuc-pham-chuc-nang/ginkgo-biloba-60mg-60v-natures-bounty-17262.html,228000.0,Hộp,đ,https://cdn.nhathuoclongchau.com.vn/unsafe/https://cms-prod.s3-sgn09.fptcloud.com/00003337_ginkgo_biloba_60mg_60v_natures_bounty_8579_63db_large_dc0d941fcd.jpg,Ginkgo biloba 60mg,Viên nén,Nature's Bounty,Hộp 60 Viên,Thực phẩm chức năng | Thần kinh não | Bổ não - cải thiện trí nhớ,thuc-pham-chuc-nang | thuc-pham-chuc-nang/than-kinh-nao | thuc-pham-chuc-nang/bo-nao-cai-thien-tri-nho,True,True,100,0,https://nhathuoclongchau.com.vn/thuc-pham-chuc-nang/ginkgo-biloba-60mg-60v-natures-bounty-17262.html,thuc-pham-chuc-nang,100
133,00018455,VIÊN UỐNG GIÚP CÂN BẰNG ĐƯỜNG HUYẾT SUPER CHROMIUM 250MCG NATURECARE 90V,"Viên uống Super Chromium 250mcg NatureCare cân bằng đường huyết, giảm cholesterol (90 viên)",thuc-pham-chuc-nang/vien-uong-super-chromium-250mcg-naturecare-can-bang-duong-huyet-90-vien-19777.html,478000.0,Hộp,đ,https://cdn.nhathuoclongchau.com.vn/unsafe/https://cms-prod.s3-sgn09.fptcloud.com/DSC_08429_6bfd2a9a5d.jpg,Chromium 250mcg,Viên nang,Naturecare,Hộp 90 Viên,Thực phẩm chức năng | Hỗ trợ điều trị | Hỗ trợ điều trị tiểu đường,thuc-pham-chuc-nang | thuc-pham-chuc-nang/ho-tro-dieu-tri | thuc-pham-chuc-nang/tieu-duong,True,True,100,0,https://nhathuoclongchau.com.vn/thuc-pham-chuc-nang/vien-uong-super-chromium-250mcg-naturecare-can-bang-duong-huyet-90-vien-19777.html,thuc-pham-chuc-nang,100
134,00021616,VIÊN UỐNG BỔ SUNG VITAMIN VÀ KHOÁNG CHẤT CHO PHỤ NỮ MANG THAI VÀ SAU KHI SINH PRENATAL ONE 30V,"Viên uống Prenatal One Vitamins For Life cung cấp DHA, Vitamin và khoáng chất thiết yếu (30 viên)",thuc-pham-chuc-nang/prenatal-one-30-vien-21964.html,365000.0,Hộp,đ,https://cdn.nhathuoclongchau.com.vn/unsafe/https://cms-prod.s3-sgn09.fptcloud.com/00021616_prenatal_one_30_vien_8270_6327_large_b7aaa7b503.jpg,"Vitamin D3 400iu, Calcium Carbonate 110mg, Iron 45mg, Magnesium 25mg, Vitamin B3 18mg, Vitamin E 10iu, Vitamin B5 6mg, Vitamin B6 1.9mg, Acid folic 1mg",Viên nang mềm,Vitamins For Life,Hộp 30 Viên,"Thực phẩm chức năng | Vitamin & Khoáng chất | Dầu cá, Omega 3, DHA",thuc-pham-chuc-nang | thuc-pham-chuc-nang/vitamin-khoang-chat | thuc-pham-chuc-nang/dau-ca-omega-3-dha,True,True,100,0,https://nhathuoclongchau.com.vn/thuc-pham-chuc-nang/prenatal-one-30-vien-21964.html,thuc-pham-chuc-nang,100
135,00021669,VIÊN UỐNG HỖ TRỢ XƯƠNG KHỚP SHARK CARTILAGE NATURE CARE 60V,Viên uống Shark Cartilage NatureCare hỗ trợ tăng cường khả năng vận động linh hoạt và bôi trơn khớp (Hộp 60 viên),thuc-pham-chuc-nang/shark-cartilage-nature-care-60v-22023.html,371000.0,Hộp,đ,https://cdn.nhathuoclongchau.com.vn/unsafe/https://cms-prod.s3-sgn09.fptcloud.com/DSC_08419_401cd4a3eb.jpg,"sụn cá mập 1500mg, Tá dược vừa đủ ",Viên nang,Naturecare,Hộp 60 Viên,Thực phẩm chức năng | Hỗ trợ điều trị | Cơ xương khớp,thuc-pham-chuc-nang | thuc-pham-chuc-nang/ho-tro-dieu-tri | thuc-pham-chuc-nang/xuong-khop,True,True,100,0,https://nhathuoclongchau.com.vn/thuc-pham-chuc-nang/shark-cartilage-nature-care-60v-22023.html,thuc-pham-chuc-nang,100
136,00021694,SIRO BỔ SUNG KẼM CHO BÉ SPECIAL KID ZINC ERIC FAVRE 125ML,"Siro Special Kid Zinc Eric Favre Wellness bổ sung kẽm, hỗ trợ tăng sức đề kháng cho trẻ (125ml)",thuc-pham-chuc-nang/special-kid-zinc-eric-favre-125ml-22047.html,254000.0,Chai,đ,https://cdn.nhathuoclongchau.com.vn/unsafe/https://cms-prod.s3-sgn09.fptcloud.com/00021694_special_kid_zinc_eric_favre_125ml_6593_62af_large_da861d0f7c.jpg,Zinc 8mg,Siro,ERIC FAVRE® WELLNESS,Chai,Thực phẩm chức năng | Vitamin & Khoáng chất | Bổ sung Kẽm & Magie,thuc-pham-chuc-nang | thuc-pham-chuc-nang/vitamin-khoang-chat | thuc-pham-chuc-nang/kem-magie,True,True,100,0,https://nhathuoclongchau.com.vn/thuc-pham-chuc-nang/special-kid-zinc-eric-favre-125ml-22047.html,thuc-pham-chuc-nang,100
137,00021929,"VIÊN UỐNG ĐẸP DA, CHỐNG LÃO HÓA, GIÚP DA TRẮNG SÁNG PERFECT WHITE JPANWELL 60V","Thực phẩm bảo vệ sức khỏe Perfect White hỗ trợ làm đẹp da, giúp da trắng sáng, căng mịn (60 viên)",thuc-pham-chuc-nang/perfect-white-60v-22275.html,1790000.0,Hộp,đ,https://cdn.nhathuoclongchau.com.vn/unsafe/https://cms-prod.s3-sgn09.fptcloud.com/00021929_perfect_white_60v_3739_600f_large_6794b33ce3.JPG,"Collagen cá 114.28mg, L-Cystine 22.86mg, Hyaluronic acid 2mg, Tá dược vừa đủ , bột cà rốt 57.14mg, inlulin 57.14mg, Vitamin C 45.71mg, Elastin 11.43mg, bột hoa cúc tím 11.43mg, chiết xuất bột vỏ thông đỏ 45.71mg",Viên nang cứng,Jpanwell,Hộp 60 Viên,Thực phẩm chức năng | Hỗ trợ làm đẹp | Da,thuc-pham-chuc-nang | thuc-pham-chuc-nang/lam-dep | thuc-pham-chuc-nang/da,True,True,100,0,https://nhathuoclongchau.com.vn/thuc-pham-chuc-nang/perfect-white-60v-22275.html,thuc-pham-chuc-nang,100
138,00022653,SIRO GINKID ĂN NGON 11X GOLD 125ML,Siro Ginkid Ăn Ngon 11X Gold GINIC hỗ trợ kích thích tiêu hóa (125ml),thuc-pham-chuc-nang/ginkid-an-ngon-11x-abipha-125ml-22978.html,100000.0,Chai,đ,https://cdn.nhathuoclongchau.com.vn/unsafe/https://cms-prod.s3-sgn09.fptcloud.com/00022653_ginkid_an_ngon_11x_abipha_125ml_3372_62f9_large_4d73015808.jpg,"Acid folic 1.56mg, Vitamin K2 0.125mg, Vitamin D3 3125iu, Vitamin B6 25mg, Vitamin B5 25mg, Vitamin PP 25mg, Vitamin B1 100mg, Calci lactat 200mg, Taurine 200mg, Kẽm Gluconat 200mg, Hoa cúc tím 300mg, L-Lysin HCL 6500mg, Digenzyme 937mg, Frutalose OFP 875mg, Orafti O95 875mg",Siro,GINKID,Chai,Thực phẩm chức năng | Cải thiện tăng cường chức năng | Hỗ trợ trao đổi chất,thuc-pham-chuc-nang | thuc-pham-chuc-nang/cai-thien-tang-cuong-chuc-nang | thuc-pham-chuc-nang/ho-tro-trao-doi-chat,True,True,100,0,https://nhathuoclongchau.com.vn/thuc-pham-chuc-nang/ginkid-an-ngon-11x-abipha-125ml-22978.html,thuc-pham-chuc-nang,100
139,00028572,DIỆP HẠ CHÂU KINGPHAR 60V,"Viên uống Diệp Hạ Châu Kingphar hỗ trợ bảo vệ gan, tăng cường chức năng gan (60 viên)",thuc-pham-chuc-nang/vien-uong-giai-doc-gan-diep-ha-chau-kingphar-60-vien-28877.html,81000.0,Hộp,đ,https://cdn.nhathuoclongchau.com.vn/unsafe/https://cms-prod.s3-sgn09.fptcloud.com/DSC_00141_385dd8864f.jpg,"Xuyên tâm liên 50mg, Diệp hạ châu 350mg",Viên nén,Kingphar,Hộp 60 Viên,Thực phẩm chức năng | Cải thiện tăng cường chức năng | Chức năng gan,thuc-pham-chuc-nang | thuc-pham-chuc-nang/cai-thien-tang-cuong-chuc-nang | thuc-pham-chuc-nang/chuc-nang-gan,True,True,100,0,https://nhathuoclongchau.com.vn/thuc-pham-chuc-nang/vien-uong-giai-doc-gan-diep-ha-chau-kingphar-60-vien-28877.html,thuc-pham-chuc-nang,100
140,00028829,VITAMIN D3+ DHA HATRO 20ML,"Dung dịch Vitamin D3+ DHA Hatro Pharvina tăng sức đề kháng, giảm nguy cơ còi xương (20ml)",thuc-pham-chuc-nang/vitamin-d3-dha-hatro-20ml-29124.html,320000.0,Hộp,đ,https://cdn.nhathuoclongchau.com.vn/unsafe/https://cms-prod.s3-sgn09.fptcloud.com/IMG_0270_9483dadf83.jpg,"Vitamin D3 400iu, Dầu cá 400mg, Vitamin E 5iu",Dung dịch,Hatro,Hộp x 20ml,"Thực phẩm chức năng | Vitamin & Khoáng chất | Dầu cá, Omega 3, DHA",thuc-pham-chuc-nang | thuc-pham-chuc-nang/vitamin-khoang-chat | thuc-pham-chuc-nang/dau-ca-omega-3-dha,True,True,100,0,https://nhathuoclongchau.com.vn/thuc-pham-chuc-nang/vitamin-d3-dha-hatro-20ml-29124.html,thuc-pham-chuc-nang,100
141,00029101,AN DẠ KHANG NAGA 3X10,"Viên dạ dày An Dạ Khang Naga Vesta giúp bảo vệ niêm mạc dạ dày, tá tràng (3 vỉ x 10 viên)",thuc-pham-chuc-nang/an-da-naga-3x10-29367.html,154000.0,Hộp,đ,https://cdn.nhathuoclongchau.com.vn/unsafe/https://cms-prod.s3-sgn09.fptcloud.com/00029101_an_da_naga_3x10_3233_63a9_large_b3be968f43.jpg,"Nghệ vàng 20mg, Lá đu đủ 50mg, Ổi lá 70mg, Bạch Đậu Khấu 20mg, Sinh khương 10mg, Tiêu đen 2mg, Bạch hoa xà thiệt thảo 250mg",Viên nang cứng,Vesta,Hộp 3 vỉ x 10 viên,"Thực phẩm chức năng | Hỗ trợ tiêu hóa | Dạ dày, tá tràng",thuc-pham-chuc-nang | thuc-pham-chuc-nang/ho-tro-tieu-hoa | thuc-pham-chuc-nang/da-day-ta-trang,True,True,100,0,https://nhathuoclongchau.com.vn/thuc-pham-chuc-nang/an-da-naga-3x10-29367.html,thuc-pham-chuc-nang,100
142,00029659,MORNINGKIDS GOOD APPETITE 150ML,"Dung dịch MorningKids Good Appetite tăng cường tiêu hóa, giúp ăn ngon miệng (150ml)",thuc-pham-chuc-nang/morningkids-good-appetite-150ml-29925.html,295000.0,Chai,đ,https://cdn.nhathuoclongchau.com.vn/unsafe/https://cms-prod.s3-sgn09.fptcloud.com/00029659_morningkids_good_appetite_150ml_7292_6019_large_71516ada07.JPG,"Spirulina 100mg, chiết xuất chanh 100mg, Tá dược vừa đủ , Chiết xuất rau diếp xoăn 100mg, Chiết xuất hồ lô ba 100mg, Chiết xuất cải xoong 100mg, Chiết xuất hoa bia 100mg, Chiết xuất cây oải hương 100mg, Chiết xuất cây nhựa thơm hương chanh 100mg, Chiết xuất cam 100mg, Chiết xuất cỏ roi ngựa 100mg",Siro,Morningkids,Chai x 150ml,Thực phẩm chức năng | Cải thiện tăng cường chức năng | Hỗ trợ trao đổi chất,thuc-pham-chuc-nang | thuc-pham-chuc-nang/cai-thien-tang-cuong-chuc-nang | thuc-pham-chuc-nang/ho-tro-trao-doi-chat,True,True,100,0,https://nhathuoclongchau.com.vn/thuc-pham-chuc-nang/morningkids-good-appetite-150ml-29925.html,thuc-pham-chuc-nang,100
143,00029661,MORNINGKIDS MULTIVITAMIN 150ML,Siro Morningkids Multivitamin Bổ sung Vitamin và khoáng chất (150ml),thuc-pham-chuc-nang/morningkids-multivitamin-150ml-29927.html,275000.0,Chai,đ,https://cdn.nhathuoclongchau.com.vn/unsafe/https://cms-prod.s3-sgn09.fptcloud.com/00029661_morningkids_multivitamin_150ml_8912_6019_large_85f579207c.JPG,"Hạt Methi 30mg, Vitamin B3 15.3mg, Canxi 25mg, Magie 9mg, Vitamin E 11mg, Vitamin B5 3.7mg, Vitamin B6 1.3mg, Vitamin B1 1.18mg, Vitamin B2 1.4mg, Sắt 2mg, Vitamin B8 100Mcg, Vitamin A 50Mcg, Vitamin B12 14Mcg, Vitamin D 2Mcg, Kẽm 5mg, Vitamin B9 , Vitamin C ",Siro,Morningkids,Chai x 150ml,Thực phẩm chức năng | Vitamin & Khoáng chất | Vitamin tổng hợp,thuc-pham-chuc-nang | thuc-pham-chuc-nang/vitamin-khoang-chat | thuc-pham-chuc-nang/vitamin-tong-hop,True,True,100,0,https://nhathuoclongchau.com.vn/thuc-pham-chuc-nang/morningkids-multivitamin-150ml-29927.html,thuc-pham-chuc-nang,100
144,00030434,VIÊN UỐNG HỖ TRỢ THÔNG KHÍ PHỔI ACTIVE LUNG NEW NORDIC 2X15,"Viên uống Active Lung New Nordic hỗ trợ thông khí phổi, viêm phế quản, hen suyễn (2 vỉ x 15 viên)",thuc-pham-chuc-nang/active-lung-400mg-new-nordic-2x15-30583.html,415000.0,Hộp,đ,https://cdn.nhathuoclongchau.com.vn/unsafe/https://cms-prod.s3-sgn09.fptcloud.com/00030434_active_lung_400mg_new_nordic_2x15_5527_62af_large_540fd1573e.jpg,"Thì là 420mg, Hương đào nhân tạo 210mg, Sơn Tra 200mg, Bưởi (Hoa, Lá, Vỏ) 160mg, Hạt tiêu đen 4mg, Vitamin C 120mg, Magie 100mg, Vitamin A 400Mcg, Vitamin D3 10Mcg, Vitamin B12 5Mcg",Viên nén bao phim,NEW NORDIC,Hộp 2 vỉ x 15 viên,"Thực phẩm chức năng | Hỗ trợ điều trị | Hô hấp, ho, xoang",thuc-pham-chuc-nang | thuc-pham-chuc-nang/ho-tro-dieu-tri | thuc-pham-chuc-nang/suc-khoe-duong-ho-hap-ho-xoang,True,True,100,0,https://nhathuoclongchau.com.vn/thuc-pham-chuc-nang/active-lung-400mg-new-nordic-2x15-30583.html,thuc-pham-chuc-nang,100
145,00030511,LACTO BIOMIN GOLD HDPHARMA 20 GÓI,Cốm Lacto Biomin Gold hỗ trợ cải thiện hệ vi khuẩn đường ruột (20 gói),thuc-pham-chuc-nang/lacto-biomin-gold-new-hdpharma-20-goi-30659.html,135000.0,Hộp,đ,https://cdn.nhathuoclongchau.com.vn/unsafe/https://cms-prod.s3-sgn09.fptcloud.com/IMG_3600_85f0ebab29.jpg,"lactobacilus acidophilus 10^8CFU, Bacillus subtilis 10^8CFU, Bifidobacterium 10^8CFU, Streptococcus thermophilus 10^8CFU, Canxi gluconat 50mg, L-Lysine hydrochloride 40mg, Betaglucan 10mg, Sữa non 10mg, Thymomodulin 5mg, Vitamin B3 5mg, Tá dược vừa đủ , Orafti GR 100mg",Cốm,Hdpharma,Hộp 20 gói,Thực phẩm chức năng | Hỗ trợ tiêu hóa | Vi sinh - Probiotic,thuc-pham-chuc-nang | thuc-pham-chuc-nang/ho-tro-tieu-hoa | thuc-pham-chuc-nang/vi-sinh-probiotic,True,True,100,0,https://nhathuoclongchau.com.vn/thuc-pham-chuc-nang/lacto-biomin-gold-new-hdpharma-20-goi-30659.html,thuc-pham-chuc-nang,100
146,00031901,VIÊN UỐNG BỔ SUNG VITAMIN C 500MG NATURE'S BOUNTY 100V,"Viên uống C 500mg Nature's Bounty bổ sung vitamin C, tăng cường sức đề kháng (100 viên)",thuc-pham-chuc-nang/vien-uong-bo-sung-vitamin-c-natures-bounty-time-released-c-500mg-100v-32032.html,325000.0,Hộp,đ,https://cdn.nhathuoclongchau.com.vn/unsafe/https://cms-prod.s3-sgn09.fptcloud.com/00031901_vien_uong_bo_sung_vitamin_c_natures_bounty_time_released_c_500mg_100v_6031_62ae_large_f8e2ab95d4.jpg,Vitamin C 500mg,Viên nén,Nature's Bounty,Hộp 100 viên,Thực phẩm chức năng | Vitamin & Khoáng chất | Vitamin C các loại,thuc-pham-chuc-nang | thuc-pham-chuc-nang/vitamin-khoang-chat | thuc-pham-chuc-nang/vitamin-c,True,True,100,0,https://nhathuoclongchau.com.vn/thuc-pham-chuc-nang/vien-uong-bo-sung-vitamin-c-natures-bounty-time-released-c-500mg-100v-32032.html,thuc-pham-chuc-nang,100
147,00032348,TRÙNG THẢO GOLD 30V,"Viên uống Trùng Thảo Gold Thành Công hỗ trợ dễ ngủ, ngủ sâu giấc (30 viên)",thuc-pham-chuc-nang/trung-thao-gold-30v-32476.html,185000.0,Hộp,đ,https://cdn.nhathuoclongchau.com.vn/unsafe/https://cms-prod.s3-sgn09.fptcloud.com/DSC_09686_5bc4a3484f.jpg,"Lysine 200mg, L-Arginin 20mg, Cao nhân sâm 20mg, Cao Linh chi 20mg, Kẽm 1.5mg, Melatonin 1.2mg, Vitamin B2 1mg, Vitamin B1 1mg, Vitamin B6 1mg, Ginkgo biloba 350mg, Enzym Protease 70IU, Enzym Amylase 100IU, lá sen 300mg, Sữa ong chúa 80Mcg, Đông trùng hạ thảo 50mg, Lá Neem 300mg",Viên nang,Thành Công,Hộp 30 viên,Thực phẩm chức năng | Thần kinh não | Hỗ trợ giấc ngủ ngon,thuc-pham-chuc-nang | thuc-pham-chuc-nang/than-kinh-nao | thuc-pham-chuc-nang/ho-tro-giac-ngu-ngon,True,True,100,0,https://nhathuoclongchau.com.vn/thuc-pham-chuc-nang/trung-thao-gold-30v-32476.html,thuc-pham-chuc-nang,100
148,00049375,VIÊN UỐNG GIẢM HO NANO ANPACOV BIOCHEMPHA 60V,Viên uống giảm ho Nano Anpacov Biochempha (60 viên),thuc-pham-chuc-nang/vien-uong-giam-ho-nano-anpacov-biochempha-60-v.html,149000.0,Hộp,đ,https://cdn.nhathuoclongchau.com.vn/unsafe/https://cms-prod.s3-sgn09.fptcloud.com/DSC_09876_48f43712fc.png,"Nano Cao xuyên tâm liên 180mg, Nano Cao gừng 40mg, Nano Cao húng chanh 40mg, Nano Cao lá thường xuân 10mg",Viên nang cứng,BIOCHEMPHA,Hộp 60 Viên,"Thực phẩm chức năng | Hỗ trợ điều trị | Hô hấp, ho, xoang",thuc-pham-chuc-nang | thuc-pham-chuc-nang/ho-tro-dieu-tri | thuc-pham-chuc-nang/suc-khoe-duong-ho-hap-ho-xoang,True,True,90,0,https://nhathuoclongchau.com.vn/thuc-pham-chuc-nang/vien-uong-giam-ho-nano-anpacov-biochempha-60-v.html,thuc-pham-chuc-nang,100
149,00049150,"VIÊN UỐNG HỖ TRỢ CẢI THIỆN TÌNH TRẠNG LO ÂU, CẢI THIỆN GIẤC NGỦ ASHAMI GOLD 60V","Viên uống Ashami Gold hỗ trợ cải thiện tình trạng lo âu, cải thiện giấc ngủ (60 viên)",thuc-pham-chuc-nang/vien-uong-ho-tro-cai-thien-tinh-trang-lo-au-cai-thien-giac-ngu-ashami-gold-vkenko-60-v.html,1250000.0,Hộp,đ,https://cdn.nhathuoclongchau.com.vn/unsafe/https://cms-prod.s3-sgn09.fptcloud.com/DSC_09367_6c5019994e.jpg,"Hoa cúc tím 50mg, Y-amino-butyric acid 50mg, Chùm ngây 50mg, L-theanine 50mg, Chiết xuất lá dâu tằm 30mg, Hoa hiên 20mg, Glycine 20mg, L-Tryptophan 10mg, Dầu cá tinh luyện 5mg, Dầu cây Ban Âu 2.5mg, Tâm sen 2.5mg, Rễ nữ lang 2mg, Hoa cúc vàng 2mg, Lô hội 2mg, Bột chiết xuất từ hạt đậu mèo rừng 2mg, Lá la bố ma 1.5mg, Nhân Sâm 1mg, Đông trùng hạ thảo 1mg, Vitamin B1 1mg, Vitamin B2 1mg, Vitamin B6 1mg, Chiết xuất hoa nghệ tây 0.2mg",Viên nang cứng,Nhãn khác,Hộp 60 Viên,Thực phẩm chức năng | Thần kinh não,thuc-pham-chuc-nang | thuc-pham-chuc-nang/than-kinh-nao,True,True,90,0,https://nhathuoclongchau.com.vn/thuc-pham-chuc-nang/vien-uong-ho-tro-cai-thien-tinh-trang-lo-au-cai-thien-giac-ngu-ashami-gold-vkenko-60-v.html,thuc-pham-chuc-nang,100
150,00049148,VIÊN UỐNG HỖ TRỢ CẢI THIỆN CHỈ SỐ ĐƯỜNG HUYẾT MEDSULIN PLUS 60V,Viên uống Medsulin Plus hỗ trợ cải thiện chỉ số đường huyết (60 viên),thuc-pham-chuc-nang/vien-uong-ho-tro-cai-thien-chi-so-duong-huyet-medsulin-plus-vkenko-60-v.html,960000.0,Hộp,đ,https://cdn.nhathuoclongchau.com.vn/unsafe/https://cms-prod.s3-sgn09.fptcloud.com/DSC_09206_c0047d3e7d.jpg,"Inulin 100mg, Chiết xuất lá dâu tằm 80mg, Bột Tamogitake 30mg, Salacia reticulata 20mg, Giảo cổ lam 10mg, Kế sữa 5mg, Dây thìa canh 5mg, bột cỏ trường thọ 2mg, Nhân Sâm 2mg, Tam thất 2mg, 5-Aminolevulinic acid 1.5mg, Bột chiết xuất tảo Mozuku Okinawa 1mg, Chiết xuất Keo ong 1mg, Vitamin B1 1mg, Vitamin B2 1mg, Vitamin B6 1mg",Viên nang cứng,Nhãn khác,Hộp 60 Viên,Thực phẩm chức năng | Hỗ trợ điều trị | Hỗ trợ điều trị tiểu đường,thuc-pham-chuc-nang | thuc-pham-chuc-nang/ho-tro-dieu-tri | thuc-pham-chuc-nang/tieu-duong,True,True,90,0,https://nhathuoclongchau.com.vn/thuc-pham-chuc-nang/vien-uong-ho-tro-cai-thien-chi-so-duong-huyet-medsulin-plus-vkenko-60-v.html,thuc-pham-chuc-nang,100
151,00047651,"VIÊN UỐNG SẮC ĐẸP , TRƯỜNG THỌ VÀ TRẺ HÓA DA NMN PQQ KENKO 60V",Thực phẩm bảo vệ sức khỏe NMN PQQ,thuc-pham-chuc-nang/vien-uong-sac-dep-truong-tho-va-tre-hoa-da-nmn-pqq-kenko-60-v.html,8900000.0,Hộp,đ,https://cdn.nhathuoclongchau.com.vn/unsafe/https://cms-prod.s3-sgn09.fptcloud.com/DSC_03542_6bfa8a6508.jpg,"NMN (Nicotinamide Mononucleotide) 300mg, Vitamin C 60mg, Vitamin B3 30mg, PQQ 20mg, Collagen peptide 20mg, chiết xuất thực vật lên men 20mg, L-Tryptophan 20mg, Coenzym Q10 10mg, chiết xuất nhau thai heo 10mg, Fucoidan 10mg, bột chiết xuất Nấm Agaricus 10mg, nhân sâm Hàn Quốc 10mg, Đông trùng hạ thảo 4mg, bột chiết xuất nấm men chứa cysteine peptide 4mg, chiết xuất tổ yến 2mg, Ngọc trai 2mg, Chiết xuất vỏ cây thông 1mg, Vitamin B1 2mg, Vitamin B2 2mg, Vitamin B6 2mg, Vitamin B12 0.002mg",Viên nang cứng,KENKO,Hộp 60 Viên,Thực phẩm chức năng | Vitamin & Khoáng chất | Vitamin tổng hợp,thuc-pham-chuc-nang | thuc-pham-chuc-nang/vitamin-khoang-chat | thuc-pham-chuc-nang/vitamin-tong-hop,True,True,90,0,https://nhathuoclongchau.com.vn/thuc-pham-chuc-nang/vien-uong-sac-dep-truong-tho-va-tre-hoa-da-nmn-pqq-kenko-60-v.html,thuc-pham-chuc-nang,100
152,00045392,VIÊN UỐNG BẢO VỆ GAN ULTRA LIVER CLEANSER VITAMINS FOR LIFE 30V,"Viên uống Ultra Liver Cleanser Vitamins For Life hỗ trợ giải độc gan, giúp bảo vệ gan (30 viên)",thuc-pham-chuc-nang/vien-uong-bao-ve-gan-ultra-liver-cleanser-vitamins-for-life-30-v-1.html,390000.0,Hộp,đ,https://cdn.nhathuoclongchau.com.vn/unsafe/https://cms-prod.s3-sgn09.fptcloud.com/DSC_05086_338563d57f.jpg,"chiết xuất cây kế sữa 500mg, Chiết xuất lá actiso 50mg, Chiết xuất trái ngũ vị tử 50mg, Sài hồ bắc 38mg, Chiết xuất rễ bồ công anh 25mg, Rễ Cam Thảo 25mg",Viên nang cứng,Vitamins For Life,Hộp 30 Viên,Thực phẩm chức năng | Cải thiện tăng cường chức năng | Chức năng gan,thuc-pham-chuc-nang | thuc-pham-chuc-nang/cai-thien-tang-cuong-chuc-nang | thuc-pham-chuc-nang/chuc-nang-gan,True,True,90,0,https://nhathuoclongchau.com.vn/thuc-pham-chuc-nang/vien-uong-bao-ve-gan-ultra-liver-cleanser-vitamins-for-life-30-v-1.html,thuc-pham-chuc-nang,100
153,00045390,VIÊN UỐNG TĂNG CƯỜNG SỨC KHỎE VÀ TRUNG HÒA GỐC TỰ DO KING FUCOIDAN JPANWELL 120V,Viên uống King Fucoidan Jpanwell tăng cường sức khỏe và trung hòa gốc tự do (120 viên),thuc-pham-chuc-nang/vien-uong-tang-cuong-suc-khoe-va-trung-hoa-goc-tu-do-king-fucoidan-jpanwell-120-v.html,6800000.0,Hộp,đ,https://cdn.nhathuoclongchau.com.vn/unsafe/https://cms-prod.s3-sgn09.fptcloud.com/DSC_05162_0448810c3f.jpg,"tinh chất tảo nâu Mozuku 595mg, Tinh chất tảo nâu mekabu 84mg, Fucoidan 21mg, Vitamin C 10mg, Vitamin B1 2mg, Vitamin B2 2mg, Vitamin B6 2mg, Vitamin B12 2mg, Vitamin E 2mg, Vitamin A 1.6mg, Canxi Pantothenate 1mg, Niacin 1mg, Axit Folic 0.4mg",Viên nang cứng,Jpanwell,Hộp 120 Viên,"Thực phẩm chức năng | Cải thiện tăng cường chức năng | Tăng sức đề kháng, miễn dịch",thuc-pham-chuc-nang | thuc-pham-chuc-nang/cai-thien-tang-cuong-chuc-nang | thuc-pham-chuc-nang/ho-tro-mien-dich-tang-suc-de-khang,True,True,90,0,https://nhathuoclongchau.com.vn/thuc-pham-chuc-nang/vien-uong-tang-cuong-suc-khoe-va-trung-hoa-goc-tu-do-king-fucoidan-jpanwell-120-v.html,thuc-pham-chuc-nang,100
154,00045389,"SIRO HỖ TRỢ TĂNG ĐỀ KHÁNG, HẠ SỐT KENKO G+ 100ML","Thực phẩm bảo vệ sức khỏe SIRO G+ Kenko hỗ trợ tăng đề kháng, giảm các triệu chứng trên đường hô hấp trên (100ml)",thuc-pham-chuc-nang/siro-ho-tro-tang-de-khang-ha-sot-kenko-g-100-ml.html,320000.0,Hộp,đ,https://cdn.nhathuoclongchau.com.vn/unsafe/https://cms-prod.s3-sgn09.fptcloud.com/DSC_04982_5f8a3daa73.jpg,"Oligosaccharide 2850mg, L-Arginine 75mg, Rễ Cam Thảo 40.5mg, Keo Ong 13.5mg, bột chiết xuất thực vật tổng hợp 13.5mg, Taurine 13.5mg, Inositol 7.5mg, Chiết xuất mận 6mg, L-Lysine hydrochloride 2.25mg, Natri L -Aspartate 2.25mg, Chiết xuất tỏi 1.5mg, Kẽm 1.5mg, Hoa cúc tím 1.35mg, Vitamin B1 0.39mg, Vitamin B12 0.39mg, Vitamin B6 0.375mg, Vitamin B2 0.3mg, Niacinamide 0.3mg, Vitamin D3 0.075mg, Lycopene 0.066mg",Siro,KENKO,Hộp x 100ml,"Thực phẩm chức năng | Cải thiện tăng cường chức năng | Tăng sức đề kháng, miễn dịch",thuc-pham-chuc-nang | thuc-pham-chuc-nang/cai-thien-tang-cuong-chuc-nang | thuc-pham-chuc-nang/ho-tro-mien-dich-tang-suc-de-khang,True,True,90,0,https://nhathuoclongchau.com.vn/thuc-pham-chuc-nang/siro-ho-tro-tang-de-khang-ha-sot-kenko-g-100-ml.html,thuc-pham-chuc-nang,100
155,00045388,"SIRO HO, TỐT CHO ĐƯỜNG HÔ HẤP KENKO Q+ 100ML",Thực phẩm bảo vệ sức khỏe SIRO Q+ KenKo hỗ trợ đường hô hấp (100ml),thuc-pham-chuc-nang/siro-ho-tro-duong-ho-hap-giup-giam-ho-kenko-q-100-ml.html,320000.0,Hộp,đ,https://cdn.nhathuoclongchau.com.vn/unsafe/https://cms-prod.s3-sgn09.fptcloud.com/DSC_05009_c7a02043dc.jpg,"Oligosaccharide 2700mg, Cao khô lá thường xuân 45mg, Keo Ong 15mg, Rễ Cam Thảo 15mg, Vỏ quế 15mg, Chiết xuất từ hoa cúc La Mã 7.5mg, bột chiết xuất thực vật tổng hợp 7.5mg, Hoa cúc tím 1.875mg, Quả la hán 1.5mg",Siro,KENKO,Hộp x 100ml,"Thực phẩm chức năng | Cải thiện tăng cường chức năng | Tăng sức đề kháng, miễn dịch",thuc-pham-chuc-nang | thuc-pham-chuc-nang/cai-thien-tang-cuong-chuc-nang | thuc-pham-chuc-nang/ho-tro-mien-dich-tang-suc-de-khang,True,True,90,0,https://nhathuoclongchau.com.vn/thuc-pham-chuc-nang/siro-ho-tro-duong-ho-hap-giup-giam-ho-kenko-q-100-ml.html,thuc-pham-chuc-nang,100
156,00045383,VIÊN UỐNG BỔ XƯƠNG KHỚP PREMIUM OMEXXEL BONE HEALTH 60V,Viên uống bổ xương khớp Premium Omexxel Bone Health (60 viên),thuc-pham-chuc-nang/vien-uong-bo-xuong-khop-premium-omexxel-bone-health-60-v.html,539000.0,Hộp,đ,https://cdn.nhathuoclongchau.com.vn/unsafe/https://cms-prod.s3-sgn09.fptcloud.com/DSC_09545_3d47c5a843.png,"Calcium Citrate 450mg, Potassium phosphate 200mg, Collagen peptide 200mg, Magnesium phosphate 120mg, Hồ đằng bốn cánh 100mg, Vitamin D3 400iu, Vitamin K2 MK7 0.04mg, Chiết xuất hạt tiêu đen 5mg",Viên nang cứng,OMEXXEL,Hộp 60 Viên,Thực phẩm chức năng | Hỗ trợ điều trị | Cơ xương khớp,thuc-pham-chuc-nang | thuc-pham-chuc-nang/ho-tro-dieu-tri | thuc-pham-chuc-nang/xuong-khop,True,True,90,0,https://nhathuoclongchau.com.vn/thuc-pham-chuc-nang/vien-uong-bo-xuong-khop-premium-omexxel-bone-health-60-v.html,thuc-pham-chuc-nang,100
157,00045382,VIÊN UỐNG HỖ TRỢ LÀM ĐẸP VÀ GIẢM LÃO HÓA DA OMEXXEL COLLAGEN 3X10,Thực phẩm bảo vệ sức khoẻ Omexxel Collagen giúp làm chậm quá trình lão hóa da (3 vỉ x 10 viên),thuc-pham-chuc-nang/vien-uong-ho-tro-lam-dep-va-giam-lao-hoa-da-omexxel-collagen-3-x10.html,380000.0,Hộp,đ,https://cdn.nhathuoclongchau.com.vn/unsafe/https://cms-prod.s3-sgn09.fptcloud.com/DSC_09362_e65ae5f420.png,"Collagen 1000mg, DẦU CÁ BIỂN 1000mg",Viên nang mềm,OMEXXEL,Hộp 3 Vỉ x 10 Viên,Thực phẩm chức năng | Hỗ trợ làm đẹp | Da,thuc-pham-chuc-nang | thuc-pham-chuc-nang/lam-dep | thuc-pham-chuc-nang/da,True,True,90,0,https://nhathuoclongchau.com.vn/thuc-pham-chuc-nang/vien-uong-ho-tro-lam-dep-va-giam-lao-hoa-da-omexxel-collagen-3-x10.html,thuc-pham-chuc-nang,100
158,00045363,VIÊN UỐNG BỔ SUNG LỢI KHUẨN ĐƯỜNG RUỘT PREMIUM OMEXXEL COLON HEALTH 60V,"Viên uống Premium Omexxel Colon Health bổ sung lợi khuẩn, hỗ trợ giảm rối loạn tiêu hóa (60 viên)",thuc-pham-chuc-nang/vien-uong-bo-sung-loi-khuan-duong-ruot-premium-omexxel-colon-health-60-v.html,649000.0,Hộp,đ,https://cdn.nhathuoclongchau.com.vn/unsafe/https://cms-prod.s3-sgn09.fptcloud.com/DSC_09575_9d277a67c4.png,"Bacillus coagulans 1x10^9cfu, Dịch chiết hạt cỏ Cà ri 500mg",Viên nang cứng,OMEXXEL,Hộp 60 Viên,Thực phẩm chức năng | Hỗ trợ tiêu hóa,thuc-pham-chuc-nang | thuc-pham-chuc-nang/ho-tro-tieu-hoa,True,True,90,0,https://nhathuoclongchau.com.vn/thuc-pham-chuc-nang/vien-uong-bo-sung-loi-khuan-duong-ruot-premium-omexxel-colon-health-60-v.html,thuc-pham-chuc-nang,100
159,00045361,VIÊN UỐNG HỖ TRỢ ỔN ĐỊNH ĐƯỜNG HUYẾT PREMIUM OMEXXEL BLOOD SUGAR HEALTH 60V,Viên uống Premium Omexxel Blood Sugar Health hỗ trợ ổn định đường huyết (60 viên),thuc-pham-chuc-nang/vien-uong-ho-tro-on-dinh-duong-huyet-premium-omexxel-blood-sugar-health-60-v.html,595000.0,Hộp,đ,https://cdn.nhathuoclongchau.com.vn/unsafe/https://cms-prod.s3-sgn09.fptcloud.com/DSC_09562_e7057bdf13.png,"Cỏ cà ri 400mg, Chiết xuất quế 200mg, Chiết xuất hạt đậu cô ve 100mg, Chiết xuất gỗ Pterocarpus Marsupium 50mg, Salacia reticulata 50mg, Mướp đắng 25mg, Dây thìa canh 25mg, Chiết xuất hạt tiêu đen 5mg",Viên nang cứng,OMEXXEL,Hộp 60 Viên,Thực phẩm chức năng | Hỗ trợ điều trị | Hỗ trợ điều trị tiểu đường,thuc-pham-chuc-nang | thuc-pham-chuc-nang/ho-tro-dieu-tri | thuc-pham-chuc-nang/tieu-duong,True,True,90,0,https://nhathuoclongchau.com.vn/thuc-pham-chuc-nang/vien-uong-ho-tro-on-dinh-duong-huyet-premium-omexxel-blood-sugar-health-60-v.html,thuc-pham-chuc-nang,100
160,00045359,VIÊN UỐNG BẢO VỆ GAN PREMIUM OMEXXEL STRONG HEPA 60V,Viên uống Premium Omexxel Strong Hepa hỗ trợ bảo vệ gan (60 viên),thuc-pham-chuc-nang/vien-uong-bao-ve-gan-premium-omexxel-strong-hepa-60-v.html,595000.0,Hộp,đ,https://cdn.nhathuoclongchau.com.vn/unsafe/https://cms-prod.s3-sgn09.fptcloud.com/DSC_09531_f0e3b71939.png,"chiết xuất củ nghệ 250mg, Chiết xuất vỏ quả kokum 50mg, Chiết xuất hạt tiêu đen 5mg",Viên nang cứng,OMEXXEL,Hộp 60 Viên,Thực phẩm chức năng | Cải thiện tăng cường chức năng | Chức năng gan,thuc-pham-chuc-nang | thuc-pham-chuc-nang/cai-thien-tang-cuong-chuc-nang | thuc-pham-chuc-nang/chuc-nang-gan,True,True,90,0,https://nhathuoclongchau.com.vn/thuc-pham-chuc-nang/vien-uong-bao-ve-gan-premium-omexxel-strong-hepa-60-v.html,thuc-pham-chuc-nang,100
161,00045355,"VIÊN UỐNG CẢI THIỆN DA, TÓC, MÓNG PREMIUM OMEXXEL SKIN, HAIR & NAILS HEALTH 60V","Thực phẩm bảo vệ sức khỏe Premium Omexxel Skin, Hair & Nails Health bổ sung collagen, giúp làm đẹp da, tóc, móng (60 viên)",thuc-pham-chuc-nang/vien-uong-cai-thien-da-toc-mong-premium-omexxel-skin-hair-and-nails-health-60-v.html,595000.0,Hộp,đ,https://cdn.nhathuoclongchau.com.vn/unsafe/https://cms-prod.s3-sgn09.fptcloud.com/DSC_09513_3497ba7c28.png,"Collagen peptide 300mg, Chiết xuất Nhũ hương 80mg, Tetrahydrocurcumin 80mg, Bacillus coagulans 250000000cfu, Chiết xuất hạt tiêu đen 5mg",Viên nang cứng,OMEXXEL,Hộp 60 Viên,Thực phẩm chức năng | Hỗ trợ làm đẹp | Da,thuc-pham-chuc-nang | thuc-pham-chuc-nang/lam-dep | thuc-pham-chuc-nang/da,True,True,90,0,https://nhathuoclongchau.com.vn/thuc-pham-chuc-nang/vien-uong-cai-thien-da-toc-mong-premium-omexxel-skin-hair-and-nails-health-60-v.html,thuc-pham-chuc-nang,100
162,00045353,VIÊN UỐNG CẢI THIỆN TRÍ NHỚ PREMIUM OMEXXEL MEMORY HEALTH 60V,Viên uống Premium Omexxel Memory Health hỗ trợ tốt cho não bộ (60 viên),thuc-pham-chuc-nang/vien-uong-cai-thien-tri-nho-premium-omexxel-memory-health-60-v.html,539000.0,Hộp,đ,https://cdn.nhathuoclongchau.com.vn/unsafe/https://cms-prod.s3-sgn09.fptcloud.com/DSC_09456_07e138ad93.png,"chiết xuất từ rễ cây nghệ 100mg, Chiết xuất lá rau đắng biển 88mg, Chiết xuất hạt tiêu đen 5mg",Viên nang cứng,OMEXXEL,Hộp 60 Viên,Thực phẩm chức năng | Thần kinh não | Bổ não - cải thiện trí nhớ,thuc-pham-chuc-nang | thuc-pham-chuc-nang/than-kinh-nao | thuc-pham-chuc-nang/bo-nao-cai-thien-tri-nho,True,True,90,0,https://nhathuoclongchau.com.vn/thuc-pham-chuc-nang/vien-uong-cai-thien-tri-nho-premium-omexxel-memory-health-60-v.html,thuc-pham-chuc-nang,100
163,00043229,G-TEEN KENKO HỖ TRỢ PHÁT TRIỂN CHO BÉ GÁI GIAI ĐOẠN DẬY THÌ 30 GÓI X 15G,Thực phẩm bảo vệ sức khỏe G-TEEN Kenko hỗ trợ phát triển cho bé gái giai đoạn dậy thì (30 gói x 15g),thuc-pham-chuc-nang/g-teen-kenko-ho-tro-phat-trien-cho-be-gai-giai-doan-day-thi-30-goi-x-15-g-1.html,1550000.0,Hộp,đ,https://cdn.nhathuoclongchau.com.vn/unsafe/https://cms-prod.s3-sgn09.fptcloud.com/DSC_04261_7bed2105fa.jpg,"Oligosaccharide 3000mg, Mật ong nguyên chất 2250mg, Collagen thủy phân từ da cá 100mg, chiết xuất thực vật lên men 50mg, Canxi lactate 30mg, chiết xuất nhau thai heo 10mg, Vitamin C 10mg, Isoflavone từ đậu nành 5mg, Phosphatidylserine 5mg, Peptide lòng đỏ trứng 5mg, axit hyaluronic 2mg, Lactobacillus 2mg, Men chứa kẽm 1mg, Maca 1mg, Chiết xuất hoa hồng 1mg, Bifidobacteria 1mg, Vitamin A 5mg, Vitamin D3 2mg, Vitamin B1 2mg, Vitamin B2 2mg, Vitamin B6 2mg, Vitamin E 1mg, Sắt Heme 1mg, Dầu cá tinh luyện 0.480458mg, Dầu và mỡ đã qua chế biến 0.1mg",Dung dịch,KENKO,Hộp 30 Gói,Thực phẩm chức năng | Vitamin & Khoáng chất | Vitamin tổng hợp,thuc-pham-chuc-nang | thuc-pham-chuc-nang/vitamin-khoang-chat | thuc-pham-chuc-nang/vitamin-tong-hop,True,True,90,0,https://nhathuoclongchau.com.vn/thuc-pham-chuc-nang/g-teen-kenko-ho-tro-phat-trien-cho-be-gai-giai-doan-day-thi-30-goi-x-15-g-1.html,thuc-pham-chuc-nang,100
164,00043226,VIÊN UỐNG HỖ TRỢ CHO NGƯỜI BỊ TRĨ HEMOR GOLD JPANWELL 60V,Viên nang cứng Hemor Gold Jpanwell hỗ trợ tốt cho người bị trĩ (60 viên),thuc-pham-chuc-nang/vien-uong-ho-tro-cho-nguoi-bi-tri-hemor-gold-jpanwell-60-v.html,920000.0,Hộp,đ,https://cdn.nhathuoclongchau.com.vn/unsafe/https://cms-prod.s3-sgn09.fptcloud.com/DSC_08962_ce1bf65c0a.jpg,"Bột nghệ 120mg, Bột vỏ cam quýt 120mg, Cao nhũ hương Ấn Độ 100mg, Bột lá và thân Nhân Sâm Đương Quy Nhật Bản 60mg, Bột Vẹm mỏ xanh 30mg, Bột chiết xuất nhựa thơm Guggui 20mg, Bột lá cây Neem 20mg",Viên nang cứng,Jpanwell,Hộp 60 Viên,Thực phẩm chức năng | Hỗ trợ điều trị | Hỗ trợ điều trị trĩ,thuc-pham-chuc-nang | thuc-pham-chuc-nang/ho-tro-dieu-tri | thuc-pham-chuc-nang/tri,True,True,90,0,https://nhathuoclongchau.com.vn/thuc-pham-chuc-nang/vien-uong-ho-tro-cho-nguoi-bi-tri-hemor-gold-jpanwell-60-v.html,thuc-pham-chuc-nang,100
165,00043222,VIÊN UỐNG HỖ TRỢ TĂNG CƯỜNG SỨC ĐỀ KHÁNG OMEXXEL CORDY 3X10,Viên nang mềm Omexxel Cordy hỗ trợ tăng sức đề kháng (3 vỉ x 10 viên),thuc-pham-chuc-nang/vien-uong-ho-tro-tang-cuong-suc-de-khang-omexxel-cordy-3-x10.html,330000.0,Hộp,đ,https://cdn.nhathuoclongchau.com.vn/unsafe/https://cms-prod.s3-sgn09.fptcloud.com/DSC_08972_ee55f0ab01.jpg,"Chiết xuất Đông trùng hạ thảo 240mg, Omega 3 150mg, Vitamin E 1iu",Viên nang mềm,OMEXXEL,Hộp 3 Vỉ x 10 Viên,"Thực phẩm chức năng | Cải thiện tăng cường chức năng | Tăng sức đề kháng, miễn dịch",thuc-pham-chuc-nang | thuc-pham-chuc-nang/cai-thien-tang-cuong-chuc-nang | thuc-pham-chuc-nang/ho-tro-mien-dich-tang-suc-de-khang,True,True,90,0,https://nhathuoclongchau.com.vn/thuc-pham-chuc-nang/vien-uong-ho-tro-tang-cuong-suc-de-khang-omexxel-cordy-3-x10.html,thuc-pham-chuc-nang,100
166,00043221,VIÊN UỐNG HỖ TRỢ ĐẸP DA OMEXXEL E400 3X10,"Thực phẩm bảo vệ sức khỏe Omexxel E400 hỗ trợ chống oxy hóa, tốt cho da (3 vỉ x 10 viên)",thuc-pham-chuc-nang/vien-uong-ho-tro-dep-da-omexxel-e400-3-x10-1.html,330000.0,Hộp,đ,https://cdn.nhathuoclongchau.com.vn/unsafe/https://cms-prod.s3-sgn09.fptcloud.com/DSC_08986_a3ca1e01d8.jpg,"Vitamin E 400mg, DẦU CÁ BIỂN 500mg",Viên nang mềm,OMEXXEL,Hộp 3 Vỉ x 10 Viên,"Thực phẩm chức năng | Vitamin & Khoáng chất | Dầu cá, Omega 3, DHA",thuc-pham-chuc-nang | thuc-pham-chuc-nang/vitamin-khoang-chat | thuc-pham-chuc-nang/dau-ca-omega-3-dha,True,True,90,0,https://nhathuoclongchau.com.vn/thuc-pham-chuc-nang/vien-uong-ho-tro-dep-da-omexxel-e400-3-x10-1.html,thuc-pham-chuc-nang,100
167,00043220,VIÊN UỐNG HỖ TRỢ TĂNG TIẾT DỊCH KHỚP VÀ GIẢM ĐAU DO LÃO HÓA KHỚP OMEXXEL ARTHRI 3X10,"Viên nang mềm Omexxel Arthri hỗ trợ tăng tiết dịch khớp, giảm đau do lão hóa khớp (3 vỉ x 10 viên)",thuc-pham-chuc-nang/vien-uong-ho-tro-tang-tiet-dich-khop-va-giam-dau-do-lao-hoa-khop-omexxel-arthri-3-x10.html,380000.0,Hộp,đ,https://cdn.nhathuoclongchau.com.vn/unsafe/https://cms-prod.s3-sgn09.fptcloud.com/DSC_08996_917372c13c.jpg,"Glucosamin sulfate 800mg, Chiết xuất Nhũ hương 140mg, Undenatured type II collagen 80mg, Hyaluronic acid 6mg, Curcumin 20mg, Bromelain 10mg, DẦU CÁ BIỂN 1000mg",Viên nang mềm,OMEXXEL,Hộp 3 Vỉ x 10 Viên,Thực phẩm chức năng | Hỗ trợ điều trị | Cơ xương khớp,thuc-pham-chuc-nang | thuc-pham-chuc-nang/ho-tro-dieu-tri | thuc-pham-chuc-nang/xuong-khop,True,True,90,0,https://nhathuoclongchau.com.vn/thuc-pham-chuc-nang/vien-uong-ho-tro-tang-tiet-dich-khop-va-giam-dau-do-lao-hoa-khop-omexxel-arthri-3-x10.html,thuc-pham-chuc-nang,100
168,00042458,VIÊN UỐNG HỖ TRỢ HỆ TIÊU HÓA PREMIUM OMEXXEL CURCUMIN C3 COMPLEX W/BIOPERINE 60V,Viên uống Premium Omexxel Curcumin C3 Complex W/Bioperine hỗ trợ cải thiện tiêu hóa (60 viên),thuc-pham-chuc-nang/vien-uong-ho-tro-he-tieu-hoa-premium-omexxel-curcumin-c3-complex-w-bioperine-60-v.html,539000.0,Hộp,đ,https://cdn.nhathuoclongchau.com.vn/unsafe/https://cms-prod.s3-sgn09.fptcloud.com/DSC_09475_6821fdf798.png,"chiết xuất từ rễ cây nghệ 500mg, Chiết xuất hạt tiêu đen 5mg",Viên nén,OMEXXEL,Hộp 60 Viên,"Thực phẩm chức năng | Hỗ trợ tiêu hóa | Dạ dày, tá tràng",thuc-pham-chuc-nang | thuc-pham-chuc-nang/ho-tro-tieu-hoa | thuc-pham-chuc-nang/da-day-ta-trang,True,True,90,0,https://nhathuoclongchau.com.vn/thuc-pham-chuc-nang/vien-uong-ho-tro-he-tieu-hoa-premium-omexxel-curcumin-c3-complex-w-bioperine-60-v.html,thuc-pham-chuc-nang,100
169,00040296,VIÊN UỐNG BỔ SUNG DHA CHO PHỤ NỮ MANG THAI PROMUM DHA ALG 3X10,Viên uống proMUM DHA Alg bổ sung DHA cho phụ nữ có thai và cho con bú (3 vỉ x 10 viên),thuc-pham-chuc-nang/vien-uong-bo-sung-dha-cho-phu-nu-mang-thai-promum-dha-alg-3-x10.html,499000.0,Hộp,đ,https://cdn.nhathuoclongchau.com.vn/unsafe/https://cms-prod.s3-sgn09.fptcloud.com/DSC_09300_68669e0539.png,"Dầu tảo Schizochytrium sp 1000mg, Vitamin E 6mg",Viên nang mềm,proMUM,Hộp 3 Vỉ x 10 Viên,"Thực phẩm chức năng | Vitamin & Khoáng chất | Dầu cá, Omega 3, DHA",thuc-pham-chuc-nang | thuc-pham-chuc-nang/vitamin-khoang-chat | thuc-pham-chuc-nang/dau-ca-omega-3-dha,True,True,90,0,https://nhathuoclongchau.com.vn/thuc-pham-chuc-nang/vien-uong-bo-sung-dha-cho-phu-nu-mang-thai-promum-dha-alg-3-x10.html,thuc-pham-chuc-nang,100
170,00040295,VIÊN UỐNG HỖ TRỢ PHỤ NỮ MANG THAI PROMUM NEW LIVE 2X15,Viên uống proMUM New Live bổ sung các chất dinh dưỡng cho phụ nữ mang thai và cho con bú (2 vỉ x 15 viên),thuc-pham-chuc-nang/vien-uong-ho-tro-phu-nu-mang-thai-promum-new-live-2-x15.html,319000.0,Hộp,đ,https://cdn.nhathuoclongchau.com.vn/unsafe/https://cms-prod.s3-sgn09.fptcloud.com/DSC_09314_a44e29a8b5.png,"Acid folic 600mcg, acid folic từ acid pteroylmonoglutamic 400mcg, acid folic từ calci L-methylfolate 200mcg, Sắt 26mg, Vitamin D 50mcg, Iod 150mcg, Dầu cá vi nang 150mg",Viên nang cứng,proMUM,Hộp 2 Vỉ x 15 Viên,Thực phẩm chức năng | Vitamin & Khoáng chất,thuc-pham-chuc-nang | thuc-pham-chuc-nang/vitamin-khoang-chat,True,True,90,0,https://nhathuoclongchau.com.vn/thuc-pham-chuc-nang/vien-uong-ho-tro-phu-nu-mang-thai-promum-new-live-2-x15.html,thuc-pham-chuc-nang,100
171,00040294,VIÊN UỐNG HỖ TRỢ GIẢM BUỒN NÔN CHO PHỤ NỮ MANG THAI PROMUM VOMARIN 2X15,"Viên uống proMUM Vomarin hỗ trợ giảm buồn nôn cho phụ nữ mang thai, tăng tiết sữa mẹ (2 vỉ x 15 viên)",thuc-pham-chuc-nang/vien-uong-ho-tro-giam-buon-non-cho-phu-nu-mang-thai-promum-vomarin-2-x15.html,349000.0,Hộp,đ,https://cdn.nhathuoclongchau.com.vn/unsafe/https://cms-prod.s3-sgn09.fptcloud.com/DSC_09267_6b2553276f.png,"Chiết xuất gừng 150mg, Vitamin B6 1.4mg, Chiết xuất quả tiểu hồi 45mg",Viên nang cứng,proMUM,Hộp 2 Vỉ x 15 Viên,Thực phẩm chức năng | Vitamin & Khoáng chất,thuc-pham-chuc-nang | thuc-pham-chuc-nang/vitamin-khoang-chat,True,True,90,0,https://nhathuoclongchau.com.vn/thuc-pham-chuc-nang/vien-uong-ho-tro-giam-buon-non-cho-phu-nu-mang-thai-promum-vomarin-2-x15.html,thuc-pham-chuc-nang,100
172,00040292,VIÊN UỐNG HỖ TRỢ PHỤ NỮ TRƯỚC KHI MANG THAI PROMUM NEW START 2X15,Viên uống proMUM New Start bổ sung vitamin và khoáng chất cho phụ nữ có kế hoạch mang thai (2 vỉ x 15 viên),thuc-pham-chuc-nang/vien-uong-ho-tro-phu-nu-truoc-khi-mang-thai-promum-new-start-2-x15.html,329000.0,Hộp,đ,https://cdn.nhathuoclongchau.com.vn/unsafe/https://cms-prod.s3-sgn09.fptcloud.com/DSC_09286_e5de816ef0.png,"Acid folic 800mcg, acid folic từ acid pteroylmonoglutamic 400mcg, acid folic từ calci L-methylfolate 400mcg, Iod 150mcg, Vitamin D 50mcg, Kẽm 10mg, Vitamin B6 1.4mg, Vitamin B12 2.5mcg",Viên nang cứng,proMUM,Hộp 2 Vỉ x 15 Viên,Thực phẩm chức năng | Vitamin & Khoáng chất,thuc-pham-chuc-nang | thuc-pham-chuc-nang/vitamin-khoang-chat,True,True,90,0,https://nhathuoclongchau.com.vn/thuc-pham-chuc-nang/vien-uong-ho-tro-phu-nu-truoc-khi-mang-thai-promum-new-start-2-x15.html,thuc-pham-chuc-nang,100
173,00039499,"SIRO BỔ SUNG CANXI GIÚP XƯƠNG, RĂNG CHẮC KHỎE CANXI + D3K2 HATRO 120ML","Siro Canxi + D3K2 Hatro bổ sung canxi giúp xương, răng chắc khỏe (120ml)",thuc-pham-chuc-nang/siro-bo-sung-canxi-giup-xuong-rang-chac-khoe-canxi-d3-k2-hatro-120-ml.html,180000.0,Hộp,đ,https://cdn.nhathuoclongchau.com.vn/unsafe/https://cms-prod.s3-sgn09.fptcloud.com/DSC_08302_ba4462d00d.jpg,"Lipocal 500mg, Vitamin D3 200iu, Vitamin K2 MK7 6mcg",Siro,Hatro,Hộp x 120ml,Thực phẩm chức năng | Vitamin & Khoáng chất | Bổ sung Canxi & Vitamin D,thuc-pham-chuc-nang | thuc-pham-chuc-nang/vitamin-khoang-chat | thuc-pham-chuc-nang/canxi-vitamin-D,True,True,90,0,https://nhathuoclongchau.com.vn/thuc-pham-chuc-nang/siro-bo-sung-canxi-giup-xuong-rang-chac-khoe-canxi-d3-k2-hatro-120-ml.html,thuc-pham-chuc-nang,100
174,00039497,SIRO BỔ SUNG KẼM ZINC + LYSIN HATRO 120ML,"Siro ZinC + Lysin Hatro bổ sung kẽm, hỗ trợ tăng sức đề kháng cho trẻ (120ml)",thuc-pham-chuc-nang/siro-bo-sung-kem-zinc-lysin-hatro-120-ml.html,150000.0,Hộp,đ,https://cdn.nhathuoclongchau.com.vn/unsafe/https://cms-prod.s3-sgn09.fptcloud.com/DSC_08313_1efe9a74d1.jpg,"Lysin hydrochlorid 50mg, Gluconal ZN-P 35mg, Vitamin B12 0.6mcg",Siro,Hatro,Hộp x 120ml,Thực phẩm chức năng | Vitamin & Khoáng chất,thuc-pham-chuc-nang | thuc-pham-chuc-nang/vitamin-khoang-chat,True,True,90,0,https://nhathuoclongchau.com.vn/thuc-pham-chuc-nang/siro-bo-sung-kem-zinc-lysin-hatro-120-ml.html,thuc-pham-chuc-nang,100
175,00039496,SIRO TĂNG ĐỀ KHÁNG MULTI VITAMIN HATRO 120ML,"Siro Multi Vitamin Hatro hỗ trợ tăng cường sức khỏe, nâng cao sức đề kháng (120ml) ",thuc-pham-chuc-nang/siro-tang-de-khang-multi-vitamin-hatro-120-ml.html,150000.0,Hộp,đ,https://cdn.nhathuoclongchau.com.vn/unsafe/https://cms-prod.s3-sgn09.fptcloud.com/DSC_08289_8048425d59.jpg,"Vitamin C 20mg, Kẽm Gluconat 14mg, Calcium gluconate 10mg, Vitamin E 5iu, Vitamin B3 4mg, Vitamin B5 1mg, Vitamin B6 0.6mg, Vitamin B2 0.6mg, Vitamin B1 0.5mg, Vitamin A 80iu, Vitamin D3 100iu, Vitamin B12 0.6mcg, Vitamin K2 MK7 0.5mcg",Siro,Hatro,Hộp x 120ml,"Thực phẩm chức năng | Cải thiện tăng cường chức năng | Tăng sức đề kháng, miễn dịch",thuc-pham-chuc-nang | thuc-pham-chuc-nang/cai-thien-tang-cuong-chuc-nang | thuc-pham-chuc-nang/ho-tro-mien-dich-tang-suc-de-khang,True,True,90,0,https://nhathuoclongchau.com.vn/thuc-pham-chuc-nang/siro-tang-de-khang-multi-vitamin-hatro-120-ml.html,thuc-pham-chuc-nang,100
176,00039222,"VIÊN UỐNG BỔ NÃO, NGĂN NGỪA SUY GIẢM TRÍ NHỚ MIND PLUS VITAMINS FOR LIFE 30V","Viên uống Mind Plus Vitamins For Life tăng cường tuần hoàn não, cải thiện trí nhớ (30 viên) ",thuc-pham-chuc-nang/vien-uong-bo-nao-ngan-ngua-suy-giam-tri-nho-mind-plus-vitamins-for-life-30-v.html,395000.0,Hộp,đ,https://cdn.nhathuoclongchau.com.vn/unsafe/https://cms-prod.s3-sgn09.fptcloud.com/DSC_09975_9a5e2eaa3d.jpg,"Nhân Sâm 1020mg, Bột hạt Guarana 4040mg, Lecithin 51mg, Bạch quả 62mg, Nattokinase 1000mcg",Viên nang,Vitamins For Life,Hộp 30 Viên,Thực phẩm chức năng | Thần kinh não | Bổ não - cải thiện trí nhớ,thuc-pham-chuc-nang | thuc-pham-chuc-nang/than-kinh-nao | thuc-pham-chuc-nang/bo-nao-cai-thien-tri-nho,True,True,90,0,https://nhathuoclongchau.com.vn/thuc-pham-chuc-nang/vien-uong-bo-nao-ngan-ngua-suy-giam-tri-nho-mind-plus-vitamins-for-life-30-v.html,thuc-pham-chuc-nang,100
177,00038981,"VIÊN UỐNG ĐẸP DA GIÚP TĂNG ĐÀN HỒI, GIẢM LÃO HÓA DA VWHITESKIN OCAVILL 30V","Thực phẩm bảo vệ sức khỏe VwhiteSkin hỗ trợ duy trì độ ẩm cho da, tăng độ đàn hồi cho da (30 viên)",thuc-pham-chuc-nang/vien-uong-dep-da-giup-tang-dan-hoi-giam-lao-hoa-da-vwhiteskin-ocavill-30-v-1.html,490000.0,Hộp,đ,https://cdn.nhathuoclongchau.com.vn/unsafe/https://cms-prod.s3-sgn09.fptcloud.com/DSC_08695_95d869a6ab.jpg,"Glutathione dạng khử 500mg, Collagen thủy phân 150mg, L-Cystine 150mg, Chiết xuất rễ Dương xỉ 4/1 100mg, SkinAx2TM 30mg, Vitamin E 10mg, Vitamin B1 2mg, Vitamin B3 2mg, Vitamin B5 2mg",Viên nang cứng,OCAVILL,Hộp 30 Viên,Thực phẩm chức năng | Hỗ trợ làm đẹp | Da,thuc-pham-chuc-nang | thuc-pham-chuc-nang/lam-dep | thuc-pham-chuc-nang/da,True,True,90,0,https://nhathuoclongchau.com.vn/thuc-pham-chuc-nang/vien-uong-dep-da-giup-tang-dan-hoi-giam-lao-hoa-da-vwhiteskin-ocavill-30-v-1.html,thuc-pham-chuc-nang,100
178,00038645,VIÊN UỐNG TĂNG CƯỜNG CHỨC NĂNG GAN ACTIVE LIVER PLUS NEW NORDIC 2X15,Viên uống Active Liver Plus New Nordic hỗ trợ tăng cường chức năng gan (2 vỉ x 15 viên),thuc-pham-chuc-nang/vien-uong-tang-cuong-chuc-nang-gan-active-liver-plus-new-nordic-2-x15.html,420000.0,Hộp,đ,https://cdn.nhathuoclongchau.com.vn/unsafe/https://cms-prod.s3-sgn09.fptcloud.com/1_f209eff67b.jpg,"Atisô 222mg, Kế sữa 200mg, Nghệ 150mg",Viên nén,NEW NORDIC,Hộp 2 Vỉ x 15 Viên,Thực phẩm chức năng | Cải thiện tăng cường chức năng | Chức năng gan,thuc-pham-chuc-nang | thuc-pham-chuc-nang/cai-thien-tang-cuong-chuc-nang | thuc-pham-chuc-nang/chuc-nang-gan,True,True,90,0,https://nhathuoclongchau.com.vn/thuc-pham-chuc-nang/vien-uong-tang-cuong-chuc-nang-gan-active-liver-plus-new-nordic-2-x15.html,thuc-pham-chuc-nang,100
179,B042300000090,VIÊN UỐNG TĂNG CƯỜNG THÍNH GIÁC VITA EAR NEW NORDIC 15V,"Viên uống Vita Ear New Nordic tăng cường tuần hoàn não, cải thiện lưu thông máu đến tai, giảm ù tai (15 viên)",thuc-pham-chuc-nang/vien-uong-tang-cuong-thinh-giac-vita-ear-new-nordic-15v.html,340000.0,Hộp,đ,https://cdn.nhathuoclongchau.com.vn/unsafe/https://cms-prod.s3-sgn09.fptcloud.com/IMG_0254_f699b734d7.jpg,"Bạch quả 100mg, Chiết xuất vỏ thông Pháp 125mg",Viên nén,NEW NORDIC,Hộp 15 Viên,Thực phẩm chức năng | Cải thiện tăng cường chức năng,thuc-pham-chuc-nang | thuc-pham-chuc-nang/cai-thien-tang-cuong-chuc-nang,True,True,90,0,https://nhathuoclongchau.com.vn/thuc-pham-chuc-nang/vien-uong-tang-cuong-thinh-giac-vita-ear-new-nordic-15v.html,thuc-pham-chuc-nang,100
180,00503498,"VIÊN UỐNG BỔ SUNG CHẤT XƠ, CHỐNG TÁO BÓN VÀ TĂNG ĐỀ KHÁNG JP NATURAL ORGANIC JPANWELL120V","Thực phẩm bảo vệ sức khỏe JP Natural Organic Jpanwell bổ sung chất xơ, chống táo bón và tăng đề kháng (120 viên) ",thuc-pham-chuc-nang/vien-uong-bo-sung-chat-xo-chong-tao-bon-va-tang-de-khang-jp-natural-organic-jpanwell120v-37824.html,780000.0,Hộp,đ,https://cdn.nhathuoclongchau.com.vn/unsafe/https://cms-prod.s3-sgn09.fptcloud.com/00503498_vien_uong_rau_cu_bo_sung_chat_xo_chong_tao_bon_va_tang_de_khang_jp_natural_organic_120v_9746_6401_large_8818e807f3.jpg,"Inulin 194.8mg, Chiết xuất tảo xoắn 10mg, Bột chiết xuất rau củ tổng hợp (Trái cây, thực vật (Rau xanh, củ, quả và hạt (Lá non lúa mạch, cải xoăn, súp lơ, bắp cải, lá củ cải, bí ngô, khoai lang tím, cải chip, mùi tây, cà rốt, cần tây, mướp đắng, cải bó xôi, dâu tằm, rau đay, ngải cứu, cải thảo, măng tây, cà chua, cải muối, củ sen))(10:1) 200mg, Bột chiết xuất trái cây tổng hợp (Trái cây (táo, lê, bưởi, chanh dây, chanh, nho đỏ, dâu tây, dứa, xoài, vải thiều, cam, kiwi, đào, việt quất, nam việt quất, quả mâm xôi)) 10mg, Oligosaccharide 160mg, Fucoidan 5mg, Vitamin B1 2mg, Vitamin C 40mg, Vitamin A 4mg, Vitamin E 2mg, Vitamin B2 2mg, Vitamin B6 2mg, Vitamin B12 0.002mg, Vi khuẩn Bifidobacterium BR 108 4mg",Viên nang,Jpanwell,Hộp 120 Viên,Thực phẩm chức năng | Hỗ trợ tiêu hóa | Táo bón,thuc-pham-chuc-nang | thuc-pham-chuc-nang/ho-tro-tieu-hoa | thuc-pham-chuc-nang/tao-bon,True,True,90,0,https://nhathuoclongchau.com.vn/thuc-pham-chuc-nang/vien-uong-bo-sung-chat-xo-chong-tao-bon-va-tang-de-khang-jp-natural-organic-jpanwell120v-37824.html,thuc-pham-chuc-nang,100
181,00503279,VIÊN UỐNG HỖ TRỢ GIẢM CÁC TRIỆU CHỨNG CỦA VIÊM GAN NATURENZ GOLD DHG PHARMA 100V,Viên nang cứng Naturenz Gold DHG Pharma hỗ trợ giảm các triệu chứng của viêm gan (100 viên),thuc-pham-chuc-nang/vien-uong-ho-tro-giam-cac-trieu-chung-cua-viem-gan-naturenz-gold-dhg-pharma-100-v.html,350000.0,Hộp,đ,https://cdn.nhathuoclongchau.com.vn/unsafe/https://cms-prod.s3-sgn09.fptcloud.com/DSC_03818_c33219d20c.jpg,"Nấm linh chi 350mg, Hà thủ ô đỏ 700mg, Hoa Marigold 700mg, Núc nác 1000mg, Đan sâm 750mg, Nấm sò 75mg, Hoài Sơn 100mg",Viên nang cứng,Dhg,Hộp 100 Viên,Thực phẩm chức năng | Cải thiện tăng cường chức năng | Chức năng gan,thuc-pham-chuc-nang | thuc-pham-chuc-nang/cai-thien-tang-cuong-chuc-nang | thuc-pham-chuc-nang/chuc-nang-gan,True,True,90,0,https://nhathuoclongchau.com.vn/thuc-pham-chuc-nang/vien-uong-ho-tro-giam-cac-trieu-chung-cua-viem-gan-naturenz-gold-dhg-pharma-100-v.html,thuc-pham-chuc-nang,100
182,00503275,"VIÊN UỐNG BỔ SUNG CANXI, GIẢM NGUY CƠ LOÃNG XƯƠNG PHARMA WORLD CALCI K-2 60V",Viên uống Calci K-2 Pharma World hỗ trợ giảm nguy cơ loãng xương (60 viên),thuc-pham-chuc-nang/vien-uong-bo-sung-canxi-giam-nguy-co-loang-xuong-pharma-word-calci-k-2-60v-37580.html,470000.0,Hộp,đ,https://cdn.nhathuoclongchau.com.vn/unsafe/https://cms-prod.s3-sgn09.fptcloud.com/00503275_vien_uong_bo_sung_canxi_giam_nguy_co_loang_xuong_pharma_word_calci_k_2_60v_2299_63ed_large_322e824179.jpg,"Zinc 5mg, Magnesium 250mg, Vitamin D3 400iu, Vitamin K2 45mcg, Calcium (Ca+) 1000mg",Viên nén,Pharma World,Hộp 60 Viên,Thực phẩm chức năng | Vitamin & Khoáng chất | Bổ sung Canxi & Vitamin D,thuc-pham-chuc-nang | thuc-pham-chuc-nang/vitamin-khoang-chat | thuc-pham-chuc-nang/canxi-vitamin-D,True,True,90,0,https://nhathuoclongchau.com.vn/thuc-pham-chuc-nang/vien-uong-bo-sung-canxi-giam-nguy-co-loang-xuong-pharma-word-calci-k-2-60v-37580.html,thuc-pham-chuc-nang,100
183,00503274,"VIÊN UỐNG TRƯỜNG THỌ, TRẺ HOÁ DA NMN PREMIUM 21600 60V",Thực phẩm bảo vệ sức khỏe NMN Premium 21600 giúp ngăn sự lão hoá (60 viên),thuc-pham-chuc-nang/vien-uong-truong-tho-tre-hoa-da-nmn-premium-21600-60v-37581.html,8900000.0,Hộp,đ,https://cdn.nhathuoclongchau.com.vn/unsafe/https://cms-prod.s3-sgn09.fptcloud.com/00503274_vien_uong_chong_lao_hoa_lam_dep_da_nmn_premium_21600_60v_1865_63e4_large_5bf0c423ec.jpg,"NMN (Nicotinamide Mononucleotide) 250mg, nhân sâm Hàn Quốc 30mg, L-Arginine 100mg, Vitamin C 60mg, Bifidobacterium 30mg, Tinh chất nhau thai heo 30mg, Chiết xuất mầm sen 30mg, Chiết xuất Resveratrol 30mg, chiết xuất thực vật lên men 20mg, Vitamin B6 1mg, Coenzyme Q10 10mg, Vitamin E 4mg, Vitamin B3 4mg, Tổ yến 3mg, Astaxanthin 3mg, Ceramide 2mg, Đông trùng hạ thảo 2mg, Vitamin B1 2mg, Vitamin B2 2mg, Vitamin B12 0.002mg, Fucoidan 10mg",Viên nang cứng,Jpanwell,Hộp 60 Viên,Thực phẩm chức năng | Hỗ trợ làm đẹp | Da,thuc-pham-chuc-nang | thuc-pham-chuc-nang/lam-dep | thuc-pham-chuc-nang/da,True,True,90,0,https://nhathuoclongchau.com.vn/thuc-pham-chuc-nang/vien-uong-truong-tho-tre-hoa-da-nmn-premium-21600-60v-37581.html,thuc-pham-chuc-nang,100
184,00502519,VIÊN XƯƠNG KHỚP TRIPLE STRENGTH GLUCOSAMINE 1500MG PHARMEKAL 200V,Viên uống Triple Strength Glucosamine 1500mg Pharmekal bổ sung dưỡng chất cho khớp (200 viên),thuc-pham-chuc-nang/vien-xuong-khop-triple-strength-glucosamine-1500mg-pharmekal-200v-36775.html,887000.0,Hộp,đ,https://cdn.nhathuoclongchau.com.vn/unsafe/https://cms-prod.s3-sgn09.fptcloud.com/00502519_vien_xuong_khop_triple_strength_glucosamine_1500mg_pharmekal_200v_2560_6356_large_57a5a01dd2.jpg,"Glucosamine Hydrochloride 1500mg, MSM 500mg, Collagen type I&III 400mg, Stearic acid , Magnesium stearate , Silicon Dioxyde , Croscamello Sodium , Chondroitin sulfate 100mg, Vitamin D3 400iu",Viên nén,Pharmekal,Hộp 200 Viên,Thực phẩm chức năng | Hỗ trợ điều trị | Cơ xương khớp,thuc-pham-chuc-nang | thuc-pham-chuc-nang/ho-tro-dieu-tri | thuc-pham-chuc-nang/xuong-khop,True,True,90,0,https://nhathuoclongchau.com.vn/thuc-pham-chuc-nang/vien-xuong-khop-triple-strength-glucosamine-1500mg-pharmekal-200v-36775.html,thuc-pham-chuc-nang,100
185,00502186,VIÊN UỐNG GIẢM ACID URIC CHO NGƯỜI BỊ GOUT GOODHEALTH CELERY 12000 60V,Viên uống Celery 12000 GoodHealth hỗ trợ giảm acid uric cho người bị gout (60 viên),thuc-pham-chuc-nang/vien-uong-giam-acid-uric-cho-nguoi-bi-gout-good-health-celery-12000-60v-36399.html,764000.0,Chai,đ,https://cdn.nhathuoclongchau.com.vn/unsafe/https://cms-prod.s3-sgn09.fptcloud.com/00502186_vien_uong_giam_acid_uric_cho_nguoi_bi_gout_good_health_celery_12000_60v_8534_6335_large_95dbdbd0ba.jpg,Chiết xuất hạt Cần tây 120mg,Viên nang cứng,Good Health,Chai 60 Viên,Thực phẩm chức năng | Hỗ trợ điều trị,thuc-pham-chuc-nang | thuc-pham-chuc-nang/ho-tro-dieu-tri,True,True,90,0,https://nhathuoclongchau.com.vn/thuc-pham-chuc-nang/vien-uong-giam-acid-uric-cho-nguoi-bi-gout-good-health-celery-12000-60v-36399.html,thuc-pham-chuc-nang,100
186,00501705,VIÊN UỐNG BỔ NÃO PHARMA WORLD BRAIN SUPPORT 60V,Viên uống Brain Support Pharma World hỗ trợ sức khỏe cho não (60 viên),thuc-pham-chuc-nang/vien-uong-bo-nao-pharma-world-brain-support-60v-35856.html,425000.0,Hộp,đ,https://cdn.nhathuoclongchau.com.vn/unsafe/https://cms-prod.s3-sgn09.fptcloud.com/00501705_vien_uong_bo_nao_pharma_world_brain_support_60v_6662_6302_large_80bd36178f.jpg,"Nattokinase 2000mcg, Coenzyme Q10 10mg, Bột lá Việt quất xanh 50mg, Cao lá bạch quả 250mg",Viên nang cứng,Pharma World,Hộp 60 Viên,Thực phẩm chức năng | Thần kinh não | Bổ não - cải thiện trí nhớ,thuc-pham-chuc-nang | thuc-pham-chuc-nang/than-kinh-nao | thuc-pham-chuc-nang/bo-nao-cai-thien-tri-nho,True,True,90,0,https://nhathuoclongchau.com.vn/thuc-pham-chuc-nang/vien-uong-bo-nao-pharma-world-brain-support-60v-35856.html,thuc-pham-chuc-nang,100
187,00501624,SOKI MITER GIẢM TÁO BÓN 20 GÓI,"Bột hòa tan Soki Miter giúp hỗ trợ tăng cường tiêu hóa, giảm đầy bụng (20 gói)",thuc-pham-chuc-nang/bot-hoa-tan-soki-miter-ho-tro-tang-cuong-tieu-hoa-giam-day-bung-kho-tieu-tao-bon-20-goi-35770.html,345000.0,Hộp,đ,https://cdn.nhathuoclongchau.com.vn/unsafe/https://cms-prod.s3-sgn09.fptcloud.com/00501624_soki_miter_20_goi_7086_62fb_large_b763f7ad9b.jpg,"Digezyme 25mg, Promitor 5g",Dạng bột,Soki,Hộp 20 Gói,Thực phẩm chức năng | Hỗ trợ tiêu hóa,thuc-pham-chuc-nang | thuc-pham-chuc-nang/ho-tro-tieu-hoa,True,True,90,0,https://nhathuoclongchau.com.vn/thuc-pham-chuc-nang/bot-hoa-tan-soki-miter-ho-tro-tang-cuong-tieu-hoa-giam-day-bung-kho-tieu-tao-bon-20-goi-35770.html,thuc-pham-chuc-nang,100
188,00501620,SOKI NOVO GIẢM NÔN TRỚ 18 GÓI X 3G,"Bột hòa tan Soki Novo hỗ trợ tăng cường tiêu hóa, giúp giảm chướng bụng (18 gói x 3g)",thuc-pham-chuc-nang/soki-novo-18-goi-x-3g-35774.html,365000.0,Hộp,đ,https://cdn.nhathuoclongchau.com.vn/unsafe/https://cms-prod.s3-sgn09.fptcloud.com/00501620_soki_novo_18_goi_x_3g_1361_62fb_large_b2ca63e502.jpg,"GOS (Galacto Oligosaccharide) 500mg, Chiết xuất Tía tô xanh 50mg, Gừng 6mg, Đạm sữa thủy phân 10mg, Lactoferrin 10mg, 2’-FL HMO 30mg",Dạng bột,Soki,Hộp 18 Gói x 3g,Thực phẩm chức năng | Hỗ trợ tiêu hóa | Khó tiêu,thuc-pham-chuc-nang | thuc-pham-chuc-nang/ho-tro-tieu-hoa | thuc-pham-chuc-nang/kho-tieu,True,True,90,0,https://nhathuoclongchau.com.vn/thuc-pham-chuc-nang/soki-novo-18-goi-x-3g-35774.html,thuc-pham-chuc-nang,100
189,00501618,"SOKI TIUM BABY GIÚP NGỦ NGON, ÊM BỤNG 12 GÓI X 3G","Bột hòa tan Soki Tium Baby hỗ trợ giúp ngủ ngon, tăng cường tiêu hóa (12 gói x 3g)",thuc-pham-chuc-nang/soki-tium-baby-12-goi-x-3g-35771.html,380000.0,Hộp,đ,https://cdn.nhathuoclongchau.com.vn/unsafe/https://cms-prod.s3-sgn09.fptcloud.com/00501618_soki_tium_baby_12_goi_x_3g_3872_62f9_large_593cadbc51.jpg,"2’-FL HMO 30mg, Sữa non 50mg, GOS (Galacto Oligosaccharide) 200mg, Đạm sữa thủy phân 250mg",Dạng bột,Soki,Hộp 12 Gói x 3g,Thực phẩm chức năng | Thần kinh não | Hỗ trợ giấc ngủ ngon,thuc-pham-chuc-nang | thuc-pham-chuc-nang/than-kinh-nao | thuc-pham-chuc-nang/ho-tro-giac-ngu-ngon,True,True,90,0,https://nhathuoclongchau.com.vn/thuc-pham-chuc-nang/soki-tium-baby-12-goi-x-3g-35771.html,thuc-pham-chuc-nang,100
190,00501598,GINKID MEN TIÊU HÓA 4X5 ỐNG 5ML,Men Tiêu Hoá Ginkid GINIC bổ sung vi khuẩn có ích ở đường ruột (4 vỉ x 5 ống x 5ml),thuc-pham-chuc-nang/ginkid-men-tieu-hoa-4x5-ong-5ml-35755.html,105000.0,Hộp,đ,https://cdn.nhathuoclongchau.com.vn/unsafe/https://cms-prod.s3-sgn09.fptcloud.com/00501598_ginkid_men_tieu_hoa_4x5_ong_5ml_3251_62f9_large_fee78b2a80.jpg,Bacillus clausii 2500000000cfu,Hỗn dịch,GINKID,Hộp 4 Vỉ x 5 Ống x 5ml,Thực phẩm chức năng | Hỗ trợ tiêu hóa,thuc-pham-chuc-nang | thuc-pham-chuc-nang/ho-tro-tieu-hoa,True,True,90,0,https://nhathuoclongchau.com.vn/thuc-pham-chuc-nang/ginkid-men-tieu-hoa-4x5-ong-5ml-35755.html,thuc-pham-chuc-nang,100
191,00501597,VIÊN UỐNG TĂNG CƯỜNG SINH LÝ IRONMEN OCAVILL 60V,Viên uống Ironmen Ocavill hỗ trợ tăng cường sinh lý nam giới (60 viên),thuc-pham-chuc-nang/vien-uong-tang-cuong-sinh-ly-ironmen-ocavill-60v-35751.html,615000.0,Hộp,đ,https://cdn.nhathuoclongchau.com.vn/unsafe/https://cms-prod.s3-sgn09.fptcloud.com/DSC_08647_3632b2e5df.jpg,"Chiết xuất bạch tật lê 250mg, Maca Root 370mg, L–arginine 230mg, Selen 64mcg, Kẽm 15mg, Nhân Sâm 20mg, Coenzyme Q10 10mg, Tongkat ali extract liquid 50mg",Viên nang mềm,OCAVILL,Hộp 60 Viên,Thực phẩm chức năng | Sinh lý - Nội tiết tố | Sinh lý nam,thuc-pham-chuc-nang | thuc-pham-chuc-nang/sinh-ly-noi-tiet-to | thuc-pham-chuc-nang/sinh-ly-nam,True,True,90,0,https://nhathuoclongchau.com.vn/thuc-pham-chuc-nang/vien-uong-tang-cuong-sinh-ly-ironmen-ocavill-60v-35751.html,thuc-pham-chuc-nang,100
192,00500357,VIÊN UỐNG HỖ TRỢ PHỤ NỮ TRƯỚC KHI MANG THAI PREMOM GOLD JPANWELL 60V,Viên uống Premom Gold Jpanwell hỗ trợ phụ nữ trước giai đoạn mang thai (60 viên),thuc-pham-chuc-nang/vien-uong-ho-tro-phu-nu-truoc-khi-mang-thai-premom-gold-jpanwell-60v-34461.html,1300000.0,Hộp,đ,https://cdn.nhathuoclongchau.com.vn/unsafe/https://cms-prod.s3-sgn09.fptcloud.com/00500357_vien_uong_ho_tro_phu_nu_truoc_khi_mang_thai_premom_gold_jpanwell_60v_8227_6298_large_ae1845b873.jpg,"Vitamin B12 0.002mg, Folic Acid 0.4mg, Vitamin B1 1.5mg, Vitamin B2 1.5mg, Nấm linh chi 2.5mg, Men khoáng 2.5mg, Natri sắt citrate 2.5mg, Canxi từ san hô 5mg, Kẽm 5mg, Sắt 5mg, chiết xuất nhau thai heo 10mg, Vitamin C 20mg, L-Arginine 100mg, Chiết xuất nấm men bia 50mg, Chiết xuất Maca 20mg",Viên nang,Jpanwell,Hộp 60 Viên,Thực phẩm chức năng | Vitamin & Khoáng chất | Vitamin tổng hợp,thuc-pham-chuc-nang | thuc-pham-chuc-nang/vitamin-khoang-chat | thuc-pham-chuc-nang/vitamin-tong-hop,True,True,90,0,https://nhathuoclongchau.com.vn/thuc-pham-chuc-nang/vien-uong-ho-tro-phu-nu-truoc-khi-mang-thai-premom-gold-jpanwell-60v-34461.html,thuc-pham-chuc-nang,100
193,00033670,VIÊN UỐNG TĂNG CƯỜNG SINH LÝ NAM GIỚI VITATREE OYSTER EXTRACT 90V,Viên uống Oyster Extract Vitatree hỗ trợ duy trì sức khỏe sinh sản cho nam giới (90 viên),thuc-pham-chuc-nang/vien-uong-tang-cuong-sinh-ly-nam-gioi-vitatree-oyster-extract-90v-33761.html,660000.0,Hộp,đ,https://cdn.nhathuoclongchau.com.vn/unsafe/https://cms-prod.s3-sgn09.fptcloud.com/00033670_vien_uong_tang_cuong_sinh_ly_nam_gioi_vitatree_oyster_extract_90v_5060_623c_large_26f8f5404d.jpg,"Vỏ hàu 400mg, Kẽm citrate 21.79mg",Viên nang cứng,Vitatree,Hộp 90 viên,Thực phẩm chức năng | Sinh lý - Nội tiết tố | Sinh lý nam,thuc-pham-chuc-nang | thuc-pham-chuc-nang/sinh-ly-noi-tiet-to | thuc-pham-chuc-nang/sinh-ly-nam,True,True,90,0,https://nhathuoclongchau.com.vn/thuc-pham-chuc-nang/vien-uong-tang-cuong-sinh-ly-nam-gioi-vitatree-oyster-extract-90v-33761.html,thuc-pham-chuc-nang,100
194,00033668,VIÊN UỐNG TĂNG CƯỜNG SỨC KHỎE NAM GIỚI VITATREE ESSENCE OF KANGAROO 40000 MAX 100V,"Viên uống Essence Of Kangaroo 40000 Max Vitatree bổ sung các acid amin, hỗ trợ cải thiện sức khỏe (100 viên)",thuc-pham-chuc-nang/vien-uong-tang-cuong-suc-khoe-nam-gioi-vitatree-essence-of-kangaroo-40000-max-100v-33763.html,715000.0,Hộp,đ,https://cdn.nhathuoclongchau.com.vn/unsafe/https://cms-prod.s3-sgn09.fptcloud.com/00033668_vien_uong_tang_cuong_suc_khoe_nam_gioi_vitatree_essence_of_kangaroo_40000_max_100v_9977_623c_large_2f0749a6b2.jpg,Kangaroo 400mg,Viên nang,Vitatree,Hộp 100 viên,Thực phẩm chức năng | Sinh lý - Nội tiết tố | Sinh lý nam,thuc-pham-chuc-nang | thuc-pham-chuc-nang/sinh-ly-noi-tiet-to | thuc-pham-chuc-nang/sinh-ly-nam,True,True,90,0,https://nhathuoclongchau.com.vn/thuc-pham-chuc-nang/vien-uong-tang-cuong-suc-khoe-nam-gioi-vitatree-essence-of-kangaroo-40000-max-100v-33763.html,thuc-pham-chuc-nang,100
195,00033525,"SIRO HO, BỔ PHẾ NOPANHO KINGPHAR 125ML","Siro Nopanho Kingphar giúp bổ phế, hạn chế ho nhiều (125ml)",thuc-pham-chuc-nang/nopanho-siro-bo-phe-giam-ho-125ml-33623.html,37000.0,Hộp,đ,https://cdn.nhathuoclongchau.com.vn/unsafe/https://cms-prod.s3-sgn09.fptcloud.com/00033525_nopanho_siro_bo_phe_giam_ho_125ml_3140_62ae_large_4be002a6ac.jpg,"Cao lá thường xuân 1000mg, Xạ can 1000mg, Tỳ bà diệp 750mg, kha tử 750mg, Trần bì 750mg, Cát cánh 625mg, Sa sâm 500mg, Phục Linh 500mg, Khoản đông hoa 375mg, Ngũ vị tử 375mg, Xuyên bối mẫu 250mg, Viễn chí 250mg, Thiên môn 250mg",Siro,Kingphar,Hộp,"Thực phẩm chức năng | Hỗ trợ điều trị | Hô hấp, ho, xoang",thuc-pham-chuc-nang | thuc-pham-chuc-nang/ho-tro-dieu-tri | thuc-pham-chuc-nang/suc-khoe-duong-ho-hap-ho-xoang,True,True,90,0,https://nhathuoclongchau.com.vn/thuc-pham-chuc-nang/nopanho-siro-bo-phe-giam-ho-125ml-33623.html,thuc-pham-chuc-nang,100
196,00033459,VIÊN UỐNG NÂNG CAO SỨC ĐỀ KHÁNG THYMO-GLUCAN KINGPHAR 3X10,"Viên uống Thymo-Glucan Kingphar nâng cao sức đề kháng, giúp cơ thể khỏe mạnh (3 vỉ x 10 viên) ",thuc-pham-chuc-nang/vien-uong-nang-cao-suc-de-khang-thymo-glucan-kingphar-3x10-33564.html,100000.0,Hộp,đ,https://cdn.nhathuoclongchau.com.vn/unsafe/https://cms-prod.s3-sgn09.fptcloud.com/00033459_vien_uong_nang_cao_suc_de_khang_thymo_glucan_kingphar_3x10_6337_6233_large_c870aab8a8.jpg,"Vitamin B6 3mg, Vitamin B2 3mg, Vitamin B1 2mg, Keo Ong 20mg, Kẽm Gluconat 20mg, Taurine 50mg, Cholin bitartrat 50mg, Lysin hydrochlorid 100mg, Beta Glucan 100mg, Thymomodulin 60mg",Viên nang mềm,Kingphar,Hộp 3 Vỉ x 10 Viên,"Thực phẩm chức năng | Cải thiện tăng cường chức năng | Tăng sức đề kháng, miễn dịch",thuc-pham-chuc-nang | thuc-pham-chuc-nang/cai-thien-tang-cuong-chuc-nang | thuc-pham-chuc-nang/ho-tro-mien-dich-tang-suc-de-khang,True,True,90,0,https://nhathuoclongchau.com.vn/thuc-pham-chuc-nang/vien-uong-nang-cao-suc-de-khang-thymo-glucan-kingphar-3x10-33564.html,thuc-pham-chuc-nang,100
197,00033383,VIÊN UỐNG HỖ TRỢ TIM MẠCH OMEGA PLUS 10 VITAMINS FOR LIFE 60V,"Viên uống Omega Plus 10 Vitamins For Life chống oxy hóa, hỗ trợ tốt cho tim mạch (Hộp 60 viên)",thuc-pham-chuc-nang/vien-uong-ho-tro-tim-mach-omega-plus-10-vitamins-for-life-60v-33485.html,650000.0,Hộp,đ,https://cdn.nhathuoclongchau.com.vn/unsafe/https://cms-prod.s3-sgn09.fptcloud.com/00033383_vien_uong_ho_tro_tim_mach_omega_plus_10_vitamins_for_life_60v_1049_620b_large_51c80bec0e.jpg,"Omega 3 1000mg, Coenzym Q10 20mg, Vitamin E 1.00IU",Viên nang mềm,Vitamins For Life,Hộp 60 viên,Thực phẩm chức năng | Sức khoẻ tim mạch,thuc-pham-chuc-nang | thuc-pham-chuc-nang/tim-mach-huyet-ap,True,True,90,0,https://nhathuoclongchau.com.vn/thuc-pham-chuc-nang/vien-uong-ho-tro-tim-mach-omega-plus-10-vitamins-for-life-60v-33485.html,thuc-pham-chuc-nang,100
198,00033381,VIÊN UỐNG BỔ THẬN KIDNEY CLEANSER SUPPORT VITAMINS FOR LIFE 30V,"Viên uống Kidney Cleanser Support chống oxy hóa, giảm nguy cơ viêm đường tiết niệu (30 viên) ",thuc-pham-chuc-nang/vien-uong-bo-than-kidney-cleanser-support-vitamins-for-life-30v-33486.html,415000.0,Hộp,đ,https://cdn.nhathuoclongchau.com.vn/unsafe/https://cms-prod.s3-sgn09.fptcloud.com/00033381_vien_uong_bo_than_kidney_cleanser_support_vitamins_for_life_30v_5225_6359_large_3f3617741f.jpg,"Nam việt quất 400mg, Hoa dâm bụt 200mg",Viên nang cứng,Vitamins For Life,Hộp 30 Viên,"Thực phẩm chức năng | Hỗ trợ điều trị | Thận, tiền liệt tuyến",thuc-pham-chuc-nang | thuc-pham-chuc-nang/ho-tro-dieu-tri | thuc-pham-chuc-nang/than-tien-liet-tuyen,True,True,90,0,https://nhathuoclongchau.com.vn/thuc-pham-chuc-nang/vien-uong-bo-than-kidney-cleanser-support-vitamins-for-life-30v-33486.html,thuc-pham-chuc-nang,100
199,00033382,VIÊN UỐNG HỖ TRỢ TIM MẠCH HEART ACE SUPPORT VITAMINS FOR LIFE 30V,"Viên uống Heart Ace Support Vitamins For Life hỗ trợ sức khỏe tim mạch, điều hòa nhịp tim (Hộp 30 viên)",thuc-pham-chuc-nang/vien-uong-ho-tro-tim-mach-heart-ace-support-vitamins-for-life-30v-33488.html,437000.0,Hộp,đ,https://cdn.nhathuoclongchau.com.vn/unsafe/https://cms-prod.s3-sgn09.fptcloud.com/00033382_vien_uong_ho_tro_tim_mach_heart_ace_support_vitamins_for_life_30v_9384_63e1_large_9a7ec569a1.jpg,"Coenzym Q10 40mg, Nattokinase 10.000Mcg, Red Yeast Rice Extract 500mg, Resveratrol 20mg, Lecithin 400mg",Viên nang mềm,Vitamins For Life,Hộp 30 viên,Thực phẩm chức năng | Sức khoẻ tim mạch,thuc-pham-chuc-nang | thuc-pham-chuc-nang/tim-mach-huyet-ap,True,True,90,0,https://nhathuoclongchau.com.vn/thuc-pham-chuc-nang/vien-uong-ho-tro-tim-mach-heart-ace-support-vitamins-for-life-30v-33488.html,thuc-pham-chuc-nang,100
200,00032919,VIÊN UỐNG HỖ TRỢ HUYẾT ÁP BLOOD PRESSURE+++ JPANWELL 60V,Viên uống Blood Pressure+++ Jpanwell hỗ trợ huyết áp (60 viên),thuc-pham-chuc-nang/vien-uong-ho-tro-huyet-ap-blood-pressure-jpanwell-60v-33039.html,960000.0,Hộp,đ,https://cdn.nhathuoclongchau.com.vn/unsafe/https://cms-prod.s3-sgn09.fptcloud.com/00032919_vien_uong_ho_tro_huyet_ap_blood_pressure_jpanwell_60v_2806_61aa_large_085443011e.jpg,"Taurine 2mg, Bột vỏ hành tây 3mg, Vitamin B12 4mg, Vitamin B1 4mg, Vừng đen 5.24mg, đậu tương lên men 5.24mg, Magie 10mg, Tỏi đen 10.5mg, Kali 10mg, GABA 10.5mg, Canxi 10mg, Chiết xuất Maca 26.2mg, peptide cá mòi 84.3mg",Viên nén,Jpanwell,Hộp 60 Viên,Thực phẩm chức năng | Sức khoẻ tim mạch | Huyết áp,thuc-pham-chuc-nang | thuc-pham-chuc-nang/tim-mach-huyet-ap | thuc-pham-chuc-nang/huyet-ap,True,True,90,0,https://nhathuoclongchau.com.vn/thuc-pham-chuc-nang/vien-uong-ho-tro-huyet-ap-blood-pressure-jpanwell-60v-33039.html,thuc-pham-chuc-nang,100
201,00032890,XƯƠNG KHỚP HẢI THƯỢNG VƯƠNG 30V,Viên nang cứng Xương Khớp Hải Thượng Vương hỗ trợ giảm nguy cơ thoái hóa xương khớp (30 viên),thuc-pham-chuc-nang/xuong-khop-hai-thuong-vuong-30v-32991.html,152000.0,Hộp,đ,https://cdn.nhathuoclongchau.com.vn/unsafe/https://cms-prod.s3-sgn09.fptcloud.com/00032890_xuong_khop_hai_thuong_vuong_30v_2198_61c0_large_71551dc01c.jpg,"Tang ký sinh 600mg, Độc hoạt 300mg, Phòng phong 300mg, Ngưu tất (Rễ) 250mg, Xuyên khung 250mg, Đỗ trọng 100mg, Đương quy 100mg, Bạch thược 100mg, Tế tân 80mg, Cam thảo 50mg, Sinh Địa 50mg, Đảng Sâm 50mg, Bạch linh 50mg, Tần giao 30mg, Glucosamine sulfate 2KCL 50mg, Chiết xuất Nhũ hương 50mg, Collagen type II 30mg",Viên nang cứng,Hải Thượng Vương,Hộp 30 Viên,Thực phẩm chức năng | Hỗ trợ điều trị | Cơ xương khớp,thuc-pham-chuc-nang | thuc-pham-chuc-nang/ho-tro-dieu-tri | thuc-pham-chuc-nang/xuong-khop,True,True,90,0,https://nhathuoclongchau.com.vn/thuc-pham-chuc-nang/xuong-khop-hai-thuong-vuong-30v-32991.html,thuc-pham-chuc-nang,200
202,00032820,VIÊN UỐNG BỔ THẬN VITATREE KIDNEY TONIC 100V,"Viên uống Vitatree Kidney Tonic hỗ trợ bổ thận, tăng cường chức năng thận (100 viên)",thuc-pham-chuc-nang/vitatree-kidney-tonic-bpure-100v-32944.html,1010000.0,Hộp,đ,https://cdn.nhathuoclongchau.com.vn/unsafe/https://cms-prod.s3-sgn09.fptcloud.com/00032820_vitatree_kidney_tonic_bpure_100v_4549_623c_large_5708bac9c8.jpg,"Đông trùng hạ thảo 208.33mg, Ngò tây 100mg, Ngũ vị tử 50mg, Dương xỉ 250mg, Bách xù 66.7mg, Tầm ma 166.7mg",Viên nén,Vitatree,Hộp 100 viên,"Thực phẩm chức năng | Hỗ trợ điều trị | Thận, tiền liệt tuyến",thuc-pham-chuc-nang | thuc-pham-chuc-nang/ho-tro-dieu-tri | thuc-pham-chuc-nang/than-tien-liet-tuyen,True,True,90,0,https://nhathuoclongchau.com.vn/thuc-pham-chuc-nang/vitatree-kidney-tonic-bpure-100v-32944.html,thuc-pham-chuc-nang,200
203,00345375,ONAGRE CEVRAI 60V,"Viên uống Onagre Cevrai hỗ trợ làm giảm triệu chứng tiền kinh nguyệt, tiền mãn kinh và mãn kinh (60 viên)",thuc-pham-chuc-nang/onagre-ho-tro-sinh-ly-nu-tien-man-kinh-10.html,520000.0,Hộp,đ,https://cdn.nhathuoclongchau.com.vn/unsafe/https://cms-prod.s3-sgn09.fptcloud.com/DSC_04290_970e0b42f8.jpg,"Capsule envelop , Glycerin , Bovin gelatin , Vitamin E 5mg, Tinh dầu hoa anh thảo 495mg",Viên nang mềm,CEVRAI,Hộp 60 Viên,Thực phẩm chức năng | Sinh lý - Nội tiết tố | Hỗ trợ mãn kinh,thuc-pham-chuc-nang | thuc-pham-chuc-nang/sinh-ly-noi-tiet-to | thuc-pham-chuc-nang/ho-tro-man-kinh,True,True,90,0,https://nhathuoclongchau.com.vn/thuc-pham-chuc-nang/onagre-ho-tro-sinh-ly-nu-tien-man-kinh-10.html,thuc-pham-chuc-nang,200
204,00345396,VIÊN UỐNG TĂNG CƯỜNG SINH LÝ LAB WELL VIA HIM 30V,"Viên uống Via Him Lab Well bồi bổ sức khỏe, tăng cường sinh lực và khả năng sinh lý ở nam giới (30 viên)",thuc-pham-chuc-nang/via-him-vien-uong-ho-tro-sinh-ly-nam-14.html,291000.0,Hộp,đ,https://cdn.nhathuoclongchau.com.vn/unsafe/https://cms-prod.s3-sgn09.fptcloud.com/DSC_08401_50aa5b0410.jpg,"Sâm Hoa Kỳ 10mg, Sâm triều tiên 25mg, Hàu 5mg, Yến Mạch 50mg, Bạch quả 50mg, Cao muira puama 50mg, Sâm Peru 75mg, Yohimbe 113mg, Bạch tật lê 150mg, Calcium 100mg",Viên nén,Lab Well,Hộp 30 Viên,Thực phẩm chức năng | Sinh lý - Nội tiết tố | Sinh lý nam,thuc-pham-chuc-nang | thuc-pham-chuc-nang/sinh-ly-noi-tiet-to | thuc-pham-chuc-nang/sinh-ly-nam,True,True,90,0,https://nhathuoclongchau.com.vn/thuc-pham-chuc-nang/via-him-vien-uong-ho-tro-sinh-ly-nam-14.html,thuc-pham-chuc-nang,200
205,00345341,PURE CORDY CEP PHARMEKAL 60V,Viên uống Pure Cordyceps Pharmekal giúp tăng cường sức đề kháng của cơ thể (60 viên),thuc-pham-chuc-nang/dong-trung-ha-thao-pure-cordyceps-18.html,550000.0,Hộp,đ,https://cdn.nhathuoclongchau.com.vn/unsafe/https://cms-prod.s3-sgn09.fptcloud.com/00345341_dong_trung_ha_thao_pure_cordyceps_8634_5c34_large_81ed7c754c.jpg,Đông trùng hạ thảo 1000mg,Viên nang,Pharmekal,Hộp 60 Viên,"Thực phẩm chức năng | Cải thiện tăng cường chức năng | Tăng sức đề kháng, miễn dịch",thuc-pham-chuc-nang | thuc-pham-chuc-nang/cai-thien-tang-cuong-chuc-nang | thuc-pham-chuc-nang/ho-tro-mien-dich-tang-suc-de-khang,True,True,90,0,https://nhathuoclongchau.com.vn/thuc-pham-chuc-nang/dong-trung-ha-thao-pure-cordyceps-18.html,thuc-pham-chuc-nang,200
206,00345398,VITAMIN E 400IU NATURES BOUNTY 30V,"Viên uống Vitamin E 400IU Nature's Bounty hỗ trợ chống oxy hóa, làm chậm quá trình lão hóa da (30 viên)",thuc-pham-chuc-nang/vitamin-e-400-iu-19.html,150000.0,Hộp,đ,https://cdn.nhathuoclongchau.com.vn/unsafe/https://cms-prod.s3-sgn09.fptcloud.com/00345398_vitamin_e_400_iu_5953_600f_large_f1fec5d4f6.JPG,Vitamin E 400iu,Viên nang mềm,Nature's Bounty,Hộp 30 Viên,Thực phẩm chức năng | Vitamin & Khoáng chất | Vitamin E các loại,thuc-pham-chuc-nang | thuc-pham-chuc-nang/vitamin-khoang-chat | thuc-pham-chuc-nang/vitamin-e,True,True,90,0,https://nhathuoclongchau.com.vn/thuc-pham-chuc-nang/vitamin-e-400-iu-19.html,thuc-pham-chuc-nang,200
207,00345343,COQ10 PHARMEKAL 30V,"Viên uống CoQ10 30mg Pharmekal giảm quá trình oxy hóa, hỗ trợ sức khỏe cho tim (30 viên) ",thuc-pham-chuc-nang/coq10-my-vien-uong-bo-tim-mach-22.html,169000.0,Hộp,đ,https://cdn.nhathuoclongchau.com.vn/unsafe/https://cms-prod.s3-sgn09.fptcloud.com/00345343_coq10_my_vien_uong_bo_tim_mach_2605_5c45_large_985993d8bd.jpg,"Sáp ong vàng , Dầu lecithin đậu nành , Coenzyme Q10 30mg, Tá dược vừa đủ ",Viên nang mềm,Pharmekal,Hộp 30 Viên,Thực phẩm chức năng | Sức khoẻ tim mạch,thuc-pham-chuc-nang | thuc-pham-chuc-nang/tim-mach-huyet-ap,True,True,90,0,https://nhathuoclongchau.com.vn/thuc-pham-chuc-nang/coq10-my-vien-uong-bo-tim-mach-22.html,thuc-pham-chuc-nang,200
208,00345418,VIÊN UỐNG HỖ TRỢ GIẢM CHOLESTEROL CHO NGƯỜI BỊ MỠ MÁU-CHOLESTEROL AID VITAMINS FOR LIFE 60V,Viên uống Cholesterol Aid Vitamins For Life hỗ trợ giảm cholesterol (60 viên),thuc-pham-chuc-nang/cholesterol-aid-ho-tro-giam-cholesterol-29.html,435000.0,Chai,đ,https://cdn.nhathuoclongchau.com.vn/unsafe/https://cms-prod.s3-sgn09.fptcloud.com/00345418_cholesterol_aid_ho_tro_giam_cholesterol_1929_63e1_large_9655044105.jpg,"Chromium 200Mcg, Cao Trầm 110mg, Men gạo đỏ 375mg",Viên nang cứng,Vitamins For Life,Chai 60 viên,Thực phẩm chức năng | Sức khoẻ tim mạch | Giảm Cholesterol,thuc-pham-chuc-nang | thuc-pham-chuc-nang/tim-mach-huyet-ap | thuc-pham-chuc-nang/cholesterol,True,True,90,0,https://nhathuoclongchau.com.vn/thuc-pham-chuc-nang/cholesterol-aid-ho-tro-giam-cholesterol-29.html,thuc-pham-chuc-nang,200
209,00345339,COLLAGEN WITH VITAMIN C NATURES BOUNTY 90V,Thực phẩm bảo vệ sức khỏe Hydrolyzed Collagen With Vitamin C hỗ trợ chống oxy hoá (90 viên),thuc-pham-chuc-nang/collagen-with-vitamin-c-vien-bo-sung-collagen-31.html,550000.0,Hộp,đ,https://cdn.nhathuoclongchau.com.vn/unsafe/https://cms-prod.s3-sgn09.fptcloud.com/00345339_collagen_with_vitamin_c_vien_bo_sung_collagen_1653_5fd9_large_cb88640c41.JPG,"Collagen 1000mg, Vitamin C 10mg, Sodium 6.25mg, L-ornithine hydrochloride 15mg",Viên nén,Nature's Bounty,Hộp 90 Viên,Thực phẩm chức năng | Hỗ trợ làm đẹp | Da,thuc-pham-chuc-nang | thuc-pham-chuc-nang/lam-dep | thuc-pham-chuc-nang/da,True,True,90,0,https://nhathuoclongchau.com.vn/thuc-pham-chuc-nang/collagen-with-vitamin-c-vien-bo-sung-collagen-31.html,thuc-pham-chuc-nang,200
210,00011057,"VIÊN UỐNG GIẢM VẾT THÂM, SẠM,TÀN NHANG, GIÚP DA SÁNG MỊN SKIN CARE PIGMENT CLEAR NEW NORDIC 60V","Thực phẩm bảo vệ sức khỏe Skin Care Pigment Clear giảm các vết thâm nám, sạm, tàn nhang (60 viên)",thuc-pham-chuc-nang/skin-care-vien-uong-giam-tham-nam-149.html,880000.0,Hộp,đ,https://cdn.nhathuoclongchau.com.vn/unsafe/https://cms-prod.s3-sgn09.fptcloud.com/DSC_00179_39a58c141e.png,"Chiết xuất chùm ruột núi 200mg, chiết xuất lựu 200mg, Chiết xuất vi tảo lục 60mg, Chiết xuất hạt nho 40mg, Chiết xuất tiêu đen 6mg, Vitamin B3 16mg, Vitamin C 40mg, Kẽm 8mg, Đồng 0.4mg",Viên nén,NEW NORDIC,Hộp 60 Viên,Thực phẩm chức năng | Hỗ trợ làm đẹp | Da,thuc-pham-chuc-nang | thuc-pham-chuc-nang/lam-dep | thuc-pham-chuc-nang/da,True,True,90,0,https://nhathuoclongchau.com.vn/thuc-pham-chuc-nang/skin-care-vien-uong-giam-tham-nam-149.html,thuc-pham-chuc-nang,200
211,00002003,COENZYME Q10 THÀNH CÔNG 30V,Viên uống Co Enzyme Q10 & Evening primrose Thành Công hỗ trợ chức năng tim mạch (30 viên),thuc-pham-chuc-nang/thuc-pham-chuc-nang-bao-ve-tim-mach-co-enzyme-q10-thanh-cong-30-vien-174.html,141000.0,Hộp,đ,https://cdn.nhathuoclongchau.com.vn/unsafe/https://cms-prod.s3-sgn09.fptcloud.com/DSC_09283_ecc9edc71d.png,"Tá dược vừa đủ , Vitamin E 5IU, Dầu cá 100mg, Tinh dầu hoa anh thảo 100mg, Coenzyme Q10 40mg",Viên nang mềm,Thành Công,Hộp 30 Viên,Thực phẩm chức năng | Sức khoẻ tim mạch,thuc-pham-chuc-nang | thuc-pham-chuc-nang/tim-mach-huyet-ap,True,True,90,0,https://nhathuoclongchau.com.vn/thuc-pham-chuc-nang/thuc-pham-chuc-nang-bao-ve-tim-mach-co-enzyme-q10-thanh-cong-30-vien-174.html,thuc-pham-chuc-nang,200
212,00008046,VIT HAIR MEN GALIEN 4X15,Viên uống Vit Hair Men Galien hỗ trợ giảm rụng tóc dành cho nam giới (4 vỉ x 15 viên),thuc-pham-chuc-nang/vit-hair-men-vien-uong-giup-moc-toc-265.html,490000.0,Hộp,đ,https://cdn.nhathuoclongchau.com.vn/unsafe/https://cms-prod.s3-sgn09.fptcloud.com/00008046_vit_hair_men_vien_uong_giup_moc_toc_2726_62af_large_9747184218.jpg,"Chiết xuất Cây cọ lùn (Saw Palmetto) 150mg, Chiết xuất lá cây tầm ma (Nettle Leaf (Silica)) 30mg, Magie oxide 28mg, Bột dầu hạt bí đỏ 20mg, L-Methionine 15mg, Chiết xuất rễ Muira Puama 10mg, Biotin 165mcg, Tá dược vừa đủ  , Vitamin B6 (Pyridoxine HCl) 1mg, Rau má (Gotu Kola (Triterpenes)) 1.5mg, Kẽm (kẽm oxit) 6mg",Viên nén,Galien,Hộp 4 Vỉ x 15 Viên,Thực phẩm chức năng | Hỗ trợ làm đẹp | Tóc,thuc-pham-chuc-nang | thuc-pham-chuc-nang/lam-dep | thuc-pham-chuc-nang/toc,True,True,90,0,https://nhathuoclongchau.com.vn/thuc-pham-chuc-nang/vit-hair-men-vien-uong-giup-moc-toc-265.html,thuc-pham-chuc-nang,200
213,00009581,SOKI-TIUM GIÚP NGỦ NGON 12 GÓI,"Bột hòa tan Soki-Tium giúp ngủ ngon, tăng sức đề kháng (12 gói x 3g)",thuc-pham-chuc-nang/soki-tium-giup-tre-ngu-ngon-285.html,330000.0,Hộp,đ,https://cdn.nhathuoclongchau.com.vn/unsafe/https://cms-prod.s3-sgn09.fptcloud.com/00009581_soki_tium_giup_tre_ngu_ngon_8995_62c3_large_9d0ee4c833.jpg,"Colostrum 250mg, Lactium 250mg, Tá dược vừa đủ  ",Dạng bột,Soki,Hộp 12 Gói x 3g,Thực phẩm chức năng | Thần kinh não | Hỗ trợ giấc ngủ ngon,thuc-pham-chuc-nang | thuc-pham-chuc-nang/than-kinh-nao | thuc-pham-chuc-nang/ho-tro-giac-ngu-ngon,True,True,90,0,https://nhathuoclongchau.com.vn/thuc-pham-chuc-nang/soki-tium-giup-tre-ngu-ngon-285.html,thuc-pham-chuc-nang,200
214,00010604,SẮC NGỌC KHANG ++ HTP 60V,"Thực phẩm bảo vệ sức khỏe Sắc Ngọc Khang++hỗ trợ làm đẹp da, hạn chế sạm da, nám da (60 viên)",thuc-pham-chuc-nang/vien-uong-sac-ngoc-khang-396.html,479000.0,Hộp,đ,https://cdn.nhathuoclongchau.com.vn/unsafe/https://cms-prod.s3-sgn09.fptcloud.com/DSC_09778_398f8a068f.jpg,"Astaxanthin chiết xuất từ tảo 10mg, Mầm đậu tương 40mg, Ngưu tất 31.9mg, Thục địa 44mg, Ích mẫu 11mg, Dầu gấc 40mg, L-cystin 300mg, chiết xuất nhau thai cừu 75mg, Linh chi 10mg, Đương quy 31.9mg",Viên nén,HTP,Hộp 60 Viên,Thực phẩm chức năng | Hỗ trợ làm đẹp,thuc-pham-chuc-nang | thuc-pham-chuc-nang/lam-dep,True,True,90,0,https://nhathuoclongchau.com.vn/thuc-pham-chuc-nang/vien-uong-sac-ngoc-khang-396.html,thuc-pham-chuc-nang,200
215,00007210,TÊ NHỨC CHÂN TAY BẢO NGUYÊN HTP 3X10,Viên uống Tê Nhức Chân Tay Bảo Nguyên tăng cường lưu thông khí huyết (3 vỉ x 10 viên),thuc-pham-chuc-nang/te-nhuc-chan-tay-bao-nguyen-423.html,99000.0,Hộp,đ,https://cdn.nhathuoclongchau.com.vn/unsafe/https://cms-prod.s3-sgn09.fptcloud.com/DSC_09705_b7d7c9129e.jpg,"Cao độc hoạt 70mg, Cao Tang kí sinh 60mg, Cao đương quy 48mg, Xuyên khung 40mg, Ngưu tất 36mg, Bạch thược 30mg, Cao Phòng phong 20mg, Tục đoạn 20mg, Cao thục địa 20mg, Đảng Sâm 20mg, Nhũ hương 20mg, Tần giao 16mg, Quế chi 16mg, Ý Dĩ 16mg, Cao Cam Thảo 10mg",Viên nang,HTP,Hộp 3 Vỉ x 10 Viên,Thực phẩm chức năng | Hỗ trợ điều trị | Cơ xương khớp,thuc-pham-chuc-nang | thuc-pham-chuc-nang/ho-tro-dieu-tri | thuc-pham-chuc-nang/xuong-khop,True,True,90,0,https://nhathuoclongchau.com.vn/thuc-pham-chuc-nang/te-nhuc-chan-tay-bao-nguyen-423.html,thuc-pham-chuc-nang,200
216,00015043,VIÊN UỐNG HỖ TRỢ ỔN ĐỊNH ĐƯỜNG HUYẾT BLOOD SUGAR CONTROL VITAMINS FOR LIFE 60V,Viên uống Blood Sugar Control Vitamins For Life hỗ trợ ổn định đường huyết (60 viên),thuc-pham-chuc-nang/blood-sugar-control-60v-15147.html,380000.0,Hộp,đ,https://cdn.nhathuoclongchau.com.vn/unsafe/https://cms-prod.s3-sgn09.fptcloud.com/00015043_blood_sugar_control_60v_8171_63e1_large_851cd54510.jpg,"Fenugreek 166mg, hạt Cỏ ca ri 166mg, Mướp đắng (Quả) 50mg, Dây thìa canh 66mg, Dâu tằm 66mg, Yến Mạch 50mg, alpha Lipoic acid 33mg, Biotin 34mg, Chromium picolinate 200Mcg",Viên nang,Vitamins For Life,Hộp 60 viên,Thực phẩm chức năng | Hỗ trợ điều trị,thuc-pham-chuc-nang | thuc-pham-chuc-nang/ho-tro-dieu-tri,True,True,90,0,https://nhathuoclongchau.com.vn/thuc-pham-chuc-nang/blood-sugar-control-60v-15147.html,thuc-pham-chuc-nang,200
217,00012423,VIT HAIR WOMEN GALIEN 4X15,Viên uống Vit Hair Women Galien hỗ trợ giảm rụng tóc dành cho nữ giới (4 vỉ x 15 viên),thuc-pham-chuc-nang/vit-hair-women-16027.html,460000.0,Hộp,đ,https://cdn.nhathuoclongchau.com.vn/unsafe/https://cms-prod.s3-sgn09.fptcloud.com/00012423_vit_hair_women_7935_6331_large_a1d091757e.jpg,"Biotin 75mcg, Vitamin B6 1mg, Vitamin E 5mg, Horsetail Rush 25mg, L-Leucine 38mg, Potassium 48mg, L-Carnitine 200mg",Viên nén bao phim,Galien,Hộp 4 Vỉ x 15 Viên,Thực phẩm chức năng | Hỗ trợ làm đẹp | Tóc,thuc-pham-chuc-nang | thuc-pham-chuc-nang/lam-dep | thuc-pham-chuc-nang/toc,True,True,90,0,https://nhathuoclongchau.com.vn/thuc-pham-chuc-nang/vit-hair-women-16027.html,thuc-pham-chuc-nang,200
218,00017886,SIRO BỔ SUNG VITAMIN VÀ KHOÁNG CHẤT CHO BÉ SPECIAL KID MULTIVITAMINS 125ML,Siro Special Kid Multivitamines bổ sung Vitamin và khoáng chất giúp tăng cường sức đề kháng (125ml),thuc-pham-chuc-nang/special-kid-multivitamins-125ml-19239.html,254000.0,Chai,đ,https://cdn.nhathuoclongchau.com.vn/unsafe/https://cms-prod.s3-sgn09.fptcloud.com/00017886_special_kid_multivitamins_125ml_8621_5fb3_large_78ae9d56db.JPG,"Vitamin E 11mg, Magnesium 9mg, Calcium 19mg, Vitamin PP 15.3mg, Sữa ong chúa 30mg, Vitamin B5 3.68mg, Vitamin B6 1.6mg, Vitamin B2 1.4mg, Vitamin B1 1.18mg, Vitamin B8 100Mcg, Sắt 88Mcg, Vitamin A 50Mcg, Vitamin B12 1.4Mcg, Vitamin B9 , Vitamin C ",Siro,ERIC FAVRE® WELLNESS,Chai x 125ml,Thực phẩm chức năng | Vitamin & Khoáng chất | Vitamin tổng hợp,thuc-pham-chuc-nang | thuc-pham-chuc-nang/vitamin-khoang-chat | thuc-pham-chuc-nang/vitamin-tong-hop,True,True,90,0,https://nhathuoclongchau.com.vn/thuc-pham-chuc-nang/special-kid-multivitamins-125ml-19239.html,thuc-pham-chuc-nang,200
219,00018674,SIRO GIÚP BÉ ĂN NGON SPECIAL KID APPETIT+ ERIC FAVRE 125ML - ORANGE,"Siro Special Kid Appeti+ bổ sung các vitamin và khoáng chất, hỗ trợ tiêu hóa tốt (125ml)",thuc-pham-chuc-nang/special-kid-appetit-eric-favre-125ml-orange-19977.html,254000.0,Chai,đ,https://cdn.nhathuoclongchau.com.vn/unsafe/https://cms-prod.s3-sgn09.fptcloud.com/00018674_special_kid_appetit_eric_favre_125ml_orange_4746_5c84_large_74bc61ec0f.jpg,"Cỏ cà ri 80mg, Vitamin PP 15.3mg, Calcium 15.12mg, Vitamin E 10mg, Magie 9.2mg, Vitamin B5 3.68mg, Vitamin B6 1.9mg, Vitamin B1 1.2mg, Vitamin B8 120Mcg, Vitamin A 50Mcg, Vitamin B12 1.9Mcg, Vitamin C ",Siro,ERIC FAVRE® WELLNESS,Chai,Thực phẩm chức năng | Vitamin & Khoáng chất | Vitamin tổng hợp,thuc-pham-chuc-nang | thuc-pham-chuc-nang/vitamin-khoang-chat | thuc-pham-chuc-nang/vitamin-tong-hop,True,True,90,0,https://nhathuoclongchau.com.vn/thuc-pham-chuc-nang/special-kid-appetit-eric-favre-125ml-orange-19977.html,thuc-pham-chuc-nang,200
220,00018993,"VIÊN UỐNG BỔ MẮT, CẢI THIỆN THỊ LỰC BLUE BERRY PLUS OJENVITAMIN NEW NORDIC 2X20","Viên uống Blue Berry Plus Ojenvitamin bổ sung dưỡng chất cho mắt, hỗ trợ cải thiện thị lực (40 viên)",thuc-pham-chuc-nang/blue-berry-plus-ojenvitamin-new-nordic-2x20v-20291.html,425000.0,Hộp,đ,https://cdn.nhathuoclongchau.com.vn/unsafe/https://cms-prod.s3-sgn09.fptcloud.com/00018993_blue_berry_plus_ojenvitamin_new_nordic_2x20v_2634_6327_large_00cb23abcf.jpg,"Đồng , Kẽm , Chiết xuất hoa Cúc , Tinh dầu hoa anh thảo , Việt quất , Vitamin A , Lutein , Cellulose gum , Cellulose hydroxypropyl methyl ether , Cellulose, carboxymethyl ether , Magnesium stearate , Silicon dioxide ",Viên nén,NEW NORDIC,Hộp 2 vỉ x 20 viên,"Thực phẩm chức năng | Cải thiện tăng cường chức năng | Bổ mắt, bảo vệ mắt",thuc-pham-chuc-nang | thuc-pham-chuc-nang/cai-thien-tang-cuong-chuc-nang | thuc-pham-chuc-nang/bao-ve-mat,True,True,90,0,https://nhathuoclongchau.com.vn/thuc-pham-chuc-nang/blue-berry-plus-ojenvitamin-new-nordic-2x20v-20291.html,thuc-pham-chuc-nang,200
221,00022014,QEE TREE KINGPHAR 60V,"Viên uống Qee Tree Kingphar tăng độ bền thành mạch, nhuận tràng, chống táo bón (60 viên)",thuc-pham-chuc-nang/vien-uong-qee-tree-kingphar-ho-tro-dieu-tri-tri-60-vien-22355.html,212000.0,Hộp,đ,https://cdn.nhathuoclongchau.com.vn/unsafe/https://cms-prod.s3-sgn09.fptcloud.com/DSC_09336_85012f1fc1.png,"Hoa Hòe 50mg, Thục địa 80mg, Diếp cá 150mg, Chỉ xác 60mg, Địa du 80mg, Đại hoàng 60mg, Cao Khổ sâm 60mg, Xích thược 100mg, Hạt dẻ ngựa 100mg, Cỏ mực 60mg",Viên nén bao phim,Kingphar,Hộp 60 viên,Thực phẩm chức năng | Hỗ trợ điều trị | Hỗ trợ điều trị trĩ,thuc-pham-chuc-nang | thuc-pham-chuc-nang/ho-tro-dieu-tri | thuc-pham-chuc-nang/tri,True,True,90,0,https://nhathuoclongchau.com.vn/thuc-pham-chuc-nang/vien-uong-qee-tree-kingphar-ho-tro-dieu-tri-tri-60-vien-22355.html,thuc-pham-chuc-nang,200
222,00022015,TRÀNG BÁT VỊ CODANBE KINGPHAR 60V,"Viên uống Tràng Bát Vị-Codanbe Kingphar dùng cho người bị đại tràng co thắt, viêm đại tràng (60 viên)",thuc-pham-chuc-nang/trang-bat-vi-codanbe-kingphar-60v-22356.html,181000.0,Hộp,đ,https://cdn.nhathuoclongchau.com.vn/unsafe/https://cms-prod.s3-sgn09.fptcloud.com/DSC_09286_786c661a24.png,"Mộc hoa trắng 85mg, Hoàng liên 80mg, Đại hoàng 65mg, Bạch phục linh 50mg, Mộc hương 50mg, Betaglucan 50mg, Bạch truật ",Viên nén,Kingphar,Hộp 60 Viên,Thực phẩm chức năng | Hỗ trợ tiêu hóa | Đại tràng,thuc-pham-chuc-nang | thuc-pham-chuc-nang/ho-tro-tieu-hoa | thuc-pham-chuc-nang/dai-trang,True,True,90,0,https://nhathuoclongchau.com.vn/thuc-pham-chuc-nang/trang-bat-vi-codanbe-kingphar-60v-22356.html,thuc-pham-chuc-nang,200
223,00022016,AGERA EXTRA KINGPHAR 60V,"Viên uống Agera Extra Kingphar hỗ trợ giảm ngạt mũi, hắt hơi (60 viên)",thuc-pham-chuc-nang/agera-extra-kingphar-60v-22357.html,144000.0,Hộp,đ,https://cdn.nhathuoclongchau.com.vn/unsafe/https://cms-prod.s3-sgn09.fptcloud.com/DSC_09260_c12f6853f9.png,"Ngũ sắc 100mg, Ké đầu ngựa 100mg, Cúc hoa 80mg, Bạch chỉ 80mg, Tân di hoa 60mg, Xuyên khung 50mg, Hoàng kỳ 50mg",Viên nén bao phim,Kingphar,Hộp 60 Viên,"Thực phẩm chức năng | Hỗ trợ điều trị | Hô hấp, ho, xoang",thuc-pham-chuc-nang | thuc-pham-chuc-nang/ho-tro-dieu-tri | thuc-pham-chuc-nang/suc-khoe-duong-ho-hap-ho-xoang,True,True,90,0,https://nhathuoclongchau.com.vn/thuc-pham-chuc-nang/agera-extra-kingphar-60v-22357.html,thuc-pham-chuc-nang,200
224,00022017,BÀI THẠCH KINGPHAR 60V,"Viên uống Bài Thạch Kingphar lợi tiểu, hỗ trợ giảm nguy cơ viêm đường tiết niệu (60 viên)",thuc-pham-chuc-nang/bai-thach-kingphar-60v-22358.html,138000.0,Hộp,đ,https://cdn.nhathuoclongchau.com.vn/unsafe/https://cms-prod.s3-sgn09.fptcloud.com/DSC_09246_0bba410e37.png,"Kim tiền thảo 200mg, Dứa dại 125mg, Trạch tả 80mg, Hoàng kỳ 65mg, Rễ cỏ tranh 60mg, Râu ngô 50mg",Viên nén bao phim,Kingphar,Hộp 60 viên,"Thực phẩm chức năng | Hỗ trợ điều trị | Thận, tiền liệt tuyến",thuc-pham-chuc-nang | thuc-pham-chuc-nang/ho-tro-dieu-tri | thuc-pham-chuc-nang/than-tien-liet-tuyen,True,True,90,0,https://nhathuoclongchau.com.vn/thuc-pham-chuc-nang/bai-thach-kingphar-60v-22358.html,thuc-pham-chuc-nang,200
225,00027454,VIÊN UỐNG BỔ SUNG CANXI GIÚP XƯƠNG CHẮC KHỎE OMEXXEL CALK2 3X10,"Viên uống Omexxel Calk2 bổ sung Canxi, Vitamin D3 (3 vỉ x 10 viên)",thuc-pham-chuc-nang/omexxel-calk2-3x10-27772.html,360000.0,Hộp,đ,https://cdn.nhathuoclongchau.com.vn/unsafe/https://cms-prod.s3-sgn09.fptcloud.com/DSC_09350_52ddd56357.png,"Calcium 500mg, Vitamin D3 200iu, Vitamin K2 50mcg, Tá dược vừa đủ  , Omega 3 300mg",Viên nang,OMEXXEL,Hộp 3 Vỉ x 10 Viên,Thực phẩm chức năng | Vitamin & Khoáng chất | Bổ sung Canxi & Vitamin D,thuc-pham-chuc-nang | thuc-pham-chuc-nang/vitamin-khoang-chat | thuc-pham-chuc-nang/canxi-vitamin-D,True,True,90,0,https://nhathuoclongchau.com.vn/thuc-pham-chuc-nang/omexxel-calk2-3x10-27772.html,thuc-pham-chuc-nang,200
226,00027507,GAI XƯƠNG KINGPHAR 60V,"Viên uống Gai Xương Kingphar hoạt huyết, tăng cường lưu thông khí huyết (60 viên)",thuc-pham-chuc-nang/gai-xuong-kingphar-60v-27823.html,203000.0,Hộp,đ,https://cdn.nhathuoclongchau.com.vn/unsafe/https://cms-prod.s3-sgn09.fptcloud.com/DSC_09306_6e4eb8bcb6.png,"Hồng hoa 120mg, Hyaluronic acid 1.0mg, Đỗ trọng 80mg, Chi củ nâu 120mg, Uy linh tiên 100mg, Đương quy 100mg, Bạch chỉ 80mg, MSM 150mg",Viên bao,Kingphar,Hộp 60 viên,Thực phẩm chức năng | Hỗ trợ điều trị | Cơ xương khớp,thuc-pham-chuc-nang | thuc-pham-chuc-nang/ho-tro-dieu-tri | thuc-pham-chuc-nang/xuong-khop,True,True,90,0,https://nhathuoclongchau.com.vn/thuc-pham-chuc-nang/gai-xuong-kingphar-60v-27823.html,thuc-pham-chuc-nang,200
227,00028535,VIÊN XƯƠNG KHỚP KINGPHAR NEW 60V,"Viên Xương Khớp Kingphar New giúp dưỡng khớp, hỗ trợ làm chậm thoái hóa khớp (60 viên) ",thuc-pham-chuc-nang/vien-xuong-khop-kingphar-new-60v-28836.html,196000.0,Hộp,đ,https://cdn.nhathuoclongchau.com.vn/unsafe/https://cms-prod.s3-sgn09.fptcloud.com/00028535_vien_xuong_khop_kingphar_new_60v_2542_63a9_large_4af8974bda.jpg,"Tá dược vừa đủ , Cao rắn hổ mang 25mg, Sụn vây cá mập 35mg, Glucosamine sulphate 300mg, MSM 100mg, Cao độc hoạt 85mg, Cao thiên niên kiện 85mg, Cao đương quy 50mg, Cao Cốt Toái Bổ 35mg, Cao bạch hoa xà 35mg, Cao uy linh tiên 50mg",Viên nén,Kingphar,Hộp 60 viên,Thực phẩm chức năng | Hỗ trợ điều trị | Cơ xương khớp,thuc-pham-chuc-nang | thuc-pham-chuc-nang/ho-tro-dieu-tri | thuc-pham-chuc-nang/xuong-khop,True,True,90,0,https://nhathuoclongchau.com.vn/thuc-pham-chuc-nang/vien-xuong-khop-kingphar-new-60v-28836.html,thuc-pham-chuc-nang,200
228,00028559,VIÊN UỐNG HỖ TRỢ GIẢI ĐỘC GAN VITATREE SUPER LIVER DETOX 100V,Viên uống Super Liver Detox Vitatree hỗ trợ góp phần giải độc gan (100 viên),thuc-pham-chuc-nang/vitatree-super-liver-detox-3800-kingphar-100v-28865.html,745000.0,Hộp,đ,https://cdn.nhathuoclongchau.com.vn/unsafe/https://cms-prod.s3-sgn09.fptcloud.com/00028559_vitatree_super_liver_detox_3800_kingphar_100v_5395_623d_large_6a93ab8290.jpg,"Tá dược vừa đủ , Silybum Marianum Extract 542.86mg, Silybum Marianum fruit dry 38000mg",Viên nang cứng,Vitatree,Hộp 100 viên,Thực phẩm chức năng | Cải thiện tăng cường chức năng | Chức năng gan,thuc-pham-chuc-nang | thuc-pham-chuc-nang/cai-thien-tang-cuong-chuc-nang | thuc-pham-chuc-nang/chuc-nang-gan,True,True,90,0,https://nhathuoclongchau.com.vn/thuc-pham-chuc-nang/vitatree-super-liver-detox-3800-kingphar-100v-28865.html,thuc-pham-chuc-nang,200
229,00028589,HERBA HAIR KINGPHAR NEW 60V,"Viên uống Herba Hair Kingphar bổ huyết, hỗ trợ làm đen tóc (60 viên)",thuc-pham-chuc-nang/herba-hair-kingphar-new-60v-28893.html,172000.0,Hộp,đ,https://cdn.nhathuoclongchau.com.vn/unsafe/https://cms-prod.s3-sgn09.fptcloud.com/00028589_herba_hair_kingphar_new_60v_7472_63a9_large_c95189546b.jpg,"Vitamin H 2mg, L-Cystein 60mg, Trắc bách diệp 65mg, Xuyên khung 65mg, Giảo cổ lam 65mg, Vừng đen 100mg, Đan sâm 65mg, Đương quy 60mg, Thục địa 100mg, Hà thủ ô đỏ 200mg",Viên nén bao phim,Kingphar,Hộp 60 Viên,Thực phẩm chức năng | Hỗ trợ làm đẹp | Tóc,thuc-pham-chuc-nang | thuc-pham-chuc-nang/lam-dep | thuc-pham-chuc-nang/toc,True,True,90,0,https://nhathuoclongchau.com.vn/thuc-pham-chuc-nang/herba-hair-kingphar-new-60v-28893.html,thuc-pham-chuc-nang,200
230,00028630,AN DẠ KINGPHAR 60V,"Viên uống An Dạ Kingphar hỗ trợ giảm chứng đau rát vùng thượng vị, xung huyết hang vị (60 viên)",thuc-pham-chuc-nang/an-da-kingphar-60v-28933.html,181000.0,Hộp,đ,https://cdn.nhathuoclongchau.com.vn/unsafe/https://cms-prod.s3-sgn09.fptcloud.com/00028630_an_da_kingphar_60v_7740_63aa_large_52dbd4b38e.jpg,"Mộc hương 120mg, Nấm đầu khỉ Hericium erinaceus 100mg, Hương phụ 80mg, Đương quy 80mg, Hoàng kỳ 100mg, Lá khôi tía 90mg, Tá dược vừa đủ  , Tinh bột nghệ đen 150mg, Cam thảo  ",Viên nén,Kingphar,Hộp 60 viên,"Thực phẩm chức năng | Hỗ trợ tiêu hóa | Dạ dày, tá tràng",thuc-pham-chuc-nang | thuc-pham-chuc-nang/ho-tro-tieu-hoa | thuc-pham-chuc-nang/da-day-ta-trang,True,True,90,0,https://nhathuoclongchau.com.vn/thuc-pham-chuc-nang/an-da-kingphar-60v-28933.html,thuc-pham-chuc-nang,200
231,00028641,CƯỜNG GÂN CỐT - VAI GÁY KINGPHAR 60V,"Viên uống Cường Gân Cốt - Vai Gáy Kingphar hỗ trợ bổ thận, mạnh gân cốt (60 viên)",thuc-pham-chuc-nang/cuong-gan-cot-vai-gay-kingphar-60v-28944.html,181000.0,Hộp,đ,https://cdn.nhathuoclongchau.com.vn/unsafe/https://cms-prod.s3-sgn09.fptcloud.com/00028641_cuong_gan_cot_vai_gay_kingphar_60v_3488_63a9_large_496255c2c1.jpg,"Cao thiên niên kiện 150mg, Cao độc hoạt 150mg, Cao Cốt Toái Bổ 100mg, Cao đương quy 50mg, Cao Thổ Phục linh 50mg, Tá dược vừa đủ , Cao uy linh tiên 120mg, Cao Tang kí sinh 100mg, Cao ngưu tất 80mg, Cao bạch quả 100mg, Cao kê huyết đằng 150mg",Viên nén bao phim,Kingphar,Hộp 60 Viên,Thực phẩm chức năng | Hỗ trợ điều trị | Cơ xương khớp,thuc-pham-chuc-nang | thuc-pham-chuc-nang/ho-tro-dieu-tri | thuc-pham-chuc-nang/xuong-khop,True,True,90,0,https://nhathuoclongchau.com.vn/thuc-pham-chuc-nang/cuong-gan-cot-vai-gay-kingphar-60v-28944.html,thuc-pham-chuc-nang,200
232,00028658,VITAMIN E KINGPHAR 4X10,"Thực phẩm bảo vệ sức khỏe Vitamin E Kingphar bổ sung vitamin E, hỗ trợ chống oxy hóa (4 vỉ x 10 viên)",thuc-pham-chuc-nang/vitamin-e-kingphar-4x10-28961.html,105000.0,Hộp,đ,https://cdn.nhathuoclongchau.com.vn/unsafe/https://cms-prod.s3-sgn09.fptcloud.com/00028658_vitamin_e_kingphar_4x10_4232_5fcf_large_a36202c7e7.JPG,"Tá dược vừa đủ , Vitamin E 400iu",Viên nang mềm,Kingphar,Hộp 4 Vỉ x 10 Viên,Thực phẩm chức năng | Vitamin & Khoáng chất | Vitamin E các loại,thuc-pham-chuc-nang | thuc-pham-chuc-nang/vitamin-khoang-chat | thuc-pham-chuc-nang/vitamin-e,True,True,90,0,https://nhathuoclongchau.com.vn/thuc-pham-chuc-nang/vitamin-e-kingphar-4x10-28961.html,thuc-pham-chuc-nang,200
233,00028662,TD KINGPHAR 60V,Viên uống T.Đ Kingphar dùng cho người bị tiểu đường (60 viên),thuc-pham-chuc-nang/td-kingphar-60v-28965.html,150000.0,Hộp,đ,https://cdn.nhathuoclongchau.com.vn/unsafe/https://cms-prod.s3-sgn09.fptcloud.com/00028662_td_kingphar_60v_2003_5fcf_large_7a420796bf.JPG,"Giảo cổ lam 80mg, Hoài Sơn 80mg, Sinh Địa 60mg, Dây thìa canh 350mg, cao sầu đâu 150mg, Mướp đắng 150mg",Viên nén bao phim,Kingphar,Hộp 60 viên,Thực phẩm chức năng | Hỗ trợ điều trị | Hỗ trợ điều trị tiểu đường,thuc-pham-chuc-nang | thuc-pham-chuc-nang/ho-tro-dieu-tri | thuc-pham-chuc-nang/tieu-duong,True,True,90,0,https://nhathuoclongchau.com.vn/thuc-pham-chuc-nang/td-kingphar-60v-28965.html,thuc-pham-chuc-nang,200
234,00028680,KHANG BẢO BÌ KINGPHAR 60V,"Viên uống Khang Bảo Bì Kingphar hỗ trợ giảm chứng mày đay, Eczema, mụn nhọt (60 viên)",thuc-pham-chuc-nang/vien-uong-ho-tro-dieu-tri-me-day-khang-bao-bi-kingphar-60-vien-28983.html,166000.0,Hộp,đ,https://cdn.nhathuoclongchau.com.vn/unsafe/https://cms-prod.s3-sgn09.fptcloud.com/00028680_vien_uong_ho_tro_dieu_tri_me_day_khang_bao_bi_kingphar_60_vien_4919_63d7_large_819deafd56.jpg,"Thổ phục linh 100mg, Bắc đậu căn 60mg, Quyền sâm 50mg, Bạch chỉ 50mg, Mẫu đơn bì (Vỏ rễ) 40mg, Uy linh tiên 35mg, Huyền sâm 35mg, Khổ sâm bắc 35mg, Phòng phong 35mg",Viên nén,Kingphar,Hộp 60 Viên,Thực phẩm chức năng | Cải thiện tăng cường chức năng | Chức năng gan,thuc-pham-chuc-nang | thuc-pham-chuc-nang/cai-thien-tang-cuong-chuc-nang | thuc-pham-chuc-nang/chuc-nang-gan,True,True,90,0,https://nhathuoclongchau.com.vn/thuc-pham-chuc-nang/vien-uong-ho-tro-dieu-tri-me-day-khang-bao-bi-kingphar-60-vien-28983.html,thuc-pham-chuc-nang,200
235,00028711,VỮNG MẠCH CHI KINGPHAR 6X10,"Viên uống Vững Mạch Chi Kingphar hỗ trợ tăng tính bền thành mạch, giảm nguy cơ suy tĩnh mạch (6 vỉ x 10 viên)",thuc-pham-chuc-nang/vung-mach-chi-kingphar-6x10-29009.html,306000.0,Hộp,đ,https://cdn.nhathuoclongchau.com.vn/unsafe/https://cms-prod.s3-sgn09.fptcloud.com/DSC_09314_4505facd81.png,"Hạt dẻ ngựa 250mg, Cây phỉ 180mg, Diếp cá 80mg, Đan sâm 80mg, Hoa Hòe 60mg, Hồng hoa 60mg, Xuyên khung 55mg, Tá dược vừa đủ ",Viên nén,Kingphar,Hộp 6 Vỉ x 10 Viên,Thực phẩm chức năng | Sức khoẻ tim mạch | Suy giãn tĩnh mạch,thuc-pham-chuc-nang | thuc-pham-chuc-nang/tim-mach-huyet-ap | thuc-pham-chuc-nang/tinh-mach,True,True,90,0,https://nhathuoclongchau.com.vn/thuc-pham-chuc-nang/vung-mach-chi-kingphar-6x10-29009.html,thuc-pham-chuc-nang,200
236,00029096,EVENING PRIMROSE OIL (EPO) 1000MG GOODHEALTH 70V,"Viên uống Evening Primrose Oil (EPO) 1000mg Good Health cải thiện nội tiết tố nữ, làm đẹp da (70 viên)",thuc-pham-chuc-nang/evening-primrose-oil-epo-1000mg-goodhealth-70v-29362.html,504000.0,Hộp,đ,https://cdn.nhathuoclongchau.com.vn/unsafe/https://cms-prod.s3-sgn09.fptcloud.com/00029096_evening_primrose_oil_epo_1000mg_goodhealth_70v_8018_62ae_large_3ef28d8fcf.jpg,"Vitamin E 1.15mg, Tinh dầu hoa anh thảo 1000mg",Viên nang,Good Health,Hộp 70 Viên,Thực phẩm chức năng | Sinh lý - Nội tiết tố | Cân bằng nội tiết tố,thuc-pham-chuc-nang | thuc-pham-chuc-nang/sinh-ly-noi-tiet-to | thuc-pham-chuc-nang/can-bang-noi-tiet-to,True,True,90,0,https://nhathuoclongchau.com.vn/thuc-pham-chuc-nang/evening-primrose-oil-epo-1000mg-goodhealth-70v-29362.html,thuc-pham-chuc-nang,200
237,00029241,TOÀN LỘC BỔ PHẾ KINGPHAR 60V,"Viên uống Toàn Lộc Bổ Phế Kingphar giúp thanh nhiệt, nhuận phế (60 viên)",thuc-pham-chuc-nang/toan-loc-bo-phe-kingphar-60v-29507.html,193000.0,Hộp,đ,https://cdn.nhathuoclongchau.com.vn/unsafe/https://cms-prod.s3-sgn09.fptcloud.com/DSC_09271_e1fc23457a.png,"Đạm trúc diệp 100mg, Thiên môn đông 100mg, Thiên hoa phấn 80mg, Lá tía tô 80mg, Hoàng cầm 60mg, Cát cánh 60mg, Tri mẫu 50mg, Khoản đông 60mg, Ngũ vị tử 50mg, Tang bạch bì 50mg, Mạch môn 60mg, Cam thảo 50mg",Viên nén bao phim,Kingphar,Hộp 60 viên,"Thực phẩm chức năng | Hỗ trợ điều trị | Hô hấp, ho, xoang",thuc-pham-chuc-nang | thuc-pham-chuc-nang/ho-tro-dieu-tri | thuc-pham-chuc-nang/suc-khoe-duong-ho-hap-ho-xoang,True,True,90,0,https://nhathuoclongchau.com.vn/thuc-pham-chuc-nang/toan-loc-bo-phe-kingphar-60v-29507.html,thuc-pham-chuc-nang,200
238,00029616,"VIÊN UỐNG CẢI THIỆN TRÍ NHỚ, BỔ NÃO MIND ENERGY JPANWELL 60V","Viên uống Mind Energy Jpanwell hỗ trợ cải thiện trí nhớ, bổ não (60 viên)",thuc-pham-chuc-nang/vien-uong-mind-energy-jpanwell-bo-nao-tang-cuong-tri-nho-60-vien-29882.html,2300000.0,Hộp,đ,https://cdn.nhathuoclongchau.com.vn/unsafe/https://cms-prod.s3-sgn09.fptcloud.com/00029616_mind_engergy_jpanwell_60v_1132_6017_large_9e18e6bcc0.JPG,"Tá dược vừa đủ , Chiết xuất sò điệp 24mg",Viên nang cứng,Jpanwell,Hộp 60 Viên,Thực phẩm chức năng | Thần kinh não | Bổ não - cải thiện trí nhớ,thuc-pham-chuc-nang | thuc-pham-chuc-nang/than-kinh-nao | thuc-pham-chuc-nang/bo-nao-cai-thien-tri-nho,True,True,90,0,https://nhathuoclongchau.com.vn/thuc-pham-chuc-nang/vien-uong-mind-energy-jpanwell-bo-nao-tang-cuong-tri-nho-60-vien-29882.html,thuc-pham-chuc-nang,200
239,00029625,QUEENMAX NAGA EXTRA VESTA 30V,"Thực phẩm bảo vệ sức khỏe Queenmax Naga Extra bổ sung collagen, một số vitamin và khoáng chất (30 viên)",thuc-pham-chuc-nang/vien-uong-dep-da-queenmax-naga-extra-bo-sung-collagen-cho-da-lo-30-vien-29891.html,225000.0,Hộp,đ,https://cdn.nhathuoclongchau.com.vn/unsafe/https://cms-prod.s3-sgn09.fptcloud.com/00029625_vien_uong_dep_da_queenmax_naga_extra_bo_sung_collagen_cho_da_lo_30_vien_5457_63d7_large_a54efbe186.jpg,"Collagen peptide 200mg, L-Glutathione 100mg, Soy isoflavones 100mg, chiết xuất cây kế sữa 50mg, Chiết xuất hạt nho 50mg, alpha Lipoic acid 50mg, Vitamin E 40IU, Selen 200Mcg, Tá dược vừa đủ , chiết xuất lựu 100mg, chiết xuất lá oliu 100mg",Viên nang,Vesta,Hộp 30 Viên,Thực phẩm chức năng | Hỗ trợ làm đẹp | Da,thuc-pham-chuc-nang | thuc-pham-chuc-nang/lam-dep | thuc-pham-chuc-nang/da,True,True,90,0,https://nhathuoclongchau.com.vn/thuc-pham-chuc-nang/vien-uong-dep-da-queenmax-naga-extra-bo-sung-collagen-cho-da-lo-30-vien-29891.html,thuc-pham-chuc-nang,200
240,00029660,MORNINGKIDS INCREASE HEIGHT 150ML,"Dung dịch MorningKids Increase Height bổ sung vitamin, tăng chiều cao cho trẻ (150ml)",thuc-pham-chuc-nang/morningkids-increase-height-150ml-29926.html,276000.0,Chai,đ,https://cdn.nhathuoclongchau.com.vn/unsafe/https://cms-prod.s3-sgn09.fptcloud.com/00029660_morningkids_increase_height_150ml_2277_6019_large_9b0ddfcae9.JPG,"Canxi cacbonat 120mg, Vitamin D3 5Mcg, Kẽm Gluconat 7mg, Vitamin B12 2Mcg",Dung dịch,Morningkids,Chai x 150ml,Thực phẩm chức năng | Vitamin & Khoáng chất,thuc-pham-chuc-nang | thuc-pham-chuc-nang/vitamin-khoang-chat,True,True,90,0,https://nhathuoclongchau.com.vn/thuc-pham-chuc-nang/morningkids-increase-height-150ml-29926.html,thuc-pham-chuc-nang,200
241,00029880,VIÊN UỐNG HỖ TRỢ SỨC KHỎE TUYẾN TIỀN LIỆT NAM GIỚI PROSTATE FORT 200MG VITAMINS FOR LIFE 30V,Viên uống Prostate Fort Vitamins For Life hỗ trợ sức khỏe tuyến tiền liệt nam giới (30 viên),thuc-pham-chuc-nang/prostate-fort-200mg-vitamins-for-life-30v-30147.html,435000.0,Hộp,đ,https://cdn.nhathuoclongchau.com.vn/unsafe/https://cms-prod.s3-sgn09.fptcloud.com/00029880_prostate_fort_200mg_vitamins_for_life_30v_2149_6331_large_7ea35e64bc.jpg,"Chiết xuất Cây cọ lùn (Saw Palmetto) 200mg, Lycopene 2mg, Isoflavone 30mg, Pumpkin seed oil 400mg, Lecithin 100mg",Viên nang mềm,Vitamins For Life,Hộp 30 Viên,Thực phẩm chức năng | Hỗ trợ điều trị,thuc-pham-chuc-nang | thuc-pham-chuc-nang/ho-tro-dieu-tri,True,True,90,0,https://nhathuoclongchau.com.vn/thuc-pham-chuc-nang/prostate-fort-200mg-vitamins-for-life-30v-30147.html,thuc-pham-chuc-nang,200
242,00029929,MAXPREMUM NAGA PLUS 200MG VESTA 30V,"Viên uống MaxPremum Naga Plus Vesta hỗ trợ tăng sức khỏe, đề kháng cho thai phụ (30 viên)",thuc-pham-chuc-nang/maxpremum-naga-plus-200mg-vesta-30v-30196.html,175000.0,Hộp,đ,https://cdn.nhathuoclongchau.com.vn/unsafe/https://cms-prod.s3-sgn09.fptcloud.com/00029929_maxpremum_naga_plus_200mg_vesta_30v_5462_63a9_large_2d8e2d84ad.jpg,"Acerola 10mg, DHA 120mg, Calcium 200mg, Vitamin A 500IU, Vitamin D3 200IU, FOS 50mg, Vitamin B2 2mg, Vitamin B1 1.5mg, Vitamin B6 2mg, Vitamin B12 2Mcg, Magnesium 18mg, Vitamin K1 2Mcg, Kẽm Gluconat 20mg, Sắt 18mg, Vitamin PP 10mg, Acid folic 1000Mcg, Đồng gluconat 1mg, Vitamin B5 3mg",Viên nang mềm,Vesta,Hộp 30 viên,"Thực phẩm chức năng | Cải thiện tăng cường chức năng | Tăng sức đề kháng, miễn dịch",thuc-pham-chuc-nang | thuc-pham-chuc-nang/cai-thien-tang-cuong-chuc-nang | thuc-pham-chuc-nang/ho-tro-mien-dich-tang-suc-de-khang,True,True,90,0,https://nhathuoclongchau.com.vn/thuc-pham-chuc-nang/maxpremum-naga-plus-200mg-vesta-30v-30196.html,thuc-pham-chuc-nang,200
243,00030039,PYGEUM TIỀN LIỆT TUYẾN KINGPHAR 4X10,Viên uống Pygeum Tiền Liệt Tuyến Kingphar hỗ trợ cải thiện rối loạn tiểu tiện (4 vỉ x 10 viên),thuc-pham-chuc-nang/vien-uong-cai-thien-roi-loan-tieu-tien-do-phi-dai-tien-liet-tuyen-pygeum-kingphar-4x10-30244.html,204000.0,Hộp,đ,https://cdn.nhathuoclongchau.com.vn/unsafe/https://cms-prod.s3-sgn09.fptcloud.com/00030039_vien_uong_cai_thien_roi_loan_tieu_tien_do_phi_dai_tien_liet_tuyen_pygeum_kingphar_4x10_6568_63d7_large_065edef96e.jpg,"Cao vỏ cây Pygeum africanum (Anh đào châu Phi) 100mg, Chiết xuất Cây cọ lùn (Saw Palmetto) 100mg, Chiết xuất hạt bí đỏ 50mg, Cao trinh nữ hoàng cung 100mg",Viên nén bao phim,Kingphar,Hộp 4 Vỉ x 10 Viên,"Thực phẩm chức năng | Hỗ trợ điều trị | Thận, tiền liệt tuyến",thuc-pham-chuc-nang | thuc-pham-chuc-nang/ho-tro-dieu-tri | thuc-pham-chuc-nang/than-tien-liet-tuyen,True,True,90,0,https://nhathuoclongchau.com.vn/thuc-pham-chuc-nang/vien-uong-cai-thien-roi-loan-tieu-tien-do-phi-dai-tien-liet-tuyen-pygeum-kingphar-4x10-30244.html,thuc-pham-chuc-nang,200
244,00030510,LACTO BIOMIN GOLD NEW HDPHARMA 5X10,Viên uống Lacto Biomin Gold New HD Pharma hỗ trợ cải thiện hệ vi sinh đường ruột (5 vỉ x 10 viên),thuc-pham-chuc-nang/lacto-biomin-gold-new-hdpharma-5x10-30658.html,113000.0,Hộp,đ,https://cdn.nhathuoclongchau.com.vn/unsafe/https://cms-prod.s3-sgn09.fptcloud.com/IMG_3643_90f1b76226.jpg,"Orafti GR 100mg, lactobacilus acidophilus 10^8CFU, Bifidobacterium 10^8CFU, Streptococcus thermophilus 10^8CFU, Canxi gluconat 50mg, L-Lysine hydrochloride 40mg, Betaglucan 10mg, Sữa non 10mg, Thymomodulin 5mg, Vitamin B3 5mg, Magie gluconat 3mg, Taurine 2mg, Vitamin B5 2mg, Vitamin B1 1.5mg, Vitamin B2 1.5mg, Vitamin B6 1.5mg, Whey protein 1.2mg, Kẽm Gluconat 1mg, Men Selen 500mcg, Acid folic 30mcg, Vitamin D3 100IU, Tá dược vừa đủ ",Viên nang cứng,Hdpharma,Hộp 5 vỉ x 10 viên,Thực phẩm chức năng | Hỗ trợ tiêu hóa | Vi sinh - Probiotic,thuc-pham-chuc-nang | thuc-pham-chuc-nang/ho-tro-tieu-hoa | thuc-pham-chuc-nang/vi-sinh-probiotic,True,True,90,0,https://nhathuoclongchau.com.vn/thuc-pham-chuc-nang/lacto-biomin-gold-new-hdpharma-5x10-30658.html,thuc-pham-chuc-nang,200
245,00030559,Siro bổ mắt cho bé Special Kid Vision Eric Favre 125ml,"Siro Special Kid Vision Eric Favre bổ sung các dưỡng chất cần thiết, có ích cho thị giác (125ml)",thuc-pham-chuc-nang/bo-mat-cho-be-special-kid-vision-eric-favre-125ml-30707.html,254000.0,Chai,đ,https://cdn.nhathuoclongchau.com.vn/unsafe/https://cms-prod.s3-sgn09.fptcloud.com/00030559_bo_mat_cho_be_special_kid_vision_eric_favre_125ml_1906_6087_large_6d50bfcdde.jpg,"Ginkgo biloba 6500mg, Vaccinium myrtillus 350mg, Lutein 0.1mg, Zeaxanthin 0.75mg, Vitamin E 8mg, Zinc 1.50mg, Vitamin B2 700Mcg, Vitamin A 488Mcg, Euphrasia officinalis/ Cỏ chổi ",Dung dịch,ERIC FAVRE® WELLNESS,Chai x 125ml,"Thực phẩm chức năng | Cải thiện tăng cường chức năng | Bổ mắt, bảo vệ mắt",thuc-pham-chuc-nang | thuc-pham-chuc-nang/cai-thien-tang-cuong-chuc-nang | thuc-pham-chuc-nang/bao-ve-mat,True,True,90,0,https://nhathuoclongchau.com.vn/thuc-pham-chuc-nang/bo-mat-cho-be-special-kid-vision-eric-favre-125ml-30707.html,thuc-pham-chuc-nang,200
246,00031834,ĐẠI TRÀNG HẢI THƯỢNG VƯƠNG 2X10,"Viên uống Đại Tràng Hải Thượng Vương hỗ trợ kiện tỳ vị, giảm triệu chứng rối loạn tiêu hóa (2 vỉ x 10 viên)",thuc-pham-chuc-nang/dai-trang-hai-thuong-vuong-vesta-2x10-31971.html,160000.0,Hộp,đ,https://cdn.nhathuoclongchau.com.vn/unsafe/https://cms-prod.s3-sgn09.fptcloud.com/00031834_dai_trang_hai_thuong_vuong_vesta_2x10_6583_616d_large_a83f90816b.jpg,"Serenoa 100mg, Hoàng bá 1000mg, Bạch truật 800mg, Trần bì 500mg, Hậu phác 500mg, Sinh khương 300mg, Cam thảo 150mg",Viên nang,Hải Thượng Vương,Hộp 2 Vỉ x 10 Viên,Thực phẩm chức năng | Hỗ trợ tiêu hóa,thuc-pham-chuc-nang | thuc-pham-chuc-nang/ho-tro-tieu-hoa,True,True,90,0,https://nhathuoclongchau.com.vn/thuc-pham-chuc-nang/dai-trang-hai-thuong-vuong-vesta-2x10-31971.html,thuc-pham-chuc-nang,200
247,00031891,XUYÊN TÂM LIÊN PLUS ECHINACEA KINGPHAR 60V,"Viên nén Xuyên Tâm Liên Plus Echinacea Kingphar hỗ trợ giảm ho, giảm đờm, giảm đau rát họng (60 viên)",thuc-pham-chuc-nang/xuyen-tam-lien-plus-echinacea-kingphar-60v-32020.html,172000.0,Hộp,đ,https://cdn.nhathuoclongchau.com.vn/unsafe/https://cms-prod.s3-sgn09.fptcloud.com/00031891_xuyen_tam_lien_plus_echinacea_kingphar_60v_7666_61c0_large_acf45678a8.jpg,"Chiết xuất xuyên tâm liên 250mg, Cao cúc tím 200mg, Cao Bạch chỉ 80mg, Cao Cát cánh 50mg, Cao Hoàng cầm 50mg, Chiết xuất Tổ kén tròn 50mg, Vitamin C 150mg, Vitamin B1 6mg",Viên nén bao phim,Kingphar,Hộp 60 Viên,"Thực phẩm chức năng | Hỗ trợ điều trị | Hô hấp, ho, xoang",thuc-pham-chuc-nang | thuc-pham-chuc-nang/ho-tro-dieu-tri | thuc-pham-chuc-nang/suc-khoe-duong-ho-hap-ho-xoang,True,True,90,0,https://nhathuoclongchau.com.vn/thuc-pham-chuc-nang/xuyen-tam-lien-plus-echinacea-kingphar-60v-32020.html,thuc-pham-chuc-nang,200
248,00031920,TOP GROW JPANWELL 10 CHAI X 30ML - SIRO VITAMIN TĂNG TRƯỞNG CHO TRẺ EM,"Siro Top Grow Jpanwell bổ sung các vitamin, hỗ trợ tăng cường sức khỏe (10 chai x 30ml)",thuc-pham-chuc-nang/top-grow-jpanwell-10-chai-x-30ml-siro-vitamin-tang-truong-cho-tre-em-32067.html,890000.0,Hộp,đ,https://cdn.nhathuoclongchau.com.vn/unsafe/https://cms-prod.s3-sgn09.fptcloud.com/00031920_top_grow_jpanwell_10_chai_x_30ml_siro_vitamin_tang_truong_cho_tre_em_7022_6123_large_47b7c3058a.jpg,"chiết xuất thực vật lên men 50mg, Mật ong 2.000mg, Sữa ong chúa 100mg, Vitamin B2 3mg, Taurine 100mg, Panax ginseng 50mg, Vitamin B1 3mg, Vitamin B6 5mg, Vitamin B3 10mg, Polygonatum falcatum Rhizome Powder 100mg, Canxi lactate 50mg",Siro,Jpanwell,Hộp 10 Chai,"Thực phẩm chức năng | Cải thiện tăng cường chức năng | Tăng sức đề kháng, miễn dịch",thuc-pham-chuc-nang | thuc-pham-chuc-nang/cai-thien-tang-cuong-chuc-nang | thuc-pham-chuc-nang/ho-tro-mien-dich-tang-suc-de-khang,True,True,90,0,https://nhathuoclongchau.com.vn/thuc-pham-chuc-nang/top-grow-jpanwell-10-chai-x-30ml-siro-vitamin-tang-truong-cho-tre-em-32067.html,thuc-pham-chuc-nang,200
249,00032151,VIÊN DẦU TỎI GARLIC OIL VTV 60V,Viên dầu tỏi đen Garlics Oil VTV hỗ trợ tăng cường sức đề kháng (60 viên),thuc-pham-chuc-nang/vien-dau-toi-garlic-oil-vtv-60v-32289.html,60000.0,Hộp,đ,https://cdn.nhathuoclongchau.com.vn/unsafe/https://cms-prod.s3-sgn09.fptcloud.com/00032151_vien_dau_toi_garlic_oil_vtv_60v_6371_62af_large_27e964a4eb.jpg,"Tinh chất tỏi đen 150mg, Garlic Oil 50mg",Viên nang mềm,VTV,Hộp 60 Viên,Thực phẩm chức năng | Cải thiện tăng cường chức năng,thuc-pham-chuc-nang | thuc-pham-chuc-nang/cai-thien-tang-cuong-chuc-nang,True,True,90,0,https://nhathuoclongchau.com.vn/thuc-pham-chuc-nang/vien-dau-toi-garlic-oil-vtv-60v-32289.html,thuc-pham-chuc-nang,200
250,00032465,SIRO GIÚP BÉ NGỦ NGON SPECIAL KID SOMMEIL ERIC FAVRE 125ML,"Siro Special Kid Sommeil hỗ trợ an thần kinh, giúp trẻ ngủ ngon giấc (125ml)",thuc-pham-chuc-nang/siro-giup-be-ngu-ngon-special-kid-sommeil-eric-favre-125ml-32590.html,254000.0,Chai,đ,https://cdn.nhathuoclongchau.com.vn/unsafe/https://cms-prod.s3-sgn09.fptcloud.com/00032465_siro_giup_be_ngu_ngon_special_kid_sommeil_eric_favre_125ml_4792_62ae_large_64008022f1.jpg,"Hoa bia 1000mg, Hoa oải hương 1000mg, Tía tô đất 1000mg, Cam 1000mg, Đoạn 1000mg, Cỏ roi ngựa 1000mg",Siro,ERIC FAVRE® WELLNESS,Chai,Thực phẩm chức năng | Thần kinh não | Hỗ trợ giấc ngủ ngon,thuc-pham-chuc-nang | thuc-pham-chuc-nang/than-kinh-nao | thuc-pham-chuc-nang/ho-tro-giac-ngu-ngon,True,True,90,0,https://nhathuoclongchau.com.vn/thuc-pham-chuc-nang/siro-giup-be-ngu-ngon-special-kid-sommeil-eric-favre-125ml-32590.html,thuc-pham-chuc-nang,200
251,00032568,PHẾ KHANG HẢI THƯỢNG VƯƠNG 3X10,"Viên uống Phế Khang Hải Thượng Vương Vesta hỗ trợ giảm đau rát họng, khản tiếng do ho kéo dài (3 vỉ x 10 viên)",thuc-pham-chuc-nang/phe-khang-hai-thuong-vuong-3x10-32700.html,135000.0,Hộp,đ,https://cdn.nhathuoclongchau.com.vn/unsafe/https://cms-prod.s3-sgn09.fptcloud.com/00032568_phe_khang_hai_thuong_vuong_3x10_7009_616f_large_12889d8d3b.jpg,"Xuyên tâm liên 100mg, Thanh hao hoa vàng 50mg, Cúc hoa 50mg, Acerola 50mg, Kẽm Gluconat 30mg, Pelargonium Graveolens (Geranium) Flower Oil 10mg, Gừng 10mg, Cam thảo 10mg",Viên nang,Hải Thượng Vương,Hộp 3 Vỉ x 10 Viên,"Thực phẩm chức năng | Hỗ trợ điều trị | Hô hấp, ho, xoang",thuc-pham-chuc-nang | thuc-pham-chuc-nang/ho-tro-dieu-tri | thuc-pham-chuc-nang/suc-khoe-duong-ho-hap-ho-xoang,True,True,90,0,https://nhathuoclongchau.com.vn/thuc-pham-chuc-nang/phe-khang-hai-thuong-vuong-3x10-32700.html,thuc-pham-chuc-nang,200
252,00032701,VIÊN UỐNG HỖ TRỢ ĐƯỜNG HÔ HẤP- VIÊM XOANG-VIÊM MŨI DỊ ỨNG SINUS NOSE VITAMINS FOR LIFE 60V,Viên uống Sinus Nose Vitamins For Life hỗ trợ tăng cường sức khỏe đường hô hấp (60 viên),thuc-pham-chuc-nang/sinus-nose-ho-tro-duong-ho-hap-vitamins-for-life-60v-32827.html,540000.0,Hộp,đ,https://cdn.nhathuoclongchau.com.vn/unsafe/https://cms-prod.s3-sgn09.fptcloud.com/00032701_sinus_nose_ho_tro_duong_ho_hap_vitamins_for_life_60v_3651_618b_large_e1b8d84c83.jpg,"Peppermint 5mg, Slippery Elm Inner Bark 50mg, Feverfew Extract 75mg, Butterbur Extract 75mg, Propolis  Extract 100mg, Echinacea purpurea extract 165mg",Viên nang,Vitamins For Life,Hộp 60 Viên,"Thực phẩm chức năng | Hỗ trợ điều trị | Hô hấp, ho, xoang",thuc-pham-chuc-nang | thuc-pham-chuc-nang/ho-tro-dieu-tri | thuc-pham-chuc-nang/suc-khoe-duong-ho-hap-ho-xoang,True,True,90,0,https://nhathuoclongchau.com.vn/thuc-pham-chuc-nang/sinus-nose-ho-tro-duong-ho-hap-vitamins-for-life-60v-32827.html,thuc-pham-chuc-nang,200
253,00032699,VIÊN UỐNG HỖ TRỢ ĐƯỜNG HÔ HẤP- VIÊM XOANG-VIÊM MŨI DỊ ỨNG SINUS NOSE VITAMINS FOR LIFE 30V,Viên uống Sinus Nose Vitamins For Life hỗ trợ tăng cường sức khỏe đường hô hấp (30 viên),thuc-pham-chuc-nang/sinus-nose-ho-tro-duong-ho-hap-vitamins-for-life-30v-32828.html,290000.0,Hộp,đ,https://cdn.nhathuoclongchau.com.vn/unsafe/https://cms-prod.s3-sgn09.fptcloud.com/00032699_sinus_nose_ho_tro_duong_ho_hap_vitamins_for_life_30v_5821_63a9_large_2e96a561c6.jpg,"Hoa cúc tím 330mg, Keo Ong 200mg, Butterbur Extract 150mg, Cỏ thơm 150mg, Vỏ cây du trơn 100mg, Bạc hà 10mg",Viên nang,Vitamins For Life,Hộp 30 Viên,"Thực phẩm chức năng | Hỗ trợ điều trị | Hô hấp, ho, xoang",thuc-pham-chuc-nang | thuc-pham-chuc-nang/ho-tro-dieu-tri | thuc-pham-chuc-nang/suc-khoe-duong-ho-hap-ho-xoang,True,True,90,0,https://nhathuoclongchau.com.vn/thuc-pham-chuc-nang/sinus-nose-ho-tro-duong-ho-hap-vitamins-for-life-30v-32828.html,thuc-pham-chuc-nang,200
254,00032696,VIÊN UỐNG BỔ SUNG CANXI BONE BUILDER DRLIFE 60V,Viên uống Bone Builder Drlife bổ sung canxi và vitamin cho xương (60 viên),thuc-pham-chuc-nang/vien-uong-bo-sung-canxi-bone-builder-drlife-60-vien-32829.html,327000.0,Hộp,đ,https://cdn.nhathuoclongchau.com.vn/unsafe/https://cms-prod.s3-sgn09.fptcloud.com/DSC_08392_0461703d2a.jpg,"Calcium 1000mg, Magnesium 250mg, Zinc 5mg, Vitamin K2 45mcg, Vitamin D3 400iu",Viên nén,Dr.life,Hộp 60 Viên,Thực phẩm chức năng | Vitamin & Khoáng chất,thuc-pham-chuc-nang | thuc-pham-chuc-nang/vitamin-khoang-chat,True,True,90,0,https://nhathuoclongchau.com.vn/thuc-pham-chuc-nang/vien-uong-bo-sung-canxi-bone-builder-drlife-60-vien-32829.html,thuc-pham-chuc-nang,200
255,00032745,VIÊN UỐNG ĐÔNG TRÙNG HẠ THẢO DR LIFE NATURAL HERB CORDYCEPS 1500MG 60V,Viên uống Đông Trùng Hạ Thảo Dr Life Natural Herb Cordyceps 1500mg tăng cường sức đề kháng (60 viên),thuc-pham-chuc-nang/dr-life-natural-herb-cordyceps-1500mg-60v-32875.html,585000.0,Hộp,đ,https://cdn.nhathuoclongchau.com.vn/unsafe/https://cms-prod.s3-sgn09.fptcloud.com/00032745_dr_life_natural_herb_cordyceps_1500mg_60v_4293_618b_large_14de2368d2.jpg,Đông trùng hạ thảo 1500mg,Viên nang,Arnet Pharmaceutical,Hộp 60 Viên,"Thực phẩm chức năng | Cải thiện tăng cường chức năng | Tăng sức đề kháng, miễn dịch",thuc-pham-chuc-nang | thuc-pham-chuc-nang/cai-thien-tang-cuong-chuc-nang | thuc-pham-chuc-nang/ho-tro-mien-dich-tang-suc-de-khang,True,True,90,0,https://nhathuoclongchau.com.vn/thuc-pham-chuc-nang/dr-life-natural-herb-cordyceps-1500mg-60v-32875.html,thuc-pham-chuc-nang,200
256,00345332,BANG CEVRAI 60V,Viên nam lực Bang Cevrai cải thiện chức năng sinh lý nam giới (60 viên),thuc-pham-chuc-nang/bang-vien-uong-tang-cuong-sinh-ly-nam-3.html,530000.0,Chai,đ,https://cdn.nhathuoclongchau.com.vn/unsafe/https://cms-prod.s3-sgn09.fptcloud.com/DSC_03083_8c550201f0.jpg,"Bột rễ gừng 150mg, Vitamin C 60mg, Zinc gluconate 75mg, Bột ớt 30mg, Bột hạt Guarana 150mg, Rễ nhân sâm 150mg",Viên nang,CEVRAI,Chai 60 Viên,Thực phẩm chức năng | Sinh lý - Nội tiết tố | Sinh lý nam,thuc-pham-chuc-nang | thuc-pham-chuc-nang/sinh-ly-noi-tiet-to | thuc-pham-chuc-nang/sinh-ly-nam,True,True,90,0,https://nhathuoclongchau.com.vn/thuc-pham-chuc-nang/bang-vien-uong-tang-cuong-sinh-ly-nam-3.html,thuc-pham-chuc-nang,200
257,00047402,ENTEROGERMINA GUT DEFENSE SANOFI 2X10 ỐNG,"Hỗn dịch uống men vi sinh Enterogermina Gut Defense Sanofi tăng cường tiêu hóa, hỗ trợ bảo vệ đường ruột",thuc-pham-chuc-nang/enterogermina-gut-defense-sanofi-2-x10-ong.html,194000.0,Hộp,đ,https://cdn.nhathuoclongchau.com.vn/unsafe/https://cms-prod.s3-sgn09.fptcloud.com/DSC_01959_4e83fd083f.jpg,Bacillus clausii 2x10^9cfu,Hỗn dịch uống,Sanofi,Hộp 2 Vỉ x 10 Ống,Thực phẩm chức năng | Hỗ trợ tiêu hóa | Vi sinh - Probiotic,thuc-pham-chuc-nang | thuc-pham-chuc-nang/ho-tro-tieu-hoa | thuc-pham-chuc-nang/vi-sinh-probiotic,True,True,70,0,https://nhathuoclongchau.com.vn/thuc-pham-chuc-nang/enterogermina-gut-defense-sanofi-2-x10-ong.html,thuc-pham-chuc-nang,200
258,00047178,SỮA NUTIFOOD VARNA COLOSTRUM 24 CHAI X 237ML,Sữa Nutifood Varna Colostrum 237ml hỗ trợ tăng cường sức đề kháng (24 chai),thuc-pham-chuc-nang/sua-nutifood-varna-colostrum-24-chai-x-237-ml.html,35000.0,Chai,đ,https://cdn.nhathuoclongchau.com.vn/unsafe/https://cms-prod.s3-sgn09.fptcloud.com/DSC_00061_290aff41d7.jpg,"Nước , Đạm sữa , Maltodextrin , đậu nành , Khoáng chất , Medium chain triglyceride , Vitamin , Immunel ",Dung dịch,NUTIFOOD,Thùng 4 Lốc x 6 Chai,Thực phẩm chức năng | Dinh dưỡng | Sữa,thuc-pham-chuc-nang | thuc-pham-chuc-nang/dinh-duong | thuc-pham-chuc-nang/sua,True,True,70,0,https://nhathuoclongchau.com.vn/thuc-pham-chuc-nang/sua-nutifood-varna-colostrum-24-chai-x-237-ml.html,thuc-pham-chuc-nang,200
259,00047177,SỮA NUTIFOOD VARNA DIABETES 24 CHAI X 237ML,"Sữa Nutifood Varna Diabetes 237ml Nutifood ổn định đường huyết, tốt cho tim mạch (24 chai)",thuc-pham-chuc-nang/sua-nutifood-varna-diabetes-24-chai-x-237-ml.html,35000.0,Chai,đ,https://cdn.nhathuoclongchau.com.vn/unsafe/https://cms-prod.s3-sgn09.fptcloud.com/DSC_00089_15a5cc61ed.jpg,"Nước , Đạm sữa , Maltodextrin , Đường Erythritol , Isomalt , Medium chain triglyceride , đậu nành , Khoáng chất ",Dung dịch,NUTIFOOD,Thùng 4 Lốc x 6 Chai,Thực phẩm chức năng | Dinh dưỡng | Sữa,thuc-pham-chuc-nang | thuc-pham-chuc-nang/dinh-duong | thuc-pham-chuc-nang/sua,True,True,70,0,https://nhathuoclongchau.com.vn/thuc-pham-chuc-nang/sua-nutifood-varna-diabetes-24-chai-x-237-ml.html,thuc-pham-chuc-nang,200
260,00046503,LINEABON K2+D3 SPRAY ERGOPHARMA 10ML,"Dung dịch dạng xịt LineaBon K2+D3 10ml bổ sung Vitamin D3 và Vitamin K2, hỗ trợ hấp thu canxi",thuc-pham-chuc-nang/lineabon-k2-d3-spray-ergopharma-10-ml.html,330000.0,Hộp,đ,https://cdn.nhathuoclongchau.com.vn/unsafe/https://cms-prod.s3-sgn09.fptcloud.com/DSC_04736_15a585f3cb.jpg,"Vitamin D3 400iu, Vitamin K2 22.5mcg",Dung dịch uống,ERGOPHARMA,Hộp,Thực phẩm chức năng | Vitamin & Khoáng chất | Bổ sung Canxi & Vitamin D,thuc-pham-chuc-nang | thuc-pham-chuc-nang/vitamin-khoang-chat | thuc-pham-chuc-nang/canxi-vitamin-D,True,True,70,0,https://nhathuoclongchau.com.vn/thuc-pham-chuc-nang/lineabon-k2-d3-spray-ergopharma-10-ml.html,thuc-pham-chuc-nang,200
261,00045174,AN THẦN NGỦ NGON TÂM BÌNH 2X10,"Viên uống An Thần Ngủ Ngon Tâm Bình hỗ trợ an thần, giúp dễ ngủ, ngủ ngon, giảm chứng mất ngủ (2 vỉ x 10 viên)",thuc-pham-chuc-nang/an-than-ngu-ngon-tam-binh-2-x10.html,140000.0,Hộp,đ,https://cdn.nhathuoclongchau.com.vn/unsafe/https://cms-prod.s3-sgn09.fptcloud.com/DSC_03662_359a7991e0.jpg,"Long nhãn 675mg, Táo Nhân 675mg, Đương quy 300mg, Cam thảo 300mg, Lạc tiên 150mg, Lá vông 150mg, Viễn chí 150mg",Viên nén bao phim,Tâm Bình,Hộp 2 Vỉ x 10 Viên,Thực phẩm chức năng | Thần kinh não | Bổ não - cải thiện trí nhớ,thuc-pham-chuc-nang | thuc-pham-chuc-nang/than-kinh-nao | thuc-pham-chuc-nang/bo-nao-cai-thien-tri-nho,True,True,70,0,https://nhathuoclongchau.com.vn/thuc-pham-chuc-nang/an-than-ngu-ngon-tam-binh-2-x10.html,thuc-pham-chuc-nang,200
262,00044325,PROBIO IMEXPHARM 14 GÓI,Cốm pha hỗn dịch uống Probio Imexpharm cân bằng hệ vi sinh đường ruột (14 gói),thuc-pham-chuc-nang/probio-imexpharm-14-goi.html,24000.0,Hộp,đ,https://cdn.nhathuoclongchau.com.vn/unsafe/https://cms-prod.s3-sgn09.fptcloud.com/10_a1d747a5a3.jpg,Lactobacillus acidophilus 108,Cốm pha hỗn dịch uống,Imexpharm,Hộp 14 Gói,Thực phẩm chức năng | Hỗ trợ tiêu hóa | Vi sinh - Probiotic,thuc-pham-chuc-nang | thuc-pham-chuc-nang/ho-tro-tieu-hoa | thuc-pham-chuc-nang/vi-sinh-probiotic,True,True,70,0,https://nhathuoclongchau.com.vn/thuc-pham-chuc-nang/probio-imexpharm-14-goi.html,thuc-pham-chuc-nang,200
263,00044150,SỮA ABBOTT ENSURE GOLD STRENGTHPRO HƯƠNG VANI 237ML,"Sữa Ensure Gold StrengthPro hương vani 237ml Abbott tăng cường sức khỏe, tăng cường miễn dịch",thuc-pham-chuc-nang/sua-abbott-ensure-gold-strengthpro-huong-vani-237-ml-1.html,62000.0,Chai,đ,https://cdn.nhathuoclongchau.com.vn/unsafe/https://cms-prod.s3-sgn09.fptcloud.com/DSC_02727_0f957dbeee.jpg,"Vitamin tổng hợp , Khoáng chất , Dầu thực vật , Tinh bột bắp , Nước (aqua) , Maltodextrin , Sucrose , Dầu hướng dương giàu oleic , Natri caseinat , Đạm đậu nành ",Dung dịch,Abbott,Thùng 4 Lốc x 6 Chai,Thực phẩm chức năng | Dinh dưỡng | Sữa,thuc-pham-chuc-nang | thuc-pham-chuc-nang/dinh-duong | thuc-pham-chuc-nang/sua,True,True,70,0,https://nhathuoclongchau.com.vn/thuc-pham-chuc-nang/sua-abbott-ensure-gold-strengthpro-huong-vani-237-ml-1.html,thuc-pham-chuc-nang,200
264,00043918,SỮA NUTREN JUNIOR 1-10 TUỔI 800G,Sữa bột Nutren Junior 800g Nestlé bổ sung hoặc thay thế bữa ăn hàng ngày cho trẻ suy dinh dưỡng ,thuc-pham-chuc-nang/sua-nutren-junior-1-10-tuoi-800-g.html,600000.0,Hộp,đ,https://cdn.nhathuoclongchau.com.vn/unsafe/https://cms-prod.s3-sgn09.fptcloud.com/DSC_05129_e958666aa2.jpg,"Maltodextrin , Sucrose , Milk protein , Vegetable Oils , Medium chain triglyceride , Minerals , Prebiotic Fibres , Emulsifier , Nature Identical Flavour , Choline bitartrate , Acidity Probiotics , Taurine , L-Carnitine ",Dạng bột,Nestlé,Hộp,Thực phẩm chức năng | Dinh dưỡng | Sữa,thuc-pham-chuc-nang | thuc-pham-chuc-nang/dinh-duong | thuc-pham-chuc-nang/sua,True,True,70,0,https://nhathuoclongchau.com.vn/thuc-pham-chuc-nang/sua-nutren-junior-1-10-tuoi-800-g.html,thuc-pham-chuc-nang,200
265,00043180,NƯỚC GIẢI RƯỢU CONDITION 100ML,"Thực phẩm bảo vệ sức khỏe Condition hỗ trợ giải độc gan, giải rượu (100ml)",thuc-pham-chuc-nang/nuoc-giai-ruou-condition-100-ml.html,55000.0,Chai,đ,https://cdn.nhathuoclongchau.com.vn/unsafe/https://cms-prod.s3-sgn09.fptcloud.com/DSC_08493_f510875881.png,"Taurine 2%, Hovenia dulcis 1%, Chiết xuất nấm men 0.33%, Chiết xuất quả cili 0.2%, Bột Hạt Sen 0.1%, Alanine 0.1%, Vitamin B3 0.053%",Dung dịch,Kolmar,Chai,"Thực phẩm chức năng | Cải thiện tăng cường chức năng | Giải rượu, cai rượu",thuc-pham-chuc-nang | thuc-pham-chuc-nang/cai-thien-tang-cuong-chuc-nang | thuc-pham-chuc-nang/giai-ruou,True,True,70,0,https://nhathuoclongchau.com.vn/thuc-pham-chuc-nang/nuoc-giai-ruou-condition-100-ml.html,thuc-pham-chuc-nang,200
266,00041652,ANTIBIO PRO BAYER 20 GÓI X 1G,Thực phẩm bảo vệ sức khỏe Antibio Pro hỗ trợ bổ sung lợi khuẩn lactobacillus (20 gói x 1g),thuc-pham-chuc-nang/antibio-pro-bayer-20-goi-x-1-g.html,6000.0,Gói,đ,https://cdn.nhathuoclongchau.com.vn/unsafe/https://cms-prod.s3-sgn09.fptcloud.com/DSC_09960_cfd66fae58.png,Lactobacillus acidophilus 75mg,Dạng bột,Bayer,Hộp 20 Gói,Thực phẩm chức năng | Hỗ trợ tiêu hóa | Vi sinh - Probiotic,thuc-pham-chuc-nang | thuc-pham-chuc-nang/ho-tro-tieu-hoa | thuc-pham-chuc-nang/vi-sinh-probiotic,True,True,70,0,https://nhathuoclongchau.com.vn/thuc-pham-chuc-nang/antibio-pro-bayer-20-goi-x-1-g.html,thuc-pham-chuc-nang,200
267,00041393,CARBO NAM VIỆT 100V,Thực phẩm bảo vệ sức khỏe Carbo Nam Việt giảm triệu chứng đầy hơi (100 viên),thuc-pham-chuc-nang/carbo-nam-viet-100-v.html,9000.0,Chai,đ,https://cdn.nhathuoclongchau.com.vn/unsafe/https://cms-prod.s3-sgn09.fptcloud.com/DSC_00584_1940a55160.jpg,"Măng cụt (Vỏ quả) 150mg, Than hoạt tính 150mg, Gelatin , Magnesi stearat , Natri benzoat , Bột sắn ",Viên nén,Nam Việt,Chai 100 Viên,Thực phẩm chức năng | Hỗ trợ tiêu hóa,thuc-pham-chuc-nang | thuc-pham-chuc-nang/ho-tro-tieu-hoa,True,True,70,0,https://nhathuoclongchau.com.vn/thuc-pham-chuc-nang/carbo-nam-viet-100-v.html,thuc-pham-chuc-nang,200
268,00039814,SỮA ANLENE TOTAL 10 HƯƠNG VANI 800G,"Sữa Anlene Total 10 hương vani bổ sung hệ dưỡng chất cho vận động, tiêu hóa cho người trên 40 tuổi (800g)",thuc-pham-chuc-nang/sua-anlene-total-10-huong-vani-800-g.html,629000.0,Hộp,đ,https://cdn.nhathuoclongchau.com.vn/unsafe/https://cms-prod.s3-sgn09.fptcloud.com/Anlene_2_a48b740ff5.png,"Sữa bột 36%, Chất Xơ , Khoáng chất , Bột dầu thực vật , Bột protein đậu nành , Choline bitartrate , Vitamin , Hương sữa , Hương liệu tự nhiên , Hương Vani nhân tạo , collagen tuýp 1 , Chất nhũ hoá ",Dạng bột,Anlene,Hộp x 800g,Thực phẩm chức năng | Dinh dưỡng | Sữa,thuc-pham-chuc-nang | thuc-pham-chuc-nang/dinh-duong | thuc-pham-chuc-nang/sua,True,True,70,0,https://nhathuoclongchau.com.vn/thuc-pham-chuc-nang/sua-anlene-total-10-huong-vani-800-g.html,thuc-pham-chuc-nang,200
269,00039506,SỮA ABBOTT ENSURE GOLD STRENGTHPRO HƯƠNG VANI ÍT NGỌT 800G,"Sữa bột Ensure Gold StrengthPro Abbott hương vani, ít ngọt, tăng cường sức khỏe khối cơ, tăng miễn dịch (800g)",thuc-pham-chuc-nang/sua-abbott-ensure-gold-strengthpro-huong-vani-it-ngot-850-g.html,932000.0,Hộp,đ,https://cdn.nhathuoclongchau.com.vn/unsafe/https://cms-prod.s3-sgn09.fptcloud.com/DSC_09287_8364c9dcac.jpg,"Tinh bột bắp thủy phân , Dầu thực vật , Sucrose , Natri caseinat , Đạm đậu nành , Oligofructose , Đạm whey , Khoáng chất , CaHMB , Hương vani tổng hợp , Beta Glucan , Vitamins , Choline Chloride , Taurine , L-Carnitine ",Dạng bột,Abbott,Hộp x 800g,Thực phẩm chức năng | Dinh dưỡng | Sữa,thuc-pham-chuc-nang | thuc-pham-chuc-nang/dinh-duong | thuc-pham-chuc-nang/sua,True,True,70,0,https://nhathuoclongchau.com.vn/thuc-pham-chuc-nang/sua-abbott-ensure-gold-strengthpro-huong-vani-it-ngot-850-g.html,thuc-pham-chuc-nang,200
270,00039501,SỮA ABBOTT ENSURE GOLD STRENGTHPRO HƯƠNG VANI 800G,"Sữa bột Ensure Gold StrengthPro Abbott hương vani tăng cường sức khỏe khối cơ, tăng miễn dịch (800g)",thuc-pham-chuc-nang/sua-abbott-ensure-gold-strengthpro-huong-vani-850-g.html,932000.0,Hộp,đ,https://cdn.nhathuoclongchau.com.vn/unsafe/https://cms-prod.s3-sgn09.fptcloud.com/DSC_09281_f4f172b02c.jpg,"Tinh bột bắp thủy phân , Dầu thực vật , Sucrose , Natri caseinat , Đạm đậu nành , Oligofructose , Đạm whey , Khoáng chất , CaHMB , Hương vani tổng hợp , Beta Glucan , Vitamins , Choline Chloride , Taurine , L-Carnitine ",Dạng bột,Abbott,Hộp x 800g,Thực phẩm chức năng | Dinh dưỡng | Sữa,thuc-pham-chuc-nang | thuc-pham-chuc-nang/dinh-duong | thuc-pham-chuc-nang/sua,True,True,70,0,https://nhathuoclongchau.com.vn/thuc-pham-chuc-nang/sua-abbott-ensure-gold-strengthpro-huong-vani-850-g.html,thuc-pham-chuc-nang,200
271,00039500,SỮA ABBOTT ENSURE GOLD STRENGTHPRO HƯƠNG VANI 380G,"Sữa bột Ensure Gold StrengthPro Abbott hương vani tăng cường sức khỏe khối cơ, tăng miễn dịch (380g)",thuc-pham-chuc-nang/sua-abbott-ensure-gold-strengthpro-huong-vani-380-g.html,435000.0,Hộp,đ,https://cdn.nhathuoclongchau.com.vn/unsafe/https://cms-prod.s3-sgn09.fptcloud.com/DSC_09244_a9c9371532.jpg,"Tinh bột bắp thủy phân , Dầu thực vật , Sucrose , Natri caseinat , Đạm đậu nành , Oligofructose , Đạm whey , Khoáng chất , CaHMB , Hương vani tổng hợp , Beta Glucan , Vitamins , Choline Chloride , Taurine , L-Carnitine ",Dạng bột,Abbott,Hộp x 380g,Thực phẩm chức năng | Dinh dưỡng | Sữa,thuc-pham-chuc-nang | thuc-pham-chuc-nang/dinh-duong | thuc-pham-chuc-nang/sua,True,True,70,0,https://nhathuoclongchau.com.vn/thuc-pham-chuc-nang/sua-abbott-ensure-gold-strengthpro-huong-vani-380-g.html,thuc-pham-chuc-nang,200
272,00039142,FERROLIP UGA 20 GÓI,"Sắt Ferrolip Uga hỗ trợ tạo hồng cầu, giúp giảm nguy cơ thiếu máu do thiếu sắt (20 gói)",thuc-pham-chuc-nang/ferrolip-uga-20-goi.html,360000.0,Hộp,đ,https://cdn.nhathuoclongchau.com.vn/unsafe/https://cms-prod.s3-sgn09.fptcloud.com/DSC_00036_5a330d8081.jpg,Sắt 30mg,Dạng bột,U.G.A. Nutraceuticals,Hộp 20 Gói,Thực phẩm chức năng | Vitamin & Khoáng chất | Bổ sung Sắt & Axit Folic,thuc-pham-chuc-nang | thuc-pham-chuc-nang/vitamin-khoang-chat | thuc-pham-chuc-nang/sat-axit-folic,True,True,70,0,https://nhathuoclongchau.com.vn/thuc-pham-chuc-nang/ferrolip-uga-20-goi.html,thuc-pham-chuc-nang,200
273,00038142,VITABIOTICS WELLBABY MULTI-VITAMIN LIQUID 150ML,Siro Wellbaby Multi-Vitamin Liquid Vitabiotics bổ sung vitamin và khoáng chất cho trẻ (150ml),thuc-pham-chuc-nang/vitabiotics-wellbaby-multi-vitamin-liquid-150-ml.html,412000.0,Hộp,đ,https://cdn.nhathuoclongchau.com.vn/unsafe/https://cms-prod.s3-sgn09.fptcloud.com/DSC_00535_480fad02f8.jpg,"Mạch Nha 500mg, Vitamin C 30mg, Niacin 6mg, Vitamin E 5mg, Sắt 4mg, Kẽm 2.5mg, Pantothenic acid 2mg, Vitamin B2 0.8mg, Vitamin B1 0.5mg, Vitamin B6 0.5mg, Vitamin A 133mcg, Folic Acid 80mcg, Vitamin D3 7mcg, Vitamin B12 1mcg",Siro,Vitabiotics,Hộp x 150ml,Thực phẩm chức năng | Vitamin & Khoáng chất,thuc-pham-chuc-nang | thuc-pham-chuc-nang/vitamin-khoang-chat,True,True,70,0,https://nhathuoclongchau.com.vn/thuc-pham-chuc-nang/vitabiotics-wellbaby-multi-vitamin-liquid-150-ml.html,thuc-pham-chuc-nang,200
274,B052300000396,KẸO CON VỊT VITAMIN C 10MG DOMESCO 12V,Kẹo con vịt Vitamin C 10mg hỗ trợ tăng cường đề kháng cho cơ thể ,thuc-pham-chuc-nang/keo-con-vit-vitamin-c-10-mg-domesco-12-v.html,5500.0,Chai,đ,https://cdn.nhathuoclongchau.com.vn/unsafe/https://cms-prod.s3-sgn09.fptcloud.com/DSC_00120_e6778084f9.jpg,Vitamin C 10mg,Viên nén,Domesco,Chai 12 Viên,Thực phẩm chức năng | Vitamin & Khoáng chất | Vitamin C các loại,thuc-pham-chuc-nang | thuc-pham-chuc-nang/vitamin-khoang-chat | thuc-pham-chuc-nang/vitamin-c,True,True,70,0,https://nhathuoclongchau.com.vn/thuc-pham-chuc-nang/keo-con-vit-vitamin-c-10-mg-domesco-12-v.html,thuc-pham-chuc-nang,200
275,00503731,VITABIOTICS FEROGLOBIN B12 200ML,"Dung dịch Feroglobin B12 Vitabiotics hỗ trợ tăng khả năng tạo máu, tăng cường sức khỏe (200ml)",thuc-pham-chuc-nang/vitabiotics-feroglobin-b12-200-ml.html,358000.0,Chai,đ,https://cdn.nhathuoclongchau.com.vn/unsafe/https://cms-prod.s3-sgn09.fptcloud.com/DSC_00573_5a11c40ed0.jpg,"Malt extract, barley 1000mg, Mật ong 200mg, L-Lysine 40mg, Calci glyceroposphat 20mg, Niacin 20mg, Sắt 20mg, Vitamin B1 10mg, Kẽm 6mg, Acid pantothenic 4mg, Vitamin B2 2mg, Vitamin B6 2mg, Mangan 0.5mg, Đồng 0.4mg, Folacin 100mcg, Vitamin B12 10mcg",Dung dịch uống,Vitabiotics,Chai x 200ml,Thực phẩm chức năng | Vitamin & Khoáng chất,thuc-pham-chuc-nang | thuc-pham-chuc-nang/vitamin-khoang-chat,True,True,70,0,https://nhathuoclongchau.com.vn/thuc-pham-chuc-nang/vitabiotics-feroglobin-b12-200-ml.html,thuc-pham-chuc-nang,200
276,00503106,KIDS SMART NATURE'S WAY DROPS DHA 20ML,Siro Kids Smart Drops DHA 20ml Nature's Way thúc đẩy sự phát triển của não bộ và hệ thần kinh ở trẻ nhỏ,thuc-pham-chuc-nang/kids-smart-nature-s-way-drops-dha-20-ml.html,375000.0,Lọ,đ,https://cdn.nhathuoclongchau.com.vn/unsafe/https://cms-prod.s3-sgn09.fptcloud.com/DSC_07991_fcc4a8aef7.png,"DHA 200.5mg, EPA 42mg",Dung dịch,Nature's way,Lọ x 20ml,Thực phẩm chức năng | Thần kinh não | Bổ não - cải thiện trí nhớ,thuc-pham-chuc-nang | thuc-pham-chuc-nang/than-kinh-nao | thuc-pham-chuc-nang/bo-nao-cai-thien-tri-nho,True,True,70,0,https://nhathuoclongchau.com.vn/thuc-pham-chuc-nang/kids-smart-nature-s-way-drops-dha-20-ml.html,thuc-pham-chuc-nang,200
277,00503063,SỮA ENSURE VANI ABBOTT 237ML,"Sữa Ensure Original 237ml Abbott hương vani, bổ sung dinh dưỡng, hỗ trợ tiêu hóa (4 lốc x 6 chai) ",thuc-pham-chuc-nang/sua-ensure-vani-abbott-237ml-37370.html,41000.0,Chai,đ,https://cdn.nhathuoclongchau.com.vn/unsafe/https://cms-prod.s3-sgn09.fptcloud.com/DSC_09162_3fcab209c8.jpg,"Đạm đậu nành , Nước , Đường sucrose , Maltodextrin bắp , Đạm sữa , Dầu thực vật , Fructo-oligosaccharide , Cellulose gum , Hương vani giống tự nhiên , Hương vani tổng hợp , Cellulose , Vitamins , Monoglyceride , Dầu lecithin đậu nành , Carrageenan , Khoáng chất ",Dung dịch uống,Abbott,Thùng 4 Lốc x 6 Chai x 237ml,Thực phẩm chức năng | Dinh dưỡng | Sữa,thuc-pham-chuc-nang | thuc-pham-chuc-nang/dinh-duong | thuc-pham-chuc-nang/sua,True,True,70,0,https://nhathuoclongchau.com.vn/thuc-pham-chuc-nang/sua-ensure-vani-abbott-237ml-37370.html,thuc-pham-chuc-nang,200
278,00503058,FERROLIP BABY INPHARMA SPA 30ML," Dung dịch Ferrolip Baby InPharma SpA bổ sung sắt, giảm nguy cơ thiếu máu (30ml)",thuc-pham-chuc-nang/ferrolip-baby-inpharma-spa-30-ml.html,295000.0,Hộp,đ,https://cdn.nhathuoclongchau.com.vn/unsafe/https://cms-prod.s3-sgn09.fptcloud.com/DSC_09640_0c7fac2417.jpg,Sắt 5mg,Dung dịch,U.G.A. Nutraceuticals,Hộp 1 Lọ x 30ml,Thực phẩm chức năng | Vitamin & Khoáng chất,thuc-pham-chuc-nang | thuc-pham-chuc-nang/vitamin-khoang-chat,True,True,70,0,https://nhathuoclongchau.com.vn/thuc-pham-chuc-nang/ferrolip-baby-inpharma-spa-30-ml.html,thuc-pham-chuc-nang,200
279,00503050,BOGANIC PREMIUM TRAPHACO 30V,Viên uống Boganic Premium Traphaco hỗ trợ bảo vệ và tăng cường chức năng gan (30 viên),thuc-pham-chuc-nang/boganic-premium-traphaco-30-v.html,280000.0,Hộp,đ,https://cdn.nhathuoclongchau.com.vn/unsafe/https://cms-prod.s3-sgn09.fptcloud.com/DSC_09485_82d19db60d.jpg,"Glutathione 150mg, Cao Boganic GACP 100mg, Silymarin 50mg, Riboflavin 4mg, Selen 20mcg",Viên nang mềm,Traphaco,Hộp 1 Lọ x 30 Viên,Thực phẩm chức năng | Cải thiện tăng cường chức năng | Chức năng gan,thuc-pham-chuc-nang | thuc-pham-chuc-nang/cai-thien-tang-cuong-chuc-nang | thuc-pham-chuc-nang/chuc-nang-gan,True,True,70,0,https://nhathuoclongchau.com.vn/thuc-pham-chuc-nang/boganic-premium-traphaco-30-v.html,thuc-pham-chuc-nang,200
280,00503031,KHƯƠNG THẢO ĐAN GOLD 120V,"Viên uống Khương Thảo Đan Gold Thái Minh giảm đau, làm trơn khớp và phục hồi sụn khớp (120 viên)",thuc-pham-chuc-nang/khuong-thao-dan-gold-120v-37327.html,615000.0,Hộp,đ,https://cdn.nhathuoclongchau.com.vn/unsafe/https://cms-prod.s3-sgn09.fptcloud.com/TUK_07336_8459e5acf0.jpg,"Collagen type II 20mg, KGA1 20mg, Caryotin 70mg, Cao Quế chi 19mg, Xuyên khung 19mg, cao hy thiêm 38mg, Cao Thổ Phục linh 38mg, Cao đương quy 38mg, Cao Phòng phong 38mg, Cao ngưu tất 38mg, Tang ký sinh 76mg, Cao độc hoạt 76mg",Viên nang,Thái Minh,Hộp 120 Viên x 72g,Thực phẩm chức năng | Hỗ trợ điều trị | Cơ xương khớp,thuc-pham-chuc-nang | thuc-pham-chuc-nang/ho-tro-dieu-tri | thuc-pham-chuc-nang/xuong-khop,True,True,70,0,https://nhathuoclongchau.com.vn/thuc-pham-chuc-nang/khuong-thao-dan-gold-120v-37327.html,thuc-pham-chuc-nang,200
281,00502052,DHC VITAMIN C 60V,"Viên uống DHC Vitamin C Hard bổ sung vitamin C, vitamin B2 cho cơ thể (60 viên)",thuc-pham-chuc-nang/dhc-vitamin-c-60-v.html,90000.0,Gói,đ,https://cdn.nhathuoclongchau.com.vn/unsafe/https://cms-prod.s3-sgn09.fptcloud.com/DSC_09456_d8bf7244c8.jpg,"Vitamin C 1000mg, Vitamin B2 2mg",Viên nang,DHC,Gói 60 Viên,Thực phẩm chức năng | Vitamin & Khoáng chất | Vitamin C các loại,thuc-pham-chuc-nang | thuc-pham-chuc-nang/vitamin-khoang-chat | thuc-pham-chuc-nang/vitamin-c,True,True,70,0,https://nhathuoclongchau.com.vn/thuc-pham-chuc-nang/dhc-vitamin-c-60-v.html,thuc-pham-chuc-nang,200
282,00501635,DHC ZINC 30V,"Viên uống DHC Zinc bổ sung kẽm cho cơ thể, hỗ trợ duy trì sức khỏe (30 viên)",thuc-pham-chuc-nang/dhc-zinc-30v-35783.html,100000.0,Gói,đ,https://cdn.nhathuoclongchau.com.vn/unsafe/https://cms-prod.s3-sgn09.fptcloud.com/00501635_dhc_zinc_30v_5817_62fb_large_7d724d9b77.jpg,"Chiết xuất nấm men 55mg, Kẽm Gluconat 120mg",Viên nang cứng,DHC,Gói 30 Viên,Thực phẩm chức năng | Vitamin & Khoáng chất | Bổ sung Kẽm & Magie,thuc-pham-chuc-nang | thuc-pham-chuc-nang/vitamin-khoang-chat | thuc-pham-chuc-nang/kem-magie,True,True,70,0,https://nhathuoclongchau.com.vn/thuc-pham-chuc-nang/dhc-zinc-30v-35783.html,thuc-pham-chuc-nang,200
283,00501278,VIÊN VAI GÁY THÁI DƯƠNG 2X15,"Viên Vai Gáy Thái Dương tăng lưu thông khí huyết, giảm triệu chứng đau mỏi vai gáy (2 vỉ x 15 viên)",thuc-pham-chuc-nang/vien-vai-gay-thai-duong-2x15-35424.html,108000.0,Hộp,đ,https://cdn.nhathuoclongchau.com.vn/unsafe/https://cms-prod.s3-sgn09.fptcloud.com/IMG_9286_8cbb3ac21d.jpg,"cao hỗn hợp dược liệu 143.2mg, đậu tương lên men 167.2mg, Chiết xuất bạch liễu 250mg",Viên nang cứng,Sao Thái Dương,Hộp 2 Vỉ x 15 Viên,Thực phẩm chức năng | Hỗ trợ điều trị,thuc-pham-chuc-nang | thuc-pham-chuc-nang/ho-tro-dieu-tri,True,True,70,0,https://nhathuoclongchau.com.vn/thuc-pham-chuc-nang/vien-vai-gay-thai-duong-2x15-35424.html,thuc-pham-chuc-nang,200
284,00501139,VIÊN UỐNG BỔ SUNG LỢI KHUẨN CHO NỮ GIỚI OPTIBAC INTIMATE FLORA FOR WOMEN 30V,Thực phẩm bảo vệ sức khỏe Optibac For Women,thuc-pham-chuc-nang/vien-uong-bo-sung-loi-khuan-cho-nu-gioi-optibac-intimate-flora-for-women-30-v-1.html,500000.0,Hộp,đ,https://cdn.nhathuoclongchau.com.vn/unsafe/https://cms-prod.s3-sgn09.fptcloud.com/Optibac_FW_30_Front_Panel_With_The_Format_SQ_Pack_Shot_VIETNAM_e7e7290a6d.png,"Lactobacillus paracasei 1.5tỷ cfu, Lactobacillus reuteri 0.5tỷ cfu, Lactobacillus rhamnosus 0.5tỷ cfu",Viên nang,OPTIBAC PROBIOTICS,Hộp 30 Viên,Thực phẩm chức năng | Sinh lý - Nội tiết tố,thuc-pham-chuc-nang | thuc-pham-chuc-nang/sinh-ly-noi-tiet-to,True,True,70,0,https://nhathuoclongchau.com.vn/thuc-pham-chuc-nang/vien-uong-bo-sung-loi-khuan-cho-nu-gioi-optibac-intimate-flora-for-women-30-v-1.html,thuc-pham-chuc-nang,200
285,00501096,ZINC SMARTBIBI GRICAR 30ML,"Siro Smartbibi Zinc GRICAR bổ sung kẽm, vitamin C giúp tăng sức đề kháng, cải thiện tình trạng biếng ăn (30ml)",thuc-pham-chuc-nang/zinc-smartbibi-gricar-30-ml.html,275000.0,Chai,đ,https://cdn.nhathuoclongchau.com.vn/unsafe/https://cms-prod.s3-sgn09.fptcloud.com/zinc_4_098450ce4b.jpg,"Chiết xuất hoa cúc (Matricaria chamomilla L.) 135mg, Vitamin C 60mg, Kẽm bisglycinate 45mg",Dung dịch uống,GRICAR ,Chai x 30ml,Thực phẩm chức năng | Vitamin & Khoáng chất,thuc-pham-chuc-nang | thuc-pham-chuc-nang/vitamin-khoang-chat,True,True,70,0,https://nhathuoclongchau.com.vn/thuc-pham-chuc-nang/zinc-smartbibi-gricar-30-ml.html,thuc-pham-chuc-nang,200
286,00500982,SỮA ANLENE GOLD 5X HƯƠNG VANI 800G,Sữa Anlene Gold 5X hương vani tăng cường sức khỏe cơ-xương-khớp dành cho người trên 40 tuổi (800g),thuc-pham-chuc-nang/sua-anlene-gold-5-x-huong-vani-800-g.html,462000.0,Hộp,đ,https://cdn.nhathuoclongchau.com.vn/unsafe/https://cms-prod.s3-sgn09.fptcloud.com/DSC_05135_2c28906af2.jpg,"Sữa bột từ sữa bò 68.5%, Maltodextrin , Khoáng chất , Hương sữa nhân tạo , Hương Vani nhân tạo , Collagen cá , Vitamin C , Vitamin E , Vitamin B3 , Vitamin D , D-Biotin , Vitamin A , Vitamin B6 , Vitamin B5 , Vitamin B1 , Vitamin B9 ",Dạng bột,Anlene,Hộp x 800g,Thực phẩm chức năng | Dinh dưỡng | Sữa,thuc-pham-chuc-nang | thuc-pham-chuc-nang/dinh-duong | thuc-pham-chuc-nang/sua,True,True,70,0,https://nhathuoclongchau.com.vn/thuc-pham-chuc-nang/sua-anlene-gold-5-x-huong-vani-800-g.html,thuc-pham-chuc-nang,200
287,00500187,GIẢI ĐỘC GAN TUỆ LINH PLUS 60V,"Viên uống Tuệ Linh Plus hỗ trợ giải độc gan, tăng cường chức năng gan (60 viên)",thuc-pham-chuc-nang/giai-doc-gan-tue-linh-plus-60v-34270.html,198000.0,Hộp,đ,https://cdn.nhathuoclongchau.com.vn/unsafe/https://cms-prod.s3-sgn09.fptcloud.com/00500187_giai_doc_gan_tue_linh_plus_60v_3964_629f_large_c1abde5cf0.jpg,"Cao khô cà gai leo 500mg, Cao mật nhân 150mg, Cao khô kế sữa 100mg, Vitamin B1 10mg, Khúng khéng 50mg, Vitamin B2 10mg, Vitamin B6 10mg, Vitamin PP 4mg, Cao khô actiso 50mg",Viên nén bao phim,Tuệ Linh,Hộp 60 Viên,Thực phẩm chức năng | Cải thiện tăng cường chức năng | Chức năng gan,thuc-pham-chuc-nang | thuc-pham-chuc-nang/cai-thien-tang-cuong-chuc-nang | thuc-pham-chuc-nang/chuc-nang-gan,True,True,70,0,https://nhathuoclongchau.com.vn/thuc-pham-chuc-nang/giai-doc-gan-tue-linh-plus-60v-34270.html,thuc-pham-chuc-nang,200
288,00033687,BRAUER BABY KIDS ULTRA PURE DHA 60V,"Viên Brauer Baby & Kids Ultra Pure DHA hỗ trợ phát triển não bộ, sức khỏe cho mắt (60 viên)",thuc-pham-chuc-nang/brauer-baby-kids-ultra-pure-dha-60v-33779.html,486000.0,Hộp,đ,https://cdn.nhathuoclongchau.com.vn/unsafe/https://cms-prod.s3-sgn09.fptcloud.com/IMG_6419_0eba9e2e71.jpg,Omega 3 319mg,Viên nang mềm,Brauer,Hộp 60 viên,"Thực phẩm chức năng | Vitamin & Khoáng chất | Dầu cá, Omega 3, DHA",thuc-pham-chuc-nang | thuc-pham-chuc-nang/vitamin-khoang-chat | thuc-pham-chuc-nang/dau-ca-omega-3-dha,True,True,70,0,https://nhathuoclongchau.com.vn/thuc-pham-chuc-nang/brauer-baby-kids-ultra-pure-dha-60v-33779.html,thuc-pham-chuc-nang,200
289,00033631,VIÊN SỦI THANH NHIỆT LIVECOOL HƯƠNG CHANH 16V,"Viên sủi Thanh Nhiệt Livecool Nam Dược hương chanh giải độc, mát gan, tăng cường sức đề kháng (16 viên)",thuc-pham-chuc-nang/vien-sui-thanh-nhiet-livecool-huong-chanh-16v-33714.html,40000.0,Tuýp,đ,https://cdn.nhathuoclongchau.com.vn/unsafe/https://cms-prod.s3-sgn09.fptcloud.com/00033631_vien_sui_thanh_nhiet_livecool_huong_chanh_16v_9791_62ae_large_200540bb9f.jpg,"chiết xuất chanh 250mg, chiết xuất atiso 200mg, Chiết xuất rau má 100mg, Vitamin C 70mg, chiết xuất linh chi đỏ 50mg, Tá dược vừa đủ 7",Viên sủi,Nam Dược,Tuýp 16 viên,Thực phẩm chức năng | Cải thiện tăng cường chức năng | Chức năng gan,thuc-pham-chuc-nang | thuc-pham-chuc-nang/cai-thien-tang-cuong-chuc-nang | thuc-pham-chuc-nang/chuc-nang-gan,True,True,70,0,https://nhathuoclongchau.com.vn/thuc-pham-chuc-nang/vien-sui-thanh-nhiet-livecool-huong-chanh-16v-33714.html,thuc-pham-chuc-nang,200
290,00033583,VITABIOTICS OSTEOCARE LIQUID 200ML ,"Dung dịch Osteocare Liquid Vitabiotics bổ sung canxi, magiê, vitamin D, kẽm giúp xương chắc khỏe (200ml)",thuc-pham-chuc-nang/vitabiotics-osteocare-liquid-200-ml.html,311000.0,Hộp,đ,https://cdn.nhathuoclongchau.com.vn/unsafe/https://cms-prod.s3-sgn09.fptcloud.com/DSC_00558_30d8907b03.jpg,"Calcium 300mg, magnesi 150mg, Kẽm 6mg, Vitamin D3 3.8mcg",Dung dịch,Vitabiotics,Hộp 1 Chai x 200ml,Thực phẩm chức năng | Vitamin & Khoáng chất,thuc-pham-chuc-nang | thuc-pham-chuc-nang/vitamin-khoang-chat,True,True,70,0,https://nhathuoclongchau.com.vn/thuc-pham-chuc-nang/vitabiotics-osteocare-liquid-200-ml.html,thuc-pham-chuc-nang,200
291,00033208,VITAMIN TỔNG HỢP ELEVIT BẦU BAYER 3X10,"Viên uống Elevit Bayer hỗ trợ tăng cường sức khỏe, nâng cao sức đề kháng cho thai kỳ (3 vỉ x 10 viên)",thuc-pham-chuc-nang/vitamin-tong-hop-elevit-bau-bayer-3x10-33326.html,366000.0,Hộp,đ,https://cdn.nhathuoclongchau.com.vn/unsafe/https://cms-prod.s3-sgn09.fptcloud.com/00033208_vitamin_tong_hop_elevit_bau_bayer_3x10_9269_61de_large_296df133e8.jpg,"Vitamin A 2566iu, Vitamin D 200iu, Vitamin E 10mg, Vitamin C 85mg, Vitamin B1 1.4mg, Vitamin B2 1.4mg, Vitamin B3 18mg, Vitamin B5 6mg, Vitamin B6 1.9mg, Vitamin B12 2.6Mcg, Biotin 30Mcg, Acid folic 800Mcg, Canxi 125mg, Magie 100mg, Sắt 14mg, Kẽm 11mg, Mangan 2mg, Đồng 1mg, Selen 60Mcg, iodo 150Mcg",Viên nén bao phim,Bayer,Hộp 3 Vỉ x 10 Viên,Thực phẩm chức năng | Vitamin & Khoáng chất | Vitamin tổng hợp,thuc-pham-chuc-nang | thuc-pham-chuc-nang/vitamin-khoang-chat | thuc-pham-chuc-nang/vitamin-tong-hop,True,True,70,0,https://nhathuoclongchau.com.vn/thuc-pham-chuc-nang/vitamin-tong-hop-elevit-bau-bayer-3x10-33326.html,thuc-pham-chuc-nang,200
292,00032976,XỊT HỌNG KEO ONG VITATREE SUPER PROPOLIS SPRAY COMPLEX WITH HONEY 30ML,"Xịt keo ong Vitatree Super Propolis Spray Complex With Honey hỗ trợ chống oxy hóa, giảm đau rát họng (30ml)",thuc-pham-chuc-nang/vitatree-super-propolis-spray-complex-with-honey-kingphar-30ml-33094.html,135000.0,Hộp,đ,https://cdn.nhathuoclongchau.com.vn/unsafe/https://cms-prod.s3-sgn09.fptcloud.com/00032976_vitatree_super_propolis_spray_complex_with_honey_kingphar_30ml_7329_61b3_large_9e5a0fcae6.jpg,Keo Ong 92.3mg,Dạng xịt,Vitatree,Hộp x 30ml,"Thực phẩm chức năng | Cải thiện tăng cường chức năng | Tăng sức đề kháng, miễn dịch",thuc-pham-chuc-nang | thuc-pham-chuc-nang/cai-thien-tang-cuong-chuc-nang | thuc-pham-chuc-nang/ho-tro-mien-dich-tang-suc-de-khang,True,True,70,0,https://nhathuoclongchau.com.vn/thuc-pham-chuc-nang/vitatree-super-propolis-spray-complex-with-honey-kingphar-30ml-33094.html,thuc-pham-chuc-nang,200
293,00032894,SỮA VITADAIRY CALOSURE GOLD ÍT ĐƯỜNG 900G,"Sữa bột CaloSure gold Vitadairy ít đường, tăng cường sức khỏe tim mạch, hồi phục sức khỏe (900g)",thuc-pham-chuc-nang/sua-vitadairy-calosure-gold-it-duong-900g-33015.html,510000.0,Hộp,đ,https://cdn.nhathuoclongchau.com.vn/unsafe/https://cms-prod.s3-sgn09.fptcloud.com/00032894_sua_vitadairy_calosure_gold_it_duong_900g_8685_61a0_large_bc8203bbff.JPG,"Năng lượng 450, Protein 16.7, Chất béo 15, Omega 6 2400mg, Omega 3 460mg, Carbohydrate 62, Palatinose 2450mg, Chất Xơ 3.5, Glucosamine 200mg, CaHMB 500mg, GABA 10.3mg, Taurine 40mg, Vitamin B2 570, Vitamin B1 1300, Lysine 570mg, Vitamin D3 395iu, Vitamin B6 1000, Vitamin B12 1.9, Vitamin K1 26.1, Vitamin E 4mg, Vitamin A 2576iu, Folic Acid 200, Vitamin C 61.5mg, Biotin 86.7, Phospho 180mg, Sắt 10.7mg, Đồng 528, Kali 348mg, Mangan 36, Kẽm 7mg, Magie 78.4mg, Canxi 378mg, Natri 186mg, Pantothenate 2.62mg, Selen 7.5",Dạng bột,VITADAIRY,Hộp,Thực phẩm chức năng | Dinh dưỡng | Sữa,thuc-pham-chuc-nang | thuc-pham-chuc-nang/dinh-duong | thuc-pham-chuc-nang/sua,True,True,70,0,https://nhathuoclongchau.com.vn/thuc-pham-chuc-nang/sua-vitadairy-calosure-gold-it-duong-900g-33015.html,thuc-pham-chuc-nang,200
294,00032819,VIÊN SỦI THANH NHIỆT LIVECOOL HƯƠNG DƯA GANG 16V,"Viên sủi Thanh Nhiệt Livecool Nam Dược hương dưa gang giải độc, mát gan, tăng cường sức đề kháng (16 viên)",thuc-pham-chuc-nang/vien-sui-thanh-nhiet-live-cool-huong-dua-gang-nam-duoc-32937.html,40000.0,Tuýp,đ,https://cdn.nhathuoclongchau.com.vn/unsafe/https://cms-prod.s3-sgn09.fptcloud.com/00032819_vien_sui_thanh_nhiet_live_cool_huong_dua_gang_nam_duoc_3053_62ae_large_5d2918fd7c.jpg,"chiết xuất chanh 100mg, chiết xuất dưa gang 100mg, Vitamin C 70mg, Chiết xuất rau má 60mg, chiết xuất atiso 50mg, chiết xuất linh chi đỏ 25mg",Viên sủi,Nam Dược,Tuýp 16 Viên,Thực phẩm chức năng | Cải thiện tăng cường chức năng | Chức năng gan,thuc-pham-chuc-nang | thuc-pham-chuc-nang/cai-thien-tang-cuong-chuc-nang | thuc-pham-chuc-nang/chuc-nang-gan,True,True,70,0,https://nhathuoclongchau.com.vn/thuc-pham-chuc-nang/vien-sui-thanh-nhiet-live-cool-huong-dua-gang-nam-duoc-32937.html,thuc-pham-chuc-nang,200
295,00000780,ANGELA GOLD ECOGREEN 60V,"Viên uống sâm Angela Gold Ecogreen làn da căng sáng, tăng cường sinh lý nữ (60 viên)",thuc-pham-chuc-nang/sam-agela-gold-dep-da-can-bang-noi-tiet-to-nu-128.html,720000.0,Hộp,đ,https://cdn.nhathuoclongchau.com.vn/unsafe/https://cms-prod.s3-sgn09.fptcloud.com/00000780_sam_agela_gold_dep_da_can_bang_noi_tiet_to_nu_5615_62af_large_8eba87f31b.jpg,"Lepidium meyenii 100mg, P. Leucotomos 40mg, Black cohosh 60mg, Dong Quai 80mg, Damiana Leaf 80mg, Muira puama 100mg, Ginkgo biloba 20mg, marine collagen peptide 100mg, St. John's Wort 100mg",Viên nang,Ecogreen,Hộp 60 viên,Thực phẩm chức năng | Sinh lý - Nội tiết tố | Sinh lý nữ,thuc-pham-chuc-nang | thuc-pham-chuc-nang/sinh-ly-noi-tiet-to | thuc-pham-chuc-nang/sinh-ly-nu,True,True,70,0,https://nhathuoclongchau.com.vn/thuc-pham-chuc-nang/sam-agela-gold-dep-da-can-bang-noi-tiet-to-nu-128.html,thuc-pham-chuc-nang,200
296,00006402,ROCKET 1H THÁI DƯƠNG 1X6,"Viên uống Rocket 1h Thái Dương giúp bổ thận dương, tăng cường sinh lực (6 viên)",thuc-pham-chuc-nang/rocket-1h-tang-cuong-sinh-ly-nam-gioi-218.html,300000.0,Hộp,đ,https://cdn.nhathuoclongchau.com.vn/unsafe/https://cms-prod.s3-sgn09.fptcloud.com/DSC_08500_e94b46dbd1.jpg,"Chiết xuất bạch tật lê 186.9mg, Chiết xuất Bá Bệnh 180mg, Táo đỏ 180mg",Viên nang cứng,Sao Thái Dương,Hộp 6 viên,Thực phẩm chức năng | Sinh lý - Nội tiết tố | Sinh lý nam,thuc-pham-chuc-nang | thuc-pham-chuc-nang/sinh-ly-noi-tiet-to | thuc-pham-chuc-nang/sinh-ly-nam,True,True,70,0,https://nhathuoclongchau.com.vn/thuc-pham-chuc-nang/rocket-1h-tang-cuong-sinh-ly-nam-gioi-218.html,thuc-pham-chuc-nang,200
297,00007963,VINAGA DHA 100V,Dầu gấc viên nang Vinaga giúp tăng cường chống oxy hóa (100 viên),thuc-pham-chuc-nang/vinaga-dha-dau-gac-vien-nang-256.html,68000.0,Hộp,đ,https://cdn.nhathuoclongchau.com.vn/unsafe/https://cms-prod.s3-sgn09.fptcloud.com/00007963_vinaga_dha_dau_gac_vien_nang_4621_6399_large_27ca918909.jpg,"Beta carotene 65mg, (+)-alpha-tocopherol 11mg, Lycopene 54mg, DHA 12mg",Viên nang,Vinaga,Hộp 100 Viên,Thực phẩm chức năng | Cải thiện tăng cường chức năng,thuc-pham-chuc-nang | thuc-pham-chuc-nang/cai-thien-tang-cuong-chuc-nang,True,True,70,0,https://nhathuoclongchau.com.vn/thuc-pham-chuc-nang/vinaga-dha-dau-gac-vien-nang-256.html,thuc-pham-chuc-nang,200
298,00004290,LACTOMIN PLUS 30GÓI,"Cốm Probiotics Lactomin Plus Novarex bổ sung vi khuẩn có ích, giúp cân bằng hệ vi sinh đường ruột (30 gói)",thuc-pham-chuc-nang/lactomin-plus-ho-tro-phong-ngua-benh-duong-ruot-295.html,174000.0,Hộp,đ,https://cdn.nhathuoclongchau.com.vn/unsafe/https://cms-prod.s3-sgn09.fptcloud.com/00004290_lactomin_plus_ho_tro_phong_ngua_benh_duong_ruot_2678_63a9_large_e6399c9293.jpg,"Lactobacillus plantarum , Tá dược vừa đủ , Lactobacillus acidophilus , Bifidobacterium animalis subsp.lactis 100.000.000CFU",Cốm,Novarex,Hộp 30 Gói,Thực phẩm chức năng | Hỗ trợ tiêu hóa | Vi sinh - Probiotic,thuc-pham-chuc-nang | thuc-pham-chuc-nang/ho-tro-tieu-hoa | thuc-pham-chuc-nang/vi-sinh-probiotic,True,True,70,0,https://nhathuoclongchau.com.vn/thuc-pham-chuc-nang/lactomin-plus-ho-tro-phong-ngua-benh-duong-ruot-295.html,thuc-pham-chuc-nang,200
299,00005049,CỐM LỢI SỮA MUMMILK GOOD HEALTH 20 GÓI X 3G,"Cốm lợi sữa Mum Milk GOD HEALTH tăng tiết sữa, tăng chất lượng sữa (20 gói x 3g)",thuc-pham-chuc-nang/com-loi-sua-mum-milk-301.html,43000.0,Hộp,đ,https://cdn.nhathuoclongchau.com.vn/unsafe/https://cms-prod.s3-sgn09.fptcloud.com/IMG_3609_d833a79a82.jpg,"Calcium lactate 50mg, Cao Hạt Bông Gạo 150mg, Acid amin 100mg, Đông trùng hạ thảo 30mg",Cốm pha dung dịch uống,GOD HEALTH,Hộp 20 gói,Thực phẩm chức năng | Vitamin & Khoáng chất,thuc-pham-chuc-nang | thuc-pham-chuc-nang/vitamin-khoang-chat,True,True,70,0,https://nhathuoclongchau.com.vn/thuc-pham-chuc-nang/com-loi-sua-mum-milk-301.html,thuc-pham-chuc-nang,200
300,00001144,BẢO XUÂN GOLD NAM DƯỢC 3X10,"Viên uống Bảo Xuân Gold Nam Dược bổ sung phytoestrogen, cân bằng nội tiết tố nữ (3 vỉ x 10 viên)",thuc-pham-chuc-nang/bao-xuan-can-bang-noi-tiet-to-nu-348.html,120000.0,Hộp,đ,https://cdn.nhathuoclongchau.com.vn/unsafe/https://cms-prod.s3-sgn09.fptcloud.com/DSC_00636_d32ed7eef0.jpg,"Bạch thược 225mg, Đương quy 375mg, Xuyên khung 80mg, Lô hội 20mg, Nhân Sâm 100mg, Collagen cá 50mg, Vitamin E 12iu, chiết xuất mầm đậu nành 250mg, Thục địa 100mg",Viên nang,Nam Dược,Hộp 3 Vỉ x 10 Viên,Thực phẩm chức năng | Sinh lý - Nội tiết tố | Cân bằng nội tiết tố,thuc-pham-chuc-nang | thuc-pham-chuc-nang/sinh-ly-noi-tiet-to | thuc-pham-chuc-nang/can-bang-noi-tiet-to,True,True,70,0,https://nhathuoclongchau.com.vn/thuc-pham-chuc-nang/bao-xuan-can-bang-noi-tiet-to-nu-348.html,thuc-pham-chuc-nang,200
301,00002187,ĐẠI TRÀNG TÂM BÌNH 5X12,Viên uống Đại Tràng Tâm Bình hỗ trợ giảm các triệu chứng của viêm đại tràng cấp và mãn tính (5 vỉ x 12 viên),thuc-pham-chuc-nang/dai-trang-tam-binh-365.html,125000.0,Hộp,đ,https://cdn.nhathuoclongchau.com.vn/unsafe/https://cms-prod.s3-sgn09.fptcloud.com/00002187_dai_trang_tam_binh_2603_62b0_large_2822e6a3dd.jpg,"Bạch linh 150mg, Đảng Sâm 100mg, Trần bì 100mg, Mộc hương bắc 150mg, Hoài Sơn 100mg, Nhục đậu khấu 80mg, Mạch Nha 100mg, Sơn Tra 150mg, Sa nhân 80mg, Hoàng liên 80mg, Tá dược vừa đủ  , Bạch truật  , Cam thảo  ",Viên nang cứng,Tâm Bình,Hộp 5 vỉ x 12 viên,Thực phẩm chức năng | Hỗ trợ tiêu hóa | Đại tràng,thuc-pham-chuc-nang | thuc-pham-chuc-nang/ho-tro-tieu-hoa | thuc-pham-chuc-nang/dai-trang,True,True,70,0,https://nhathuoclongchau.com.vn/thuc-pham-chuc-nang/dai-trang-tam-binh-365.html,thuc-pham-chuc-nang,300
302,00008154,XUYÊN BỐI TỲ BÀ CAO 300ML,"Niệm Từ Am Hiếu Tử Xuyên Bồi Tỳ Bà Cao bổ phế, thanh giọng, giảm ho, tiêu đờm (300ml)",thuc-pham-chuc-nang/xuyen-boi-ty-ba-cao-300ml-413.html,170000.0,Chai,đ,https://cdn.nhathuoclongchau.com.vn/unsafe/https://cms-prod.s3-sgn09.fptcloud.com/00008154_xuyen_boi_ty_ba_cao_giam_ho_nhuan_phoi_300ml_7224_62ae_large_f2f08547a6.jpg,"Phục Linh 27mg, Nhân trần 27mg, Tỳ bà diệp 195mg, Ngũ vị tử 5mg, Xuyên bối mẫu 852mg, Chỉ xác 120mg, Qua lâu nhân 27mg, Cát cánh 72mg, Bán hạ chế 27mg, Gừng 27mg, Viễn chí 120mg, Mật ong 3870mg, Bạc hà 35mg, Cam thảo ",Dung dịch,Nin Jiom Pei Pa Koa,Chai,"Thực phẩm chức năng | Hỗ trợ điều trị | Hô hấp, ho, xoang",thuc-pham-chuc-nang | thuc-pham-chuc-nang/ho-tro-dieu-tri | thuc-pham-chuc-nang/suc-khoe-duong-ho-hap-ho-xoang,True,True,70,0,https://nhathuoclongchau.com.vn/thuc-pham-chuc-nang/xuyen-boi-ty-ba-cao-300ml-413.html,thuc-pham-chuc-nang,300
303,00003898,ÍCH THẬN VƯƠNG IMC 3X10,"Viên uống Ích Thận Vương Á Âu bổ thận, lợi tiểu (3 vỉ x 10 viên)",thuc-pham-chuc-nang/ich-than-vuong-cai-thien-chuc-nang-than-466.html,210000.0,Hộp,đ,https://cdn.nhathuoclongchau.com.vn/unsafe/https://cms-prod.s3-sgn09.fptcloud.com/00003898_ich_than_vuong_cai_thien_chuc_nang_than_1290_62af_large_4333314ba4.jpg,"Cao dành dành 150mg, Bạch phục linh 50mg, L-Carnitine 50mg, Coenzym Q10 5mg",Viên nén,Á Âu,Hộp 3 vỉ x 10 viên,"Thực phẩm chức năng | Hỗ trợ điều trị | Thận, tiền liệt tuyến",thuc-pham-chuc-nang | thuc-pham-chuc-nang/ho-tro-dieu-tri | thuc-pham-chuc-nang/than-tien-liet-tuyen,True,True,70,0,https://nhathuoclongchau.com.vn/thuc-pham-chuc-nang/ich-than-vuong-cai-thien-chuc-nang-than-466.html,thuc-pham-chuc-nang,300
304,00011216,MELATONIN 5MG NATURES BOUNTY 60V,"Viên uống Melatonin Nature's Bounty giúp điều hòa giấc ngủ, giúp ngủ sâu giấc (60 viên)",thuc-pham-chuc-nang/melatonin-5mg-natures-bounty-60v-484.html,190000.0,Hộp,đ,https://cdn.nhathuoclongchau.com.vn/unsafe/https://cms-prod.s3-sgn09.fptcloud.com/DSC_00507_429b55cc3c.jpg,"Melatonin 5mg, Tá dược vừa đủ ",Viên nang mềm,Nature's Bounty,Hộp 60 Viên,Thực phẩm chức năng | Thần kinh não | Hỗ trợ giấc ngủ ngon,thuc-pham-chuc-nang | thuc-pham-chuc-nang/than-kinh-nao | thuc-pham-chuc-nang/ho-tro-giac-ngu-ngon,True,True,70,0,https://nhathuoclongchau.com.vn/thuc-pham-chuc-nang/melatonin-5mg-natures-bounty-60v-484.html,thuc-pham-chuc-nang,300
305,00007924,VIÊN GIẢI RƯỢU ME21 Á CHÂU 1X4,Viên giải rượu ME-21 Á Châu điều hóa chuyển hóa rượu (1 vỉ x 4 viên),thuc-pham-chuc-nang/vien-giai-ruou-me21-dopharma-1x4-485.html,11000.0,Hộp,đ,https://cdn.nhathuoclongchau.com.vn/unsafe/https://cms-prod.s3-sgn09.fptcloud.com/00007924_vien_giai_ruou_me_21_dieu_hoa_chuyen_hoa_ruou_1988_5bb3_large_cbf544bdc6.JPG,"L-Glutamine 100mg, Succinic acid 100mg, Vitamin B1 50mg, Fumaric Acid 37.5mg, Tá dược vừa đủ , Vitamin C ",Viên nang,Á Châu,Hộp 1 vỉ x 4 viên,"Thực phẩm chức năng | Cải thiện tăng cường chức năng | Giải rượu, cai rượu",thuc-pham-chuc-nang | thuc-pham-chuc-nang/cai-thien-tang-cuong-chuc-nang | thuc-pham-chuc-nang/giai-ruou,True,True,70,0,https://nhathuoclongchau.com.vn/thuc-pham-chuc-nang/vien-giai-ruou-me21-dopharma-1x4-485.html,thuc-pham-chuc-nang,300
306,00001459,CÀ GAI LEO TUỆ LINH 60V,"Viên uống Cà Gai Leo Tuệ Linh bảo vệ và phục hồi tế bào gan, giải độc gan (60 viên)",thuc-pham-chuc-nang/ca-gai-leo-ho-tro-dieu-tri-cac-benh-ve-gan-489.html,130000.0,Hộp,đ,https://cdn.nhathuoclongchau.com.vn/unsafe/https://cms-prod.s3-sgn09.fptcloud.com/00001459_ca_gai_leo_ho_tro_dieu_tri_cac_benh_ve_gan_3510_62ae_large_c64a9eb921.jpg,"Giảo cổ lam 250mg, Cà gai leo 250mg, Tá dược vừa đủ ",Viên nén bao phim,Tuệ Linh,Hộp 60 viên,Thực phẩm chức năng | Cải thiện tăng cường chức năng | Chức năng gan,thuc-pham-chuc-nang | thuc-pham-chuc-nang/cai-thien-tang-cuong-chuc-nang | thuc-pham-chuc-nang/chuc-nang-gan,True,True,70,0,https://nhathuoclongchau.com.vn/thuc-pham-chuc-nang/ca-gai-leo-ho-tro-dieu-tri-cac-benh-ve-gan-489.html,thuc-pham-chuc-nang,300
307,00013459,SỮA GLUCERNA ABBOTT 800G,Sữa bột Glucerna Abbott bổ sung dinh dưỡng đặc biệt cho người đái tháo đường (800g),thuc-pham-chuc-nang/sua-bot-abbott-glucerna-cho-benh-nhan-tieu-duong-706.html,922000.0,Hộp,đ,https://cdn.nhathuoclongchau.com.vn/unsafe/https://cms-prod.s3-sgn09.fptcloud.com/DSC_09275_85d45ab994.jpg,"Choline , Chất béo thực vật , Đạm whey , Vitamin A , Vitamin D3 , Lecithins, soya , Dầu đậu nành , dầu hướng dương , Fructose , Protein , Glycerin ",Dạng bột,Abbott,Hộp,Thực phẩm chức năng | Dinh dưỡng | Sữa,thuc-pham-chuc-nang | thuc-pham-chuc-nang/dinh-duong | thuc-pham-chuc-nang/sua,True,True,70,0,https://nhathuoclongchau.com.vn/thuc-pham-chuc-nang/sua-bot-abbott-glucerna-cho-benh-nhan-tieu-duong-706.html,thuc-pham-chuc-nang,300
308,00000477,ACNACARE MEGA 3X10,Thực phẩm bảo vệ sức khỏe Acnacare bổ sung chất chống oxy hóa (3 vỉ x 10 viên),thuc-pham-chuc-nang/acnacare-mega-3x10-752.html,127000.0,Hộp,đ,https://cdn.nhathuoclongchau.com.vn/unsafe/https://cms-prod.s3-sgn09.fptcloud.com/00000477_acnacare_vien_uong_ngan_ngua_mun_6581_62b0_large_18c1276153.jpg,"Crom 130Mcg, Chromium picolinate 1.04mg, Vitamin E 15IU, D.Salina 20mg, Zinc 15mg, Zinc methionin 75mg, Vitamin C 60mg",Viên nang mềm,MEGA We care,Hộp 3 vỉ x 10 viên,Thực phẩm chức năng | Hỗ trợ làm đẹp | Da,thuc-pham-chuc-nang | thuc-pham-chuc-nang/lam-dep | thuc-pham-chuc-nang/da,True,True,70,0,https://nhathuoclongchau.com.vn/thuc-pham-chuc-nang/acnacare-mega-3x10-752.html,thuc-pham-chuc-nang,300
309,00007929,VIÊN KHỚP TÂM BÌNH 60V,"Viên khớp Tâm Bình hỗ trợ giảm các triệu chứng của thoái hóa khớp, viêm khớp (60 viên)",thuc-pham-chuc-nang/vien-khop-tam-binh-903.html,130000.0,Hộp,đ,https://cdn.nhathuoclongchau.com.vn/unsafe/https://cms-prod.s3-sgn09.fptcloud.com/IMG_3765_f9eada7dcb.jpg,"Tá dược vừa đủ , Bột mã tiền chế 20mg, Độc hoạt 350mg, Cẩu tích 350mg, Tục đoạn 350mg, Đỗ trọng 350mg, Hy thiêm 400mg, Ba kích 350mg, Ngưu tất (Rễ) 250mg, Đương quy 350mg, Bột thương truật 110mg",Viên nang cứng,Tâm Bình,Hộp 60 viên,Thực phẩm chức năng | Hỗ trợ điều trị | Cơ xương khớp,thuc-pham-chuc-nang | thuc-pham-chuc-nang/ho-tro-dieu-tri | thuc-pham-chuc-nang/xuong-khop,True,True,70,0,https://nhathuoclongchau.com.vn/thuc-pham-chuc-nang/vien-khop-tam-binh-903.html,thuc-pham-chuc-nang,300
310,00008090,VƯƠNG NÃO KHANG 30 GÓI,"Bột Vương Não Khang IMC hoạt huyết, tăng cường vi chất cho não, cải thiện giấc ngủ (30 gói)",thuc-pham-chuc-nang/vuong-nao-khang-tang-cuong-tri-tue-tre-tho-916.html,215000.0,Hộp,đ,https://cdn.nhathuoclongchau.com.vn/unsafe/https://cms-prod.s3-sgn09.fptcloud.com/00008090_vuong_nao_khang_tang_cuong_tri_tue_tre_tho_6650_62b1_large_1f1fb97f97.jpg,"Natri succinat 100mg, Taurine 40mg, Ginkgo biloba extract 20mg, Coenzym Q10 2.5mg, Vitamin B6 0.3mg, Acid folic 50mcg, Cao đinh lăng 230mg, Cao Thăng ma 150mg",Dạng bột,NPJ,Hộp 30 gói,Thực phẩm chức năng | Thần kinh não | Bổ não - cải thiện trí nhớ,thuc-pham-chuc-nang | thuc-pham-chuc-nang/than-kinh-nao | thuc-pham-chuc-nang/bo-nao-cai-thien-tri-nho,True,True,70,0,https://nhathuoclongchau.com.vn/thuc-pham-chuc-nang/vuong-nao-khang-tang-cuong-tri-tue-tre-tho-916.html,thuc-pham-chuc-nang,300
311,00009639,NEOPEPTINE F DROPS 15ML,Dung dịch uống Neopeptine F Drops Raptakos hỗ trợ tăng cường tiêu hóa và hấp thu thức ăn (15ml),thuc-pham-chuc-nang/neopeptine-f-1550.html,56000.0,Chai,đ,https://cdn.nhathuoclongchau.com.vn/unsafe/https://cms-prod.s3-sgn09.fptcloud.com/00009639_neopeptine_f_4243_5e5f_large_802fe0d932.JPG,"Tá dược vừa đủ , Papain 10mg, alpha-Amylase 20mg, Dầu thì 2mg, Dầu hồi 2mg, Dầu cây Caraway 2mg",Dung dịch uống,Raptakos,Chai,Thực phẩm chức năng | Hỗ trợ tiêu hóa | Khó tiêu,thuc-pham-chuc-nang | thuc-pham-chuc-nang/ho-tro-tieu-hoa | thuc-pham-chuc-nang/kho-tieu,True,True,70,0,https://nhathuoclongchau.com.vn/thuc-pham-chuc-nang/neopeptine-f-1550.html,thuc-pham-chuc-nang,300
312,00007304,Thiên Môn Bổ Phổi Bình Đông 280ml,"Dung dịch Thiên Môn Bổ Phổi Bình Đông giúp giảm ho, bổ phổi (280ml)",thuc-pham-chuc-nang/thien-mon-bo-phoi-280ml-2007.html,73000.0,Chai,đ,https://cdn.nhathuoclongchau.com.vn/unsafe/https://cms-prod.s3-sgn09.fptcloud.com/IMG_3801_51a935b51a.jpg,"Thiên môn đông 5.6, Bạc hà 8.4, Bách hộ 8.4, Trần bì 5.6, Tang bạch bì 5.6, Bình vôi 5.6, Gừng 2.8, Artiso 2.8, Kinh giới 2.8",Dung dịch,Bình Đông,Chai,"Thực phẩm chức năng | Hỗ trợ điều trị | Hô hấp, ho, xoang",thuc-pham-chuc-nang | thuc-pham-chuc-nang/ho-tro-dieu-tri | thuc-pham-chuc-nang/suc-khoe-duong-ho-hap-ho-xoang,True,True,70,0,https://nhathuoclongchau.com.vn/thuc-pham-chuc-nang/thien-mon-bo-phoi-280ml-2007.html,thuc-pham-chuc-nang,300
313,00005080,MYVITA MULTIVITAMIN CAM SPM 20V,Viên sủi MyVita Multi SPM vị cam bổ sung Vitamin và khoáng chất (20 viên),thuc-pham-chuc-nang/myvita-cam-2941.html,25000.0,Tuýp,đ,https://cdn.nhathuoclongchau.com.vn/unsafe/https://cms-prod.s3-sgn09.fptcloud.com/00005080_myvita_cam_5153_62ae_large_c867e14221.jpg,"Tá dược vừa đủ , Kẽm 1mg, Vitamin B6 2.5mg, Vitamin B5 6mg, Vitamin B2 1.6mg, Vitamin B1 1.2mg, Vitamin B3 18mg, Vitamin B8 80Mcg, Vitamin B9 , Vitamin C ",Viên nén sủi bọt,S.P.M,Tuýp 20 Viên,Thực phẩm chức năng | Vitamin & Khoáng chất | Vitamin tổng hợp,thuc-pham-chuc-nang | thuc-pham-chuc-nang/vitamin-khoang-chat | thuc-pham-chuc-nang/vitamin-tong-hop,True,True,70,0,https://nhathuoclongchau.com.vn/thuc-pham-chuc-nang/myvita-cam-2941.html,thuc-pham-chuc-nang,300
314,00016524,SỮA VITADAIRY NEPRO 1 GOLD 400G,"Sữa bột Nepro 1 Gold VitaDairy dành cho người bệnh thận có ure huyết tăng, người tiểu đường (400g)",thuc-pham-chuc-nang/nepro-1-gold-400g-14179.html,242000.0,Hộp,đ,https://cdn.nhathuoclongchau.com.vn/unsafe/https://cms-prod.s3-sgn09.fptcloud.com/00016524_nepro_1_gold_400g_5081_5e78_large_17ca9ce857.JPG,"FOS 1.15 , Năng lượng 120 , Protein 3.03 , Chất béo 5.04 , Carbohydrate 17.28 , Fructose 0.58, Vitamin tổng hợp , Khoáng chất , Palatinose 4.32, Polyols 3.46",Dạng bột,VITADAIRY,Hộp x 400g,Thực phẩm chức năng | Dinh dưỡng | Sữa,thuc-pham-chuc-nang | thuc-pham-chuc-nang/dinh-duong | thuc-pham-chuc-nang/sua,True,True,70,0,https://nhathuoclongchau.com.vn/thuc-pham-chuc-nang/nepro-1-gold-400g-14179.html,thuc-pham-chuc-nang,300
315,00016279,HO CẢM ÍCH NHI NAM DƯỢC 30 GÓI X 5ML,"Siro ho cảm Ích Nhi Nam Dược hỗ trợ giải cảm, giảm ho, tiêu đờm (30 gói x 5ml)",thuc-pham-chuc-nang/siro-ho-cam-ich-nhi-30-goi-x-5ml-14418.html,95000.0,Hộp,đ,https://cdn.nhathuoclongchau.com.vn/unsafe/https://cms-prod.s3-sgn09.fptcloud.com/IMG_3651_58da2ea223.jpg,"Tá dược vừa đủ , Mạch môn 1 , Mật ong 0.42 , Húng chanh 1 , Cát cánh 0.5 , Quất 0.42, Đường phèn 0.42, Gừng 0.17",Siro,Nam Dược,Hộp 30 Gói,"Thực phẩm chức năng | Hỗ trợ điều trị | Hô hấp, ho, xoang",thuc-pham-chuc-nang | thuc-pham-chuc-nang/ho-tro-dieu-tri | thuc-pham-chuc-nang/suc-khoe-duong-ho-hap-ho-xoang,True,True,70,0,https://nhathuoclongchau.com.vn/thuc-pham-chuc-nang/siro-ho-cam-ich-nhi-30-goi-x-5ml-14418.html,thuc-pham-chuc-nang,300
316,00016064,SỮA PROSURE VANI ABBOTT 380G,Sữa Prosure Abbott hương vani bổ sung dinh dưỡng chuyên biệt cho người đang sụt cân (380g),thuc-pham-chuc-nang/sua-prosure-380g-huong-vani-14631.html,528000.0,Hộp,đ,https://cdn.nhathuoclongchau.com.vn/unsafe/https://cms-prod.s3-sgn09.fptcloud.com/00016064_sua_prosure_380g_huong_vani_9033_62af_large_8479b7d3dc.jpg,"Chất Xơ 2.4 , Vitamin tổng hợp , Năng lượng 1.25 , Protein thuỷ phân 21%, EPA 1.1 , Taurine , Carnitine ",Dạng bột,Abbott,Hộp,Thực phẩm chức năng | Dinh dưỡng | Sữa,thuc-pham-chuc-nang | thuc-pham-chuc-nang/dinh-duong | thuc-pham-chuc-nang/sua,True,True,70,0,https://nhathuoclongchau.com.vn/thuc-pham-chuc-nang/sua-prosure-380g-huong-vani-14631.html,thuc-pham-chuc-nang,300
317,00015853,NƯỚC GIẢI RƯỢU ALCOFREE ROHTO 50ML,Dung dịch Alcofree Rohto giảm các triệu chứng khó chịu do uống rượu bia (50ml),thuc-pham-chuc-nang/nuoc-giai-ruou-alcofree-rohto-50ml-14838.html,43000.0,Chai,đ,https://cdn.nhathuoclongchau.com.vn/unsafe/https://cms-prod.s3-sgn09.fptcloud.com/DSC_04963_4c6ee6a5f6.jpg,"Linh chi 25mg, Đan sâm 500mg, Taurine 400mg, actisô 150mg, Vitamin B1 1mg, Vitamin B6 1mg, Vitamin C ",Dung dịch,Rohto,Chai,"Thực phẩm chức năng | Cải thiện tăng cường chức năng | Giải rượu, cai rượu",thuc-pham-chuc-nang | thuc-pham-chuc-nang/cai-thien-tang-cuong-chuc-nang | thuc-pham-chuc-nang/giai-ruou,True,True,70,0,https://nhathuoclongchau.com.vn/thuc-pham-chuc-nang/nuoc-giai-ruou-alcofree-rohto-50ml-14838.html,thuc-pham-chuc-nang,300
318,00015084,VƯƠNG BẢO NEW 80V,Viên uống Vương Bảo Thái Minh dùng cho nam giới bị u xơ tiền liệt tuyến (80 viên),thuc-pham-chuc-nang/vuong-bao-lo-80v-15106.html,485000.0,Hộp,đ,https://cdn.nhathuoclongchau.com.vn/unsafe/https://cms-prod.s3-sgn09.fptcloud.com/DSC_00015_22159d76d8.jpg,"Cao Náng hoa trắng 160mg, Cao ngải nhật 150mg, Cao Tàu bay 125mg, Cao Lá cây hoa ban 80mg, Cao Hải trung kim 60mg, Cao Sài hồ nam 50mg, Cao đơn kim 50mg, Cao Ngũ sắc 36mg",Viên nén,Thái Minh,Hộp 80 viên,"Thực phẩm chức năng | Hỗ trợ điều trị | Thận, tiền liệt tuyến",thuc-pham-chuc-nang | thuc-pham-chuc-nang/ho-tro-dieu-tri | thuc-pham-chuc-nang/than-tien-liet-tuyen,True,True,70,0,https://nhathuoclongchau.com.vn/thuc-pham-chuc-nang/vuong-bao-lo-80v-15106.html,thuc-pham-chuc-nang,300
319,00013513,SỮA PEPTAMEN NESTLE 400G,"Sữa Peptamen Nestlé cải thiện việc hấp thu đạm, không gây tiêu chảy (400g)",thuc-pham-chuc-nang/sua-peptamen-400g-15998.html,539000.0,Hộp,đ,https://cdn.nhathuoclongchau.com.vn/unsafe/https://cms-prod.s3-sgn09.fptcloud.com/DSC_04189_31abb41f86.png,"L-Carnitine , Taurine , Magnesium , Potassium , Calcium , Acid folic , Vitamin tổng hợp , Protein , Carbohydrate , Muối , Vitamin A , Vitamin B1 , Vitamin B2 , Vitamin B6 , Vitamin B12 , Vitamin K , Vitamin E , Vitamin C , Choline , Biotin , Niacin , Zinc , Iron , Pantothenic acid , Copper , Selenium , Chromium , Molybdenum , Vitamin D , Iodine , Phospho , Mangan , Sodium , Chloride ",Dạng bột,Nestlé,Hộp x 400g,Thực phẩm chức năng | Dinh dưỡng | Sữa,thuc-pham-chuc-nang | thuc-pham-chuc-nang/dinh-duong | thuc-pham-chuc-nang/sua,True,True,70,0,https://nhathuoclongchau.com.vn/thuc-pham-chuc-nang/sua-peptamen-400g-15998.html,thuc-pham-chuc-nang,300
320,00010637,SỮA GLUCERNA ABBOTT 380G,Sữa bột Glucerna Abbott bổ sung dinh dưỡng đặc biệt cho người đái tháo đường (380g),thuc-pham-chuc-nang/sua-abbott-glucerna-400g-16384.html,422000.0,Hộp,đ,https://cdn.nhathuoclongchau.com.vn/unsafe/https://cms-prod.s3-sgn09.fptcloud.com/DSC_09254_7fd83197a6.jpg,"Chất béo thực vật  , Đạm whey  , Maltodextrin  , Dầu đậu nành  , dầu hướng dương  , Vitamin A  , Vitamin D3  , Maltitol syrup  , Casein, milk  , Lecithins, soya  ",Dạng bột,Abbott,Hộp x 380g,Thực phẩm chức năng | Dinh dưỡng | Sữa,thuc-pham-chuc-nang | thuc-pham-chuc-nang/dinh-duong | thuc-pham-chuc-nang/sua,True,True,70,0,https://nhathuoclongchau.com.vn/thuc-pham-chuc-nang/sua-abbott-glucerna-400g-16384.html,thuc-pham-chuc-nang,300
321,00010616,HO CẢM ÍCH NHI NAM DƯỢC 90ML,"Siro ho cảm Ích Nhi Nam Dược hỗ trợ giải cảm, giảm ho, tiêu đờm (90ml)",thuc-pham-chuc-nang/siro-ho-cam-ich-nhi-90ml-16395.html,60000.0,Chai,đ,https://cdn.nhathuoclongchau.com.vn/unsafe/https://cms-prod.s3-sgn09.fptcloud.com/00010616_siro_ho_cam_ich_nhi_90ml_9860_62af_large_3095eb65b5.jpg,"Húng chanh 18 , Mạch môn 18 , Cát cánh 9 , Quất 7.56 , Mật ong 7.56 , Đường phèn 7.56 , Gừng 3.06 ",Siro,Nam Dược,Chai,"Thực phẩm chức năng | Hỗ trợ điều trị | Hô hấp, ho, xoang",thuc-pham-chuc-nang | thuc-pham-chuc-nang/ho-tro-dieu-tri | thuc-pham-chuc-nang/suc-khoe-duong-ho-hap-ho-xoang,True,True,70,0,https://nhathuoclongchau.com.vn/thuc-pham-chuc-nang/siro-ho-cam-ich-nhi-90ml-16395.html,thuc-pham-chuc-nang,300
322,00009595,SIRO HO Ong Vàng Herbal 30 gói x 5ml,"Siro ho Ong Vàng Thảo Dược Việt hỗ trợ làm ấm và sạch họng, giảm ho (30 gói x 5ml)",thuc-pham-chuc-nang/siro-ho-ong-vang-herbal-30-goi-x-5ml-16638.html,42000.0,Hộp,đ,https://cdn.nhathuoclongchau.com.vn/unsafe/https://cms-prod.s3-sgn09.fptcloud.com/IMG_3669_78fc457ecb.jpg,"Mật ong 50mg, Tinh dầu quế 0.2mg, Tinh dầu gừng 0.6mg, Eucalyptol 5mg, Tinh dầu tắc 0.2mg, Quất 1g",Siro,Thảo dược việt,Hộp 30 Gói,"Thực phẩm chức năng | Hỗ trợ điều trị | Hô hấp, ho, xoang",thuc-pham-chuc-nang | thuc-pham-chuc-nang/ho-tro-dieu-tri | thuc-pham-chuc-nang/suc-khoe-duong-ho-hap-ho-xoang,True,True,70,0,https://nhathuoclongchau.com.vn/thuc-pham-chuc-nang/siro-ho-ong-vang-herbal-30-goi-x-5ml-16638.html,thuc-pham-chuc-nang,300
323,00006640,SENSACOOL 6 GÓI,Bột sủi Sensa Cools Enesis giúp thanh nhiệt cơ thể và tăng cường sức đề kháng (6 gói x 7g),thuc-pham-chuc-nang/sensacool-16896.html,25000.0,Hộp,đ,https://cdn.nhathuoclongchau.com.vn/unsafe/https://cms-prod.s3-sgn09.fptcloud.com/00006640_sensacool_8075_62b1_large_b9dcf1757a.JPG,"Aspartame 0.03, Citric Acid 1.28, Sodium bicarbonate 1.03, Đường 3.14, Tá dược vừa đủ , chiết xuất chanh 0.35, chiết xuất alyxia stellata 1.05, Vỏ quế 0.01, Vitamin C ",Dạng bột,Enesis,Hộp 6 gói,Thực phẩm chức năng | Cải thiện tăng cường chức năng | Chức năng gan,thuc-pham-chuc-nang | thuc-pham-chuc-nang/cai-thien-tang-cuong-chuc-nang | thuc-pham-chuc-nang/chuc-nang-gan,True,True,70,0,https://nhathuoclongchau.com.vn/thuc-pham-chuc-nang/sensacool-16896.html,thuc-pham-chuc-nang,300
324,00006012,VIÊN SỦI BỔ SUNG VITAMIN TỔNG HỢP PLUSSSZ MAX MULTI VỊ CAM TUÝP 20V,Viên sủi Plusssz Gold Max vị cam bổ sung vitamin và khoáng chất cho cơ thể (20 viên),thuc-pham-chuc-nang/plusssz-max-multi-16942.html,40000.0,Tuýp,đ,https://cdn.nhathuoclongchau.com.vn/unsafe/https://cms-prod.s3-sgn09.fptcloud.com/00006012_plusssz_max_multi_9735_62ae_large_7b93afc57f.jpg,"Vitamin B1 1.4mg, Vitamin D3 2.5Mcg, Vitamin B3 18mg, Vitamin E 10mg, Vitamin B5 6mg, Zinc 2.5mg, Vitamin B6 2mg, Vitamin B2 1.6mg, Folic Acid 0.2mg, Biotin 150Mcg, Selenium 15Mcg, Vitamin B12 1Mcg",Viên sủi,NP Pharma,Tuýp 20 viên,Thực phẩm chức năng | Vitamin & Khoáng chất | Vitamin tổng hợp,thuc-pham-chuc-nang | thuc-pham-chuc-nang/vitamin-khoang-chat | thuc-pham-chuc-nang/vitamin-tong-hop,True,True,70,0,https://nhathuoclongchau.com.vn/thuc-pham-chuc-nang/plusssz-max-multi-16942.html,thuc-pham-chuc-nang,300
325,00000804,ANTOT IQ TRAPHACO 2X10 ỐNG,"Dung dịch Antot IQ Traphaco hỗ trợ sự phát triển não bộ, giúp trẻ ăn ngon miệng (20 ống x 10ml)",thuc-pham-chuc-nang/antot-20-ongh-17546.html,60000.0,Hộp,đ,https://cdn.nhathuoclongchau.com.vn/unsafe/https://cms-prod.s3-sgn09.fptcloud.com/00000804_antot_20_ongh_2901_5fdc_large_f0ad758ebe.jpg,"Lysine HCl 100mg, Choline 50mg, đạm men bia thuỷ phân 200mg",Dung dịch,Traphaco,Hộp 2 Vỉ x 10 Ống,Thực phẩm chức năng | Cải thiện tăng cường chức năng | Hỗ trợ trao đổi chất,thuc-pham-chuc-nang | thuc-pham-chuc-nang/cai-thien-tang-cuong-chuc-nang | thuc-pham-chuc-nang/ho-tro-trao-doi-chat,True,True,70,0,https://nhathuoclongchau.com.vn/thuc-pham-chuc-nang/antot-20-ongh-17546.html,thuc-pham-chuc-nang,300
326,00002091,CỐT THOÁI VƯƠNG Á ÂU 3X10,Viên uống Cốt Thoái Vương Á Âu hỗ trợ giảm triệu chứng viêm thoái hóa khớp (3 vỉ x 10 viên),thuc-pham-chuc-nang/cot-thoai-vuong-3x10-18072.html,160000.0,Hộp,đ,https://cdn.nhathuoclongchau.com.vn/unsafe/https://cms-prod.s3-sgn09.fptcloud.com/00002091_cot_thoai_vuong_3x10_9103_62af_large_d5f5e73796.jpg,"Dầu vẹm xanh 1mg, Glycine 100mg, Nhũ hương 50mg, Thiên niên kiện 300mg, MSM 80mg, Canxi 30mg, Magie 5.8mg, Vitamin B1 0.5mg, Vitamin B2 0.5mg, Vitamin K2 10mcg, Tá dược vừa đủ  ",Viên nén,Á Âu,Hộp 3 vỉ x 10 viên,Thực phẩm chức năng | Hỗ trợ điều trị | Cơ xương khớp,thuc-pham-chuc-nang | thuc-pham-chuc-nang/ho-tro-dieu-tri | thuc-pham-chuc-nang/xuong-khop,True,True,70,0,https://nhathuoclongchau.com.vn/thuc-pham-chuc-nang/cot-thoai-vuong-3x10-18072.html,thuc-pham-chuc-nang,300
327,00017054,SỮA VITADAIRY NEPRO 1 400G,Sữa bột Nepro 1 VitaDairy bổ sung dinh dưỡng giảm protein dành cho người bệnh thận (400g),thuc-pham-chuc-nang/sua-vitadairy-nepro-1-400g-18396.html,235000.0,Hộp,đ,https://cdn.nhathuoclongchau.com.vn/unsafe/https://cms-prod.s3-sgn09.fptcloud.com/00017054_sua_vitadairy_nepro_1_400g_7969_63ab_large_6656a90c76.jpg,"Acid amin , Protein 10.5, Năng lượng 443.5, Chất béo 15.1, Carbohydrate 66.4, FOS 3.5, Acid folic 133Mcg, Vitamin tổng hợp , Khoáng chất ",Dạng bột,VITADAIRY,Hộp,Thực phẩm chức năng | Dinh dưỡng | Sữa,thuc-pham-chuc-nang | thuc-pham-chuc-nang/dinh-duong | thuc-pham-chuc-nang/sua,True,True,70,0,https://nhathuoclongchau.com.vn/thuc-pham-chuc-nang/sua-vitadairy-nepro-1-400g-18396.html,thuc-pham-chuc-nang,300
328,00018721,SIRO ÍCH NHI 3+ NAM DƯỢC 90ML,"Siro Ích nhi 3+ Nam Dược giúp giảm ho, đờm, sổ mũi (90ml)",thuc-pham-chuc-nang/ho-cam-ich-nhi-3-nam-duoc-90ml-20026.html,60000.0,Chai,đ,https://cdn.nhathuoclongchau.com.vn/unsafe/https://cms-prod.s3-sgn09.fptcloud.com/IMG_0286_808f7cf842.jpg,"Húng chanh 4.5 , Quất 18 , Mật ong 3.6 , Cát cánh 9 , Mạch môn 18 , Gừng 0.45 , Tinh dầu bạc hà 4.5mg",Siro,Nam Dược,Chai,"Thực phẩm chức năng | Hỗ trợ điều trị | Hô hấp, ho, xoang",thuc-pham-chuc-nang | thuc-pham-chuc-nang/ho-tro-dieu-tri | thuc-pham-chuc-nang/suc-khoe-duong-ho-hap-ho-xoang,True,True,70,0,https://nhathuoclongchau.com.vn/thuc-pham-chuc-nang/ho-cam-ich-nhi-3-nam-duoc-90ml-20026.html,thuc-pham-chuc-nang,300
329,00020055,TENDOACTIVE REIG JOFRE 2X15,Viên uống Tendoactive Bioiberica bổ sung dưỡng chất nuôi dưỡng gân và dây chằng (2 vỉ x 15 viên),thuc-pham-chuc-nang/tendoactive-bioibericar-2x15-20356.html,382000.0,Hộp,đ,https://cdn.nhathuoclongchau.com.vn/unsafe/https://cms-prod.s3-sgn09.fptcloud.com/00020055_tendoactive_bioibericar_2x15_3411_6327_large_45ea943024.jpg,"collagen tuýp 1 80mg, Mucopolysaccharides 440mg, Mangan 0.6mg, Vitamin C 60mg",Viên nang mềm,Laboratorio Reig Jofre,Hộp 2 Vỉ x 15 Viên,Thực phẩm chức năng | Hỗ trợ điều trị,thuc-pham-chuc-nang | thuc-pham-chuc-nang/ho-tro-dieu-tri,True,True,70,0,https://nhathuoclongchau.com.vn/thuc-pham-chuc-nang/tendoactive-bioibericar-2x15-20356.html,thuc-pham-chuc-nang,300
330,00020850,BIOGAIA 5ML,Men vi sinh BioGaia Protectis Baby Drops bổ sung lợi khuẩn cho đường tiêu hóa (5ml),thuc-pham-chuc-nang/biogaia-5ml-21201.html,460000.0,Hộp,đ,https://cdn.nhathuoclongchau.com.vn/unsafe/https://cms-prod.s3-sgn09.fptcloud.com/00020850_biogaia_5ml_3956_5e97_large_8c469f6c9a.JPG,"Tinh dầu hướng dương , Lactobacillus reuteri DMS 17938 , Tinh dầu lõi cọ , Tá dược vừa đủ ",Dung dịch uống,Biogaia,Hộp x 5ml,Thực phẩm chức năng | Hỗ trợ tiêu hóa | Vi sinh - Probiotic,thuc-pham-chuc-nang | thuc-pham-chuc-nang/ho-tro-tieu-hoa | thuc-pham-chuc-nang/vi-sinh-probiotic,True,True,70,0,https://nhathuoclongchau.com.vn/thuc-pham-chuc-nang/biogaia-5ml-21201.html,thuc-pham-chuc-nang,300
331,00021567,HEVIHO SIRO ABIPHA 100ML,"Siro Heviho Thái Minh giảm đau rát họng, giảm ho, long đờm (100ml)",thuc-pham-chuc-nang/heviho-siro-abipha-60ml-21924.html,140000.0,Chai,đ,https://cdn.nhathuoclongchau.com.vn/unsafe/https://cms-prod.s3-sgn09.fptcloud.com/DSC_09695_92ad73c40b.jpg,"Xạ can 17.5mg, Cát cánh 9mg, Mạch môn 8mg, Xuyên bối mẫu 1.5mg, Kẽm Gluconat 55mg, S3-selebosin 0.9 ",Dung dịch uống,Thái Minh,Chai,"Thực phẩm chức năng | Hỗ trợ điều trị | Hô hấp, ho, xoang",thuc-pham-chuc-nang | thuc-pham-chuc-nang/ho-tro-dieu-tri | thuc-pham-chuc-nang/suc-khoe-duong-ho-hap-ho-xoang,True,True,70,0,https://nhathuoclongchau.com.vn/thuc-pham-chuc-nang/heviho-siro-abipha-60ml-21924.html,thuc-pham-chuc-nang,300
332,00022029,BỘT SỦI THANH NHIỆT LIVECOOL HƯƠNG DƯA GANG 10 GÓI X 7G,"Bột sủi Thanh Nhiệt Livecool Nam Dược hương dưa gang hỗ trợ giải độc, mát gan (10 gói x 7g)",thuc-pham-chuc-nang/bot-sui-thanh-nhiet-livecool-nam-duoc-10-goi-x-7g-22371.html,40000.0,Hộp,đ,https://cdn.nhathuoclongchau.com.vn/unsafe/https://cms-prod.s3-sgn09.fptcloud.com/00022029_bot_sui_thanh_nhiet_livecool_nam_duoc_10_goi_x_7g_7268_6230_large_950184cff9.jpg,"Tá dược vừa đủ , Rau má 100mg, Linh Chi Đỏ 50mg, chiết xuất chanh 250mg, chiết xuất dưa gang 250mg, chiết xuất atiso 200mg, Chiết xuất rau má 100mg, chiết xuất linh chi đỏ 50mg, Vitamin C 70mg",Dạng bột,Nam Dược,Hộp 10 gói,Thực phẩm chức năng | Cải thiện tăng cường chức năng | Chức năng gan,thuc-pham-chuc-nang | thuc-pham-chuc-nang/cai-thien-tang-cuong-chuc-nang | thuc-pham-chuc-nang/chuc-nang-gan,True,True,70,0,https://nhathuoclongchau.com.vn/thuc-pham-chuc-nang/bot-sui-thanh-nhiet-livecool-nam-duoc-10-goi-x-7g-22371.html,thuc-pham-chuc-nang,300
333,00022576,LINEABON K2+D3 ERGOPHARMA 10ML - TRẺ EM,Dung dịch LineaBon K2+D3 ErgoPharm hỗ trợ bổ sung Vitamin (10ml),thuc-pham-chuc-nang/lineabon-k2d3-ergopharm-10ml-tre-em-22902.html,295000.0,Hộp,đ,https://cdn.nhathuoclongchau.com.vn/unsafe/https://cms-prod.s3-sgn09.fptcloud.com/DSC_00167_7b53af64ca.png,"Vitamin D3 400iu, Vitamin K2 22.5mcg",Dung dịch,ERGOPHARMA,Hộp,Thực phẩm chức năng | Vitamin & Khoáng chất | Bổ sung Canxi & Vitamin D,thuc-pham-chuc-nang | thuc-pham-chuc-nang/vitamin-khoang-chat | thuc-pham-chuc-nang/canxi-vitamin-D,True,True,70,0,https://nhathuoclongchau.com.vn/thuc-pham-chuc-nang/lineabon-k2d3-ergopharm-10ml-tre-em-22902.html,thuc-pham-chuc-nang,300
334,00022705,VITABIOTICS OSTEOCARE 2X15,"Viên nén Osteocare Vitabiotics bổ sung canxi, khoáng chất cho xương chắc khoẻ (2 vỉ x 15 viên)",thuc-pham-chuc-nang/osteocare-vitabiotics-2x15-23027.html,257000.0,Hộp,đ,https://cdn.nhathuoclongchau.com.vn/unsafe/https://cms-prod.s3-sgn09.fptcloud.com/Osteocare_Tabs_F1_MR_3f805e94c4.jpg,"Calci carbonat 400mg, magnesi 150mg, Kẽm 5mg, Vitamin D3 5mcg",Viên nén,Vitabiotics,Hộp 2 Vỉ x 15 Viên,Thực phẩm chức năng | Vitamin & Khoáng chất | Bổ sung Canxi & Vitamin D,thuc-pham-chuc-nang | thuc-pham-chuc-nang/vitamin-khoang-chat | thuc-pham-chuc-nang/canxi-vitamin-D,True,True,70,0,https://nhathuoclongchau.com.vn/thuc-pham-chuc-nang/osteocare-vitabiotics-2x15-23027.html,thuc-pham-chuc-nang,300
335,00022706,VITABIOTICS FEROGLOBIN B12 30V,"Viên uống Feroglobin B12 Vitabiotics hỗ trợ tăng khả năng tạo máu, tăng cường sức khỏe (30 viên)",thuc-pham-chuc-nang/feroglobin-b12-vitabiotics-2x15-23028.html,363000.0,Hộp,đ,https://cdn.nhathuoclongchau.com.vn/unsafe/https://s3-sgn09.fptcloud.com/cms-prod/DSC_09612_482a78bdc1.png,"Vitamin B12 10mcg, Sắt 24mg, Kẽm 12mg, Vitamin B6 5mg, Đồng 2mg, Acid folic 500mcg",Viên nang,Vitabiotics,Hộp 2 vỉ x 15 viên,Thực phẩm chức năng | Vitamin & Khoáng chất,thuc-pham-chuc-nang | thuc-pham-chuc-nang/vitamin-khoang-chat,True,True,70,0,https://nhathuoclongchau.com.vn/thuc-pham-chuc-nang/feroglobin-b12-vitabiotics-2x15-23028.html,thuc-pham-chuc-nang,300
336,00030338,SÂM NHUNG TỐ NỮ TUỆ LINH 30V,Viên nén Sâm Nhung Tố Nữ Tuệ Linh hỗ trợ tăng cường nội tiết tố nữ (Hộp 30 viên),thuc-pham-chuc-nang/sam-nhung-to-nu-tue-linh-30-v.html,256000.0,Hộp,đ,https://cdn.nhathuoclongchau.com.vn/unsafe/https://cms-prod.s3-sgn09.fptcloud.com/1_484d0aaced.jpg,"Sâm tố nữ 250mg, Hồng sâm 100mg, Cao Nữ Lang 50mg, Thiên môn đông 50mg, Nhung hươu 30mg",Viên nén,Tuệ Linh,Hộp 30 Viên,Thực phẩm chức năng | Sinh lý - Nội tiết tố | Cân bằng nội tiết tố,thuc-pham-chuc-nang | thuc-pham-chuc-nang/sinh-ly-noi-tiet-to | thuc-pham-chuc-nang/can-bang-noi-tiet-to,True,True,70,0,https://nhathuoclongchau.com.vn/thuc-pham-chuc-nang/sam-nhung-to-nu-tue-linh-30-v.html,thuc-pham-chuc-nang,300
337,00031539,BIOAMICUS COMPLETE 10ML,"Dung dịch Bioamicus Complete 10ml hỗ trợ cải thiện hệ vi sinh đường ruột, giảm rối loạn tiêu hóa (10ml)",thuc-pham-chuc-nang/bioamicus-complete-10ml-31677.html,480000.0,Chai,đ,https://cdn.nhathuoclongchau.com.vn/unsafe/https://cms-prod.s3-sgn09.fptcloud.com/DSC_09677_9e436e45ea.jpg,"Lactobacillus Gasseri , Lactobacillus Johnsonii , Lactobacillus plantarum , Lactobacillus reuteri , Lactobacillus Salivarius , Bifidobacterium bifidum , Bifidobacterium Breve , Bifidobacterium longum , Bifidobacterium longum subsp. infantis , Bifidobacterium animalis subsp. Lactis ",Dung dịch uống,BIOAMICUS,Chai x 10ml,Thực phẩm chức năng | Hỗ trợ tiêu hóa,thuc-pham-chuc-nang | thuc-pham-chuc-nang/ho-tro-tieu-hoa,True,True,70,0,https://nhathuoclongchau.com.vn/thuc-pham-chuc-nang/bioamicus-complete-10ml-31677.html,thuc-pham-chuc-nang,300
338,00032397,JEX THẾ HỆ MỚI ECO 60V,"Viên uống Jex Ecogreen hỗ trợ giảm đau trong thoái hoá khớp, viêm khớp (60 viên)",thuc-pham-chuc-nang/jex-the-he-moi-eco-60v-32525.html,630000.0,Hộp,đ,https://cdn.nhathuoclongchau.com.vn/unsafe/https://cms-prod.s3-sgn09.fptcloud.com/00032397_jex_the_he_moi_eco_60v_8040_62b0_large_0e07e3b7bb.jpg,"Hydrolyzed Collagen Peptide 200mg, Undenatured type II collagen 40mg, White Willow Bark Extract 250mg, Chondroitin sulfate 100mg, Turmeric Root Extract 60mg, Soy Lecithin Powder 20mg, Bromelain 10mg, Eggshell Membrane Extract 40mg",Viên nang,Ecogreen,Hộp 60 viên,Thực phẩm chức năng | Hỗ trợ điều trị | Cơ xương khớp,thuc-pham-chuc-nang | thuc-pham-chuc-nang/ho-tro-dieu-tri | thuc-pham-chuc-nang/xuong-khop,True,True,70,0,https://nhathuoclongchau.com.vn/thuc-pham-chuc-nang/jex-the-he-moi-eco-60v-32525.html,thuc-pham-chuc-nang,300
339,00032624,VIÊN UỐNG BỔ SUNG NĂNG LƯỢNG PHARMATON ENERGY MULTIVITAMINS  MINERALS WITH GINSENG 30V,"Viên uống Pharmaton Energy hỗn hợp vitamin và khoáng chất giúp tỉnh táo, hỗ trợ giảm mệt mỏi (30 viên)",thuc-pham-chuc-nang/vien-uong-bo-sung-nang-luong-pharmaton-energy-multivitamins-minerals-with-ginseng-30v-32751.html,229000.0,Hộp,đ,https://cdn.nhathuoclongchau.com.vn/unsafe/https://cms-prod.s3-sgn09.fptcloud.com/IMG_6437_6c617a14fe.jpg,"magnesi 77.5mg, Vitamin C 80mg, Nhân Sâm 40mg, Kẽm 10mg, Sắt 8.3mg, Vitamin E 12mg, Niacin 17.5mg, Vitamin B5 6.3mg, Mangan 2mg, Vitamin B6 2.8mg, Vitamin B1 2.1mg, Đồng 1mg, Vitamin B2 2.2mg, Vitamin A 640Mcg, Folic Acid 300Mcg, Selen 55Mcg, Biotin 38Mcg, Vitamin D3 6Mcg, Vitamin B12 3Mcg",Viên nén,Sanofi,Hộp 30 Viên,Thực phẩm chức năng | Vitamin & Khoáng chất | Vitamin tổng hợp,thuc-pham-chuc-nang | thuc-pham-chuc-nang/vitamin-khoang-chat | thuc-pham-chuc-nang/vitamin-tong-hop,True,True,70,0,https://nhathuoclongchau.com.vn/thuc-pham-chuc-nang/vien-uong-bo-sung-nang-luong-pharmaton-energy-multivitamins-minerals-with-ginseng-30v-32751.html,thuc-pham-chuc-nang,300
340,00049683,SÂM NHUNG BỔ THẬN TW3 PLATINUM 60V,Sâm Nhung Bổ Thận TW3 Platinum hỗ trợ bổ thận tráng dương (60 viên),thuc-pham-chuc-nang/sam-nhung-bo-than-tw-3-platinum-60-v.html,688000.0,Hộp,đ,https://cdn.nhathuoclongchau.com.vn/unsafe/https://cms-prod.s3-sgn09.fptcloud.com/1_9e25b37d79.jpg,"Cao đặc hỗn hợp 650mg, Nhân Sâm 150mg, Lộc Nhung 45mg, Bột khô thịt hàu 30mg, Cao đặc gạc hươu 7.2mg",Viên nang cứng,Tw3,Hộp 60 Viên,Thực phẩm chức năng | Sinh lý - Nội tiết tố | Sinh lý nam,thuc-pham-chuc-nang | thuc-pham-chuc-nang/sinh-ly-noi-tiet-to | thuc-pham-chuc-nang/sinh-ly-nam,True,True,60,0,https://nhathuoclongchau.com.vn/thuc-pham-chuc-nang/sam-nhung-bo-than-tw-3-platinum-60-v.html,thuc-pham-chuc-nang,300
341,00041827,BIOAMICUS OMEGA-3 30ML,Thực phẩm bảo vệ sức khỏe Bioamicus Omega-3 hỗ trợ tốt cho mắt và não (30ml),thuc-pham-chuc-nang/bioamicus-omega-3-30-ml.html,385000.0,Hộp,đ,https://cdn.nhathuoclongchau.com.vn/unsafe/https://cms-prod.s3-sgn09.fptcloud.com/DSC_02549_f5641ec3b0.jpg,"Omega 3 140mg, docosa hexaenoic acid 100mg, Eicosapentaenoic acid 20mg",Dung dịch,BIOAMICUS,Hộp,Thực phẩm chức năng | Vitamin & Khoáng chất | Vitamin tổng hợp,thuc-pham-chuc-nang | thuc-pham-chuc-nang/vitamin-khoang-chat | thuc-pham-chuc-nang/vitamin-tong-hop,True,True,60,0,https://nhathuoclongchau.com.vn/thuc-pham-chuc-nang/bioamicus-omega-3-30-ml.html,thuc-pham-chuc-nang,300
342,00039910,ORIHIRO FISH OIL 180V,Viên uống Orihiro Fish Oil hỗ trợ tốt cho não bộ và thị lực (180 viên),thuc-pham-chuc-nang/orihiro-fish-oil-180-v.html,431000.0,Hộp,đ,https://cdn.nhathuoclongchau.com.vn/unsafe/https://cms-prod.s3-sgn09.fptcloud.com/DSC_09197_610196c48f.jpg,Dầu cá 1150mg,Viên nang mềm,ORIHIRO,Hộp 180 Viên,"Thực phẩm chức năng | Vitamin & Khoáng chất | Dầu cá, Omega 3, DHA",thuc-pham-chuc-nang | thuc-pham-chuc-nang/vitamin-khoang-chat | thuc-pham-chuc-nang/dau-ca-omega-3-dha,True,True,60,0,https://nhathuoclongchau.com.vn/thuc-pham-chuc-nang/orihiro-fish-oil-180-v.html,thuc-pham-chuc-nang,300
343,00039909,ORIHIRO GLUCOSAMINE 900 900V,"Viên nén Orihiro Glucosamine 900 hỗ trợ làm trơn ổ khớp, hạn chế lão hóa khớp (900 viên)",thuc-pham-chuc-nang/orihiro-glucosamine-900-900-v.html,645000.0,Hộp,đ,https://cdn.nhathuoclongchau.com.vn/unsafe/https://cms-prod.s3-sgn09.fptcloud.com/DSC_09160_f0ac0588b5.jpg,"Glucosamine HCl (từ tôm và cua) 1500mg, Phức hợp protein mucopolysaccharide 100mg, Collagen thủy phân lên men (nguồn gốc từ lợn) 100mg, Dolomite 78mg, Bột dầu ăn 50mg, chiết xuất mầm đậu nành 10mg, Chiết xuất sụn gà 10mg, Men chứa kẽm 10mg, Vitamin B6 3.5mg, Vitamin B1 2mg, Hyaluronic acid phân tử lượng thấp 1mg, Folic Acid 250mcg, Vitamin D 3.5mcg",Viên nén,ORIHIRO,Hộp 900 Viên,Thực phẩm chức năng | Hỗ trợ điều trị | Cơ xương khớp,thuc-pham-chuc-nang | thuc-pham-chuc-nang/ho-tro-dieu-tri | thuc-pham-chuc-nang/xuong-khop,True,True,60,0,https://nhathuoclongchau.com.vn/thuc-pham-chuc-nang/orihiro-glucosamine-900-900-v.html,thuc-pham-chuc-nang,300
344,00039505,SỮA ABBOTT ENSURE GOLD STRENGTHPRO HƯƠNG VANI ÍT NGỌT 380G,"Sữa bột Ensure Gold StrengthPro Abbott hương vani, ít ngọt, tăng cường sức khỏe khối cơ, tăng miễn dịch (380g)",thuc-pham-chuc-nang/sua-abbott-ensure-gold-strengthpro-huong-vani-it-ngot-380-g.html,435000.0,Hộp,đ,https://cdn.nhathuoclongchau.com.vn/unsafe/https://cms-prod.s3-sgn09.fptcloud.com/DSC_09236_e292fe35ad.jpg,"Tinh bột bắp thủy phân , Dầu thực vật , Sucrose , Natri caseinat , Đạm đậu nành , Oligofructose , Đạm whey , Khoáng chất , CaHMB , Hương vani tổng hợp , Beta Glucan , Vitamins , Choline Chloride , Taurine , L-Carnitine ",Dạng bột,Abbott,Hộp x 380g,Thực phẩm chức năng | Dinh dưỡng | Sữa,thuc-pham-chuc-nang | thuc-pham-chuc-nang/dinh-duong | thuc-pham-chuc-nang/sua,True,True,60,0,https://nhathuoclongchau.com.vn/thuc-pham-chuc-nang/sua-abbott-ensure-gold-strengthpro-huong-vani-it-ngot-380-g.html,thuc-pham-chuc-nang,300
345,00039375,YẾN SÀO KIDNEST TÂM SEN GOOD HEALTH 150ML,"Yến sào Kid Nest Tâm Sen Good Health bổi bổ sức khỏe, tăng thể trạng cho trẻ (150ml) ",cham-soc-ca-nhan/yen-sao-kidnest-tam-sen-good-health-150-ml.html,52000.0,Hộp,đ,https://cdn.nhathuoclongchau.com.vn/unsafe/https://cms-prod.s3-sgn09.fptcloud.com/DSC_09992_a12a334ad7.jpg,"Yến sào thủy phân 300mg, Ngân nhĩ 1500mg, Táo Nhân 450mg, Vitamin B1 15mg, Men bia tươi 9000mg, Calci lactat 750mg, Lysine 15000mg, Tâm sen 450mg, Lạc tiên 450mg, Vitamin B6 7.5mg, Đường phèn , Vanilla ",Dung dịch uống,GOD HEALTH,Hộp x 150ml,Thực phẩm chức năng | Thần kinh não | Hỗ trợ giấc ngủ ngon,thuc-pham-chuc-nang | thuc-pham-chuc-nang/than-kinh-nao | thuc-pham-chuc-nang/ho-tro-giac-ngu-ngon,True,True,60,0,https://nhathuoclongchau.com.vn/cham-soc-ca-nhan/yen-sao-kidnest-tam-sen-good-health-150-ml.html,thuc-pham-chuc-nang,300
346,00038904,BIOAMICUS VITAMIN K2 & D3 10 ML,"Dung dịch Biomicus For Infants And Children Vitamin K2 And D3 hỗ trợ tốt cho xương, răng của bé (10ml)",thuc-pham-chuc-nang/bioamicus-vitamin-k2-and-d3-10-ml.html,330000.0,Hộp,đ,https://cdn.nhathuoclongchau.com.vn/unsafe/https://cms-prod.s3-sgn09.fptcloud.com/DSC_09663_4125cf4a43.jpg,"Vitamin D3 100iu, Vitamin K2 4mcg, Medium chain triglyceride , DL-alpha-Tocopherol ",Dung dịch uống,BIOAMICUS,Hộp 1 Lọ,Thực phẩm chức năng | Vitamin & Khoáng chất | Bổ sung Canxi & Vitamin D,thuc-pham-chuc-nang | thuc-pham-chuc-nang/vitamin-khoang-chat | thuc-pham-chuc-nang/canxi-vitamin-D,True,True,60,0,https://nhathuoclongchau.com.vn/thuc-pham-chuc-nang/bioamicus-vitamin-k2-and-d3-10-ml.html,thuc-pham-chuc-nang,300
347,00502765,KHƯƠNG THẢO ĐAN GOLD 30V,"Viên uống Khương Thảo Đan Gold Thái Minh giảm đau, làm trơn khớp và phục hồi sụn khớp (30 viên)",thuc-pham-chuc-nang/khuong-thao-dan-gold-30v-37070.html,173000.0,Hộp,đ,https://cdn.nhathuoclongchau.com.vn/unsafe/https://cms-prod.s3-sgn09.fptcloud.com/TUK_07238_8ac82c144e.jpg,"Cao Phòng phong 38mg, Cao độc hoạt 76mg, Tang ký sinh 76mg, Cao ngưu tất 38mg, Cao đương quy 38mg, Cao Quế chi 19mg, cao hy thiêm 38mg, Xuyên khung 19mg, Caryotin 70mg, KGA1 20mg, Collagen type II 20mg, Cao Thổ Phục linh 38mg",Viên nang cứng,Thái Minh,Hộp 30 Viên,Thực phẩm chức năng | Hỗ trợ điều trị | Cơ xương khớp,thuc-pham-chuc-nang | thuc-pham-chuc-nang/ho-tro-dieu-tri | thuc-pham-chuc-nang/xuong-khop,True,True,60,0,https://nhathuoclongchau.com.vn/thuc-pham-chuc-nang/khuong-thao-dan-gold-30v-37070.html,thuc-pham-chuc-nang,300
348,00502517,OPTIBAC FOR WOMEN 90V,Viên uống Optibac For Women Optibac Probiotics bổ sung lợi khuẩn hỗ trợ sức khỏe nữ giới (90 viên),thuc-pham-chuc-nang/optibac-for-women-90-v.html,1100000.0,Hộp,đ,https://cdn.nhathuoclongchau.com.vn/unsafe/https://cms-prod.s3-sgn09.fptcloud.com/DSC_07827_1c76321228.png,"Lactobacillus rhamnosus 0.5X10^9cfu, Lactobacillus reuteri 0.5X10^9cfu, Lactobacillus paracasei 1.5X10^9cfu",Viên nang cứng,OPTIBAC PROBIOTICS,Hộp 90 Viên,Thực phẩm chức năng | Sinh lý - Nội tiết tố,thuc-pham-chuc-nang | thuc-pham-chuc-nang/sinh-ly-noi-tiet-to,True,True,60,0,https://nhathuoclongchau.com.vn/thuc-pham-chuc-nang/optibac-for-women-90-v.html,thuc-pham-chuc-nang,300
349,00500960,SIRO GADOPAX FORTE 100ML,Siro Gadopax Forte hỗ trợ tăng sức đề kháng của cơ thể (100ml),thuc-pham-chuc-nang/siro-gadopax-forte-100-ml.html,298000.0,Hộp,đ,https://cdn.nhathuoclongchau.com.vn/unsafe/https://cms-prod.s3-sgn09.fptcloud.com/gadopax_1_aa2c5330c2.jpg,"Vitamin D 5mcg, Kẽm 3mg, Vitamin C 25mg",Siro,VALENS,Hộp x 100ml,Thực phẩm chức năng | Vitamin & Khoáng chất,thuc-pham-chuc-nang | thuc-pham-chuc-nang/vitamin-khoang-chat,True,True,60,0,https://nhathuoclongchau.com.vn/thuc-pham-chuc-nang/siro-gadopax-forte-100-ml.html,thuc-pham-chuc-nang,300
350,00500111,BRAUER BABY KIDS LIQUID ZINC 200ML,"Siro Brauer Baby & Kids Liquid Zinc bổ sung kẽm, tăng sức đề kháng cho trẻ (200ml)",thuc-pham-chuc-nang/brauer-baby-kids-liquid-zinc-200ml-34195.html,475000.0,Hộp,đ,https://cdn.nhathuoclongchau.com.vn/unsafe/https://cms-prod.s3-sgn09.fptcloud.com/DSC_03594_d9d39b4d3f.jpg,"Betacarotene 0.08mg, Zinc glycinate 3.26mg, Colecalciferol 0.035mg, Acid Ascorbic 7mg",Dung dịch uống,Brauer,Hộp,"Thực phẩm chức năng | Cải thiện tăng cường chức năng | Tăng sức đề kháng, miễn dịch",thuc-pham-chuc-nang | thuc-pham-chuc-nang/cai-thien-tang-cuong-chuc-nang | thuc-pham-chuc-nang/ho-tro-mien-dich-tang-suc-de-khang,True,True,60,0,https://nhathuoclongchau.com.vn/thuc-pham-chuc-nang/brauer-baby-kids-liquid-zinc-200ml-34195.html,thuc-pham-chuc-nang,300
351,00033130,BÌNH VỊ THÁI MINH 80V,"Viên uống Bình Vị Thái Minh hỗ trợ giảm acid dịch vị, giúp bảo vệ niêm mạc dạ dày (80 viên)",thuc-pham-chuc-nang/binh-vi-thai-minh-80v-33247.html,595000.0,Hộp,đ,https://cdn.nhathuoclongchau.com.vn/unsafe/https://cms-prod.s3-sgn09.fptcloud.com/DSC_09952_b2f2183a56.jpg,"Núc nác 100mg, Thương truật 100mg, Kẽm Gluconat 18.75mg, Giganosin 250mg, Mucosave FG HIA 100mg",Viên nén,Thái Minh,Hộp 80 Viên,"Thực phẩm chức năng | Hỗ trợ tiêu hóa | Dạ dày, tá tràng",thuc-pham-chuc-nang | thuc-pham-chuc-nang/ho-tro-tieu-hoa | thuc-pham-chuc-nang/da-day-ta-trang,True,True,60,0,https://nhathuoclongchau.com.vn/thuc-pham-chuc-nang/binh-vi-thai-minh-80v-33247.html,thuc-pham-chuc-nang,300
352,00032831,CUMARGOLD NANO CURCUMIN NEW 4X10,Viên uống CumarGold Nano Curcumin New CVI Pharma hỗ trợ bảo vệ niêm mạc dạ dày (4 vỉ x 10 viên),thuc-pham-chuc-nang/cumargold-nano-curcumin-new-4x10-32939.html,360000.0,Hộp,đ,https://cdn.nhathuoclongchau.com.vn/unsafe/https://cms-prod.s3-sgn09.fptcloud.com/00032831_cumargold_nano_curcumin_new_4x10_2219_6198_large_59befe4c51.jpg,"Nano Curcumin 150mg, Ginger 15mg, Piperine 0.3mg",Viên nang mềm,CVI Pharma,Hộp 4 Vỉ x 10 Viên,"Thực phẩm chức năng | Hỗ trợ tiêu hóa | Dạ dày, tá tràng",thuc-pham-chuc-nang | thuc-pham-chuc-nang/ho-tro-tieu-hoa | thuc-pham-chuc-nang/da-day-ta-trang,True,True,60,0,https://nhathuoclongchau.com.vn/thuc-pham-chuc-nang/cumargold-nano-curcumin-new-4x10-32939.html,thuc-pham-chuc-nang,300
353,00001279,BIOACIMIN-FIBER MERACINE 30 GÓI,"Cốm vi sinh Bio-acimin Fiber Meracine bổ sung chất xơ hòa tan, giảm tình trạng táo bón (30 gói)",thuc-pham-chuc-nang/bioacimin-fiber-264.html,135000.0,Hộp,đ,https://cdn.nhathuoclongchau.com.vn/unsafe/https://cms-prod.s3-sgn09.fptcloud.com/DSC_04142_bcf715939d.jpg,"Lactobacillus acidophilus 10^8cfu, Orafti synergy 2500mg, Bifidobacterium 10^8cfu, Tá dược vừa đủ  ",Cốm pha dung dịch uống,MERACINE,Hộp 30 Gói,Thực phẩm chức năng | Hỗ trợ tiêu hóa | Táo bón,thuc-pham-chuc-nang | thuc-pham-chuc-nang/ho-tro-tieu-hoa | thuc-pham-chuc-nang/tao-bon,True,True,60,0,https://nhathuoclongchau.com.vn/thuc-pham-chuc-nang/bioacimin-fiber-264.html,thuc-pham-chuc-nang,300
354,00001280,BIO ACIMIN GOLD MERACINE 30 GÓI,"Cốm vi sinh Bioacimin Gold Meracine cân bằng hệ vi sinh đường ruột, giảm nguy cơ rối loạn tiêu hóa (30 gói)",thuc-pham-chuc-nang/com-vi-sinh-bio-acimin-gold-271.html,145000.0,Hộp,đ,https://cdn.nhathuoclongchau.com.vn/unsafe/https://cms-prod.s3-sgn09.fptcloud.com/DSC_04150_09c68a8bd7.jpg,"Bacillus clausii 108cfu, Bacillus subtilis 108cfu, Saccharomyces boulardii đông khô 108cfu, Vitamin B1 0.5mg, Vitamin B2 0.5mg, Vitamin B6 0.5mg, Acid folic 150 , Vitamin D3 80 , Selen 10 , Calci lactat 100mg, L-Lysine hydrochloride 40mg, Beta Glucan 10mg, immunepath-ip 10mg, Coenzym Q10 5mg, Taurine 2mg, Vitamin B5 2mg, Kẽm 1mg, Bacillus coagulans 10^8cfu, Tinh chất men bia 1.2g",Cốm pha dung dịch uống,MERACINE,Hộp 30 Gói,Thực phẩm chức năng | Hỗ trợ tiêu hóa,thuc-pham-chuc-nang | thuc-pham-chuc-nang/ho-tro-tieu-hoa,True,True,60,0,https://nhathuoclongchau.com.vn/thuc-pham-chuc-nang/com-vi-sinh-bio-acimin-gold-271.html,thuc-pham-chuc-nang,300
355,00001145,BẢO XUÂN 50+ NAM DƯỢC 3X10,Viên uống Bảo Xuân Tuổi 50+ Nam Dược bổ sung và hỗ trợ cân bằng nội tiết tố nữ Estrogen (3 vỉ x 10 viên),thuc-pham-chuc-nang/bao-xuan-50-can-bang-noi-tiet-to-nu-350.html,150000.0,Hộp,đ,https://cdn.nhathuoclongchau.com.vn/unsafe/https://cms-prod.s3-sgn09.fptcloud.com/00001145_bao_xuan_50_can_bang_noi_tiet_to_nu_4245_62af_large_b1b05ec557.jpg,"Tá dược vừa đủ  , Tinh chất mầm đậu nành 300mg, Collagen 50mg, Vitamin D3 200iu, Canxi lactate 33mg, Đương quy 750mg, Bạch thược 450mg, Thục địa 100mg, Xuyên khung 50mg",Viên nang,Nam Dược,Hộp 3 Vỉ x 10 Viên,Thực phẩm chức năng | Sinh lý - Nội tiết tố | Cân bằng nội tiết tố,thuc-pham-chuc-nang | thuc-pham-chuc-nang/sinh-ly-noi-tiet-to | thuc-pham-chuc-nang/can-bang-noi-tiet-to,True,True,60,0,https://nhathuoclongchau.com.vn/thuc-pham-chuc-nang/bao-xuan-50-can-bang-noi-tiet-to-nu-350.html,thuc-pham-chuc-nang,300
356,00007939,TRINH NỮ HOÀNG CUNG DOLEXPHAR 60V,Viên uống Trinh Nữ Hoàng Cung Dolexphar hỗ trợ giảm sự tiến triển của u xơ tử cung (60 viên),thuc-pham-chuc-nang/trinh-nu-hoang-cung-ho-tro-dieu-tri-benh-u-xo-368.html,71000.0,Hộp,đ,https://cdn.nhathuoclongchau.com.vn/unsafe/https://cms-prod.s3-sgn09.fptcloud.com/TUK_08703_67b0ab151b.jpg,"Khương hoàng 50mg, Bán chi liên 200mg, Tam thất 120mg, Bạch hoa xà thiệt thảo 500mg, Trinh nữ hoàng cung 1800mg",Viên nang,Dolexphar,Hộp 60 Viên,Thực phẩm chức năng | Hỗ trợ điều trị,thuc-pham-chuc-nang | thuc-pham-chuc-nang/ho-tro-dieu-tri,True,True,60,0,https://nhathuoclongchau.com.vn/thuc-pham-chuc-nang/trinh-nu-hoang-cung-ho-tro-dieu-tri-benh-u-xo-368.html,thuc-pham-chuc-nang,300
357,00002393,DIABETNA NAM DƯỢC 4X10,"Viên uống Diabetna Nam Dược hỗ trợ giảm đường huyết, giảm HbA1c (4 vỉ x 10 viên)",thuc-pham-chuc-nang/diabetna-vien-uong-ha-duong-huyet-mo-mau-370.html,108000.0,Hộp,đ,https://cdn.nhathuoclongchau.com.vn/unsafe/https://cms-prod.s3-sgn09.fptcloud.com/IMG_3624_d4aa0421ec.jpg,Chiết xuất cây thìa canh  ,Viên nang,Nam Dược,Hộp 4 Vỉ x 10 Viên,Thực phẩm chức năng | Hỗ trợ điều trị | Hỗ trợ điều trị tiểu đường,thuc-pham-chuc-nang | thuc-pham-chuc-nang/ho-tro-dieu-tri | thuc-pham-chuc-nang/tieu-duong,True,True,60,0,https://nhathuoclongchau.com.vn/thuc-pham-chuc-nang/diabetna-vien-uong-ha-duong-huyet-mo-mau-370.html,thuc-pham-chuc-nang,300
358,00003896,ÍCH TÂM KHANG HỒNG BÀNG 3X10,"Viên uống Ích Tâm Khang Hồng Bàng hỗ trợ giảm triệu chứng khó thở, phù do suy tim (3 vỉ x 10 viên)",thuc-pham-chuc-nang/ich-tam-khang-721.html,195000.0,Hộp,đ,https://cdn.nhathuoclongchau.com.vn/unsafe/https://cms-prod.s3-sgn09.fptcloud.com/00003896_ich_tam_khang_9056_62af_large_4a685f1e40.jpg,"Nattokinase 50mg, L-Carnitine 20mg, Hoàng đằng 50mg, Đan sâm 100mg, Magie 5.9mg, Tá dược vừa đủ  ",Viên nén,Đông Tây,Hộp 3 vỉ x 10 viên,Thực phẩm chức năng | Sức khoẻ tim mạch,thuc-pham-chuc-nang | thuc-pham-chuc-nang/tim-mach-huyet-ap,True,True,60,0,https://nhathuoclongchau.com.vn/thuc-pham-chuc-nang/ich-tam-khang-721.html,thuc-pham-chuc-nang,300
359,00000771,AN TRĨ VƯƠNG VINH GIA 3X10,"Viên uống An Trĩ Vương Vinh Gia thanh nhiệt, giải độc, tăng sức bền thành mạch (3 vỉ x 10 viên)",thuc-pham-chuc-nang/an-tri-vuong-771.html,175000.0,Hộp,đ,https://cdn.nhathuoclongchau.com.vn/unsafe/https://cms-prod.s3-sgn09.fptcloud.com/00000771_an_tri_vuong_9241_62af_large_5912291e0a.jpg,"Magie 30mg, Meriva 5mg, Rutin 25mg, Đương quy 150mg, Diếp cá 450mg",Viên nén,Vinh Gia,Hộp 3 vỉ x 10 viên,Thực phẩm chức năng | Hỗ trợ điều trị | Hỗ trợ điều trị trĩ,thuc-pham-chuc-nang | thuc-pham-chuc-nang/ho-tro-dieu-tri | thuc-pham-chuc-nang/tri,True,True,60,0,https://nhathuoclongchau.com.vn/thuc-pham-chuc-nang/an-tri-vuong-771.html,thuc-pham-chuc-nang,300
360,00005157,NATTOSPES IMC 3X10,Viên uống Nattospes Á Âu hỗ trợ giảm nguy cơ hình thành và làm tan cục máu đông (3 vỉ x 10 viên),thuc-pham-chuc-nang/nattospecs-tang-cuong-suc-khoe-tuan-hoan-861.html,160000.0,Hộp,đ,https://cdn.nhathuoclongchau.com.vn/unsafe/https://cms-prod.s3-sgn09.fptcloud.com/IMG_6883_37a908aa20.jpg,Nattokinase 300,Viên nang,Á Âu,Hộp 3 vỉ x 10 viên,Thực phẩm chức năng | Thần kinh não | Bổ não - cải thiện trí nhớ,thuc-pham-chuc-nang | thuc-pham-chuc-nang/than-kinh-nao | thuc-pham-chuc-nang/bo-nao-cai-thien-tri-nho,True,True,60,0,https://nhathuoclongchau.com.vn/thuc-pham-chuc-nang/nattospecs-tang-cuong-suc-khoe-tuan-hoan-861.html,thuc-pham-chuc-nang,300
361,00007359,TIÊU KHIẾT THANH IMC 3X10,Viên uống Tiêu Khiết Thanh Á Âu hỗ trợ thanh nhiệt giải độc cho cơ thể (3 vỉ x 10 viên),thuc-pham-chuc-nang/tieu-khiet-thanh-giup-giong-noi-trong-sang-hon-876.html,160000.0,Hộp,đ,https://cdn.nhathuoclongchau.com.vn/unsafe/https://cms-prod.s3-sgn09.fptcloud.com/00007359_tieu_khiet_thanh_giup_giong_noi_trong_sang_hon_7335_63a9_large_1343a495e2.jpg,"Sói rừng 50mg, Bồ Công Anh 50mg, Bán biên liên 300mg, Rẻ quạt 120mg",Viên nén,Á Âu,Hộp 3 vỉ x 10 viên,"Thực phẩm chức năng | Hỗ trợ điều trị | Hô hấp, ho, xoang",thuc-pham-chuc-nang | thuc-pham-chuc-nang/ho-tro-dieu-tri | thuc-pham-chuc-nang/suc-khoe-duong-ho-hap-ho-xoang,True,True,60,0,https://nhathuoclongchau.com.vn/thuc-pham-chuc-nang/tieu-khiet-thanh-giup-giong-noi-trong-sang-hon-876.html,thuc-pham-chuc-nang,300
362,00002483,DIZZO 12X4,"Viên sủi Dizzo Reliv hỗ trợ tiêu hóa, giảm triệu chứng đầy hơi, ợ hơi, khó tiêu (12 vỉ x 4 viên)",thuc-pham-chuc-nang/dizzo-12x4-3977.html,170000.0,Hộp,đ,https://cdn.nhathuoclongchau.com.vn/unsafe/https://cms-prod.s3-sgn09.fptcloud.com/00002483_dizzo_9791_5fdc_large_749dc9d85d.jpg,"Fungal Diastase 20mg, Simethicone 25mg, Papain 60mg, PVP K30 3.75mg, Citric Acid 1082.44mg, Sodium bicarbonate 1159.63mg, Sodium saccharin 10mg, Sodium benzoate 7.5mg, Acesulfame potassium 30mg, Flavor capsil orange 100mg, Color (Sunset yellow) 1.8mg",Viên sủi,Reliv,Hộp 12 Vỉ x 4 Viên,Thực phẩm chức năng | Hỗ trợ tiêu hóa | Khó tiêu,thuc-pham-chuc-nang | thuc-pham-chuc-nang/ho-tro-tieu-hoa | thuc-pham-chuc-nang/kho-tieu,True,True,60,0,https://nhathuoclongchau.com.vn/thuc-pham-chuc-nang/dizzo-12x4-3977.html,thuc-pham-chuc-nang,300
363,00000651,ALUMINA NADYPHAR 60V,"Viên uống Alumina Nadyphar hỗ trợ điều trị viêm loét dạ dày, tá tràng (60 viên)",thuc-pham-chuc-nang/alumina-nadyphar-60-v-1.html,18000.0,Hộp,đ,https://cdn.nhathuoclongchau.com.vn/unsafe/https://cms-prod.s3-sgn09.fptcloud.com/00000651_3fc09bb89b.jpg,"Calcium Carbonate 50mg, Magnesium carbonate 100mg",Viên nén,Nadyphar,Hộp 60 Viên,"Thực phẩm chức năng | Hỗ trợ tiêu hóa | Dạ dày, tá tràng",thuc-pham-chuc-nang | thuc-pham-chuc-nang/ho-tro-tieu-hoa | thuc-pham-chuc-nang/da-day-ta-trang,True,True,60,0,https://nhathuoclongchau.com.vn/thuc-pham-chuc-nang/alumina-nadyphar-60-v-1.html,thuc-pham-chuc-nang,300
364,00016157,CEBRIUM EVERPHARMA 3X10,"Viên uống Cebrium Ever Pharma hỗ trợ tăng khả năng tập trung, cải thiện trí nhớ (3 vỉ x 10 viên)",thuc-pham-chuc-nang/cebrium-3x10-everpharma-14539.html,439000.0,Hộp,đ,https://cdn.nhathuoclongchau.com.vn/unsafe/https://cms-prod.s3-sgn09.fptcloud.com/00016157_cebrium_3x10_everpharma_3905_62af_large_23dd3455c1.jpg,"Lysine 10.3%, Leucine 10.3%, Arginine 10.3%, Serine 7.3%, Phenylamine 5.9%, Threonine 5.9%, Tyrosine 5.9%, Isoleucine 4.4%, Methionin 2.9%, Tryptophan 1.5%, Tá dược vừa đủ 1viên",Viên nang cứng,Ever pharma,Hộp 3 Vỉ x 10 Viên,Thực phẩm chức năng | Thần kinh não | Bổ não - cải thiện trí nhớ,thuc-pham-chuc-nang | thuc-pham-chuc-nang/than-kinh-nao | thuc-pham-chuc-nang/bo-nao-cai-thien-tri-nho,True,True,60,0,https://nhathuoclongchau.com.vn/thuc-pham-chuc-nang/cebrium-3x10-everpharma-14539.html,thuc-pham-chuc-nang,300
365,00015964,CHẤT XƠ INFOGOS IAP 30 GÓI,Bột hòa tan Infogoss 3g IAP chứa chất xơ hỗ trợ chống táo bón (30 gói),thuc-pham-chuc-nang/chat-xo-infogos-30-goi-14729.html,117000.0,Hộp,đ,https://cdn.nhathuoclongchau.com.vn/unsafe/https://cms-prod.s3-sgn09.fptcloud.com/DSC_06443_52db564d3c.jpg,"HMO 5mg, FOS 900mg, Inulin 900mg, GOS (Galacto Oligosaccharide) 90mg",Dạng bột,IAP,Hộp 30 Gói,Thực phẩm chức năng | Hỗ trợ tiêu hóa | Táo bón,thuc-pham-chuc-nang | thuc-pham-chuc-nang/ho-tro-tieu-hoa | thuc-pham-chuc-nang/tao-bon,True,True,60,0,https://nhathuoclongchau.com.vn/thuc-pham-chuc-nang/chat-xo-infogos-30-goi-14729.html,thuc-pham-chuc-nang,300
366,00010190,PEDIAKID VITAMIN D3 20ML,"Siro Pediakid Vitamin D3 bổ sung Vitamin D cho cơ thể, tăng hấp thụ canxi (20ml)",thuc-pham-chuc-nang/pediakid-vitamin-d3-20ml-16499.html,245000.0,Chai,đ,https://cdn.nhathuoclongchau.com.vn/unsafe/https://cms-prod.s3-sgn09.fptcloud.com/00010190_pediakid_vitamin_d3_20ml_1221_5fc0_large_731c4b15e1.JPG,"Vitamin D3 10mcg, Vitamin E 1.391mg",Dung dịch,Pediakid,Chai,Thực phẩm chức năng | Vitamin & Khoáng chất | Bổ sung Canxi & Vitamin D,thuc-pham-chuc-nang | thuc-pham-chuc-nang/vitamin-khoang-chat | thuc-pham-chuc-nang/canxi-vitamin-D,True,True,60,0,https://nhathuoclongchau.com.vn/thuc-pham-chuc-nang/pediakid-vitamin-d3-20ml-16499.html,thuc-pham-chuc-nang,300
367,00010189,PEDIAKID  22 VITAMIN 125ML,Siro Pediakid 22 Vitamines bổ sung Vitamin và khoáng chất (125ml),thuc-pham-chuc-nang/pediakid-22-vitamin-16500.html,270000.0,Chai,đ,https://cdn.nhathuoclongchau.com.vn/unsafe/https://cms-prod.s3-sgn09.fptcloud.com/00010189_pediakid_22_vitamin_9397_5c51_large_6111342a72.jpg,"Beta carotene 2.4mg, Vitamin E 12mg, Vitamin B1 1.1mg, Vitamin B2 1.4mg, Vitamin B3 16mg, Vitamin B5 6mg, Vitamin B6 1.4mg, Vitamin B8 50mcg, Vitamin B12 2.5mcg, Vitamin D 5mcg, Sắt 0.56mg, Iodine 50mcg, Magie 0.4mg, Mangan 400mcg, Molybdenum 50mcg, Potassium 0.04mg, Kẽm 0.4mg, Selenium 50mcg, Củ cải đường 330mg, Vitamin B9 , Vitamin C ",Dung dịch,Pediakid,Chai x 125ml,Thực phẩm chức năng | Vitamin & Khoáng chất | Vitamin tổng hợp,thuc-pham-chuc-nang | thuc-pham-chuc-nang/vitamin-khoang-chat | thuc-pham-chuc-nang/vitamin-tong-hop,True,True,60,0,https://nhathuoclongchau.com.vn/thuc-pham-chuc-nang/pediakid-22-vitamin-16500.html,thuc-pham-chuc-nang,300
368,00004164,KIM ĐỞM KHANG HỒNG BÀNG 3X10,Viên uống Kim Đởm Khang Hồng Bàng hỗ trợ cho người bị sỏi mật (3 vỉ x 10 viên),thuc-pham-chuc-nang/kim-dom-khang-3x10-17177.html,160000.0,Hộp,đ,https://cdn.nhathuoclongchau.com.vn/unsafe/https://cms-prod.s3-sgn09.fptcloud.com/00004164_kim_dom_khang_3x10_1327_63c6_large_cb4514e541.jpg,"Diệp hạ châu 60mg, Nhân trần 20mg, Chi tử 50mg, Uất Kim 100mg, Hoàng bá 150mg, Sài Hồ 120mg, Chỉ xác 30mg, Tá dược vừa đủ  ",Viên nang,Đông Tây,Hộp 3 vỉ x 10 viên,Thực phẩm chức năng | Hỗ trợ điều trị,thuc-pham-chuc-nang | thuc-pham-chuc-nang/ho-tro-dieu-tri,True,True,60,0,https://nhathuoclongchau.com.vn/thuc-pham-chuc-nang/kim-dom-khang-3x10-17177.html,thuc-pham-chuc-nang,300
369,00020443,XỊT HỌNG THẢO DƯỢC EUGICA 10ML,"Xịt họng thảo dược Eugica Mega We Care giảm các triệu chứng viêm họng, ho, viêm đường hô hấp trên (10ml)",thuc-pham-chuc-nang/eugica-mouth-spay-10ml-mega-20581.html,60000.0,Chai,đ,https://cdn.nhathuoclongchau.com.vn/unsafe/https://cms-prod.s3-sgn09.fptcloud.com/00020443_eugica_mouth_spay_10ml_mega_9606_61a9_large_2cddf26232.jpg,"Rễ Cam Thảo 30.59mg, Tinh dầu bạc hà 80.2mg, Cúc la mã 134.67mg, Mật ong 200.5mg, Eucalyptol 8.49mg, Keo ong xanh Brazil 3.01mg, Tá dược vừa đủ , Nha đam 1mg",Dung dịch,MEGA We care,Chai x 10ml,"Thực phẩm chức năng | Hỗ trợ điều trị | Hô hấp, ho, xoang",thuc-pham-chuc-nang | thuc-pham-chuc-nang/ho-tro-dieu-tri | thuc-pham-chuc-nang/suc-khoe-duong-ho-hap-ho-xoang,True,True,60,0,https://nhathuoclongchau.com.vn/thuc-pham-chuc-nang/eugica-mouth-spay-10ml-mega-20581.html,thuc-pham-chuc-nang,300
370,00030450,EDOZ DHG PHARMA 24 GÓI X 2G,Bột sủi bọt Edoz DHG hỗ trợ trung hòa acid dạ dày (24 gói x 2g),thuc-pham-chuc-nang/edoz-dhg-pharma-24-goi-x-2g-30599.html,34000.0,Hộp,đ,https://cdn.nhathuoclongchau.com.vn/unsafe/https://cms-prod.s3-sgn09.fptcloud.com/00030450_edoz_dhg_pharma_24_goi_x_2g_9067_6073_large_2483658e4d.jpg,"Natri hydro carbonat 802mg, Acid Citric khan 620mg",Bột sủi bọt,Dhg,Hộp 24 Gói,Thực phẩm chức năng | Hỗ trợ tiêu hóa | Khó tiêu,thuc-pham-chuc-nang | thuc-pham-chuc-nang/ho-tro-tieu-hoa | thuc-pham-chuc-nang/kho-tieu,True,True,60,0,https://nhathuoclongchau.com.vn/thuc-pham-chuc-nang/edoz-dhg-pharma-24-goi-x-2g-30599.html,thuc-pham-chuc-nang,300
371,00030817,JEX THẾ HỆ MỚI ECO 30V,"Viên uống Jex Natural Ecogreen hỗ trợ giảm đau trong thoái hoá khớp, viêm khớp (30 viên)",thuc-pham-chuc-nang/jex-the-he-moi-eco-30v-30958.html,350000.0,Hộp,đ,https://cdn.nhathuoclongchau.com.vn/unsafe/https://cms-prod.s3-sgn09.fptcloud.com/00030817_jex_the_he_moi_eco_30v_3622_6327_large_882f65243e.jpg,"Collagen type II 40mg, Chondroitin sulfate 100mg, Turmeric Root Extract 60mg, Bromelain 10mg, Tá dược vừa đủ , Hydrolyzed Collagen Peptide 200mg, White Willow Bark Extract 250mg, Eggshell Membrane Extract 40mg, Soy Lecithin Powder 20mg",Viên nang cứng,Ecogreen,Hộp 30 viên,Thực phẩm chức năng | Hỗ trợ điều trị | Cơ xương khớp,thuc-pham-chuc-nang | thuc-pham-chuc-nang/ho-tro-dieu-tri | thuc-pham-chuc-nang/xuong-khop,True,True,60,0,https://nhathuoclongchau.com.vn/thuc-pham-chuc-nang/jex-the-he-moi-eco-30v-30958.html,thuc-pham-chuc-nang,300
372,00030943,BÌNH VỊ THÁI MINH 2X10,"Viên uống Bình Vị Thái Minh hỗ trợ giảm acid dịch vị, giúp bảo vệ niêm mạc dạ dày (2 vỉ x 10 viên)",thuc-pham-chuc-nang/binh-vi-thai-minh-2x10-31104.html,163000.0,Hộp,đ,https://cdn.nhathuoclongchau.com.vn/unsafe/https://cms-prod.s3-sgn09.fptcloud.com/DSC_09678_977becfcc7.jpg,"Núc nác 100mg, Thương truật 100mg, Kẽm Gluconat 18.75mg, Giganosin 250mg, Mucosave 100mg",Viên nén,Thái Minh,Hộp 2 vỉ x 10 viên,"Thực phẩm chức năng | Hỗ trợ tiêu hóa | Dạ dày, tá tràng",thuc-pham-chuc-nang | thuc-pham-chuc-nang/ho-tro-tieu-hoa | thuc-pham-chuc-nang/da-day-ta-trang,True,True,60,0,https://nhathuoclongchau.com.vn/thuc-pham-chuc-nang/binh-vi-thai-minh-2x10-31104.html,thuc-pham-chuc-nang,300
373,00030974,SYRUP KAN 120ML,Syrup Kan Imunoglukan P4H Pleuran hỗ trợ tăng cường đề kháng ở trẻ em (120ml),thuc-pham-chuc-nang/syrup-kan-120ml-31137.html,325000.0,Chai,đ,https://cdn.nhathuoclongchau.com.vn/unsafe/https://cms-prod.s3-sgn09.fptcloud.com/00030974_syrup_kan_120ml_6029_62ae_large_23ee7b1482.JPG,"Beta Glucan 10mg, beta-NF 10mg, Vitamin C 10mg",Siro,Pleuran,Chai,"Thực phẩm chức năng | Cải thiện tăng cường chức năng | Tăng sức đề kháng, miễn dịch",thuc-pham-chuc-nang | thuc-pham-chuc-nang/cai-thien-tang-cuong-chuc-nang | thuc-pham-chuc-nang/ho-tro-mien-dich-tang-suc-de-khang,True,True,60,0,https://nhathuoclongchau.com.vn/thuc-pham-chuc-nang/syrup-kan-120ml-31137.html,thuc-pham-chuc-nang,300
374,00031123,VITABIOTICS PREGNACARE BREAST-FEEDING 84V,Viên uống Pregnacare Breast Feeding Vitabiotics bổ sung vitamin và khoáng chất cho phụ nữ cho con bú (6 vỉ x 14 viên),thuc-pham-chuc-nang/vitabiotics-pregnacare-breast-feeding-84-v.html,712000.0,Hộp,đ,https://cdn.nhathuoclongchau.com.vn/unsafe/https://cms-prod.s3-sgn09.fptcloud.com/DSC_00041_166a58ac15.png,"Calcium 350mg, magnesi 75mg, Vitamin C 35mg, Vitamin E 10mg, Niacin 10mg, Sắt 8mg, Kẽm 7.5mg, Vitamin B6 5mg, Pantothenic acid 3mg, Vitamin B1 2.5mg, Vitamin B2 1mg, Beta carotene 1mg, Đồng 0.5mg, Folic Acid 200mcg, I-ốt 75mcg, Biotin 75mcg, Vitamin K 35mcg, Selen 15mcg, Vitamin D3 5mcg, Vitamin B12 3mcg, DHA 300mg, EPA 60mg",Viên nén,Vitabiotics,Hộp 6 Vỉ x 14 Viên,Thực phẩm chức năng | Vitamin & Khoáng chất,thuc-pham-chuc-nang | thuc-pham-chuc-nang/vitamin-khoang-chat,True,True,60,0,https://nhathuoclongchau.com.vn/thuc-pham-chuc-nang/vitabiotics-pregnacare-breast-feeding-84-v.html,thuc-pham-chuc-nang,300
375,00031322,SỮA PEPTAMEN JUNIOR NESTLE 400G,Sữa Peptamen Junior Nestlé bổ sung dinh dưỡng chuyên biệt cho bệnh nhi suy yếu trên 1 tuổi (400g),thuc-pham-chuc-nang/sua-peptamen-junior-nestle-400g-31491.html,472000.0,Hộp,đ,https://cdn.nhathuoclongchau.com.vn/unsafe/https://cms-prod.s3-sgn09.fptcloud.com/DSC_04185_14015732f7.png,"Protein , Carbohydrate , Chất béo , Vitamins , Khoáng chất , Choline , Taurine , L-Carnitine ",Dạng bột,Nestlé,Hộp x 400g,Thực phẩm chức năng | Dinh dưỡng | Sữa,thuc-pham-chuc-nang | thuc-pham-chuc-nang/dinh-duong | thuc-pham-chuc-nang/sua,True,True,60,0,https://nhathuoclongchau.com.vn/thuc-pham-chuc-nang/sua-peptamen-junior-nestle-400g-31491.html,thuc-pham-chuc-nang,300
376,00032112,VITABIOTICS PREGNACARE MAX OMEGA 3 DHA 84V,Viên uống Pregnacare Max Omega 3 DHA Vitabiotics cung cấp vitamin và khoáng chất cho phụ nữ mang thai (84 viên),thuc-pham-chuc-nang/pregnacare-max-omega-3-dha-vitabiotics-hop-84-vien-32256.html,550000.0,Hộp,đ,https://cdn.nhathuoclongchau.com.vn/unsafe/https://cms-prod.s3-sgn09.fptcloud.com/DSC_09656_15864f3741.jpg,"Calcium 500mg, magnesi 150mg, L-Arginin 100mg, Inositol 100mg, Vitamin C 80mg, N-acetyl Cysteine 50mg, Niacin 20mg, Sắt 17mg, Kẽm 15mg, Vitamin B6 10mg, Acid pantothenic 6mg, Thiamin 5mg, Vitamin E 4mg, Riboflavin 2mg, Betacarotene 2mg, Đồng 1000mcg, Mangan 0.5mg, Acid folic 400mcg, Biotin 150mcg, Kali iodide 150mcg, Vitamin K 70mcg, Selen 55mcg, Vitamin D 10mcg, Vitamin B12 9mcg, Omega 3 600mg",Viên nang,Vitabiotics,Hộp 84 Viên,Thực phẩm chức năng | Vitamin & Khoáng chất,thuc-pham-chuc-nang | thuc-pham-chuc-nang/vitamin-khoang-chat,True,True,60,0,https://nhathuoclongchau.com.vn/thuc-pham-chuc-nang/pregnacare-max-omega-3-dha-vitabiotics-hop-84-vien-32256.html,thuc-pham-chuc-nang,300
377,00032383,COTRIPRO THÁI MINH 2X10,"Viên uống Cotripro Thái Minh hỗ trợ tăng sức bền thành mạch, giảm triệu chứng của trĩ (2 vỉ x 10 viên)",thuc-pham-chuc-nang/cotripro-thai-minh-2x10-32510.html,133000.0,Hộp,đ,https://cdn.nhathuoclongchau.com.vn/unsafe/https://cms-prod.s3-sgn09.fptcloud.com/DSC_00029_f05f2322f9.jpg,"Rutin 50mg, Cúc tần 50mg, Cao đương quy 75mg, Lá lốt (Lá) 80mg, Diếp cá 200mg, Slippery Elm 100mg",Viên nén,Thái Minh,Hộp 2 vỉ x 10 viên,Thực phẩm chức năng | Hỗ trợ điều trị | Hỗ trợ điều trị trĩ,thuc-pham-chuc-nang | thuc-pham-chuc-nang/ho-tro-dieu-tri | thuc-pham-chuc-nang/tri,True,True,60,0,https://nhathuoclongchau.com.vn/thuc-pham-chuc-nang/cotripro-thai-minh-2x10-32510.html,thuc-pham-chuc-nang,300
378,00049570,SỮA NUTIFOOD VARNA DIABETES 850G,Sữa Nutifood Varna Diabetes chứa công thức dinh dưỡng cho người đái tháo đường (850g),thuc-pham-chuc-nang/sua-nutifood-varna-diabetes-850-g.html,605000.0,Hộp,đ,https://cdn.nhathuoclongchau.com.vn/unsafe/https://cms-prod.s3-sgn09.fptcloud.com/DSC_01135_f566e1d322.png,"isomaltulose , Đạm đậu nành , Chất Xơ , Calci caseinat , Chất tạo ngọt tổng hợp , Chất béo thực vật , Vitamin , Khoáng chất ",Dạng bột,NUTIFOOD,Hộp x 850g,Thực phẩm chức năng | Dinh dưỡng | Sữa,thuc-pham-chuc-nang | thuc-pham-chuc-nang/dinh-duong | thuc-pham-chuc-nang/sua,True,True,50,0,https://nhathuoclongchau.com.vn/thuc-pham-chuc-nang/sua-nutifood-varna-diabetes-850-g.html,thuc-pham-chuc-nang,300
379,00049569,SỮA NUTIFOOD VARNA COLOSTRUM 850G,"Sữa Nutifood Varna Colostrum cho người lớn ăn uống kém, cần tăng cường đề kháng (850g)",thuc-pham-chuc-nang/sua-nutifood-varna-colostrum-850-g.html,630000.0,Hộp,đ,https://cdn.nhathuoclongchau.com.vn/unsafe/https://cms-prod.s3-sgn09.fptcloud.com/DSC_01115_219f6e0c1b.png,"Maltodextrin , Đường sucrose , Chất béo thực vật , Calci caseinat , Inulin , Medium chain triglyceride , Vitamin , Khoáng chất , Sữa non ",Dạng bột,NUTIFOOD,Hộp x 850g,Thực phẩm chức năng | Dinh dưỡng | Sữa,thuc-pham-chuc-nang | thuc-pham-chuc-nang/dinh-duong | thuc-pham-chuc-nang/sua,True,True,50,0,https://nhathuoclongchau.com.vn/thuc-pham-chuc-nang/sua-nutifood-varna-colostrum-850-g.html,thuc-pham-chuc-nang,300
380,00047617,PHARMATON KIDDI SYRUP SANOFI 100ML,"Siro Pharmaton Kiddi Syrup 100ml Sanofi bổ sung Lysin, calci và một số vitamin",thuc-pham-chuc-nang/pharmaton-kiddi-syrup-sanofi-100-ml.html,169000.0,Hộp,đ,https://cdn.nhathuoclongchau.com.vn/unsafe/https://cms-prod.s3-sgn09.fptcloud.com/DSC_00022_2_296fd92999.jpg,"Lysin hydrochlorid 300mg, Canxi 130mg, Vitamin E 15iu, Vitamin PP 10mg, Vitamin B6 6mg, Vitamin B2 3.5mg, Vitamin B1 3mg",Siro,Sanofi,Hộp,"Thực phẩm chức năng | Cải thiện tăng cường chức năng | Tăng sức đề kháng, miễn dịch",thuc-pham-chuc-nang | thuc-pham-chuc-nang/cai-thien-tang-cuong-chuc-nang | thuc-pham-chuc-nang/ho-tro-mien-dich-tang-suc-de-khang,True,True,50,0,https://nhathuoclongchau.com.vn/thuc-pham-chuc-nang/pharmaton-kiddi-syrup-sanofi-100-ml.html,thuc-pham-chuc-nang,300
381,00047404,BRAUER BLACK ELDERBERRY COLD & FLU FORTE 100ML,"Dung dịch Black ElderBerry Cold And Flu Forte 100ml Brauer hỗ trợ giảm các triệu chứng ho, sổ mũi do cảm",thuc-pham-chuc-nang/brauer-black-elderberry-cold-and-flu-forte-100-ml.html,345000.0,Hộp,đ,https://cdn.nhathuoclongchau.com.vn/unsafe/https://cms-prod.s3-sgn09.fptcloud.com/DSC_01916_d9fd6ed671.jpg,"Mật ong 150mg, Cao khô lá thường xuân 9.9mg, Chiết xuất khô cô đặc quả cơm cháy đen 9.53mg, Chiết xuất khô cô đặc hoa cơm cháy đen 6.25mg, Chiết xuất nấm men 3.5mg",Dung dịch,Brauer,Hộp x 100ml,"Thực phẩm chức năng | Hỗ trợ điều trị | Hô hấp, ho, xoang",thuc-pham-chuc-nang | thuc-pham-chuc-nang/ho-tro-dieu-tri | thuc-pham-chuc-nang/suc-khoe-duong-ho-hap-ho-xoang,True,True,50,0,https://nhathuoclongchau.com.vn/thuc-pham-chuc-nang/brauer-black-elderberry-cold-and-flu-forte-100-ml.html,thuc-pham-chuc-nang,300
382,00046589,ORIHIRO GLUCOSAMINE & SPIRULINA 900V,"Viên uống Orihiro Glucosamine and Spirulna hỗ trợ tăng tiết dịch khớp, giảm thoái hóa khớp (900 viên)",thuc-pham-chuc-nang/orihiro-glucosamine-and-spirulina-900-v.html,822000.0,Hộp,đ,https://cdn.nhathuoclongchau.com.vn/unsafe/https://cms-prod.s3-sgn09.fptcloud.com/DSC_09589_44c5e2fc09.jpg,"Glucosamine HCl (từ tôm và cua) 1000mg, Spirulina 400mg",Viên nén,ORIHIRO,Hộp 900 Viên,Thực phẩm chức năng | Hỗ trợ điều trị | Cơ xương khớp,thuc-pham-chuc-nang | thuc-pham-chuc-nang/ho-tro-dieu-tri | thuc-pham-chuc-nang/xuong-khop,True,True,50,0,https://nhathuoclongchau.com.vn/thuc-pham-chuc-nang/orihiro-glucosamine-and-spirulina-900-v.html,thuc-pham-chuc-nang,300
383,00045579,DIATEMA TUỆ LINH 60V,"Viên uống Diatema Tuệ Linh hỗ trợ hạ đường huyết, giảm mỡ máu (60 viên)",thuc-pham-chuc-nang/diatema-tue-linh-60-v.html,150000.0,Hộp,đ,https://cdn.nhathuoclongchau.com.vn/unsafe/https://cms-prod.s3-sgn09.fptcloud.com/DSC_03346_3e17605104.jpg,"Cao giảo cổ lam 350mg, Cao dây thìa canh 165mg, Cao khô ráy gai 125mg, Cao trái nhàu 125mg",Viên nén bao phim,Tuệ Linh,Hộp 60 Viên,Thực phẩm chức năng | Hỗ trợ điều trị | Hỗ trợ điều trị tiểu đường,thuc-pham-chuc-nang | thuc-pham-chuc-nang/ho-tro-dieu-tri | thuc-pham-chuc-nang/tieu-duong,True,True,50,0,https://nhathuoclongchau.com.vn/thuc-pham-chuc-nang/diatema-tue-linh-60-v.html,thuc-pham-chuc-nang,300
384,00045481,NATURE'S WAY KIDS SMART BURSTS DHA 300MG 50V,Viên nhai Nature's Way Kids Smart Bursts DHA 300mg Triple Strength hỗ trợ phát triển não bộ (50 viên),thuc-pham-chuc-nang/nature-s-way-kids-smart-bursts-dha-300-mg-50-v.html,480000.0,Hộp,đ,https://cdn.nhathuoclongchau.com.vn/unsafe/https://cms-prod.s3-sgn09.fptcloud.com/DSC_04755_b7033829ce.jpg,"Omega 3 597.6mg, DHA 300mg, EPA 60mg",Viên nang mềm,Nature's way,Hộp 50 Viên,Thực phẩm chức năng | Thần kinh não | Bổ não - cải thiện trí nhớ,thuc-pham-chuc-nang | thuc-pham-chuc-nang/than-kinh-nao | thuc-pham-chuc-nang/bo-nao-cai-thien-tri-nho,True,True,50,0,https://nhathuoclongchau.com.vn/thuc-pham-chuc-nang/nature-s-way-kids-smart-bursts-dha-300-mg-50-v.html,thuc-pham-chuc-nang,300
385,00045328,VITABIOTICS VISIONACE ORIGINAL 2X15,"Viên uống Visionace Original Vitabiotics bổ sung vitamin, khoáng chất, lutein, hỗ trợ cải thiện thị lực (2 vỉ x 15 viên)",thuc-pham-chuc-nang/vitabiotics-visionace-original-2-x15.html,432000.0,Hộp,đ,https://cdn.nhathuoclongchau.com.vn/unsafe/https://cms-prod.s3-sgn09.fptcloud.com/DSC_02582_22267ec570.jpg,"Vitamin C 150mg, Vitamin E 60mg, Magie 60mg, Việt quất 60mg, Acid pantothenic 20mg, Niacin 18mg, Kẽm 15mg, Citrus bioflavonoids 15mg, Vitamin B1 12mg, Vitamin B6 10mg, Sắt (III) fumarat 6mg, Vitamin B2 4.8mg",Viên nén bao phim,Vitabiotics,Hộp 2 Vỉ x 15 Viên,"Thực phẩm chức năng | Cải thiện tăng cường chức năng | Bổ mắt, bảo vệ mắt",thuc-pham-chuc-nang | thuc-pham-chuc-nang/cai-thien-tang-cuong-chuc-nang | thuc-pham-chuc-nang/bao-ve-mat,True,True,50,0,https://nhathuoclongchau.com.vn/thuc-pham-chuc-nang/vitabiotics-visionace-original-2-x15.html,thuc-pham-chuc-nang,300
386,00045326,ÍCH CAN THANH HOA LINH 6 LỌ X 20ML,"Thực phẩm bảo vệ sức khỏe Ích Can Thanh Hoa Linh hỗ trợ thải độc gan, tăng cường chức năng gan (6 lọ x 10ml)",thuc-pham-chuc-nang/ich-can-thanh-hoa-linh-6-lo-x-20-ml.html,130000.0,Hộp,đ,https://cdn.nhathuoclongchau.com.vn/unsafe/https://cms-prod.s3-sgn09.fptcloud.com/5_5376910de2.png,"Actiso 2g, Nhân trần 2g, Bồ Công Anh 1.2g, Cát căn 1g, Chiết xuất Kế Sữa 105mg, Chiết xuất Nghệ Vàng 2.5mg",Dung dịch uống,Hoa Linh,Hộp 6 Lọ,Thực phẩm chức năng | Cải thiện tăng cường chức năng | Chức năng gan,thuc-pham-chuc-nang | thuc-pham-chuc-nang/cai-thien-tang-cuong-chuc-nang | thuc-pham-chuc-nang/chuc-nang-gan,True,True,50,0,https://nhathuoclongchau.com.vn/thuc-pham-chuc-nang/ich-can-thanh-hoa-linh-6-lo-x-20-ml.html,thuc-pham-chuc-nang,300
387,00044614,SỮA TĂNG CÂN APPETON WEIGHT GAIN TỪ 12 TUỔI HƯƠNG VANI 450G,Sữa tăng cân Appeton Weight Gain hương Vani giúp tăng cân hiệu quả và khỏe mạnh (450g),thuc-pham-chuc-nang/sua-tang-can-appeton-weight-gain-tu-12-tuoi-huong-vani-450-g.html,580000.0,Hộp,đ,https://cdn.nhathuoclongchau.com.vn/unsafe/https://cms-prod.s3-sgn09.fptcloud.com/DSC_04217_e11fc0ffe1.jpg,"Bột sữa gầy 45.5%, Protein sữa 14.4%, Đường sucrose , Dầu thực vật , Chất xơ rau diếp xoăn , Maltodextrin , bột kem , Khoáng chất , hương liệu tổng hợp vani và hương liệu tự nhiên , Chất ổn định , Chất nhũ hóa lecithin đậu nành , Vitamin ",Dạng bột,Appeton,Hộp,Thực phẩm chức năng | Dinh dưỡng | Sữa,thuc-pham-chuc-nang | thuc-pham-chuc-nang/dinh-duong | thuc-pham-chuc-nang/sua,True,True,50,0,https://nhathuoclongchau.com.vn/thuc-pham-chuc-nang/sua-tang-can-appeton-weight-gain-tu-12-tuoi-huong-vani-450-g.html,thuc-pham-chuc-nang,300
388,00044613,SỮA TĂNG CÂN APPETON WEIGHT GAIN TỪ 12 TUỔI HƯƠNG VANI 900G,Sữa tăng cân Appeton Weight Gain hương Vani giúp tăng cân hiệu quả và khỏe mạnh (900g),thuc-pham-chuc-nang/sua-tang-can-appeton-weight-gain-tu-12-tuoi-huong-vani-900-g-1.html,1025000.0,Hộp,đ,https://cdn.nhathuoclongchau.com.vn/unsafe/https://cms-prod.s3-sgn09.fptcloud.com/DSC_04209_5816b3a584.jpg,"Bột sữa gầy 45.5%, Protein sữa 14.4%, Đường sucrose , Dầu thực vật , Chất xơ rau diếp xoăn , Maltodextrin , bột kem , Khoáng chất , hương liệu tổng hợp vani và hương liệu tự nhiên , Chất ổn định , Chất nhũ hóa lecithin đậu nành , Vitamin ",Dạng bột,Appeton,Hộp,Thực phẩm chức năng | Dinh dưỡng | Sữa,thuc-pham-chuc-nang | thuc-pham-chuc-nang/dinh-duong | thuc-pham-chuc-nang/sua,True,True,50,0,https://nhathuoclongchau.com.vn/thuc-pham-chuc-nang/sua-tang-can-appeton-weight-gain-tu-12-tuoi-huong-vani-900-g-1.html,thuc-pham-chuc-nang,300
389,00044579,OMEGA VIT PLUS+ TRÍ KHANG 100ML,"Siro Omega Vit Plus+ Botafarma hỗ trợ tăng khả năng chống oxy hóa, tốt cho não bộ và mắt (100ml)",thuc-pham-chuc-nang/omega-vit-plus-tri-khang-100-ml.html,245000.0,Hộp,đ,https://cdn.nhathuoclongchau.com.vn/unsafe/https://cms-prod.s3-sgn09.fptcloud.com/DSC_02718_c134627072.jpg,"Deionized Water , Glycerole - E422 , Sorbitol-E420 , Omega 3 , polyoxyethylene sorbitan monoleate-E433 , orange aroma , tutti fruitti aroma ",Siro,Botafarma,Hộp x 100ml,Thực phẩm chức năng | Thần kinh não | Bổ não - cải thiện trí nhớ,thuc-pham-chuc-nang | thuc-pham-chuc-nang/than-kinh-nao | thuc-pham-chuc-nang/bo-nao-cai-thien-tri-nho,True,True,50,0,https://nhathuoclongchau.com.vn/thuc-pham-chuc-nang/omega-vit-plus-tri-khang-100-ml.html,thuc-pham-chuc-nang,300
390,00043917,SỮA NUTREN JUNIOR 1-10 TUỔI 400G,Sữa bột Nutren Junior 400g Nestlé bổ sung hoặc thay thế bữa ăn hàng ngày cho trẻ suy dinh dưỡng,thuc-pham-chuc-nang/sua-nutren-junior-1-10-tuoi-400-g.html,353000.0,Hộp,đ,https://cdn.nhathuoclongchau.com.vn/unsafe/https://cms-prod.s3-sgn09.fptcloud.com/DSC_05117_0a4dec494f.jpg,"Maltodextrin , Sucrose , Milk protein , Vegetable Oils , Medium chain triglyceride , Minerals , Prebiotic Fibres , Emulsifier , Nature Identical Flavour , Choline bitartrate , Acidity Probiotics , Taurine , L-Carnitine ",Dạng bột,Nestlé,Hộp,Thực phẩm chức năng | Dinh dưỡng | Sữa,thuc-pham-chuc-nang | thuc-pham-chuc-nang/dinh-duong | thuc-pham-chuc-nang/sua,True,True,50,0,https://nhathuoclongchau.com.vn/thuc-pham-chuc-nang/sua-nutren-junior-1-10-tuoi-400-g.html,thuc-pham-chuc-nang,300
391,00042940,OPTIBAC PREGNANCY 30V,"Viên uống Optibac Pregnancy bổ sung lợi khuẩn cho đường ruột, hỗ trợ tiêu hóa (30 viên)",thuc-pham-chuc-nang/optibac-pregnancy-30-v.html,550000.0,Hộp,đ,https://cdn.nhathuoclongchau.com.vn/unsafe/https://cms-prod.s3-sgn09.fptcloud.com/DSC_03677_e0129bd067.jpg,"Hôn hợp lợi khuẩn 12x10^9cfu, FOS 30mg",Viên nang cứng,OPTIBAC PROBIOTICS,Hộp 30 Viên,"Thực phẩm chức năng | Hỗ trợ tiêu hóa | Dạ dày, tá tràng",thuc-pham-chuc-nang | thuc-pham-chuc-nang/ho-tro-tieu-hoa | thuc-pham-chuc-nang/da-day-ta-trang,True,True,50,0,https://nhathuoclongchau.com.vn/thuc-pham-chuc-nang/optibac-pregnancy-30-v.html,thuc-pham-chuc-nang,300
392,00040966,VITABIOTICS PREGNACARE ORIGINAL 2X15,"Thực phẩm bảo vệ sức khoẻ Pregnacare Original Vitabiotics giúp bổ sung vitamin, khoáng chất cho phụ nữ mang thai và cho con bú (2 vỉ x 15 viên)",thuc-pham-chuc-nang/vitabiotics-pregnacare-original-2-x15.html,367000.0,Hộp,đ,https://cdn.nhathuoclongchau.com.vn/unsafe/https://cms-prod.s3-sgn09.fptcloud.com/DSC_00437_Recovered_e28e272a49.jpg,"Vitamin D3 10mcg, Vitamin E 20mg, Vitamin K 70mcg, Vitamin B1 3mg, Vitamin B2 2mg, Niacin 20mg, Vitamin B6 10mg, Acid folic 400mcg, Vitamin B12 6mcg, Biotin 150mcg, Pantothenic acid 6mg, Magnesium oxide 150mg, Sắt 17mg, Kẽm 15mg, Đồng 1000mcg, Selenium 30mcg, Iodine 140mcg, Betacarotene 2mg, Tá dược vừa đủ , Vitamin C 70mg",Viên nén,Vitabiotics,Hộp 2 Vỉ x 15 Viên,Thực phẩm chức năng | Vitamin & Khoáng chất,thuc-pham-chuc-nang | thuc-pham-chuc-nang/vitamin-khoang-chat,True,True,50,0,https://nhathuoclongchau.com.vn/thuc-pham-chuc-nang/vitabiotics-pregnacare-original-2-x15.html,thuc-pham-chuc-nang,300
393,00040712,VITABIOTICS LIVERIL 5X6,"Viên uống Liveril Vitabiotics hỗ trợ tăng cường chức năng gan, tăng cường đề kháng (5 vỉ x 6 viên)",thuc-pham-chuc-nang/vitabiotics-liveril-5-x6.html,441000.0,Hộp,đ,https://cdn.nhathuoclongchau.com.vn/unsafe/https://cms-prod.s3-sgn09.fptcloud.com/DSC_09959_45e5d55308.jpg,"Silymarin 140mg, Vitamin C 75mg, L-carnitine tartrate 50mg, Choline bitartrate 50mg, Inositol 50mg, N-acetyl Cysteine 50mg, L-Ornithine 50mg, chiết xuất atiso 50mg, L-Lysine 25mg, L-Glutathione 15mg, Vitamin E 15mg, Pantothenic acid 10mg, Niacin 9mg, Kẽm 7.5mg, Vitamin B1 5mg, Vitamin B6 5mg, Vitamin B2 3mg, Sắt 3mg, Co-enzyme Q10 2.5mg, Mangan 2mg, Hỗn hợp Carotenoids tự nhiên 1mg, Đồng 500mcg, Folacin 250mcg, Selen 75mcg, Vitamin B12 15mcg, Vitamin D3 10mcg",Viên nén,Vitabiotics,Hộp 5 Vỉ x 6 Viên,Thực phẩm chức năng | Cải thiện tăng cường chức năng | Chức năng gan,thuc-pham-chuc-nang | thuc-pham-chuc-nang/cai-thien-tang-cuong-chuc-nang | thuc-pham-chuc-nang/chuc-nang-gan,True,True,50,0,https://nhathuoclongchau.com.vn/thuc-pham-chuc-nang/vitabiotics-liveril-5-x6.html,thuc-pham-chuc-nang,300
394,00040433,DIMAO PRO ORAL SPRAY D3 + K2 25ML,Xịt họng Dimao Pro Oral Spray D3 + K2 hỗ trợ bổ sung vitamin D và vitamin K2 cho cơ thể (25ml),thuc-pham-chuc-nang/dimao-pro-oral-spray-d3-k2-25-ml.html,352000.0,Hộp,đ,https://cdn.nhathuoclongchau.com.vn/unsafe/https://cms-prod.s3-sgn09.fptcloud.com/DSC_09623_e15fcd1307.jpg,"Vitamin K2 18.75mcg, Vitamin D3 400iu",Dung dịch xịt,VALENS,Hộp,Thực phẩm chức năng | Vitamin & Khoáng chất,thuc-pham-chuc-nang | thuc-pham-chuc-nang/vitamin-khoang-chat,True,True,50,0,https://nhathuoclongchau.com.vn/thuc-pham-chuc-nang/dimao-pro-oral-spray-d3-k2-25-ml.html,thuc-pham-chuc-nang,300
395,00039912,ORIHIRO NATTOKINASE CAPSULES 60V,Viên nang Orihiro Nattokinase hỗ trợ giảm nguy cơ huyết khối (60 viên),thuc-pham-chuc-nang/orihiro-nattokinase-capsules-60-v.html,515000.0,Hộp,đ,https://cdn.nhathuoclongchau.com.vn/unsafe/https://cms-prod.s3-sgn09.fptcloud.com/DSC_09235_e67b42c997.jpg,"Bột chiết xuất Bacillus natto nuôi cấy 100mg, Chiết xuất nghệ 5mg",Viên nang mềm,ORIHIRO,Hộp 60 Viên,Thực phẩm chức năng | Thần kinh não,thuc-pham-chuc-nang | thuc-pham-chuc-nang/than-kinh-nao,True,True,50,0,https://nhathuoclongchau.com.vn/thuc-pham-chuc-nang/orihiro-nattokinase-capsules-60-v.html,thuc-pham-chuc-nang,300
396,00039911,ORIHIRO NEW OYSTER EXTRACT 120V,Viên nén Orihiro New Oyster Extract tăng cường sinh lý cho nam giới (120 viên),thuc-pham-chuc-nang/orihiro-new-oyster-extract-120-v.html,468000.0,Hộp,đ,https://cdn.nhathuoclongchau.com.vn/unsafe/https://cms-prod.s3-sgn09.fptcloud.com/DSC_09218_9f36409f09.jpg,"Bột thịt hàu chiết xuất cô đặc 125mg, Men chứa kẽm 10mg, Vitamin B1 6mg, Vitamin B2 2.75mg, Vitamin B6 2.25mg, Vitamin B12 7.5mcg",Viên nén,ORIHIRO,Hộp 120 Viên,Thực phẩm chức năng | Sinh lý - Nội tiết tố | Sinh lý nam,thuc-pham-chuc-nang | thuc-pham-chuc-nang/sinh-ly-noi-tiet-to | thuc-pham-chuc-nang/sinh-ly-nam,True,True,50,0,https://nhathuoclongchau.com.vn/thuc-pham-chuc-nang/orihiro-new-oyster-extract-120-v.html,thuc-pham-chuc-nang,300
397,00039908,ORIHIRO DEEP SEA SHARK EXTRACT CAPSULE MORAL PURPOSE 360V,Thực phẩm bảo vệ sức khỏe Orihiro Deep Sea Shark extract capsule moral purpose giúp chống oxy hóa (360 viên),thuc-pham-chuc-nang/orihiro-deep-sea-shark-extract-capsule-moral-purpose-360-v-1.html,580000.0,Hộp,đ,https://cdn.nhathuoclongchau.com.vn/unsafe/https://cms-prod.s3-sgn09.fptcloud.com/DSC_09178_e8ca8c9af4.jpg,Dầu gan cá mập biển sâu 1800mg,Viên nang mềm,ORIHIRO,Hộp 360 Viên,Thực phẩm chức năng | Cải thiện tăng cường chức năng,thuc-pham-chuc-nang | thuc-pham-chuc-nang/cai-thien-tang-cuong-chuc-nang,True,True,50,0,https://nhathuoclongchau.com.vn/thuc-pham-chuc-nang/orihiro-deep-sea-shark-extract-capsule-moral-purpose-360-v-1.html,thuc-pham-chuc-nang,300
398,00039803,LADO CARE VÂN MỘC HƯƠNG LADOPHAR 80V,"Viên uống Lado Care Vân Mộc Hương giảm các triệu chứng đau bụng, đầy bụng, khó tiêu (80 viên)",thuc-pham-chuc-nang/lado-care-van-moc-huong-ladophar-80-v.html,22000.0,Lọ,đ,https://cdn.nhathuoclongchau.com.vn/unsafe/https://cms-prod.s3-sgn09.fptcloud.com/DSC_04278_b3a0e9dca8.jpg,"Bột Vân mộc hương 50mg, Cao khô Vân mộc hương 10mg",Viên nén,Ladophar,Lọ 80 Viên,Thực phẩm chức năng | Hỗ trợ tiêu hóa | Khó tiêu,thuc-pham-chuc-nang | thuc-pham-chuc-nang/ho-tro-tieu-hoa | thuc-pham-chuc-nang/kho-tieu,True,True,50,0,https://nhathuoclongchau.com.vn/thuc-pham-chuc-nang/lado-care-van-moc-huong-ladophar-80-v.html,thuc-pham-chuc-nang,300
399,00039504,SỮA ABBOTT ENSURE GOLD STRENGTHPRO HƯƠNG LÚA MẠCH 800G,"Sữa bột Ensure Gold StrengthPro Abbott hương lúa mạch tăng cường sức khỏe khối cơ, tăng miễn dịch (800g)",thuc-pham-chuc-nang/sua-abbott-ensure-gold-strengthpro-huong-lua-mach-800-g.html,932000.0,Hộp,đ,https://cdn.nhathuoclongchau.com.vn/unsafe/https://cms-prod.s3-sgn09.fptcloud.com/DSC_09261_17ed6b39a6.jpg,"Tinh bột bắp thủy phân , Dầu thực vật , Sucrose , Natri caseinat , Đạm đậu nành , Oligofructose , Đạm whey , Khoáng chất , CaHMB , Hương liệu lúa mạch tổng hợp , Beta Glucan , Vitamins , Choline Chloride , Taurine , L-Carnitine ",Dạng bột,Abbott,Hộp,Thực phẩm chức năng | Dinh dưỡng | Sữa,thuc-pham-chuc-nang | thuc-pham-chuc-nang/dinh-duong | thuc-pham-chuc-nang/sua,True,True,50,0,https://nhathuoclongchau.com.vn/thuc-pham-chuc-nang/sua-abbott-ensure-gold-strengthpro-huong-lua-mach-800-g.html,thuc-pham-chuc-nang,300
400,00039418,VITABIOTICS PERFECTIL 2X15,"Thực phẩm bảo vệ sức khỏe Perfectil Vitabiotics bổ sung vi chất làm đẹp da, móng, tóc (2 vỉ x 15 viên)",thuc-pham-chuc-nang/vitabiotics-perfectil-2-x15.html,544000.0,Hộp,đ,https://cdn.nhathuoclongchau.com.vn/unsafe/https://cms-prod.s3-sgn09.fptcloud.com/DSC_03134_4e1b20a326.jpg,"magnesi 75mg, Vitamin C 60mg, Vitamin E 40mg, Pantothenic acid 40mg, Niacin 18mg, Kẽm 15mg, Chiết xuất hạt nho 15mg, Sắt 12mg, Vitamin B6 10mg, Cystine 10mg, Vitamin B1 8mg, Vitamin B2 4mg, Hỗn hợp Carotenoids tự nhiên 2mg, Mangan 0.5mg, Đồng 1000mcg, Folacin 500mcg, Kali iốt 200mcg, Selen 100mcg, Crôm 50mcg, Biotin 45mcg, Vitamin B12 9mcg, Vitamin D3 5mcg",Viên nén,Vitabiotics,Hộp 2 Vỉ x 15 Viên,Thực phẩm chức năng | Vitamin & Khoáng chất | Vitamin tổng hợp,thuc-pham-chuc-nang | thuc-pham-chuc-nang/vitamin-khoang-chat | thuc-pham-chuc-nang/vitamin-tong-hop,True,True,50,0,https://nhathuoclongchau.com.vn/thuc-pham-chuc-nang/vitabiotics-perfectil-2-x15.html,thuc-pham-chuc-nang,300
401,00038385,MIGRIN PLUS CVI 6X10,"Viên Tuần Hoàn Não Migrin Plus CVI hỗ trợ hoạt huyết, tăng cường tuần hoàn máu não (6 Vỉ x 10 Viên)",thuc-pham-chuc-nang/migrin-plus-cvi-6-x10.html,518000.0,Hộp,đ,https://cdn.nhathuoclongchau.com.vn/unsafe/https://cms-prod.s3-sgn09.fptcloud.com/DSC_02496_e05496a7d8.jpg,"Đương quy 350mg, Xuyên khung 350mg, Bạch linh 300mg, Bạch thược 300mg, Bạch chỉ 300mg, Mạn kinh tử 300mg, Đan sâm 300mg, Khương hoạt 300mg, Hồng hoa 250mg, Sài Hồ 250mg, Cúc hoa 250mg, Cảo bản 250mg, Táo Nhân 250mg, Đinh lăng 50mg, Bạch quả 30mg, Hoa Hòe 20mg, Cúc thơm 60mg",Viên nang mềm,CVI Pharma,Hộp 6 Vỉ x 10 Viên,Thực phẩm chức năng | Thần kinh não | Tuần hoàn máu,thuc-pham-chuc-nang | thuc-pham-chuc-nang/than-kinh-nao | thuc-pham-chuc-nang/tuan-hoan-mau,True,True,50,0,https://nhathuoclongchau.com.vn/thuc-pham-chuc-nang/migrin-plus-cvi-6-x10.html,thuc-pham-chuc-nang,400
402,00503903,MEN VI SINH PROBIOTICS BIFINA BABY 30 GÓI,"Men vi sinh Probiotics Bifina Baby 1g Bifina bổ sung lợi khuẩn, giúp hệ vi sinh đường ruột khỏe mạnh (30 gói)",thuc-pham-chuc-nang/men-vi-sinh-probiotics-bifina-baby-30-goi-x-1-g.html,421000.0,Hộp,đ,https://cdn.nhathuoclongchau.com.vn/unsafe/https://cms-prod.s3-sgn09.fptcloud.com/DSC_07783_2_8c04a2b72c.jpg,Bifidobacterium Breve 10^9cfu,Dạng bột,BIFINA,Hộp 30 Gói,Thực phẩm chức năng | Hỗ trợ tiêu hóa | Vi sinh - Probiotic,thuc-pham-chuc-nang | thuc-pham-chuc-nang/ho-tro-tieu-hoa | thuc-pham-chuc-nang/vi-sinh-probiotic,True,True,50,0,https://nhathuoclongchau.com.vn/thuc-pham-chuc-nang/men-vi-sinh-probiotics-bifina-baby-30-goi-x-1-g.html,thuc-pham-chuc-nang,400
403,00503631,OMEGA VIT TRÍ KHANG 100ML,"Thực phẩm bảo vệ sức khỏe Omega Vit Botafarma hỗ trợ tăng khả năng chống oxy hóa, tốt cho não bộ và mắt (100ml)",thuc-pham-chuc-nang/omega-vit-tri-khang-100-ml.html,330000.0,Hộp,đ,https://cdn.nhathuoclongchau.com.vn/unsafe/https://cms-prod.s3-sgn09.fptcloud.com/DSC_02702_da039aba20.jpg,"Omega 3 2260.74mg, EPA 450mg, DHA 300mg, ALA 110mg, Vitamin E 1mg",Dung dịch,Botafarma,Hộp x 100ml,Thực phẩm chức năng | Thần kinh não | Bổ não - cải thiện trí nhớ,thuc-pham-chuc-nang | thuc-pham-chuc-nang/than-kinh-nao | thuc-pham-chuc-nang/bo-nao-cai-thien-tri-nho,True,True,50,0,https://nhathuoclongchau.com.vn/thuc-pham-chuc-nang/omega-vit-tri-khang-100-ml.html,thuc-pham-chuc-nang,400
404,00503551,SỮA ABBOTT CHO TRẺ 0 - 12 THÁNG SIMILAC ISOMIL 400G,Sữa bột Similac Isomil Abbott bổ sung dinh dưỡng cho trẻ 0 - 12 tháng (400g),thuc-pham-chuc-nang/sua-abbott-cho-tre-0---12-thang-similac-isomil-400g-37864.html,321000.0,Hộp,đ,https://cdn.nhathuoclongchau.com.vn/unsafe/https://cms-prod.s3-sgn09.fptcloud.com/00503551_sua_abbott_cho_tre_0_12_thang_similac_isomil_400g_1414_6408_large_b4df8d1b75.jpg,"Fructo-oligosaccharide , Tinh bột bắp thủy phân , dầu hướng dương , Dầu dừa , Dầu đậu nành , Khoáng chất , Chất nhũ hóa lecithin đậu nành , M-inositol , Vitamins , L-Methionin , Acid Docosahexaenoic , Taurine , L-Tryptophan , L-carnitin tartrat , Carotenoid , Acid arachidonic ",Dạng bột,Abbott,Hộp x 400g,Thực phẩm chức năng | Dinh dưỡng | Sữa,thuc-pham-chuc-nang | thuc-pham-chuc-nang/dinh-duong | thuc-pham-chuc-nang/sua,True,True,50,0,https://nhathuoclongchau.com.vn/thuc-pham-chuc-nang/sua-abbott-cho-tre-0---12-thang-similac-isomil-400g-37864.html,thuc-pham-chuc-nang,400
405,00503538,SIRO IMMUNIX3 CHILDREN OTOSAN SRL 150ML,"Siro Immunix3 Children 150ml Otosan hỗ trợ tăng cường đề kháng, tăng cường sức khỏe",thuc-pham-chuc-nang/siro-immunix-3-children-otosan-srl-150-ml.html,295000.0,Chai,đ,https://cdn.nhathuoclongchau.com.vn/unsafe/https://cms-prod.s3-sgn09.fptcloud.com/TUK_04831_d2b7cdece7.jpg,"Beta Glucan , Vitamin D3 , Zinc , Echinacea , Vitamin C , Vitamin B , Bacillus clausii ",Siro,Otosan,Chai,"Thực phẩm chức năng | Cải thiện tăng cường chức năng | Tăng sức đề kháng, miễn dịch",thuc-pham-chuc-nang | thuc-pham-chuc-nang/cai-thien-tang-cuong-chuc-nang | thuc-pham-chuc-nang/ho-tro-mien-dich-tang-suc-de-khang,True,True,50,0,https://nhathuoclongchau.com.vn/thuc-pham-chuc-nang/siro-immunix-3-children-otosan-srl-150-ml.html,thuc-pham-chuc-nang,400
406,00503431,VITABIOTICS WELLKID MULTI-VITAMIN LIQUID 150ML,"Siro WellKid Multi-Vitamin Liquid bổ sung vitamin, khoáng chất cho trẻ em (150ml)",thuc-pham-chuc-nang/vitabiotics-wellkid-multi-vitamin-liquid-150-ml.html,402000.0,Hộp,đ,https://cdn.nhathuoclongchau.com.vn/unsafe/https://cms-prod.s3-sgn09.fptcloud.com/DSC_00021_d385412740.jpg,"Kẽm 4mg, Mạch Nha 500mg, Vitamin C 12mg, Niacin 8mg, Sắt 5mg, Vitamin E 5mg, Pantothenic acid 2mg, Vitamin A 200mcg, Vitamin B2 0.8mg, Vitamin B1 0.7mg, Đồng 150mcg, Folic Acid 100mcg, Kali iodide 40mcg, Vitamin D3 10mcg, Vitamin B12 2.5mcg, Vitamin B6 0.8mg",Siro,Vitabiotics,Hộp x 150ml,"Thực phẩm chức năng | Cải thiện tăng cường chức năng | Tăng sức đề kháng, miễn dịch",thuc-pham-chuc-nang | thuc-pham-chuc-nang/cai-thien-tang-cuong-chuc-nang | thuc-pham-chuc-nang/ho-tro-mien-dich-tang-suc-de-khang,True,True,50,0,https://nhathuoclongchau.com.vn/thuc-pham-chuc-nang/vitabiotics-wellkid-multi-vitamin-liquid-150-ml.html,thuc-pham-chuc-nang,400
407,00503430,BESTICAL ERGOPHARMA 120ML - STRAWBERRY FLAVOR,"Dung dịch Bestical 120ml Ergo Pharma bổ sung canxi, vitamin D3 và vitamin K2",thuc-pham-chuc-nang/bestical-ergo-120-ml-strawberry-flavor.html,290000.0,Hộp,đ,https://cdn.nhathuoclongchau.com.vn/unsafe/https://cms-prod.s3-sgn09.fptcloud.com/DSC_03317_f70899d89d.jpg,"Vitamin D3 400iu, Vitamin K2 24mcg, Lipocal 700mg",Dung dịch uống,ERGOPHARMA,Hộp x 120ml,Thực phẩm chức năng | Vitamin & Khoáng chất | Bổ sung Canxi & Vitamin D,thuc-pham-chuc-nang | thuc-pham-chuc-nang/vitamin-khoang-chat | thuc-pham-chuc-nang/canxi-vitamin-D,True,True,50,0,https://nhathuoclongchau.com.vn/thuc-pham-chuc-nang/bestical-ergo-120-ml-strawberry-flavor.html,thuc-pham-chuc-nang,400
408,00502940,DƯỠNG NÃO THÁI MINH 80V,"Viên uống Dưỡng Não Thái Minh hỗ trợ hoạt huyết, tăng cường lưu thông máu não (80 viên)",thuc-pham-chuc-nang/duong-nao-thai-minh-80-v.html,375000.0,Lọ,đ,https://cdn.nhathuoclongchau.com.vn/unsafe/https://cms-prod.s3-sgn09.fptcloud.com/TUK_07297_7d9ad94d2b.jpg,"Cao đinh lăng 100mg, Cao Thạch tùng 65mg, Cao bạch quả 50mg, Nattokinase 100fu, alpha Lipoic acid 30mg, Choline 30mg, Vitamin B1 5mg, Vitamin B6 5mg, Vitamin B12 10mcg",Viên nang,Thái Minh,Lọ 80 Viên,Thực phẩm chức năng | Thần kinh não | Hoạt huyết,thuc-pham-chuc-nang | thuc-pham-chuc-nang/than-kinh-nao | thuc-pham-chuc-nang/hoat-huyet,True,True,50,0,https://nhathuoclongchau.com.vn/thuc-pham-chuc-nang/duong-nao-thai-minh-80-v.html,thuc-pham-chuc-nang,400
409,00502917,ORZAX OCEAN D3K2 TRÍ KHANG CHAI 20ML,Dung dịch DubOcean D3K2 Orzax 20ml bổ sung Vitamin D3 và Vitamin K,thuc-pham-chuc-nang/orzax-ocean-d3-k2-tri-khang-chai-20-ml.html,295000.0,Chai,đ,https://cdn.nhathuoclongchau.com.vn/unsafe/https://cms-prod.s3-sgn09.fptcloud.com/TUK_04912_b685993d1c.jpg,"Vitamin D3 400iu, Vitamin K2 22.5mcg",Dung dịch,ORZAX,Chai,Thực phẩm chức năng | Vitamin & Khoáng chất,thuc-pham-chuc-nang | thuc-pham-chuc-nang/vitamin-khoang-chat,True,True,50,0,https://nhathuoclongchau.com.vn/thuc-pham-chuc-nang/orzax-ocean-d3-k2-tri-khang-chai-20-ml.html,thuc-pham-chuc-nang,400
410,00502854,EMMATS 2X10,"Viên uống Emmats TW3 hỗ trợ giảm nguy cơ lão hóa, cải thiện suy giảm nội tiết tố (2 vỉ x 10 viên)",thuc-pham-chuc-nang/emmats-tw-3-2-x10.html,165000.0,Hộp,đ,https://cdn.nhathuoclongchau.com.vn/unsafe/https://cms-prod.s3-sgn09.fptcloud.com/Emmats_6_9cc1967502.jpg,"Pregnenolone 12.5mg, Isoflavone 10mg, bột đương quy 100mg, Cao khô hoa Bạch cúc 100mg, Hà thủ ô 40mg, Cao Nhàu 40mg, Cao Thổ Phục linh 200mg, Nhân Sâm 25mg, Vitamin E 10iu",Viên nén bao phim,EMMATS,Hộp 2 Vỉ x 10 Viên,Thực phẩm chức năng | Sinh lý - Nội tiết tố | Cân bằng nội tiết tố,thuc-pham-chuc-nang | thuc-pham-chuc-nang/sinh-ly-noi-tiet-to | thuc-pham-chuc-nang/can-bang-noi-tiet-to,True,True,50,0,https://nhathuoclongchau.com.vn/thuc-pham-chuc-nang/emmats-tw-3-2-x10.html,thuc-pham-chuc-nang,400
411,00502657,BUONAVIT BABY BUONA 20ML,Thực phẩm bảo vệ sức khỏe Bounavit Baby bổ sung vitamin cho trẻ (20ml),thuc-pham-chuc-nang/buonavit-baby-buona-20-ml.html,225000.0,Hộp,đ,https://cdn.nhathuoclongchau.com.vn/unsafe/https://cms-prod.s3-sgn09.fptcloud.com/DSC_00726_dcfe056079.jpg,"Folate 100mcg, Vitamin D 15mcg, Vitamin E 5mg, Vitamin A 400mcg, Axit Pantothenic 2mg, Vitamin B1 0.5mg, Vitamin B2 0.6mg, Vitamin B6 0.5mg, Vitamin B12 1mcg, Niacin 6mg",Dung dịch uống,Buona,Hộp 1 Lọ x 20ml,Thực phẩm chức năng | Vitamin & Khoáng chất | Vitamin tổng hợp,thuc-pham-chuc-nang | thuc-pham-chuc-nang/vitamin-khoang-chat | thuc-pham-chuc-nang/vitamin-tong-hop,True,True,50,0,https://nhathuoclongchau.com.vn/thuc-pham-chuc-nang/buonavit-baby-buona-20-ml.html,thuc-pham-chuc-nang,400
412,00502562,BRAUER KIDS LIQUID MULTIVITAMIN WITH IRON 200ML,Siro Brauer Kids Liquid Multivitamin With Iron bổ sung vitamin và khoáng chất cho trẻ (200ml),thuc-pham-chuc-nang/brauer-kids-liquid-multivitamin-with-iron-200ml-36833.html,475000.0,Hộp,đ,https://cdn.nhathuoclongchau.com.vn/unsafe/https://cms-prod.s3-sgn09.fptcloud.com/DSC_06914_c9eb1477ee.jpg,"Dibasic magie phosphate trihydrate 24mg, Kẽm glycinate 4mg, Kali iodide 11.8mcg, Mangan amino acid chelate 1mg, Calci phosphate 26.4mg, Sắt pyrophosphate 3.33mg, Biotin 1.6mcg, Cholin bitartrate 20mg, D-alpha-Tocopheryl acetate 2mg, Cholecalciferol 0.5mcg, Calci ascorbate dihydrate 3.41mcg, mecobalamin 0.18mcg, Levomefolate glucosamine 72mcg, Pyridoxal 5-phosphate monohydrate 176mcg, Nicotinamide 400mcg, Riboflavin natri phosphate 80mcg, Thiamine 89mcg, Betacarotene 1mg",Dung dịch uống,Brauer,Hộp x 200ml,"Thực phẩm chức năng | Cải thiện tăng cường chức năng | Tăng sức đề kháng, miễn dịch",thuc-pham-chuc-nang | thuc-pham-chuc-nang/cai-thien-tang-cuong-chuc-nang | thuc-pham-chuc-nang/ho-tro-mien-dich-tang-suc-de-khang,True,True,50,0,https://nhathuoclongchau.com.vn/thuc-pham-chuc-nang/brauer-kids-liquid-multivitamin-with-iron-200ml-36833.html,thuc-pham-chuc-nang,400
413,00502555,BỔ GAN TÂM BÌNH 60V,"Viên uống Bổ gan Tâm Bình tăng cường chức năng gan, thanh nhiệt, giải độc (60 viên)",thuc-pham-chuc-nang/bo-gan-tam-binh-60-v.html,198000.0,Hộp,đ,https://cdn.nhathuoclongchau.com.vn/unsafe/https://cms-prod.s3-sgn09.fptcloud.com/DSC_03655_1b50acf68a.jpg,"Novasol Curcumin 30mg, Cao khô actiso 30mg, Mật nhân 35mg, Sài Hồ 55mg, Bạch thược 55mg, Khúng khéng 60mg, cao kế sữa 60mg, cao hỗn hợp dược liệu 175mg",Viên nang cứng,Tâm Bình,Hộp 60 Viên,Thực phẩm chức năng | Cải thiện tăng cường chức năng | Chức năng gan,thuc-pham-chuc-nang | thuc-pham-chuc-nang/cai-thien-tang-cuong-chuc-nang | thuc-pham-chuc-nang/chuc-nang-gan,True,True,50,0,https://nhathuoclongchau.com.vn/thuc-pham-chuc-nang/bo-gan-tam-binh-60-v.html,thuc-pham-chuc-nang,400
414,00502413,BLACKMORES MULTIVITAMIN FOR MEN 50V,"Viên uống Blackmores Multivitamin For Men cung cấp vitamin, khoáng chất (50 viên)",thuc-pham-chuc-nang/blackmores-multivitamin-for-men-50v-36665.html,561000.0,Hộp,đ,https://cdn.nhathuoclongchau.com.vn/unsafe/https://cms-prod.s3-sgn09.fptcloud.com/00502413_blackmores_multivitamin_for_men_50v_2599_634e_large_02d9526625.jpg,"Magie oxide 63.1mg, Canxi Pantothenate 70mg, Kẽm axit amin chelate 75mg, Chiết xuất tribulus terrestris 120mg, Vitamin C 100mg, Canxi hydrogen phosphat 170mg, Chiết xuất silybum marianum 57.1mg, Chiết xuất Turnera diffusa 100mg, Thiamin nitrate 30mg, Riboflavin 15mg, Pyridoxin hydroclorid 30mg, Inositol 25mg, D-alpha tocopheryl axit succinat 20.7mg, Mangan axit amin chelate 20mg, Ginkgo biloba 10mg, Axit Folic 300mcg, kali iod 65.4mcg, Selenomethionine 64.6mcg, Biotin 50mcg, Cyanocobalamin 40mcg, Nicotinamide 30mg",Viên nén,Blackmores,Hộp 50 Viên,Thực phẩm chức năng | Vitamin & Khoáng chất,thuc-pham-chuc-nang | thuc-pham-chuc-nang/vitamin-khoang-chat,True,True,50,0,https://nhathuoclongchau.com.vn/thuc-pham-chuc-nang/blackmores-multivitamin-for-men-50v-36665.html,thuc-pham-chuc-nang,400
415,00502389,BLACKMORES OMEGA DOUBLE HIGH STRENGTH FISH OIL 90V,Viên uống Blackmores Omega Double High Strength Fish Oil bổ sung omega (90 viên),thuc-pham-chuc-nang/blackmores-omega-double-high-strength-fish-oil-90v-36631.html,649000.0,Hộp,đ,https://cdn.nhathuoclongchau.com.vn/unsafe/https://cms-prod.s3-sgn09.fptcloud.com/00502389_blackmores_omega_double_high_strength_fish_oil_90v_4583_634e_large_affd28dcdc.jpg,Omega-3 triglycerides cô đặc 1g,Viên nang mềm,Blackmores,Hộp 90 Viên,"Thực phẩm chức năng | Cải thiện tăng cường chức năng | Bổ mắt, bảo vệ mắt",thuc-pham-chuc-nang | thuc-pham-chuc-nang/cai-thien-tang-cuong-chuc-nang | thuc-pham-chuc-nang/bao-ve-mat,True,True,50,0,https://nhathuoclongchau.com.vn/thuc-pham-chuc-nang/blackmores-omega-double-high-strength-fish-oil-90v-36631.html,thuc-pham-chuc-nang,400
416,00502322,SỮA VITADAIRY GLUVITA GOLD 900G,"Sữa bột Gluvita Gold Vitadairy bổ sung dinh dưỡng cho người đái tháo đường, tiền đái tháo đường (900g)",thuc-pham-chuc-nang/sua-vitadairy-gluvita-gold-900g-36561.html,554000.0,Hộp,đ,https://cdn.nhathuoclongchau.com.vn/unsafe/https://cms-prod.s3-sgn09.fptcloud.com/00502322_sua_vitadairy_gluvita_gold_900g_3490_633e_large_ed52a53c43.jpg,"Hương vani tổng hợp , Hương sữa , Taurine , Choline , Lutein , Vitamins , Khoáng chất , Fructose , Chất xơ hòa tan , Maltodextrin , Palatinose , Polyols , Dầu thực vật , Đạm sữa , Soy Protein ",Dạng bột,VITADAIRY,Hộp x 900g,Thực phẩm chức năng | Dinh dưỡng,thuc-pham-chuc-nang | thuc-pham-chuc-nang/dinh-duong,True,True,50,0,https://nhathuoclongchau.com.vn/thuc-pham-chuc-nang/sua-vitadairy-gluvita-gold-900g-36561.html,thuc-pham-chuc-nang,400
417,00502010,HOẠT HUYẾT THÔNG MẠCH TW3 FORIPHARM 3X10,"Hoạt Huyết Thông Mạch Foripharm hỗ trợ hoạt huyết, thông mạch, cải thiện tuần hoàn máu não (3 vỉ x 10 viên)",thuc-pham-chuc-nang/hoat-huyet-thong-mach-tw-3-foripharm-3-x10.html,105000.0,Hộp,đ,https://cdn.nhathuoclongchau.com.vn/unsafe/https://cms-prod.s3-sgn09.fptcloud.com/12_b81434705c.png,"Ích mẫu 225mg, Thục địa 200mg, Ngưu tất 200mg, Hồng hoa 200mg, Xuyên khung 100mg, Xích thược 100mg, bột đương quy 225mg, Cao khô bạch quả 30mg",Viên nang,Foripharm,Hộp 3 Vỉ x 10 Viên,Thực phẩm chức năng | Thần kinh não | Hoạt huyết,thuc-pham-chuc-nang | thuc-pham-chuc-nang/than-kinh-nao | thuc-pham-chuc-nang/hoat-huyet,True,True,50,0,https://nhathuoclongchau.com.vn/thuc-pham-chuc-nang/hoat-huyet-thong-mach-tw-3-foripharm-3-x10.html,thuc-pham-chuc-nang,400
418,00501988,SỮA VITADAIRY FOHEPTA 400G,Sữa bột Fohepta Vitadairy dinh dưỡng dành cho bệnh nhân gan (400g),thuc-pham-chuc-nang/sua-vitadairy-fohepta-400g-36190.html,257000.0,Hộp,đ,https://cdn.nhathuoclongchau.com.vn/unsafe/https://cms-prod.s3-sgn09.fptcloud.com/00501988_sua_cho_benh_nhan_gan_fohepta_vitadairy_400g_5342_6360_large_91621ed7fb.jpg,"Hương vani tổng hợp , Hương sữa , L-Carnitine , Taurine , Choline , Biotin , Niacin , Acid pantothenic , Folic Acid , Vitamin B12 , Vitamin B6 , Vitamin B2 , Vitamin B1 , Vitamin C , Vitamin K1 , Vitamin E , Vitamin D3 , Vitamin A , Mangan , Iodine , Đồng , Kẽm , Sắt , Magie , Canxi , Soy Protein , MCT , Sucrose , Sữa bột nguyên kem , Dầu thực vật , Maltodextrin , Whey protein ",Dạng bột,VITADAIRY,Hộp x 400g,Thực phẩm chức năng | Dinh dưỡng | Sữa,thuc-pham-chuc-nang | thuc-pham-chuc-nang/dinh-duong | thuc-pham-chuc-nang/sua,True,True,50,0,https://nhathuoclongchau.com.vn/thuc-pham-chuc-nang/sua-vitadairy-fohepta-400g-36190.html,thuc-pham-chuc-nang,400
419,00501675,DƯỠNG NÃO THÁI MINH 2X10,"Viên uống Dưỡng Não Thái Minh hỗ trợ hoạt huyết, tăng cường lưu thông máu não (2 vỉ x 10 viên)",thuc-pham-chuc-nang/duong-nao-thai-minh-2x10-35821.html,103000.0,Hộp,đ,https://cdn.nhathuoclongchau.com.vn/unsafe/https://cms-prod.s3-sgn09.fptcloud.com/TUK_07244_4cb633cf2a.jpg,"Vitamin B12 10mcg, Vitamin B6 5mg, Vitamin B1 5mg, Choline 30mg, alpha Lipoic acid 30mg, Nattokinase 100, Bạch quả 50mg, Thạch tùng răng cưa 65mg, Đinh lăng 100mg",Viên nang,Thái Minh,Hộp 2 Vỉ x 10 Viên,Thực phẩm chức năng | Thần kinh não | Hoạt huyết,thuc-pham-chuc-nang | thuc-pham-chuc-nang/than-kinh-nao | thuc-pham-chuc-nang/hoat-huyet,True,True,50,0,https://nhathuoclongchau.com.vn/thuc-pham-chuc-nang/duong-nao-thai-minh-2x10-35821.html,thuc-pham-chuc-nang,400
420,00501529,BUONA CIRCADIEM 20ML,Thực phẩm bảo vệ sức khỏe Buona Circadiem hỗ trợ giúp ngủ ngon (20ml),thuc-pham-chuc-nang/buona-circadiem-20-ml.html,250000.0,Lọ,đ,https://cdn.nhathuoclongchau.com.vn/unsafe/https://cms-prod.s3-sgn09.fptcloud.com/DSC_07281_75ddfa2154.jpg,Melatonin 1mg,Dung dịch,Buona,Lọ x 20ml,Thực phẩm chức năng | Thần kinh não | Hỗ trợ giấc ngủ ngon,thuc-pham-chuc-nang | thuc-pham-chuc-nang/than-kinh-nao | thuc-pham-chuc-nang/ho-tro-giac-ngu-ngon,True,True,50,0,https://nhathuoclongchau.com.vn/thuc-pham-chuc-nang/buona-circadiem-20-ml.html,thuc-pham-chuc-nang,400
421,00501343,OTIV ECOGREEN 60V,Viên uống OTiV Ecogreen giúp tăng cường dưỡng chất cho não (60 viên),thuc-pham-chuc-nang/otiv-ecogreen-60v-35507.html,590000.0,Hộp,đ,https://cdn.nhathuoclongchau.com.vn/unsafe/https://cms-prod.s3-sgn09.fptcloud.com/00501343_otiv_ecogreen_60v_6390_62e3_large_1934b01c7c.jpg,"Ginkgo biloba extract 80mg, Blueberry Extract (4:1) 100mg",Viên nang,Ecogreen,Hộp 60 Viên,Thực phẩm chức năng | Thần kinh não | Bổ não - cải thiện trí nhớ,thuc-pham-chuc-nang | thuc-pham-chuc-nang/than-kinh-nao | thuc-pham-chuc-nang/bo-nao-cai-thien-tri-nho,True,True,50,0,https://nhathuoclongchau.com.vn/thuc-pham-chuc-nang/otiv-ecogreen-60v-35507.html,thuc-pham-chuc-nang,400
422,00501342,WIT ECOGREEN 60V,"Viên nang WIT For Your Eyes Ecogreen tăng cường thị lực, giảm mờ và nhòe mắt (60 viên)",thuc-pham-chuc-nang/wit-ecogreen-60v-35510.html,590000.0,Hộp,đ,https://cdn.nhathuoclongchau.com.vn/unsafe/https://cms-prod.s3-sgn09.fptcloud.com/00501342_wit_ecogreen_60v_6440_62e3_large_8bbea408ab.jpg,"Pre-mixed powder contains vitamin and minerals 205mg, BroccoPhane 5000mcg, NovoOmega 65mg, Black Currant PE 4:1 100ml, Bilberry PE 5:1 100mg, Tagetes Erecta Extract 100mg",Viên nang,Ecogreen,Hộp 60 Viên,"Thực phẩm chức năng | Cải thiện tăng cường chức năng | Bổ mắt, bảo vệ mắt",thuc-pham-chuc-nang | thuc-pham-chuc-nang/cai-thien-tang-cuong-chuc-nang | thuc-pham-chuc-nang/bao-ve-mat,True,True,50,2.8331787,https://nhathuoclongchau.com.vn/thuc-pham-chuc-nang/wit-ecogreen-60v-35510.html,thuc-pham-chuc-nang,400
423,00501297,BUONA SIMBIOSISTEM BUSTINE 20 GÓI X 2G,Thực phẩm bảo vệ sức khỏe Simbiosistem Bouna bổ sung chất xơ (20 gói x 2g),thuoc/tpbvsk-simbiosistem-bustine-steve-jones-hop-20-goi-2g-35450.html,325000.0,Hộp,đ,https://cdn.nhathuoclongchau.com.vn/unsafe/https://cms-prod.s3-sgn09.fptcloud.com/DSC_07265_869e7f86b7.jpg,"Inulin từ diếp xoăn được làm giàu oligofructose (Orafti synergy 1) 1000mg, Lactobacillus acidophilus La-14 (ATCC: SD5212) 5tỷ cfu, Lactobacillus plantarum Lp-115 (ATCC: SD5209) 5tỷ cfu",Dạng bột,Buona,Hộp 20 Gói,Thực phẩm chức năng | Hỗ trợ tiêu hóa,thuc-pham-chuc-nang | thuc-pham-chuc-nang/ho-tro-tieu-hoa,True,True,50,0,https://nhathuoclongchau.com.vn/thuoc/tpbvsk-simbiosistem-bustine-steve-jones-hop-20-goi-2g-35450.html,thuc-pham-chuc-nang,400
424,00500768,MEN'S GINSENG ALIPAS NEW ECOGREEN 60V,Viên uống Men’s Ginseng Alipas Ecogreen cải thiện rối loạn cương dương (60 viên),thuc-pham-chuc-nang/mens-ginseng-alipas-new-ecogreen-60v-34888.html,1400000.0,Hộp,đ,https://cdn.nhathuoclongchau.com.vn/unsafe/https://cms-prod.s3-sgn09.fptcloud.com/00500768_mens_ginseng_alipas_new_ecogreen_60v_1645_62b5_large_ceb7d7acd7.jpg,"Eurycoma logifolia 240mg, Oyster Meat Extract 150mg, Tribulus terrestris 100mg, L-Arginine HCL 100mg, Butea superba Extract 81mg, Horny Goat Weed Extract 50mg, Ginkgo Leaf Extract 40mg, Pine bark extract 40mg, Zinc picolinate 30mg",Viên nang,Ecogreen,Hộp 60 Viên,Thực phẩm chức năng | Sinh lý - Nội tiết tố,thuc-pham-chuc-nang | thuc-pham-chuc-nang/sinh-ly-noi-tiet-to,True,True,50,0,https://nhathuoclongchau.com.vn/thuc-pham-chuc-nang/mens-ginseng-alipas-new-ecogreen-60v-34888.html,thuc-pham-chuc-nang,400
425,00500699,ENZYMAXDUO BIOTICS MHD PHARMA 2X10,Viên uống EnzymaxDuo Biotics MHD bổ sung lợi khuẩn và enzyme tiêu hóa cho cơ thể (2 vỉ x 10 viên),thuc-pham-chuc-nang/enzymaxduo-biotics-mhd-pharma-2-x10.html,500000.0,Hộp,đ,https://cdn.nhathuoclongchau.com.vn/unsafe/https://cms-prod.s3-sgn09.fptcloud.com/DSC_09887_7e7b7c0ba2.jpg,"Lactobacillus plantarum 5x10^9cfu, FOS 140mg, Amylase 21.5mg, Glucoamylase 13.8mg, Lipase 13.3mg, Protease 3.0 7.5mg, Protease 4.5 3.9mg",Viên nang,ENZYMAX,Hộp 2 Vỉ x 10 Viên,"Thực phẩm chức năng | Hỗ trợ tiêu hóa | Dạ dày, tá tràng",thuc-pham-chuc-nang | thuc-pham-chuc-nang/ho-tro-tieu-hoa | thuc-pham-chuc-nang/da-day-ta-trang,True,True,50,0,https://nhathuoclongchau.com.vn/thuc-pham-chuc-nang/enzymaxduo-biotics-mhd-pharma-2-x10.html,thuc-pham-chuc-nang,400
426,00500683,BỘT NƯỚC MÁT HERBA COOL EXTRA 10 GÓI,"Bột nước mát Herbal Cool Extra thanh nhiệt, mát gan, lợi tiểu (10 gói)",thuc-pham-chuc-nang/bot-nuoc-mat-herba-cool-extra-10-goi-34808.html,39000.0,Hộp,đ,https://cdn.nhathuoclongchau.com.vn/unsafe/https://cms-prod.s3-sgn09.fptcloud.com/00500683_bot_nuoc_mat_herba_cool_extra_10_goi_8524_62b2_large_f2fa4b1efa.jpg,"Rễ cỏ tranh 14g, Mía lau 6g, hoa cúc trắng 60mg, Cây thuốc dòi 5g, cao Actiso 40mg, La hán quả 40mg, Râu bắp 5g",Dạng bọt,Herbal 5,Hộp 10 Gói,Thực phẩm chức năng | Cải thiện tăng cường chức năng | Chức năng gan,thuc-pham-chuc-nang | thuc-pham-chuc-nang/cai-thien-tang-cuong-chuc-nang | thuc-pham-chuc-nang/chuc-nang-gan,True,True,50,0,https://nhathuoclongchau.com.vn/thuc-pham-chuc-nang/bot-nuoc-mat-herba-cool-extra-10-goi-34808.html,thuc-pham-chuc-nang,400
427,00500146,MEN SỐNG BẠCH MAI DG 20 ỐNG X 10ML,"Men sống Bạch Mai bổ sung lợi khuẩn đường tiêu hóa và kẽm, tăng cường tiêu hóa (20 ống x 10ml)",thuc-pham-chuc-nang/men-song-bach-mai-ecolife-hop-20-ong-x-10-ml.html,150000.0,Hộp,đ,https://cdn.nhathuoclongchau.com.vn/unsafe/https://cms-prod.s3-sgn09.fptcloud.com/IMG_0245_3564bb3328.jpg,"Kẽm Gluconat 10mg, Bacillus coagulans , Bacillus subtilis , Bacillus clausii ",Dung dịch uống,Đỗ Gia,Hộp 20 Ống x 10ml,Thực phẩm chức năng | Hỗ trợ tiêu hóa | Vi sinh - Probiotic,thuc-pham-chuc-nang | thuc-pham-chuc-nang/ho-tro-tieu-hoa | thuc-pham-chuc-nang/vi-sinh-probiotic,True,True,50,0,https://nhathuoclongchau.com.vn/thuc-pham-chuc-nang/men-song-bach-mai-ecolife-hop-20-ong-x-10-ml.html,thuc-pham-chuc-nang,400
428,00500115,KINGSUP CAO THÁI MINH 30V,"Viên uống KingsUp Thái Minh bổ thận, tráng dương, hỗ trợ tăng cường khả năng sinh lý nam (30 viên) ",thuc-pham-chuc-nang/kingsup-cao-thai-minh-30-v-1.html,300000.0,Hộp,đ,https://cdn.nhathuoclongchau.com.vn/unsafe/https://cms-prod.s3-sgn09.fptcloud.com/DSC_02506_eb5bce023a.jpg,"OSTHOLODIN 15mg, Damilib 50mg, Bá bệnh 200mg, Đông trùng hạ thảo 100mg, Dâm dương hoắc 70mg, L-Arginine 150mg, Kẽm Gluconat 18.75mg",Viên nén,Thái Minh,Hộp 30 Viên,Thực phẩm chức năng | Sinh lý - Nội tiết tố | Sinh lý nam,thuc-pham-chuc-nang | thuc-pham-chuc-nang/sinh-ly-noi-tiet-to | thuc-pham-chuc-nang/sinh-ly-nam,True,True,50,0,https://nhathuoclongchau.com.vn/thuc-pham-chuc-nang/kingsup-cao-thai-minh-30-v-1.html,thuc-pham-chuc-nang,400
429,00345906,BUONA FERRODUE 15ML,"Dung dịch Ferrodue 15ml Buona bổ sung sắt cho cơ thể, giảm nguy cơ thiếu máu ",thuc-pham-chuc-nang/buona-ferrodue-15-ml.html,215000.0,Lọ,đ,https://cdn.nhathuoclongchau.com.vn/unsafe/https://cms-prod.s3-sgn09.fptcloud.com/DSC_03393_116f2aec35.jpg,Sắt 10mg,Siro,Buona,Lọ x 15ml,Thực phẩm chức năng | Vitamin & Khoáng chất | Bổ sung Sắt & Axit Folic,thuc-pham-chuc-nang | thuc-pham-chuc-nang/vitamin-khoang-chat | thuc-pham-chuc-nang/sat-axit-folic,True,True,50,0,https://nhathuoclongchau.com.vn/thuc-pham-chuc-nang/buona-ferrodue-15-ml.html,thuc-pham-chuc-nang,400
430,00033686,BRAUER BABY KIDS LIQUID CALCIUM WITH MAGNESIUM AND ZINC 200ML,"Siro Brauer Baby Kids Liquid Calcium With Magnesium And Zinc 200ml hỗ trợ xương, răng chắc khỏe",thuc-pham-chuc-nang/brauer-baby-kids-liquid-calcium-with-magnesium-and-zinc-200ml-33774.html,520000.0,Hộp,đ,https://cdn.nhathuoclongchau.com.vn/unsafe/https://cms-prod.s3-sgn09.fptcloud.com/DSC_05492_e8136dc4fa.jpg,"Colecalciferol 0.334mcg, Menaquinone 7 0.63mcg, Kẽm glycinat 710mcg, Magie glycerophosphat 62.8mg, Calci phosphat 48.5mg",Dung dịch,Brauer,Hộp x 200ml,Thực phẩm chức năng | Vitamin & Khoáng chất | Bổ sung Canxi & Vitamin D,thuc-pham-chuc-nang | thuc-pham-chuc-nang/vitamin-khoang-chat | thuc-pham-chuc-nang/canxi-vitamin-D,True,True,50,0,https://nhathuoclongchau.com.vn/thuc-pham-chuc-nang/brauer-baby-kids-liquid-calcium-with-magnesium-and-zinc-200ml-33774.html,thuc-pham-chuc-nang,400
431,00033661,METHORPHAN TRAPHACO 100ML,"Siro Methorphan Bee Traphaco hỗ trợ giảm ho, giảm đờm, viêm họng (100ml)",thuc-pham-chuc-nang/methorphan-traphaco-100-ml.html,46000.0,Hộp,đ,https://cdn.nhathuoclongchau.com.vn/unsafe/https://cms-prod.s3-sgn09.fptcloud.com/DSC_07477_91566b666e.jpg,"Cao lá thường xuân 30mg, Keo Ong 25mg, Marshmallow 25mg",Siro,Traphaco,Hộp x 100ml,"Thực phẩm chức năng | Hỗ trợ điều trị | Hô hấp, ho, xoang",thuc-pham-chuc-nang | thuc-pham-chuc-nang/ho-tro-dieu-tri | thuc-pham-chuc-nang/suc-khoe-duong-ho-hap-ho-xoang,True,True,50,0,https://nhathuoclongchau.com.vn/thuc-pham-chuc-nang/methorphan-traphaco-100-ml.html,thuc-pham-chuc-nang,400
432,00033610,BỘT SỦI THANH NHIỆT LIVECOOL HƯƠNG CHANH 10 GÓI X 7G,"Bột sủi Thanh Nhiệt Livecool Nam Dược hương chanh hỗ trợ giải độc, mát gan (10 gói x 7g)",thuc-pham-chuc-nang/bot-sui-thanh-nhiet-livecool-huong-chanh-10-goi-x-7g-33692.html,40000.0,Hộp,đ,https://cdn.nhathuoclongchau.com.vn/unsafe/https://cms-prod.s3-sgn09.fptcloud.com/00033610_bot_sui_thanh_nhiet_livecool_huong_chanh_10_goi_x_7g_6979_6232_large_cca0fae575.jpg,"chiết xuất chanh 250mg, chiết xuất atiso 200mg, Chiết xuất rau má 100mg, Vitamin C 70, chiết xuất linh chi đỏ 50mg, Chất tạo ngọt tổng hợp , Tá dược vừa đủ 7",Dạng bột,Nam Dược,Hộp 10 Gói x 7g,Thực phẩm chức năng | Cải thiện tăng cường chức năng | Chức năng gan,thuc-pham-chuc-nang | thuc-pham-chuc-nang/cai-thien-tang-cuong-chuc-nang | thuc-pham-chuc-nang/chuc-nang-gan,True,True,50,0,https://nhathuoclongchau.com.vn/thuc-pham-chuc-nang/bot-sui-thanh-nhiet-livecool-huong-chanh-10-goi-x-7g-33692.html,thuc-pham-chuc-nang,400
433,00033517,KIDS SMART NATURE'S WAY VITA GUMMIES OMEGA-3 DHA FISH OIL 60V,Viên nhai Nature's Way Kids Smart Vita Gummies Omega-3 DHA Fish Oil hỗ trợ tăng cường sức khỏe (60 viên),thuc-pham-chuc-nang/kids-smart-vita-gummies-omega-3-dha-fish-oil-60v-33633.html,310000.0,Hộp,đ,https://cdn.nhathuoclongchau.com.vn/unsafe/https://cms-prod.s3-sgn09.fptcloud.com/00033517_KIDS_SMART_NATURE_S_WAY_VITA_GUMMIES_OMEGA_3_DHA_FISH_OIL_60_V_d1c1cede08.jpg,"Dầu cá 132.9mg, Sucrose , Nước tinh khiết , Chất làm ẩm , Glucose , Gelatin , Vitamin C , Hương tự nhiên , Chất chống oxy hóa ",Viên nhai,Nature's way,Hộp 60 Viên,"Thực phẩm chức năng | Vitamin & Khoáng chất | Dầu cá, Omega 3, DHA",thuc-pham-chuc-nang | thuc-pham-chuc-nang/vitamin-khoang-chat | thuc-pham-chuc-nang/dau-ca-omega-3-dha,True,True,50,0,https://nhathuoclongchau.com.vn/thuc-pham-chuc-nang/kids-smart-vita-gummies-omega-3-dha-fish-oil-60v-33633.html,thuc-pham-chuc-nang,400
434,00032963,BRAUER BABY KIDS LIQUID VITAMIN D 400IU 10ML,"Siro Brauer Baby Kids Liquid Vitamin D 400IU bổ sung vitamin D3, tăng cường hấp thụ canxi (10ml)",thuc-pham-chuc-nang/brauer-baby-kids-liquid-vitamin-d-400iu-chai-10ml-33080.html,378000.0,Hộp,đ,https://cdn.nhathuoclongchau.com.vn/unsafe/https://cms-prod.s3-sgn09.fptcloud.com/00032963_brauer_baby_kids_liquid_vitamin_d_400iu_chai_10ml_9699_623c_large_1c75b2ed2c.jpg,"Colecalciferol 10, DL-alpha-Tocopherol , Cám gạo , Dầu thực vật ",Dung dịch,Brauer,Hộp,Thực phẩm chức năng | Vitamin & Khoáng chất | Bổ sung Canxi & Vitamin D,thuc-pham-chuc-nang | thuc-pham-chuc-nang/vitamin-khoang-chat | thuc-pham-chuc-nang/canxi-vitamin-D,True,True,50,0,https://nhathuoclongchau.com.vn/thuc-pham-chuc-nang/brauer-baby-kids-liquid-vitamin-d-400iu-chai-10ml-33080.html,thuc-pham-chuc-nang,400
435,00032956,SIRO ĂN NGON ÍCH NHI PLUS NAM DƯỢC 4X5 ỐNG 10ML,"Siro Ích Nhi Plus Nam Dược bổ sung kẽm, seien và lysin giúp trẻ ăn ngon (4 vỉ x 5 ống x 10ml)",thuc-pham-chuc-nang/siro-an-ngon-ich-nhi-plus-nam-duoc-4x5-ong-10ml-33074.html,115000.0,Hộp,đ,https://cdn.nhathuoclongchau.com.vn/unsafe/https://cms-prod.s3-sgn09.fptcloud.com/00032956_siro_an_ngon_ich_nhi_plus_nam_duoc_4x5_ong_10ml_8264_61b3_large_d3acb1294f.jpg,"L-Lysine hydrochloride 75mg, Kẽm Gluconat 38.6mg, Selen 10, Echinacea 40mg, Taurine 5mg",Siro,Nam Dược,Hộp 4 Vỉ x 5 Ống,"Thực phẩm chức năng | Cải thiện tăng cường chức năng | Tăng sức đề kháng, miễn dịch",thuc-pham-chuc-nang | thuc-pham-chuc-nang/cai-thien-tang-cuong-chuc-nang | thuc-pham-chuc-nang/ho-tro-mien-dich-tang-suc-de-khang,True,True,50,0,https://nhathuoclongchau.com.vn/thuc-pham-chuc-nang/siro-an-ngon-ich-nhi-plus-nam-duoc-4x5-ong-10ml-33074.html,thuc-pham-chuc-nang,400
436,00032791,VIGANAM TÂM BÌNH 5x12,Viên uống Viganam Tâm Bình hỗ trợ bổ thận tráng dương (5 vỉ x 12 viên),thuc-pham-chuc-nang/viganam-tam-binh-hop-5-vi-x-12-vien-32912.html,298000.0,Hộp,đ,https://cdn.nhathuoclongchau.com.vn/unsafe/https://cms-prod.s3-sgn09.fptcloud.com/00032791_viganam_tam_binh_hop_5_vi_x_12_vien_9291_62af_large_4689423966.jpg,"Dâm dương hoắc 500mg, Ba kích 350mg, Sâm cau 300mg, Nhục thung dung 300mg, Sơn thù 300mg, Kỷ tử 250mg, Nhân Sâm 50mg, Lộc Nhung 30mg, Bá bệnh 30mg, Chiết xuất hàu 30mg, Chiết xuất bạch tật lê 30mg, Cỏ cà ri 25mg",Viên nang cứng,Tâm Bình,Hộp 5 vỉ x 12 viên,Thực phẩm chức năng | Sinh lý - Nội tiết tố | Sinh lý nam,thuc-pham-chuc-nang | thuc-pham-chuc-nang/sinh-ly-noi-tiet-to | thuc-pham-chuc-nang/sinh-ly-nam,True,True,50,0,https://nhathuoclongchau.com.vn/thuc-pham-chuc-nang/viganam-tam-binh-hop-5-vi-x-12-vien-32912.html,thuc-pham-chuc-nang,400
437,00032779,OVAQ PLUS TW MEDIPLANTEX 30 VIÊN,Viên uống OVAQ Plus TW Mediplantex bổ sung dinh dưỡng cho phụ nữ trước khi mang thai (30 Viên),thuc-pham-chuc-nang/ovaq-plus-tw-mediplantex-30-vien-32894.html,337000.0,Hộp,đ,https://cdn.nhathuoclongchau.com.vn/unsafe/https://cms-prod.s3-sgn09.fptcloud.com/00032779_ovaq_plus_tw_mediplantex_30_vien_2683_6327_large_ac7cbe5b0a.jpg,"L-Arginine HCL 100%, Coenzyme Q10 10mg, Vitamin E 50iu, N-Acetyl L-Cystein 25mg, Acid folic 200mcg, D-chiro-Inositol 6.5mg, Myo- inositol 300mg",Viên nang cứng,OvaQ,Hộp 30 Viên,Thực phẩm chức năng | Vitamin & Khoáng chất,thuc-pham-chuc-nang | thuc-pham-chuc-nang/vitamin-khoang-chat,True,True,50,0,https://nhathuoclongchau.com.vn/thuc-pham-chuc-nang/ovaq-plus-tw-mediplantex-30-vien-32894.html,thuc-pham-chuc-nang,400
438,00345406,AKTIV-MENO SOJA-LSOFLAVONE DOPPEL HERZ 30V,"Viên uống Active-Meno Doppelherz Aktiv bổ sung isoflavone, điều hoà kinh nguyệt (30 viên)",thuc-pham-chuc-nang/active-meno-can-bang-noi-tiet-to-nu-66.html,391000.0,Hộp,đ,https://cdn.nhathuoclongchau.com.vn/unsafe/https://cms-prod.s3-sgn09.fptcloud.com/DSC_07823_01cfc43180.jpg,"Vitamin B6 2mg, Vitamin B2 1.6mg, Vitamin B1 1.4mg, Calcium 500mg, Tinh chất mầm đậu nành 125mg, Vitamin D3 5Mcg, Vitamin B12 3Mcg, Biotin 150Mcg, Acid folic 400Mcg, Isoflavone 50mg",Viên nén,Doppelherz,Hộp 30 Viên,Thực phẩm chức năng | Sinh lý - Nội tiết tố,thuc-pham-chuc-nang | thuc-pham-chuc-nang/sinh-ly-noi-tiet-to,True,True,50,0,https://nhathuoclongchau.com.vn/thuc-pham-chuc-nang/active-meno-can-bang-noi-tiet-to-nu-66.html,thuc-pham-chuc-nang,400
439,00345407,AKTIV VITAL PREGNAL 30V,Viên uống Vital Pregna Doppelherz Aktiv giúp tăng cường sức khỏe và thể chất (30 viên),thuc-pham-chuc-nang/aktiv-vital-pregna-thuoc-bo-cho-ba-bau-78.html,324000.0,Hộp,đ,https://cdn.nhathuoclongchau.com.vn/unsafe/https://cms-prod.s3-sgn09.fptcloud.com/00345407_aktiv_vital_pregna_thuoc_bo_cho_ba_bau_5133_5c3a_large_f95cbcf2e9.jpg,"Vitamin E 12mg, Beta carotene 2mg, Omega-3 fatty acids 176mg, Vitamin D3 5Mcg, Pantothenic acid 6mg, Vitamin B1 1.2mg, Vitamin B2 1.5mg, Vitamin B6 2mg, Acid folic 400Mcg, Biotin 60Mcg, Niacin 15mg, Vitamin B12 2Mcg, Iron 14mg, Magnesium oxide 60mg, Zinc 5mg, Copper 1mg, Iodine 150Mcg, Tá dược vừa đủ , DHA , Vitamin C ",Viên nang cứng,Doppelherz,Hộp 30 viên,Thực phẩm chức năng | Vitamin & Khoáng chất,thuc-pham-chuc-nang | thuc-pham-chuc-nang/vitamin-khoang-chat,True,True,50,0,https://nhathuoclongchau.com.vn/thuc-pham-chuc-nang/aktiv-vital-pregna-thuoc-bo-cho-ba-bau-78.html,thuc-pham-chuc-nang,400
440,00010365,HEWEL ECOGREEN 30V,"Viên uống Hewel Ecogreen hỗ trợ tăng khả năng thải độc, bảo vệ gan (30 viên)",thuc-pham-chuc-nang/hewel-vien-giai-doc-gan-98.html,240000.0,Hộp,đ,https://cdn.nhathuoclongchau.com.vn/unsafe/https://cms-prod.s3-sgn09.fptcloud.com/00010365_hewel_vien_giai_doc_gan_2657_62ae_large_915d8fe244.jpg,"S. Marianum 200mg, Wasabia 100mg, Bupleurum Extract 10:1 100mg, Rosemary Extract 50mg, Schisandra Extract 50mg, Ginger Root Powder 30mg, Pre-mixed powder contains vitamin and minerals 130mg",Viên nang,Ecogreen,Hộp 30 viên,Thực phẩm chức năng | Cải thiện tăng cường chức năng | Chức năng gan,thuc-pham-chuc-nang | thuc-pham-chuc-nang/cai-thien-tang-cuong-chuc-nang | thuc-pham-chuc-nang/chuc-nang-gan,True,True,50,0,https://nhathuoclongchau.com.vn/thuc-pham-chuc-nang/hewel-vien-giai-doc-gan-98.html,thuc-pham-chuc-nang,400
441,00010393,BONI SEAL 60V,"Viên uống BoniSeal Botania tăng cường sức khỏe tinh hoàn, suy giảm ham muốn tình dục ở nam giới (60 viên)",thuc-pham-chuc-nang/boniseal-tang-cuong-sinh-ly-nam-133.html,585000.0,Hộp,đ,https://cdn.nhathuoclongchau.com.vn/unsafe/https://cms-prod.s3-sgn09.fptcloud.com/00010393_boniseal_tang_cuong_sinh_ly_nam_3360_63f8_large_74e4e65e53.jpg,"Hàu 33.33mg, Muira puama 8.33mg, Sữa ong chúa 3.67mg, Damiana Extract 2.5mg, Sarsaparilla Root 0.43mg, Kẽm 8.33mg, Vitamin E 34.33IU, Vitamin B3 25mg, Vitamin B6 4.27mg, Boron 1mg, Guarana powdered 117mg, Tinh hoàn hải cẩu 100mg, Cọ lùn 58.33mg, Lòng trắng trứng 33.33mg, Vitamin C ",Viên nang,Botania,Hộp 60 Viên,Thực phẩm chức năng | Sinh lý - Nội tiết tố | Sinh lý nam,thuc-pham-chuc-nang | thuc-pham-chuc-nang/sinh-ly-noi-tiet-to | thuc-pham-chuc-nang/sinh-ly-nam,True,True,50,0,https://nhathuoclongchau.com.vn/thuc-pham-chuc-nang/boniseal-tang-cuong-sinh-ly-nam-133.html,thuc-pham-chuc-nang,400
442,00010546,BONI SLEEP 30V,"Viên uống Bonisleep Botania giúp an thần, giảm căng thẳng thần kinh (30 viên)",thuc-pham-chuc-nang/bonisleep-giam-cang-thang-than-kinh-an-than-134.html,425000.0,Hộp,đ,https://cdn.nhathuoclongchau.com.vn/unsafe/https://cms-prod.s3-sgn09.fptcloud.com/00010546_bonisleep_giam_cang_thang_than_kinh_an_than_9427_633f_large_97f8c0e74e.jpg,"Lactium 50mg, L-Arginin 50mg, Vitamin B6 15mg, Magnesium oxide 50mg, 5-HTP (5 Hydroxytryptophan) 25mg, L-theanine 25mg, Melatonin 1.5mg, gamma-Aminobutyric acid 125mg, Valerian 75mg, Chamomile 75mg, Passion flower extract 320mg, Hops 75mg, Rhodiola 50mg",Viên nang,Botania,Hộp 30 viên,Thực phẩm chức năng | Thần kinh não | Hỗ trợ giấc ngủ ngon,thuc-pham-chuc-nang | thuc-pham-chuc-nang/than-kinh-nao | thuc-pham-chuc-nang/ho-tro-giac-ngu-ngon,True,True,50,0,https://nhathuoclongchau.com.vn/thuc-pham-chuc-nang/bonisleep-giam-cang-thang-than-kinh-an-than-134.html,thuc-pham-chuc-nang,400
443,00009776,BONI VEIN 30V,Viên uống BoniVein Botania hỗ trợ tăng sức bền của tĩnh mạch (30 viên),thuc-pham-chuc-nang/bonivien-ho-tro-dieu-tri-benh-tri-136.html,280000.0,Hộp,đ,https://cdn.nhathuoclongchau.com.vn/unsafe/https://cms-prod.s3-sgn09.fptcloud.com/00009776_bonivien_ho_tro_dieu_tri_benh_tri_7269_62b1_large_a951d4d17b.jpg,"Hesperidin 50mg, Chiết xuất vỏ thông 25mg, Diosmin 150mg, Hạt dẻ ngựa 50mg, Bạch quả 30mg, grape seed extract 25mg, Ruscogenines 30mg, Lý chua đen 3mg, Vitamin C  ",Viên nang,Botania,Hộp 30 viên,Thực phẩm chức năng | Hỗ trợ điều trị | Hỗ trợ điều trị trĩ,thuc-pham-chuc-nang | thuc-pham-chuc-nang/ho-tro-dieu-tri | thuc-pham-chuc-nang/tri,True,True,50,0,https://nhathuoclongchau.com.vn/thuc-pham-chuc-nang/bonivien-ho-tro-dieu-tri-benh-tri-136.html,thuc-pham-chuc-nang,400
444,00009798,BONI GUT 60V,"Viên uống BoniGut Botania giảm nồng độ acid uric trong máu, hỗ trợ điều trị bệnh gout (60 viên)",thuc-pham-chuc-nang/bonigut-xoa-tan-noi-lo-benh-gut-137.html,425000.0,Hộp,đ,https://cdn.nhathuoclongchau.com.vn/unsafe/https://cms-prod.s3-sgn09.fptcloud.com/00009798_bonigut_xoa_tan_noi_lo_benh_gut_3345_6351_large_028318ca66.jpg,"Kim sa 50mg, Rễ cây tầm ma 50mg, Hạt mã đề 50mg, Trạch tả 50mg, Ngưu bàng tử 50mg, Chiết xuất lá bạc hà 50mg, Chiết xuất hạt Cần tây 250mg, Lá húng tây 100mg, Quả anh đào đen 60mg, Gừng 50mg",Viên nang cứng,Botania,Hộp 60 viên,Thực phẩm chức năng | Hỗ trợ điều trị | Hỗ trợ điều trị gout,thuc-pham-chuc-nang | thuc-pham-chuc-nang/ho-tro-dieu-tri | thuc-pham-chuc-nang/gout,True,True,50,0,https://nhathuoclongchau.com.vn/thuc-pham-chuc-nang/bonigut-xoa-tan-noi-lo-benh-gut-137.html,thuc-pham-chuc-nang,400
445,00009959,WIT ECOGREEN 30V,"Viên nang WIT For Your Eyes Ecogreen tăng cường thị lực, giảm mờ và nhòe mắt (30 viên)",thuc-pham-chuc-nang/wit-vien-uong-bo-mat-cua-my-bao-ve-mat-tu-ben-trong-155.html,330000.0,Hộp,đ,https://cdn.nhathuoclongchau.com.vn/unsafe/https://cms-prod.s3-sgn09.fptcloud.com/00009959_wit_vien_uong_bo_mat_cua_my_bao_ve_mat_tu_ben_trong_4914_6328_large_0ad140c02f.jpg,"Bông cải xanh 5000Mcg, Việt quất 100mg, Zeaxanthin 100mg, DHA , Vitamin C ",Viên nang,Ecogreen,Hộp 30 viên,"Thực phẩm chức năng | Cải thiện tăng cường chức năng | Bổ mắt, bảo vệ mắt",thuc-pham-chuc-nang | thuc-pham-chuc-nang/cai-thien-tang-cuong-chuc-nang | thuc-pham-chuc-nang/bao-ve-mat,True,True,50,0,https://nhathuoclongchau.com.vn/thuc-pham-chuc-nang/wit-vien-uong-bo-mat-cua-my-bao-ve-mat-tu-ben-trong-155.html,thuc-pham-chuc-nang,400
446,00010518,NINH TÂM VƯƠNG ĐÔNG TÂY 3X10,"Viên uống Ninh Tâm Vương Hồng Bàng dùng cho người hồi hộp, trống ngực, tim đập nhanh (3 vỉ x 10 viên)",thuc-pham-chuc-nang/ninh-tam-vuong-on-dinh-nhip-dap-trai-tim-166.html,180000.0,Hộp,đ,https://cdn.nhathuoclongchau.com.vn/unsafe/https://cms-prod.s3-sgn09.fptcloud.com/00010518_ninh_tam_vuong_on_dinh_nhip_dap_trai_tim_2863_62b0_large_3ee743f9a9.jpg,"L-Carnitine 50mg, Taurine 50mg, Đan sâm 100mg, Khổ sâm bắc 155mg, Nattokinase 150mg, Hoàng đằng 50mg, Magie 7.5mg, Tá dược vừa đủ  ",Viên nén,Đông Tây,Hộp 3 vỉ x 10 viên,Thực phẩm chức năng | Sức khoẻ tim mạch,thuc-pham-chuc-nang | thuc-pham-chuc-nang/tim-mach-huyet-ap,True,True,50,0,https://nhathuoclongchau.com.vn/thuc-pham-chuc-nang/ninh-tam-vuong-on-dinh-nhip-dap-trai-tim-166.html,thuc-pham-chuc-nang,400
447,00005930,PHỤ LẠC CAO EX HỒNG BÀNG 3X10,"Viên uống Phụ Lạc Cao EX Hồng Bàng hỗ trợ lưu thông khí huyết, bổ huyết (3 vỉ x 10 viên)",thuc-pham-chuc-nang/phu-lac-cao-dieu-tri-hieu-qua-dau-bung-kinh-216.html,210000.0,Hộp,đ,https://cdn.nhathuoclongchau.com.vn/unsafe/https://cms-prod.s3-sgn09.fptcloud.com/00005930_phu_lac_cao_dieu_tri_hieu_qua_dau_bung_kinh_2254_5f7d_large_0315e38a8b.JPG,"Tá dược vừa đủ  , Sài hồ bắc 50mg, Nga truật (Thân rễ) 50mg, Đương quy 65mg, Hương phụ 90mg, Đan sâm 100mg, L-cystin 220mg",Viên nén,Á Âu,Hộp 3 Vỉ x 10 Viên,Thực phẩm chức năng | Sinh lý - Nội tiết tố | Cân bằng nội tiết tố,thuc-pham-chuc-nang | thuc-pham-chuc-nang/sinh-ly-noi-tiet-to | thuc-pham-chuc-nang/can-bang-noi-tiet-to,True,True,50,0,https://nhathuoclongchau.com.vn/thuc-pham-chuc-nang/phu-lac-cao-dieu-tri-hieu-qua-dau-bung-kinh-216.html,thuc-pham-chuc-nang,400
448,00008362,BIGBB IMC 16 GÓI,"Cốm BigBB IMC hỗ trợ trẻ ăn ngon, tăng sức đề kháng (16 gói)",thuc-pham-chuc-nang/bigbb-giup-tre-an-ngon-259.html,140000.0,Hộp,đ,https://cdn.nhathuoclongchau.com.vn/unsafe/https://cms-prod.s3-sgn09.fptcloud.com/00008362_bigbb_giup_tre_an_ngon_9293_63a5_large_116adba772.jpg,"Taurine 50mg, Lysine 50mg, Diếp cá 50mg, Hoài Sơn 120mg, Hoàng kỳ 300mg, ImmuneGamma 25mg, Kẽm 1.5mg, Tá dược vừa đủ ",Cốm,IMC,Hộp 16 Gói,Thực phẩm chức năng | Hỗ trợ tiêu hóa,thuc-pham-chuc-nang | thuc-pham-chuc-nang/ho-tro-tieu-hoa,True,True,50,0,https://nhathuoclongchau.com.vn/thuc-pham-chuc-nang/bigbb-giup-tre-an-ngon-259.html,thuc-pham-chuc-nang,400
449,00005468,OCUVITE BAUSCH LOMB 3X20,Viên nén Ocuvite Lutein Bausch & Lomb hỗ trợ tăng cường thị lực (3 vỉ x 20 viên),thuc-pham-chuc-nang/ocuvite-vitamin-bo-mat-cua-my-303.html,239000.0,Hộp,đ,https://cdn.nhathuoclongchau.com.vn/unsafe/https://cms-prod.s3-sgn09.fptcloud.com/00005468_ocuvite_vitamin_bo_mat_cua_my_4233_62b1_large_619ecef744.jpg,"Tá dược vừa đủ  , Selenium 10mcg, Vitamin E 4.4mg, Acid Ascorbic 30mg, Zeaxanthine 0.25mg, Lutein 3mg, Zinc 2.5mg",Viên nén,Bausch & Lomb,Hộp 3 Vỉ x 20 Viên,"Thực phẩm chức năng | Cải thiện tăng cường chức năng | Bổ mắt, bảo vệ mắt",thuc-pham-chuc-nang | thuc-pham-chuc-nang/cai-thien-tang-cuong-chuc-nang | thuc-pham-chuc-nang/bao-ve-mat,True,True,50,0,https://nhathuoclongchau.com.vn/thuc-pham-chuc-nang/ocuvite-vitamin-bo-mat-cua-my-303.html,thuc-pham-chuc-nang,400
450,00007967,VINDERMEN PLUS 3X10,"Viên uống Vindermen Plus Vinh Gia hỗ trợ hoạt huyết, tăng cường lưu thông máu não (3 vỉ x 10 viên)",thuc-pham-chuc-nang/vindermen-plus-ho-tro-dieu-tri-dau-day-than-kinh-304.html,163000.0,Hộp,đ,https://cdn.nhathuoclongchau.com.vn/unsafe/https://cms-prod.s3-sgn09.fptcloud.com/00007967_vindermen_plus_ho_tro_dieu_tri_dau_day_than_kinh_5069_5fd7_large_9a3c74589d.JPG,"Blueberry 90mg, Ginkgo biloba 57.5mg, Natri Chondroitin sulfate 100mg, Fursultiamine 50mg, Pyridoxine 5mg, Vitamin B2 5mg",Viên nén,Vinh Gia,Hộp 3 vỉ x 10 viên,Thực phẩm chức năng | Thần kinh não | Bổ não - cải thiện trí nhớ,thuc-pham-chuc-nang | thuc-pham-chuc-nang/than-kinh-nao | thuc-pham-chuc-nang/bo-nao-cai-thien-tri-nho,True,True,50,0,https://nhathuoclongchau.com.vn/thuc-pham-chuc-nang/vindermen-plus-ho-tro-dieu-tri-dau-day-than-kinh-304.html,thuc-pham-chuc-nang,400
451,00008091,VƯƠNG TÂM THỐNG HỒNG BÀNG 3X10,"Viên nén Vương Tâm Thống Hồng Bàng hạ lipid máu, giảm triệu chứng đau thắt ngực, khó thở (3 vỉ x 10 viên)",thuc-pham-chuc-nang/vuong-tam-thong-ho-tro-dieu-tri-benh-dau-tim-310.html,180000.0,Hộp,đ,https://cdn.nhathuoclongchau.com.vn/unsafe/https://cms-prod.s3-sgn09.fptcloud.com/00008091_vuong_tam_thong_ho_tro_dieu_tri_benh_dau_tim_4636_62af_large_b7791fe57d.jpg,"Đan sâm 50mg, Hoàng bá 100mg, Cao lá đỏ ngọn 100mg, Bồ hoàng 100mg, Nattokinase 150mg, Sơn Tra 20mg, Mạch môn 20mg, L-Carnitine 20mg, alpha Lipoic acid 10mg, Tá dược vừa đủ  ",Viên nén,Trung Mỹ,Hộp 3 vỉ x 10 viên,Thực phẩm chức năng | Sức khoẻ tim mạch,thuc-pham-chuc-nang | thuc-pham-chuc-nang/tim-mach-huyet-ap,True,True,50,0,https://nhathuoclongchau.com.vn/thuc-pham-chuc-nang/vuong-tam-thong-ho-tro-dieu-tri-benh-dau-tim-310.html,thuc-pham-chuc-nang,400
452,00009842,FAZ ECOGREEN 30V,"Viên uống FAZ Ecogreen hỗ trợ giảm cholesterol toàn phần, giảm LDL-c (30 viên)",thuc-pham-chuc-nang/faz-kiem-soat-mo-mau-phong-ngua-benh-tim-mach-316.html,300000.0,Hộp,đ,https://cdn.nhathuoclongchau.com.vn/unsafe/https://cms-prod.s3-sgn09.fptcloud.com/00009842_faz_kiem_soat_mo_mau_phong_ngua_benh_tim_mach_2478_62ae_large_f94a2a9a99.jpg,"Policosanol GDL-5 100mg, Red Yeast Rice Extract 50mg, Gynostemma Extract 150mg, Apple Cider Vinegar Extract 200mg",Viên nang,Ecogreen,Hộp 30 viên,Thực phẩm chức năng | Sức khoẻ tim mạch | Giảm Cholesterol,thuc-pham-chuc-nang | thuc-pham-chuc-nang/tim-mach-huyet-ap | thuc-pham-chuc-nang/cholesterol,True,True,50,0,https://nhathuoclongchau.com.vn/thuc-pham-chuc-nang/faz-kiem-soat-mo-mau-phong-ngua-benh-tim-mach-316.html,thuc-pham-chuc-nang,400
453,00008404,XOANG BÁCH PHỤC 2X10,Viên uống Xoang Bach Phuc Thái Minh hỗ trợ giảm triệu chứng viêm xoang (2 vỉ x 10 viên),thuc-pham-chuc-nang/xoang-bach-phuc-tri-viem-xoang-viem-mui-di-ung-327.html,130000.0,Hộp,đ,https://cdn.nhathuoclongchau.com.vn/unsafe/https://cms-prod.s3-sgn09.fptcloud.com/DSC_04996_7c82d43c2c.jpg,"ImmuneGamma 50mg, Mật lợn 30mg, Hoắc hương 100mg, Kim ngân hoa 150mg, Kinh giới 220mg, Tạo giác 30mg",Viên nén,Thái Minh,Hộp 2 vỉ x 10 viên,"Thực phẩm chức năng | Hỗ trợ điều trị | Hô hấp, ho, xoang",thuc-pham-chuc-nang | thuc-pham-chuc-nang/ho-tro-dieu-tri | thuc-pham-chuc-nang/suc-khoe-duong-ho-hap-ho-xoang,True,True,50,0,https://nhathuoclongchau.com.vn/thuc-pham-chuc-nang/xoang-bach-phuc-tri-viem-xoang-viem-mui-di-ung-327.html,thuc-pham-chuc-nang,400
454,00009996,DẦU TỎI TUỆ LINH 100V,"Dầu Tỏi Tuệ Linh hỗ trợ giảm mỡ máu, giảm nguy cơ xơ vữa động mạch vành (100 viên)",thuc-pham-chuc-nang/dau-toi-tue-linh-kiem-soat-mo-mau-tang-suc-de-khang-366.html,70000.0,Hộp,đ,https://cdn.nhathuoclongchau.com.vn/unsafe/https://cms-prod.s3-sgn09.fptcloud.com/00009996_dau_toi_tue_linh_kiem_soat_mo_mau_tang_suc_de_khang_3466_5fdc_large_594f3dcdbe.jpg,Tinh dầu tỏi ,Viên nang mềm,Tuệ Linh,Hộp 100 viên,Thực phẩm chức năng | Cải thiện tăng cường chức năng,thuc-pham-chuc-nang | thuc-pham-chuc-nang/cai-thien-tang-cuong-chuc-nang,True,True,50,0,https://nhathuoclongchau.com.vn/thuc-pham-chuc-nang/dau-toi-tue-linh-kiem-soat-mo-mau-tang-suc-de-khang-366.html,thuc-pham-chuc-nang,400
455,00003514,GOUT TÂM BÌNH 60V,Viên Gout Tâm Bình hỗ trợ giảm triệu chứng đau do gút (60 viên),thuc-pham-chuc-nang/vien-gout-tam-binh-377.html,185000.0,Hộp,đ,https://cdn.nhathuoclongchau.com.vn/unsafe/https://cms-prod.s3-sgn09.fptcloud.com/00003514_vien_gout_tam_binh_2923_63d7_large_693a0b2ee8.jpg,"Hy thiêm 350mg, Đương quy 330mg, Đỗ trọng 330mg, Thổ phục linh 330mg, Cốt khí củ 330mg, Độc hoạt 330mg, Ngưu tất (Rễ) 250mg, Tỳ giải 250mg, Tần giao 200mg, Phòng phong 170mg, Bột mã tiền chế 20mg",Viên nang cứng,Tâm Bình,Hộp 60 viên,Thực phẩm chức năng | Hỗ trợ điều trị | Hỗ trợ điều trị gout,thuc-pham-chuc-nang | thuc-pham-chuc-nang/ho-tro-dieu-tri | thuc-pham-chuc-nang/gout,True,True,50,0,https://nhathuoclongchau.com.vn/thuc-pham-chuc-nang/vien-gout-tam-binh-377.html,thuc-pham-chuc-nang,400
456,00010959,NGA PHỤ KHANG IMC 60V,Viên uống Nga Phụ Khang Dược Quốc Tế hỗ trợ giảm sự tiến triển của u nang buồng trứng (60 viên),thuc-pham-chuc-nang/nga-phu-khang-ho-tro-dieu-tri-u-xo-tu-cung-387.html,220000.0,Hộp,đ,https://cdn.nhathuoclongchau.com.vn/unsafe/https://cms-prod.s3-sgn09.fptcloud.com/00010959_nga_phu_khang_ho_tro_dieu_tri_u_xo_tu_cung_3693_62af_large_8ec36caa20.jpg,"Tá dược vừa đủ , Khương hoàng 0.031, Hoàng kỳ 0.085, Hoàng cầm 0.072, Trinh nữ hoàng cung 0.312",Viên nang,Á Âu,Hộp 60 viên,Thực phẩm chức năng | Hỗ trợ điều trị,thuc-pham-chuc-nang | thuc-pham-chuc-nang/ho-tro-dieu-tri,True,True,50,0,https://nhathuoclongchau.com.vn/thuc-pham-chuc-nang/nga-phu-khang-ho-tro-dieu-tri-u-xo-tu-cung-387.html,thuc-pham-chuc-nang,400
457,00009635,TRASLEEPY TRAPHACO 2X10,"Viên uống TraSleepy Traphaco dưỡng tâm an thần, hỗ trợ gây ngủ, giúp ngủ ngon (2 vỉ x 10 viên)",thuc-pham-chuc-nang/trasleepy-duong-tam-an-than-429.html,46000.0,Hộp,đ,https://cdn.nhathuoclongchau.com.vn/unsafe/https://cms-prod.s3-sgn09.fptcloud.com/00009635_trasleepy_duong_tam_an_than_2331_62ba_large_ec1bfae447.jpg,"Rotundin 30mg, Táo Nhân 50mg, Lá vông 30mg",Viên nén bao phim,Traphaco,Hộp 2 Vỉ x 10 Viên,Thực phẩm chức năng | Thần kinh não | Hỗ trợ giấc ngủ ngon,thuc-pham-chuc-nang | thuc-pham-chuc-nang/than-kinh-nao | thuc-pham-chuc-nang/ho-tro-giac-ngu-ngon,True,True,50,0,https://nhathuoclongchau.com.vn/thuc-pham-chuc-nang/trasleepy-duong-tam-an-than-429.html,thuc-pham-chuc-nang,400
458,00008485,ĐÔNG TRÙNG HẠ THẢO TENKEN 60V,"Viên uống Đông Trùng Hạ Thảo Tenken hỗ trợ bồi bổ sức khỏe, tăng cường sinh lực (60 viên)",thuc-pham-chuc-nang/dong-trung-ha-thao-tenken-boi-bo-suc-khoe-443.html,1867000.0,Hộp,đ,https://cdn.nhathuoclongchau.com.vn/unsafe/https://cms-prod.s3-sgn09.fptcloud.com/00008485_dong_trung_ha_thao_tenken_boi_bo_suc_khoe_5288_62b0_large_ea5132016e.jpg,"Đông trùng hạ thảo 200mg, Nấm linh chi 50mg",Viên nang,Tenken,Hộp 60 Viên,Thực phẩm chức năng | Cải thiện tăng cường chức năng,thuc-pham-chuc-nang | thuc-pham-chuc-nang/cai-thien-tang-cuong-chuc-nang,True,True,50,0,https://nhathuoclongchau.com.vn/thuc-pham-chuc-nang/dong-trung-ha-thao-tenken-boi-bo-suc-khoe-443.html,thuc-pham-chuc-nang,400
459,00008487,LOHHA TRÍ NÃO 3X10,Viên uống Lohha Trí Não Thái Minh điều trị và phòng ngừa các bệnh suy giảm trí tuệ (3 vỉ x 10 viên),thuc-pham-chuc-nang/lohha-tri-nao-giai-phap-cho-tinh-trang-alzheimer-454.html,245000.0,Hộp,đ,https://cdn.nhathuoclongchau.com.vn/unsafe/https://cms-prod.s3-sgn09.fptcloud.com/DSC_00031_2_d1a52c4459.jpg,"Tá dược vừa đủ , Hoài Sơn , Trạch tả , Câu kỷ tử , Phục Linh , Thông thảo ",Viên nén,Thái Minh,Hộp 3 vỉ x 10 viên,Thực phẩm chức năng | Thần kinh não | Bổ não - cải thiện trí nhớ,thuc-pham-chuc-nang | thuc-pham-chuc-nang/than-kinh-nao | thuc-pham-chuc-nang/bo-nao-cai-thien-tri-nho,True,True,50,0,https://nhathuoclongchau.com.vn/thuc-pham-chuc-nang/lohha-tri-nao-giai-phap-cho-tinh-trang-alzheimer-454.html,thuc-pham-chuc-nang,400
460,00003772,HỘ TẠNG ĐƯỜNG HỒNG BÀNG 3X10,"Viên uống Hộ Tạng Đường Hồng Bàng hỗ trợ hạ đường huyết, giảm cholesterol máu (3 vỉ x 10 viên)",thuc-pham-chuc-nang/ho-tang-duong-ngan-ngua-bien-chung-tieu-duong-464.html,160000.0,Hộp,đ,https://cdn.nhathuoclongchau.com.vn/unsafe/https://cms-prod.s3-sgn09.fptcloud.com/00003772_ho_tang_duong_ngan_ngua_bien_chung_tieu_duong_8843_62af_large_04d8c7703d.jpg,"Acid alpha lipoic 20mg, Cao Nhàu 60mg, Mạch môn , Hoài Sơn , Câu kỷ tử ",Viên nang,Đông Tây,Hộp 3 Vỉ x 10 Viên,Thực phẩm chức năng | Hỗ trợ điều trị | Hỗ trợ điều trị tiểu đường,thuc-pham-chuc-nang | thuc-pham-chuc-nang/ho-tro-dieu-tri | thuc-pham-chuc-nang/tieu-duong,True,True,50,0,https://nhathuoclongchau.com.vn/thuc-pham-chuc-nang/ho-tang-duong-ngan-ngua-bien-chung-tieu-duong-464.html,thuc-pham-chuc-nang,400
461,00005685,OYSTER PLUS GOOD HEALTH 60V,"Viên uống Oyster Plus Goodhealth hỗ trợ tăng cường sinh lực, tăng cường đề kháng cho nam giới (60 viên)",thuc-pham-chuc-nang/tinh-chat-hau-oyster-plus-tang-cuong-sinh-luc-phai-manh-471.html,419000.0,Hộp,đ,https://cdn.nhathuoclongchau.com.vn/unsafe/https://cms-prod.s3-sgn09.fptcloud.com/00005685_tinh_chat_hau_oyster_plus_tang_cuong_sinh_luc_phai_manh_3213_62ae_large_c5942edd08.jpg,"Kẽm oxyd 8.8mg, Hàu Biển 350mg, Tá dược vừa đủ ",Viên nang,Good Health,Hộp 60 Viên,Thực phẩm chức năng | Sinh lý - Nội tiết tố | Sinh lý nam,thuc-pham-chuc-nang | thuc-pham-chuc-nang/sinh-ly-noi-tiet-to | thuc-pham-chuc-nang/sinh-ly-nam,True,True,50,0,https://nhathuoclongchau.com.vn/thuc-pham-chuc-nang/tinh-chat-hau-oyster-plus-tang-cuong-sinh-luc-phai-manh-471.html,thuc-pham-chuc-nang,400
462,00009549,VENPOTEN 30V,Viên uống Venpoten Pro-life hỗ trợ làm tăng trương lực tĩnh mạch (30 viên),thuc-pham-chuc-nang/venpoten-ho-tro-dieu-tri-suy-gian-tinh-mach-474.html,224000.0,Hộp,đ,https://cdn.nhathuoclongchau.com.vn/unsafe/https://cms-prod.s3-sgn09.fptcloud.com/00009549_venpoten_ho_tro_dieu_tri_suy_gian_tinh_mach_9417_5fab_large_3df9452ecc.JPG,"Tá dược vừa đủ , Rutin khan 200mg, Hạt dẻ ngựa 250mg",Viên nang,New Zealand Nutritionals,Hộp 30 Viên,Thực phẩm chức năng | Sức khoẻ tim mạch | Suy giãn tĩnh mạch,thuc-pham-chuc-nang | thuc-pham-chuc-nang/tim-mach-huyet-ap | thuc-pham-chuc-nang/tinh-mach,True,True,50,0,https://nhathuoclongchau.com.vn/thuc-pham-chuc-nang/venpoten-ho-tro-dieu-tri-suy-gian-tinh-mach-474.html,thuc-pham-chuc-nang,400
463,00011219,AKTIV MAGNESIUM + CALCIUM + D3 DOPPELHERZ 3X10,Viên uống Magnesium+Calcium+D3 Doppelherz Aktiv hỗ trợ cơ và xương khỏe mạnh (3 vỉ x 10 viên),thuc-pham-chuc-nang/doppelherz-magnesium-calcium-d3-3x10-475.html,324000.0,Hộp,đ,https://cdn.nhathuoclongchau.com.vn/unsafe/https://cms-prod.s3-sgn09.fptcloud.com/DSC_09974_fb162fcb73.jpg,"Vitamin D3 10mcg, Calcium 450mg, Magnesium 250mg",Viên nén,Doppelherz,Hộp 3 Vỉ x 10 Viên,Thực phẩm chức năng | Vitamin & Khoáng chất | Bổ sung Canxi & Vitamin D,thuc-pham-chuc-nang | thuc-pham-chuc-nang/vitamin-khoang-chat | thuc-pham-chuc-nang/canxi-vitamin-D,True,True,50,0,https://nhathuoclongchau.com.vn/thuc-pham-chuc-nang/doppelherz-magnesium-calcium-d3-3x10-475.html,thuc-pham-chuc-nang,400
464,00007970,VIPTEEN 3 PRE 20 GÓI,"Cốm Pre-Vipteen 3 Vinh Gia giúp tăng chiều cao, tăng sức đề kháng (20 gói x 2g)",thuc-pham-chuc-nang/com-pre-vipteen-3-bo-sung-canxi-cho-tre-515.html,160000.0,Hộp,đ,https://cdn.nhathuoclongchau.com.vn/unsafe/https://cms-prod.s3-sgn09.fptcloud.com/IMG_0189_7583b43167.jpg,"Calci carbonat 250mg, Vitamin D3 300iu, Menaquinon-7 1.25mcg, Taurine 400mg, FOS 250mg, Magie oxide 125mg, Blueberry 50mg, Vitamin B6 3.1mg, EPA 2mg, Kẽm oxyd 1mg, Acid folic 300Mcg, DHA ",Cốm,Vinh Gia,Hộp 20 Gói x 2g,Thực phẩm chức năng | Vitamin & Khoáng chất | Bổ sung Canxi & Vitamin D,thuc-pham-chuc-nang | thuc-pham-chuc-nang/vitamin-khoang-chat | thuc-pham-chuc-nang/canxi-vitamin-D,True,True,50,0,https://nhathuoclongchau.com.vn/thuc-pham-chuc-nang/com-pre-vipteen-3-bo-sung-canxi-cho-tre-515.html,thuc-pham-chuc-nang,400
465,00003581,HẠ ÁP ÍCH NHÂN NAM DƯỢC 4X10,"Viên uống Hạ Áp Ích Nhân Nam Dược hỗ trợ hạ huyết áp, giảm nguy cơ tai biến (4 vỉ x 10 viên)",thuc-pham-chuc-nang/ha-ap-ich-nhan-on-dinh-huyet-ap-ngua-tai-bien-530.html,112000.0,Hộp,đ,https://cdn.nhathuoclongchau.com.vn/unsafe/https://cms-prod.s3-sgn09.fptcloud.com/00003581_ha_ap_ich_nhan_on_dinh_huyet_ap_ngua_tai_bien_7391_62af_large_e9172f9207.jpg,"Huyền sâm 300mg, Hạ khô thảo 300mg, Câu đằng 300mg, Hoa Hòe 300mg, Nattokinase 500 , Địa long 300mg, Hà thủ ô 300mg, Táo Nhân 300mg",Viên nang cứng,Nam Dược,Hộp 4 Vỉ x 10 Viên,Thực phẩm chức năng | Sức khoẻ tim mạch | Huyết áp,thuc-pham-chuc-nang | thuc-pham-chuc-nang/tim-mach-huyet-ap | thuc-pham-chuc-nang/huyet-ap,True,True,50,0,https://nhathuoclongchau.com.vn/thuc-pham-chuc-nang/ha-ap-ich-nhan-on-dinh-huyet-ap-ngua-tai-bien-530.html,thuc-pham-chuc-nang,400
466,00005154,NATTO ENZYM 3X10,"Viên uống NattoEnzym DHG hỗ trợ hoạt huyết, tăng tuần hoàn máu (3 vỉ x 10 viên)",thuc-pham-chuc-nang/nattoenzym-phong-ngua-tai-bien-mach-mau-nao-535.html,132000.0,Hộp,đ,https://cdn.nhathuoclongchau.com.vn/unsafe/https://cms-prod.s3-sgn09.fptcloud.com/00005154_nattoenzym_phong_ngua_tai_bien_mach_mau_nao_3708_62af_large_046c90644a.jpg,"Nattokinase 670 , Microcrystalline cellulose , Magnesi stearat ",Viên nang,Dhg,Hộp 3 Vỉ x 10 Viên,Thực phẩm chức năng | Thần kinh não,thuc-pham-chuc-nang | thuc-pham-chuc-nang/than-kinh-nao,True,True,50,0,https://nhathuoclongchau.com.vn/thuc-pham-chuc-nang/nattoenzym-phong-ngua-tai-bien-mach-mau-nao-535.html,thuc-pham-chuc-nang,400
467,00007499,TRÀNG PHỤC LINH PLUS 2X10,Viên uống Tràng Phục Linh Plus Thái Minh hỗ trợ giảm các triệu chứng của hội chứng ruột (2 vỉ x 10 viên),thuc-pham-chuc-nang/trang-phuc-linh-plus-ho-tro-hoi-chung-ruot-kich-thich-680.html,185000.0,Hộp,đ,https://cdn.nhathuoclongchau.com.vn/unsafe/https://cms-prod.s3-sgn09.fptcloud.com/TUK_07206_add5eccb4c.jpg,"Hoàng bá 50mg, Bạch thược 50mg, Phục Linh 50mg, ImmuneGamma 100mg, Bạch truật ",Viên nén,Thái Minh,Hộp 2 vỉ x 10 viên,Thực phẩm chức năng | Hỗ trợ tiêu hóa | Đại tràng,thuc-pham-chuc-nang | thuc-pham-chuc-nang/ho-tro-tieu-hoa | thuc-pham-chuc-nang/dai-trang,True,True,50,0,https://nhathuoclongchau.com.vn/thuc-pham-chuc-nang/trang-phuc-linh-plus-ho-tro-hoi-chung-ruot-kich-thich-680.html,thuc-pham-chuc-nang,400
468,00003890,ÍCH GIÁP VƯƠNG IMC 3X10,Viên uống Ích Giáp Vương Á Âu hỗ trợ giảm sự tiến triển của bướu cổ lành tính (3 vỉ x 10 viên),thuc-pham-chuc-nang/ich-giap-vuong-vi-suc-khoe-tuyen-giap-716.html,210000.0,Hộp,đ,https://cdn.nhathuoclongchau.com.vn/unsafe/https://cms-prod.s3-sgn09.fptcloud.com/00003890_ich_giap_vuong_vi_suc_khoe_tuyen_giap_6258_62af_large_a4309eda5b.jpg,"Cao ba chạc 120mg, Bán biên liên 40mg, Cao Khổ sâm 40mg, Hải tảo 120mg, Cao lá Neem (xoan Ấn Độ) 20mg",Viên nén,Á Âu,Hộp 3 vỉ x 10 viên,Thực phẩm chức năng | Hỗ trợ điều trị,thuc-pham-chuc-nang | thuc-pham-chuc-nang/ho-tro-dieu-tri,True,True,50,0,https://nhathuoclongchau.com.vn/thuc-pham-chuc-nang/ich-giap-vuong-vi-suc-khoe-tuyen-giap-716.html,thuc-pham-chuc-nang,400
469,00004719,MAXX HAIR NEW IMC 3X10,Viên uống Maxxhair New Thái Minh hỗ trợ tóc mọc chắc khỏe và giảm nguy cơ rụng tóc (3 vỉ x 10 viên),thuc-pham-chuc-nang/maxx-hair-new-imc-3x10-750.html,200000.0,Hộp,đ,https://cdn.nhathuoclongchau.com.vn/unsafe/https://cms-prod.s3-sgn09.fptcloud.com/DSC_00993_7a267dee31.jpg,"Biotin 20mcg, Vitamin B5 3.5mg, Zinc 5mg, ImmuneGamma 25mg, L-Carnitine 50mg, L-Arginine 75mg, Thổ phục linh 125mg, Hoàng cầm 150mg, Hà thủ ô đỏ 150mg",Viên nén,Thái Minh,Hộp 3 vỉ x 10 viên,Thực phẩm chức năng | Hỗ trợ làm đẹp | Tóc,thuc-pham-chuc-nang | thuc-pham-chuc-nang/lam-dep | thuc-pham-chuc-nang/toc,True,True,50,0,https://nhathuoclongchau.com.vn/thuc-pham-chuc-nang/maxx-hair-new-imc-3x10-750.html,thuc-pham-chuc-nang,400
470,00004958,MINH NHÃN KHANG HỒNG BÀNG 3X10,"Viên uống Minh Nhãn Khang Hồng Bàng hỗ trợ điều trị thoái hóa điểm vàng, đục thủy tinh thể (3 vỉ x 10 viên)",thuc-pham-chuc-nang/minh-nhan-khang-ngua-mu-loa-duc-thuy-tinh-the-757.html,180000.0,Hộp,đ,https://cdn.nhathuoclongchau.com.vn/unsafe/https://cms-prod.s3-sgn09.fptcloud.com/00004958_minh_nhan_khang_ngua_mu_loa_duc_thuy_tinh_the_3138_63c6_large_b16445907b.jpg,"Kẽm 5mg, Lutein 1.5mg, alpha Lipoic acid 5mg, Zeaxanthin 200mg, Hoàng đằng 150mg, Vitamin B2 0.9mg, Quercetin 12.5mg",Viên nén,Trung Mỹ,Hộp 3 vỉ x 10 viên,"Thực phẩm chức năng | Cải thiện tăng cường chức năng | Bổ mắt, bảo vệ mắt",thuc-pham-chuc-nang | thuc-pham-chuc-nang/cai-thien-tang-cuong-chuc-nang | thuc-pham-chuc-nang/bao-ve-mat,True,True,50,0,https://nhathuoclongchau.com.vn/thuc-pham-chuc-nang/minh-nhan-khang-ngua-mu-loa-duc-thuy-tinh-the-757.html,thuc-pham-chuc-nang,400
471,00009597,BẢO KHÍ KHANG IMC 2X10,"Viên uống Bảo Khí Khang IMC hỗ trợ giảm ho, khạc đờm, khó thở, giảm tái phát hen suyễn (2 vỉ x 10 viên)",thuc-pham-chuc-nang/bao-khi-khang-giup-giam-ho-kho-tho-774.html,185000.0,Hộp,đ,https://cdn.nhathuoclongchau.com.vn/unsafe/https://cms-prod.s3-sgn09.fptcloud.com/00009597_bao_khi_khang_giup_giam_ho_kho_tho_5460_63d7_large_9a74f8490a.jpg,"Acid alpha lipoic 25mg, L-Carnitine 100mg, Cốt khí củ 150mg, cao AntidiCOPD 350mg, Lá hen 50mg, Magnesium lactate 16mg, Kẽm 3.5mg",Viên nén,IMC,Hộp 2 Vỉ x 10 Viên,"Thực phẩm chức năng | Hỗ trợ điều trị | Hô hấp, ho, xoang",thuc-pham-chuc-nang | thuc-pham-chuc-nang/ho-tro-dieu-tri | thuc-pham-chuc-nang/suc-khoe-duong-ho-hap-ho-xoang,True,True,50,0,https://nhathuoclongchau.com.vn/thuc-pham-chuc-nang/bao-khi-khang-giup-giam-ho-kho-tho-774.html,thuc-pham-chuc-nang,400
472,00009568,CUMARGOLD KARE CVI 3X10,Viên uống CumarGold Kare CVI Pharma hỗ trợ giảm nguy cơ mắc ung bướu (3 vỉ x 10 viên),thuc-pham-chuc-nang/cumargold-kare-ho-tro-cho-benh-nhan-ung-buou-784.html,370000.0,Hộp,đ,https://cdn.nhathuoclongchau.com.vn/unsafe/https://cms-prod.s3-sgn09.fptcloud.com/00009568_cumargold_kare_ho_tro_cho_benh_nhan_ung_buou_9541_6327_large_49368f314b.jpg,"Resveratrol 10mg, Phức hệ Nano FGC 200mg",Viên nang,CVI Pharma,Hộp 3 vỉ x 10 viên,Thực phẩm chức năng | Hỗ trợ điều trị | Hỗ trợ điều trị ung thư,thuc-pham-chuc-nang | thuc-pham-chuc-nang/ho-tro-dieu-tri | thuc-pham-chuc-nang/ung-thu,True,True,50,0,https://nhathuoclongchau.com.vn/thuc-pham-chuc-nang/cumargold-kare-ho-tro-cho-benh-nhan-ung-buou-784.html,thuc-pham-chuc-nang,400
473,00014533,BẢO KHÍ KHANG IMC HỘP 2 LỌ,"Viên uống Bảo Khí Khang IMC hỗ trợ giảm ho, khạc đờm, khó thở (2 lọ)",thuc-pham-chuc-nang/bao-khi-khang-giup-giam-ho-kho-tho-794.html,995000.0,Hộp,đ,https://cdn.nhathuoclongchau.com.vn/unsafe/https://cms-prod.s3-sgn09.fptcloud.com/00014533_bao_khi_khang_giup_giam_ho_kho_tho_4116_6328_large_dd17b45c8d.jpg,"Acid alpha lipoic 25mg, Lá hen 50mg, L-Carnitine 100mg, Cốt khí củ 150mg, cao AntidiCOPD 350mg, Magnesium lactate 16mg, Kẽm 3.5mg",Viên nén,IMC,Hộp 2 Lọ,"Thực phẩm chức năng | Hỗ trợ điều trị | Hô hấp, ho, xoang",thuc-pham-chuc-nang | thuc-pham-chuc-nang/ho-tro-dieu-tri | thuc-pham-chuc-nang/suc-khoe-duong-ho-hap-ho-xoang,True,True,50,0,https://nhathuoclongchau.com.vn/thuc-pham-chuc-nang/bao-khi-khang-giup-giam-ho-kho-tho-794.html,thuc-pham-chuc-nang,400
474,00003782,HOÀNG THỐNG PHONG IMC 60V,Viên uống Hoàng Thống Phong IMC hỗ trợ tăng cường chức năng gan thận (60 viên),thuc-pham-chuc-nang/hoang-thong-phong-giam-cac-chung-dau-do-gout-828.html,220000.0,Hộp,đ,https://cdn.nhathuoclongchau.com.vn/unsafe/https://cms-prod.s3-sgn09.fptcloud.com/00003782_hoang_thong_phong_giam_cac_chung_dau_do_gout_5974_63db_large_162b70a288.jpg,"Hoàng bá 0.055g, Cao Nhàu 0.085g, Thổ phục linh 0.075g, Hạ khô thảo 0.065g, Ba kích 0.085g, Cỏ nhọ nồi 0.075g, Trạch tả 0.07g",Viên nang cứng,Á Âu,Hộp 60 viên,Thực phẩm chức năng | Hỗ trợ điều trị | Hỗ trợ điều trị gout,thuc-pham-chuc-nang | thuc-pham-chuc-nang/ho-tro-dieu-tri | thuc-pham-chuc-nang/gout,True,True,50,0,https://nhathuoclongchau.com.vn/thuc-pham-chuc-nang/hoang-thong-phong-giam-cac-chung-dau-do-gout-828.html,thuc-pham-chuc-nang,400
475,00005400,NỮ VƯƠNG NEW VINH GIA 3X10,"Viên nén Nữ Vương Vinh Gia hỗ trợ làm giảm nguy cơ viêm âm đạo, cổ tử cung (3 vỉ x 10 viên)",thuc-pham-chuc-nang/nu-vuong-ho-tro-dieu-tri-cac-benh-phu-khoa-841.html,195000.0,Hộp,đ,https://cdn.nhathuoclongchau.com.vn/unsafe/https://cms-prod.s3-sgn09.fptcloud.com/IMG_6949_95d6e0b285.jpg,"Tá dược vừa đủ , Immune-Gamma 25mg, Ký ninh 100mg, Diếp cá 50mg, Khổ sâm bắc 20mg, Hoàng bá 50mg, Trinh nữ hoàng cung 300mg",Viên nén,Vinh Gia,Hộp 3 Vỉ x 10 Viên,Thực phẩm chức năng | Hỗ trợ điều trị,thuc-pham-chuc-nang | thuc-pham-chuc-nang/ho-tro-dieu-tri,True,True,50,0,https://nhathuoclongchau.com.vn/thuc-pham-chuc-nang/nu-vuong-ho-tro-dieu-tri-cac-benh-phu-khoa-841.html,thuc-pham-chuc-nang,400
476,00005657,OTIV ECOGREEN 30V,Viên uống OTiV Ecogreen giúp tăng cường dưỡng chất cho não (30 viên),thuc-pham-chuc-nang/otiv-thuoc-bo-tuan-hoan-nao-30-vien-843.html,330000.0,Hộp,đ,https://cdn.nhathuoclongchau.com.vn/unsafe/https://cms-prod.s3-sgn09.fptcloud.com/00005657_otiv_thuoc_bo_tuan_hoan_nao_30_vien_9028_6371_large_5d53a44ce3.jpg,"Blueberry 100mg, Ginkgo biloba extract 80mg",Viên nang,Ecogreen,Hộp 30 viên,Thực phẩm chức năng | Thần kinh não | Bổ não - cải thiện trí nhớ,thuc-pham-chuc-nang | thuc-pham-chuc-nang/than-kinh-nao | thuc-pham-chuc-nang/bo-nao-cai-thien-tri-nho,True,True,50,0,https://nhathuoclongchau.com.vn/thuc-pham-chuc-nang/otiv-thuoc-bo-tuan-hoan-nao-30-vien-843.html,thuc-pham-chuc-nang,400
477,00004429,LINH TỰ ĐAN HỒNG BÀNG 3X10,"Viên uống Linh Tự Đan Hồng Bàng giúp tăng cường sinh lý nam, hỗ trợ giảm nguy cơ mãn dục nam (3 vỉ x 10 viên)",thuc-pham-chuc-nang/linh-tu-dan-ho-tro-dieu-tri-vo-sinh-hiem-muon-844.html,190000.0,Hộp,đ,https://cdn.nhathuoclongchau.com.vn/unsafe/https://cms-prod.s3-sgn09.fptcloud.com/00004429_linh_tu_dan_ho_tro_dieu_tri_vo_sinh_hiem_muon_2219_62af_large_a3bcd4e156.jpg,"Tá dược vừa đủ  , Bạch tật lê 55mg, Nhân Sâm 100mg, Hoàng bá 100mg, Keo Ong 100mg, Arginine 100mg, L-Carnitine 50mg, Zinc picolinate 1.2mg, Acid folic 50mcg",Viên nang,NPJ,Hộp 3 vỉ x 10 viên,Thực phẩm chức năng | Sinh lý - Nội tiết tố | Sức khoẻ tình dục,thuc-pham-chuc-nang | thuc-pham-chuc-nang/sinh-ly-noi-tiet-to | thuc-pham-chuc-nang/suc-khoe-tinh-duc,True,True,50,0,https://nhathuoclongchau.com.vn/thuc-pham-chuc-nang/linh-tu-dan-ho-tro-dieu-tri-vo-sinh-hiem-muon-844.html,thuc-pham-chuc-nang,400
478,00010670,PREGNACARE PLUS OMEGA3 VITABIOTICS 56V,"Viên uống Pregnacare Plus Omega-3 Vitabiotics bổ sung Vitamin, Omega-3 và khoáng chất (56 viên)",thuc-pham-chuc-nang/pregnacare-plus-bo-sung-vitamin-cho-ba-bau-848.html,584000.0,Hộp,đ,https://cdn.nhathuoclongchau.com.vn/unsafe/https://cms-prod.s3-sgn09.fptcloud.com/DSC_00511_937fafcbf1.jpg,"Acid folic 400mcg, Vitamin B2 2mg, Vitamin B1 3mg, Vitamin B6 10mg, Kẽm 15mg, Vitamin D 10Mcg, Sắt 17mg, Vitamin E 20mg, Vitamin K 70Mcg, Vitamin B3 20mg, Vitamin B12 6Mcg, Biotin 150Mcg, Pantothenic acid 6mg, Magnesium 150mg, Đồng 1000Mcg, Selen 30Mcg, EPA 60mg, Vitamin C , Iodine 140Mcg, Carotenoid 2mg, DHA ",Viên nang mềm,Vitabiotics,Hộp 56 Viên,Thực phẩm chức năng | Vitamin & Khoáng chất | Vitamin tổng hợp,thuc-pham-chuc-nang | thuc-pham-chuc-nang/vitamin-khoang-chat | thuc-pham-chuc-nang/vitamin-tong-hop,True,True,50,0,https://nhathuoclongchau.com.vn/thuc-pham-chuc-nang/pregnacare-plus-bo-sung-vitamin-cho-ba-bau-848.html,thuc-pham-chuc-nang,400
479,00005927,PHỤ BÌ KHANG 3X10,"Viên uống Phụ Bì Khang NPJ tăng cường sức đề kháng, giảm triệu chứng mề đay, mẩn ngứa (3 vỉ x 10 viên)",thuc-pham-chuc-nang/phu-bi-khang-ho-tro-dieu-tri-me-day-854.html,185000.0,Hộp,đ,https://cdn.nhathuoclongchau.com.vn/unsafe/https://cms-prod.s3-sgn09.fptcloud.com/00005927_phu_bi_khang_ho_tro_dieu_tri_me_day_7427_5c50_large_99aa32fc14.jpg,"L-Carnitine 50mg, Cao gan 250mg, Cao Nhàu 120mg",Viên nén,NPJ,Hộp 3 vỉ x 10 viên,Thực phẩm chức năng | Hỗ trợ điều trị,thuc-pham-chuc-nang | thuc-pham-chuc-nang/ho-tro-dieu-tri,True,True,50,0,https://nhathuoclongchau.com.vn/thuc-pham-chuc-nang/phu-bi-khang-ho-tro-dieu-tri-me-day-854.html,thuc-pham-chuc-nang,400
480,00006831,SPACAPS IMC 3X10,"Viên uống Spacaps IMC giúp bổ huyết, tăng nội tiết tố nữ (3 vỉ x 10 viên)",thuc-pham-chuc-nang/spacaps-ho-tro-tang-tiet-dich-nhon-am-dao-866.html,215000.0,Hộp,đ,https://cdn.nhathuoclongchau.com.vn/unsafe/https://cms-prod.s3-sgn09.fptcloud.com/00006831_spacaps_ho_tro_tang_tiet_dich_nhon_am_dao_6238_63d7_large_2e865c27c7.jpg,"Thổ phục linh 75mg, Trái Nhàu 75mg, Hà thủ ô đỏ 150mg, Đương quy 100mg, Tinh chất mầm đậu nành 10mg, Pregnenolone 12.5mg",Viên nang,NPJ,Hộp 3 Vỉ x 10 Viên,Thực phẩm chức năng | Sinh lý - Nội tiết tố | Cân bằng nội tiết tố,thuc-pham-chuc-nang | thuc-pham-chuc-nang/sinh-ly-noi-tiet-to | thuc-pham-chuc-nang/can-bang-noi-tiet-to,True,True,50,0,https://nhathuoclongchau.com.vn/thuc-pham-chuc-nang/spacaps-ho-tro-tang-tiet-dich-nhon-am-dao-866.html,thuc-pham-chuc-nang,400
481,00010509,THẤP DIỆU NANG TÂM BÌNH 60V,Viên uống Thấp Diệu Nang Tâm Bình hỗ trợ điều trị bệnh phong thấp (60 viên),thuc-pham-chuc-nang/thap-dieu-nang-tam-binh-giam-dau-phong-te-thap-872.html,150000.0,Hộp,đ,https://cdn.nhathuoclongchau.com.vn/unsafe/https://cms-prod.s3-sgn09.fptcloud.com/00010509_thap_dieu_nang_tam_binh_giam_dau_phong_te_thap_5031_5b1e_large_d21ad1a5f8.JPG,"Độc hoạt 45mg, Phòng phong 45mg, Thổ phục linh 60mg, Đỗ trọng 60mg, Đương quy 60mg, Ngưu tất (Rễ) 45mg, Thương truật 40mg, Tần giao 40mg, Uy linh tiên 40mg, Bạch chỉ 35mg, Mã tiền chế 12mg, Tá dược vừa đủ ",Viên bao,Tâm Bình,Hộp,Thực phẩm chức năng | Hỗ trợ điều trị | Cơ xương khớp,thuc-pham-chuc-nang | thuc-pham-chuc-nang/ho-tro-dieu-tri | thuc-pham-chuc-nang/xuong-khop,True,True,50,0,https://nhathuoclongchau.com.vn/thuc-pham-chuc-nang/thap-dieu-nang-tam-binh-giam-dau-phong-te-thap-872.html,thuc-pham-chuc-nang,400
482,00009570,VƯƠNG BẢO NEW 2X10,Viên uống Vương Bảo Thái Minh dùng cho nam giới bị u xơ tiền liệt tuyến (2 vỉ x 10 viên),thuc-pham-chuc-nang/vuong-bao-giup-dieu-tri-phi-dai-tien-liet-tuyen-914.html,140000.0,Hộp,đ,https://cdn.nhathuoclongchau.com.vn/unsafe/https://cms-prod.s3-sgn09.fptcloud.com/TUK_07252_0b3c3226bb.jpg,"Cao Náng hoa trắng 160mg, Cao ngải nhật 150mg, Cao Tàu bay 125mg, Cao Lá cây hoa ban 80mg, Cao Hải trung kim 60mg, Cao Sài hồ nam 50mg, Cao đơn kim 50mg, Cao Ngũ sắc 36mg",Viên nén,Thái Minh,Hộp 2 Vỉ x 10 Viên,"Thực phẩm chức năng | Hỗ trợ điều trị | Thận, tiền liệt tuyến",thuc-pham-chuc-nang | thuc-pham-chuc-nang/ho-tro-dieu-tri | thuc-pham-chuc-nang/than-tien-liet-tuyen,True,True,50,0,https://nhathuoclongchau.com.vn/thuc-pham-chuc-nang/vuong-bao-giup-dieu-tri-phi-dai-tien-liet-tuyen-914.html,thuc-pham-chuc-nang,400
483,00008089,VƯƠNG LÃO KIỆN HỒNG BÀNG 3X10,Viên uống Vương Lão Kiện Đông Tây hỗ trợ giảm triệu chứng run chân tay (3 vỉ x 10 viên),thuc-pham-chuc-nang/vuong-lao-kien-giup-giam-cac-trieu-chung-run-915.html,185000.0,Hộp,đ,https://cdn.nhathuoclongchau.com.vn/unsafe/https://cms-prod.s3-sgn09.fptcloud.com/00008089_vuong_lao_kien_giup_giam_cac_trieu_chung_run_3572_62af_large_77955ff287.jpg,"Cao Câu đằng 30mg, Cao Thiên ma 25mg, Cao Hà thủ ô đỏ 15mg, Cao Câu kỷ tử 15mg, Cao đinh lăng 10mg, Cao Xà sàng tử 10mg, Cao Nhục thung dung 10mg, alpha Lipoic acid 10mg, L-Carnitine Fumarate 10mg, magnesi 4mg, Mẫu lệ 15mg",Viên nén,Đông Tây,Hộp 3 vỉ x 10 viên,Thực phẩm chức năng | Cải thiện tăng cường chức năng,thuc-pham-chuc-nang | thuc-pham-chuc-nang/cai-thien-tang-cuong-chuc-nang,True,True,50,0,https://nhathuoclongchau.com.vn/thuc-pham-chuc-nang/vuong-lao-kien-giup-giam-cac-trieu-chung-run-915.html,thuc-pham-chuc-nang,400
484,00007498,TRÀNG PHỤC LINH 2X10 - IMMUNEGAMMA 100MG,Viên uống Tràng Phục Linh Thái Minh dùng cho người bị viêm đại tràng cấp và mạn tính (2 vỉ x 10 viên),thuc-pham-chuc-nang/trang-phuc-linh-giai-phap-ho-tro-viem-dai-trang-924.html,105000.0,Hộp,đ,https://cdn.nhathuoclongchau.com.vn/unsafe/https://cms-prod.s3-sgn09.fptcloud.com/DSC_09670_9c262d2613.jpg,"Phục Linh 50mg, ImmuneGamma 100mg, Bạch truật  ",Viên nang,Thái Minh,Hộp 2 vỉ x 10 viên,Thực phẩm chức năng | Hỗ trợ tiêu hóa | Đại tràng,thuc-pham-chuc-nang | thuc-pham-chuc-nang/ho-tro-tieu-hoa | thuc-pham-chuc-nang/dai-trang,True,True,50,0,https://nhathuoclongchau.com.vn/thuc-pham-chuc-nang/trang-phuc-linh-giai-phap-ho-tro-viem-dai-trang-924.html,thuc-pham-chuc-nang,400
485,00011153,SIRO HO ONG VÀNG HERBAL 100ML,"Siro ho Ong Vàng Thảo Dược Việt hỗ trợ làm ấm và sạch họng, giảm ho (100ml)",thuc-pham-chuc-nang/siro-ho-ong-vang-1141.html,28000.0,Chai,đ,https://cdn.nhathuoclongchau.com.vn/unsafe/https://cms-prod.s3-sgn09.fptcloud.com/00011153_siro_ho_ong_vang_8255_5c51_large_9dbd011652.jpg,"Mật ong 1000mg, Tinh dầu quế 4mg, Tinh dầu gừng 12mg, Eucalyptol 100mg, Tinh dầu tần 4mg, Tinh dầu tắc 4mg, Quất 20g",Dung dịch,Thảo dược việt,Chai,"Thực phẩm chức năng | Hỗ trợ điều trị | Hô hấp, ho, xoang",thuc-pham-chuc-nang | thuc-pham-chuc-nang/ho-tro-dieu-tri | thuc-pham-chuc-nang/suc-khoe-duong-ho-hap-ho-xoang,True,True,50,0,https://nhathuoclongchau.com.vn/thuc-pham-chuc-nang/siro-ho-ong-vang-1141.html,thuc-pham-chuc-nang,400
486,00009574,CƯỜNG PHẾ CG 2X5 ỐNG 10ML,Siro Cường Phế Lotus tăng cường chức năng hô hấp (10 ống x 10ml),thuc-pham-chuc-nang/cuong-phe-1565.html,153000.0,Hộp,đ,https://cdn.nhathuoclongchau.com.vn/unsafe/https://cms-prod.s3-sgn09.fptcloud.com/Cuong_Phe_7_2c17e3e13c.png,"Cao Xương sông 600mg, Cao tơ hồng xanh 600mg, Cao kha tử 800mg, Cao Mào gà trắng 1000mg, Cao Bướm bạc 1000mg",Dung dịch,CG,Hộp 2 vỉ x 5 ống,"Thực phẩm chức năng | Hỗ trợ điều trị | Hô hấp, ho, xoang",thuc-pham-chuc-nang | thuc-pham-chuc-nang/ho-tro-dieu-tri | thuc-pham-chuc-nang/suc-khoe-duong-ho-hap-ho-xoang,True,True,50,0,https://nhathuoclongchau.com.vn/thuc-pham-chuc-nang/cuong-phe-1565.html,thuc-pham-chuc-nang,400
487,00007354,TIÊU BAN THỦY HOA SEN 150ML,"Siro Tiêu Ban Thủy Hoa Sen giúp thanh nhiệt giải độc, hỗ trợ giảm dị ứng (150ml)",thuc-pham-chuc-nang/tieu-ban-thuy-1996.html,44000.0,Chai,đ,https://cdn.nhathuoclongchau.com.vn/unsafe/https://cms-prod.s3-sgn09.fptcloud.com/00007354_tieu_ban_thuy_3994_5fbf_large_068f77a58e.JPG,"Bột rau má 18g, Kinh giới 18g, Cao ké đầu ngựa 18g, Kim ngân hoa 36g",Dung dịch,Hoa sen,Chai,Thực phẩm chức năng | Cải thiện tăng cường chức năng | Chức năng gan,thuc-pham-chuc-nang | thuc-pham-chuc-nang/cai-thien-tang-cuong-chuc-nang | thuc-pham-chuc-nang/chuc-nang-gan,True,True,50,0,https://nhathuoclongchau.com.vn/thuc-pham-chuc-nang/tieu-ban-thuy-1996.html,thuc-pham-chuc-nang,400
488,00005464,OBIMIN PLUS DARYA 6X5,Viên uống Obimin Plus bổ sung các vitamin và khoáng chất (6 vỉ x 5 viên),thuc-pham-chuc-nang/obimin-plus-darya-6x5-2808.html,292000.0,Hộp,đ,https://cdn.nhathuoclongchau.com.vn/unsafe/https://cms-prod.s3-sgn09.fptcloud.com/IMG_6974_e19a445f86.jpg,"Calcium 150mg, Vitamin B1 2mg, Vitamin E 30iu, Vitamin D 200iu, Vitamin A 3000iu, Vitamin B2 2mg, Vitamin B6 3mg, Vitamin B12 3Mcg, Acid folic 1000Mcg, Calcium Pantothenate 8mg, Biotin 35Mcg, Nicotinamide 20mg, Sắt 30mg, Iodine 150Mcg, Canxi cacbonat 100mg, Kẽm 5mg, Magnesium 5mg, Manganese 1mg, Đồng 1000Mcg, Dầu cá tinh khiết 500mg, EPA 20mg, Tá dược vừa đủ , DHA , Omega 3 , Vitamin C ",Viên nang mềm,Darya-Varia Laboratoria,Hộp 6 Vỉ x 5 Viên,Thực phẩm chức năng | Vitamin & Khoáng chất | Vitamin tổng hợp,thuc-pham-chuc-nang | thuc-pham-chuc-nang/vitamin-khoang-chat | thuc-pham-chuc-nang/vitamin-tong-hop,True,True,50,0,https://nhathuoclongchau.com.vn/thuc-pham-chuc-nang/obimin-plus-darya-6x5-2808.html,thuc-pham-chuc-nang,400
489,00005132,VIÊN BỔ SUNG VITAMIN C NAT C 1000 MEGA 30V,"Viên uống Nat C 1000 cung cấp vitamin C cho cơ thể, tăng cường sức đề kháng (30 viên)",thuc-pham-chuc-nang/vien-bo-sung-vitamin-c-nat-c-1000-mega-30v-2921.html,135000.0,Hộp,đ,https://cdn.nhathuoclongchau.com.vn/unsafe/https://cms-prod.s3-sgn09.fptcloud.com/00005132_nat_c_1000_9979_60e2_large_7d850a9bd5.jpg,"Vitamin C 1000mg, Rutin 50mg, Lemon bioflavonoid complex 35% 50mg, rose hips 62.5mg, Acerola 12.5mg",Viên nén bao phim,MEGA We care,Hộp 30 Viên,Thực phẩm chức năng | Vitamin & Khoáng chất | Vitamin C các loại,thuc-pham-chuc-nang | thuc-pham-chuc-nang/vitamin-khoang-chat | thuc-pham-chuc-nang/vitamin-c,True,True,50,0,https://nhathuoclongchau.com.vn/thuc-pham-chuc-nang/vien-bo-sung-vitamin-c-nat-c-1000-mega-30v-2921.html,thuc-pham-chuc-nang,400
490,00016525,SỮA VITADAIRY NEPRO 2 GOLD 400G,Sữa bột Nepro 2 Gold VitaDairy bổ sung dinh dưỡng cho người bệnh suy thận (400g),thuc-pham-chuc-nang/nepro-2-gold-400g-14178.html,242000.0,Hộp,đ,https://cdn.nhathuoclongchau.com.vn/unsafe/https://cms-prod.s3-sgn09.fptcloud.com/00016525_nepro_2_gold_400g_3097_5b1a_large_b96363bdfe.JPG,"FOS , Dầu lecithin đậu nành , Đạm whey , Vitamin tổng hợp , Khoáng chất , Fructose , Palatinose , Polyols ",Dạng bột,VITADAIRY,Hộp x 400g,Thực phẩm chức năng | Dinh dưỡng | Sữa,thuc-pham-chuc-nang | thuc-pham-chuc-nang/dinh-duong | thuc-pham-chuc-nang/sua,True,True,50,0,https://nhathuoclongchau.com.vn/thuc-pham-chuc-nang/nepro-2-gold-400g-14178.html,thuc-pham-chuc-nang,400
491,00016464,PEDIAKID FER+VITAMINES B 125ML,"Siro Pediakid Fer + Vitamines B giúp bổ sung thảo mộc, Vitamin, khoảng chất (125ml)",thuc-pham-chuc-nang/pediakid-fervitamines-b-125ml-14239.html,255000.0,Chai,đ,https://cdn.nhathuoclongchau.com.vn/unsafe/https://cms-prod.s3-sgn09.fptcloud.com/00016464_pediakid_fervitamines_b_125ml_1625_5d79_large_eae3257092.png,"Sắt , Vitamin nhóm B , Siro cây thừa 40%",Dung dịch,Pediakid,Chai,Thực phẩm chức năng | Vitamin & Khoáng chất | Bổ sung Sắt & Axit Folic,thuc-pham-chuc-nang | thuc-pham-chuc-nang/vitamin-khoang-chat | thuc-pham-chuc-nang/sat-axit-folic,True,True,50,0,https://nhathuoclongchau.com.vn/thuc-pham-chuc-nang/pediakid-fervitamines-b-125ml-14239.html,thuc-pham-chuc-nang,400
492,00016289,TRACYBEE PROPOLIS MINTHONEY 30ML - KEO ONG,"Keo ong xanh Tracybee Propolis Mint & Honey vị bạc hà giúp giảm đau, viêm họng, ho do nhiễm khuẩn (30ml)",thuc-pham-chuc-nang/keo-ong-propolis-minthoney-30ml-tracybee-14411.html,270000.0,Hộp,đ,https://cdn.nhathuoclongchau.com.vn/unsafe/https://cms-prod.s3-sgn09.fptcloud.com/00016289_keo_ong_propolis_minthoney_30ml_tracybee_8269_5f62_large_6fbae71caf.jpg,Keo ong xanh Brazil 30ml,Dung dịch,Tracybee,Hộp,"Thực phẩm chức năng | Hỗ trợ điều trị | Hô hấp, ho, xoang",thuc-pham-chuc-nang | thuc-pham-chuc-nang/ho-tro-dieu-tri | thuc-pham-chuc-nang/suc-khoe-duong-ho-hap-ho-xoang,True,True,50,0,https://nhathuoclongchau.com.vn/thuc-pham-chuc-nang/keo-ong-propolis-minthoney-30ml-tracybee-14411.html,thuc-pham-chuc-nang,400
493,00016236,NATTOENZYM DHG 90V,"Viên uống NattoEnzym DHG hỗ trợ hoạt huyết, tăng tuần hoàn máu (90 viên)",thuc-pham-chuc-nang/nattoenzym-lo-90v-dhgpharma-14460.html,350000.0,Hộp,đ,https://cdn.nhathuoclongchau.com.vn/unsafe/https://cms-prod.s3-sgn09.fptcloud.com/00016236_nattoenzym_lo_90v_dhgpharma_2268_62ae_large_113cb63c6c.jpg,"Nattokinase 670 , Microcrystalline cellulose  , Magie  , Tá dược vừa đủ 1viên",Viên nang,Dhg,Hộp 90 Viên,Thực phẩm chức năng | Hỗ trợ điều trị,thuc-pham-chuc-nang | thuc-pham-chuc-nang/ho-tro-dieu-tri,True,True,50,0,https://nhathuoclongchau.com.vn/thuc-pham-chuc-nang/nattoenzym-lo-90v-dhgpharma-14460.html,thuc-pham-chuc-nang,400
494,00014890,EGARUTA 30 GÓI,"Cốm Egaruta Hồng Bàng dưỡng tâm, an thần (30 gói)",thuc-pham-chuc-nang/egaruta-30-goi-15295.html,180000.0,Hộp,đ,https://cdn.nhathuoclongchau.com.vn/unsafe/https://cms-prod.s3-sgn09.fptcloud.com/00014890_egaruta_30_goi_1375_62af_large_cdca3c5320.jpg,"GABA 25mg, Magie citrate 7.5mg, Taurine 100mg, Câu đằng 75mg, An tức hương 105mg",Cốm pha dung dịch uống,Trung Mỹ,Hộp 30 gói,Thực phẩm chức năng | Thần kinh não | Bổ não - cải thiện trí nhớ,thuc-pham-chuc-nang | thuc-pham-chuc-nang/than-kinh-nao | thuc-pham-chuc-nang/bo-nao-cai-thien-tri-nho,True,True,50,0,https://nhathuoclongchau.com.vn/thuc-pham-chuc-nang/egaruta-30-goi-15295.html,thuc-pham-chuc-nang,400
495,00014412,GASTOSIC CVI 3X10,"Viên uống Gastosic CVI Pharma giúp tiêu hóa tốt, bảo vệ niêm mạc dạ dày (3 vỉ x 10 viên)",thuc-pham-chuc-nang/gastosic-15650.html,275000.0,Hộp,đ,https://cdn.nhathuoclongchau.com.vn/unsafe/https://cms-prod.s3-sgn09.fptcloud.com/DSC_08694_8f721da515.jpg,"Hậu phác 50mg, Hoàng liên 100mg, Thương truật 100mg, Cúc la mã 150mg, Nano Curcumin 50mg, Gừng 20mg, Bán Hạ bắc 30mg, Tá dược vừa đủ  , Cam thảo  ",Viên nang cứng,CVI Pharma,Hộp 3 Vỉ x 10 Viên,"Thực phẩm chức năng | Hỗ trợ tiêu hóa | Dạ dày, tá tràng",thuc-pham-chuc-nang | thuc-pham-chuc-nang/ho-tro-tieu-hoa | thuc-pham-chuc-nang/da-day-ta-trang,True,True,50,0,https://nhathuoclongchau.com.vn/thuc-pham-chuc-nang/gastosic-15650.html,thuc-pham-chuc-nang,400
496,00011320,BONI MEN 30V,Viên uống BoniMen Botania điều trị bệnh phì đại tuyến tiền liệt (30 viên),thuc-pham-chuc-nang/boni-men-30v-16070.html,280000.0,Hộp,đ,https://cdn.nhathuoclongchau.com.vn/unsafe/https://cms-prod.s3-sgn09.fptcloud.com/00011320_boni_men_30v_9856_5c46_large_bbaab06a3c.jpg,"Vitamin E 10.00iu, Vitamin B6 1.667mg, Zinc 5.00mg, Copper 100.00mcg, Selenium 70.00mcg, Cây cọ lùn 200.00mg, pygeum africanum 50.00mg, Lycopene 1.50mg, Bồ Công Anh 30.00mg, uva ursi extract 25.00mg",Viên nang,Botania,Hộp 30 Viên,"Thực phẩm chức năng | Hỗ trợ điều trị | Thận, tiền liệt tuyến",thuc-pham-chuc-nang | thuc-pham-chuc-nang/ho-tro-dieu-tri | thuc-pham-chuc-nang/than-tien-liet-tuyen,True,True,50,2.8386136000000004,https://nhathuoclongchau.com.vn/thuc-pham-chuc-nang/boni-men-30v-16070.html,thuc-pham-chuc-nang,400
497,00009637,VIPTEEN VINH GIA 2X10,Viên uống Vipteen Vinh Gia bổ sung canxi và dưỡng chất hỗ trợ phát triển chiều cao (2 vỉ x 10 viên),thuc-pham-chuc-nang/vipteen-vinh-gia-16631.html,145000.0,Hộp,đ,https://cdn.nhathuoclongchau.com.vn/unsafe/https://cms-prod.s3-sgn09.fptcloud.com/00009637_vipteen_vinh_gia_9477_5fae_large_d3ba0e2dce.JPG,"Calci carbonat 100mg, Magie oxide 100mg, Natri chondroitin sulfat 25mg, Vitamin B1 25mg, Horsetail (Equisetum Arvense) Extract 12.5mg, Magie gluconat 5mg, Vitamin B6 2.5mg, Copper gluconate 2mg, Zinc oxide 1.7mg, Boron aminoacid chelat 0.45mg, Menaquinon-7 10mcg, Acid folic 250mcg, Vitamin D3 150iu, DHA  ",Viên nén,Vinh Gia,Hộp 2 Vỉ x 10 Viên,Thực phẩm chức năng | Vitamin & Khoáng chất | Bổ sung Canxi & Vitamin D,thuc-pham-chuc-nang | thuc-pham-chuc-nang/vitamin-khoang-chat | thuc-pham-chuc-nang/canxi-vitamin-D,True,True,50,0,https://nhathuoclongchau.com.vn/thuc-pham-chuc-nang/vipteen-vinh-gia-16631.html,thuc-pham-chuc-nang,400
498,00009575,BIFINA R HEALTH AID 20 GÓI - MEN VI SINH,"Men vi sinh Bifina R Health Aid bổ sung lợi khuẩn cho tiêu hóa, giảm rối loạn tiêu hóa, đại tràng (20 gói)",thuc-pham-chuc-nang/men-vi-sinh-health-aid-bifina-20-goi-16644.html,348000.0,Hộp,đ,https://cdn.nhathuoclongchau.com.vn/unsafe/https://cms-prod.s3-sgn09.fptcloud.com/00009575_men_vi_sinh_health_aid_bifina_20_goi_4391_6327_large_0523b650e8.jpg,"Lactobacilus 1 , Bifidobacterium 2.5 , Tá dược vừa đủ  ",Cốm,Health Aid,Hộp 20 Gói,Thực phẩm chức năng | Hỗ trợ tiêu hóa | Vi sinh - Probiotic,thuc-pham-chuc-nang | thuc-pham-chuc-nang/ho-tro-tieu-hoa | thuc-pham-chuc-nang/vi-sinh-probiotic,True,True,50,0,https://nhathuoclongchau.com.vn/thuc-pham-chuc-nang/men-vi-sinh-health-aid-bifina-20-goi-16644.html,thuc-pham-chuc-nang,400
499,00008518,PEDIAKID IMMUNO-FORT 125ML,"Siro Pediakid Immuno-Fort hỗ trợ tăng đề kháng, giúp bảo vệ sức khỏe (125ml)",thuc-pham-chuc-nang/pediakid-immuno-fortifiant-16665.html,265000.0,Chai,đ,https://cdn.nhathuoclongchau.com.vn/unsafe/https://cms-prod.s3-sgn09.fptcloud.com/00008518_siro_pediakid_immuno_fort_tang_de_khang_cho_tre_125ml_7546_630c_large_f35913e626.jpg,"Keo Ong 305mg, Nhân Sâm 305mg, Acerola 305mg, Siro cây thừa 40%, Nước tinh khiết  , Chất Xơ 15%, Đồng 0.03mg, Mg 0.30mg, Broccoli 305mg, Echinacea 305mg, Vitamin C  ",Dung dịch,Pediakid,Chai,"Thực phẩm chức năng | Cải thiện tăng cường chức năng | Tăng sức đề kháng, miễn dịch",thuc-pham-chuc-nang | thuc-pham-chuc-nang/cai-thien-tang-cuong-chuc-nang | thuc-pham-chuc-nang/ho-tro-mien-dich-tang-suc-de-khang,True,True,50,0,https://nhathuoclongchau.com.vn/thuc-pham-chuc-nang/pediakid-immuno-fortifiant-16665.html,thuc-pham-chuc-nang,400
500,00008516,PEDIAKID APPETIT-TONUS 125ML,"Siro Pediakid Appétit Tonus hỗ trợ kích thích cảm giác thèm ăn, giảm mệt mỏi (125ml)",thuc-pham-chuc-nang/pediakid-appetit-tonus-125ml-16667.html,270000.0,Chai,đ,https://cdn.nhathuoclongchau.com.vn/unsafe/https://cms-prod.s3-sgn09.fptcloud.com/00008516_pediakid_appetit_tonus_125ml_7397_5fad_large_f027962ee9.JPG,"Vitamin B12 0.375mcg, Lá mâm xôi  , Siro cây thừa 40%, sợi keo 15%, Chiết xuất táo 275mg, chiết xuất củ nghệ 275mg, Potassium sorbate  , Mangan gluconat 0.28mg, Đồng gluconat 0.28mg, Tá dược vừa đủ  , chiết xuất hydroglycerin của cây tự nhiên 7.5%, chiết xuất cây hồ lô ba (fenugrec) 275mg, chiết xuất của gừng 9 (zinger) 275mg, chiết xuất của rau diếp xoắn (chicory) 275mg, chiết xuất của cây cải xoong (cresson) 275mg, benzoat sodium  , Vitamin C  ",Dung dịch,Pediakid,Chai,Thực phẩm chức năng | Dinh dưỡng | Dinh dưỡng trẻ em,thuc-pham-chuc-nang | thuc-pham-chuc-nang/dinh-duong | thuc-pham-chuc-nang/dinh-duong-tre-em,True,True,50,0,https://nhathuoclongchau.com.vn/thuc-pham-chuc-nang/pediakid-appetit-tonus-125ml-16667.html,thuc-pham-chuc-nang,400
501,00008385,BIFINA R HEALTH AID 60 GÓI - MEN VI SINH,"Men vi sinh Bifina R Health Aid bổ sung lợi khuẩn cho tiêu hóa, giảm rối loạn tiêu hóa, đại tràng (60 gói)",thuc-pham-chuc-nang/men-vi-sinh-bifina-60-goi-16691.html,1000000.0,Hộp,đ,https://cdn.nhathuoclongchau.com.vn/unsafe/https://cms-prod.s3-sgn09.fptcloud.com/00008385_men_vi_sinh_bifina_60_goi_8831_5fdb_large_f4d431b3e4.JPG,"Lactobacilus 1, Bifidobacterium 2.5, Tá dược vừa đủ ",Viên nang,Health Aid,Hộp 60 Gói,Thực phẩm chức năng | Hỗ trợ tiêu hóa | Vi sinh - Probiotic,thuc-pham-chuc-nang | thuc-pham-chuc-nang/ho-tro-tieu-hoa | thuc-pham-chuc-nang/vi-sinh-probiotic,True,True,50,0,https://nhathuoclongchau.com.vn/thuc-pham-chuc-nang/men-vi-sinh-bifina-60-goi-16691.html,thuc-pham-chuc-nang,500
502,00007818,VENPOTEN NEWZEALAND 100V,Viên uống Venpoten Pro-life hỗ trợ làm tăng trương lực tĩnh mạch (100 viên),thuc-pham-chuc-nang/venpoten-100v-16765.html,632000.0,Hộp,đ,https://cdn.nhathuoclongchau.com.vn/unsafe/https://cms-prod.s3-sgn09.fptcloud.com/00007818_venpoten_100v_6925_5fab_large_aca8b88e67.JPG,"Rutin 200mg, Hạt dẻ ngựa 250mg",Viên nang,Pro-life,Hộp 100 Viên,Thực phẩm chức năng | Sức khoẻ tim mạch | Suy giãn tĩnh mạch,thuc-pham-chuc-nang | thuc-pham-chuc-nang/tim-mach-huyet-ap | thuc-pham-chuc-nang/tinh-mach,True,True,50,0,https://nhathuoclongchau.com.vn/thuc-pham-chuc-nang/venpoten-100v-16765.html,thuc-pham-chuc-nang,500
503,00005179,NATUREN Z DHG 10X10,Viên uống Naturen Z DHG hỗ trợ giải độc gan (10 vỉ x 10 viên),thuc-pham-chuc-nang/naturen-z-10x10-17047.html,173000.0,Hộp,đ,https://cdn.nhathuoclongchau.com.vn/unsafe/https://cms-prod.s3-sgn09.fptcloud.com/00005179_naturen_z_10x10_1956_5e71_large_230960bd78.JPG,"L-cystin , Củ cải đường , Tỏi , Papain , Methionin , Tá dược vừa đủ ",Viên nang cứng,Dhg,Hộp 10 Vỉ x 10 Viên,Thực phẩm chức năng | Cải thiện tăng cường chức năng | Chức năng gan,thuc-pham-chuc-nang | thuc-pham-chuc-nang/cai-thien-tang-cuong-chuc-nang | thuc-pham-chuc-nang/chuc-nang-gan,True,True,50,0,https://nhathuoclongchau.com.vn/thuc-pham-chuc-nang/naturen-z-10x10-17047.html,thuc-pham-chuc-nang,500
504,00004176,KIM THÍNH 3X10,Viên uống Kim Thính Á Âu hỗ trợ tăng cường sức khỏe thính giác (3 vỉ x 10 viên),thuc-pham-chuc-nang/kim-thinh-3x10-17173.html,210000.0,Hộp,đ,https://cdn.nhathuoclongchau.com.vn/unsafe/https://cms-prod.s3-sgn09.fptcloud.com/00004176_kim_thinh_3x10_7409_5fa9_large_387a5c6c09.JPG,"Cẩu tích 50mg, Thục địa 40mg, Đan sâm 50mg, Câu kỷ tử 50mg, Cốt toái bổ 50mg, L-Carnitine 50mg, Cao vảy ốc 50mg, Cao cối xay 150mg, Kẽm 2mg",Viên nén,Á Âu,Hộp 3 Vỉ x 10 Viên,Thực phẩm chức năng | Cải thiện tăng cường chức năng,thuc-pham-chuc-nang | thuc-pham-chuc-nang/cai-thien-tang-cuong-chuc-nang,True,True,50,0,https://nhathuoclongchau.com.vn/thuc-pham-chuc-nang/kim-thinh-3x10-17173.html,thuc-pham-chuc-nang,500
505,00004174,KIM THẦN KHANG 3X10,"Viên uống Kim Thần Khang Á Âu tăng cường lưu thông máu, giúp dưỡng tâm, an thần (3 vỉ x 10 viên)",thuc-pham-chuc-nang/kim-than-khang-17174.html,210000.0,Hộp,đ,https://cdn.nhathuoclongchau.com.vn/unsafe/https://cms-prod.s3-sgn09.fptcloud.com/00004174_kim_than_khang_4294_5fa9_large_567f660504.JPG,"Cao hợp hoan bì 150mg, Soy lecithin 30mg, Uất Kim 25mg, Nicotinamid 20mg",Viên nén,Á Âu,Hộp 3 Vỉ x 10 Viên,Thực phẩm chức năng | Thần kinh não | Kiểm soát căng thẳng,thuc-pham-chuc-nang | thuc-pham-chuc-nang/than-kinh-nao | thuc-pham-chuc-nang/kiem-soat-cang-thang,True,True,50,0,https://nhathuoclongchau.com.vn/thuc-pham-chuc-nang/kim-than-khang-17174.html,thuc-pham-chuc-nang,500
506,00004167,KIM MIỄN KHANG IMC 3X10,Viên uống Kim Miễn Khang IMC tăng cường năng lượng cho tế bào miễn dịch (3 vỉ x 10 viên),thuc-pham-chuc-nang/kim-mien-khang-3x10-17175.html,160000.0,Hộp,đ,https://cdn.nhathuoclongchau.com.vn/unsafe/https://cms-prod.s3-sgn09.fptcloud.com/00004167_kim_mien_khang_3x10_1435_63c6_large_4bc339bcad.jpg,"Bạch thược 100mg, Nhũ hương 20mg, Trái Nhàu 200mg, Hoàng bá 100mg, Thổ phục linh 100mg, L-Carnitine 50mg, Boron 1mg, Sói rừng 150mg",Viên nén,Á Âu,Hộp 3 vỉ x 10 viên,"Thực phẩm chức năng | Cải thiện tăng cường chức năng | Tăng sức đề kháng, miễn dịch",thuc-pham-chuc-nang | thuc-pham-chuc-nang/cai-thien-tang-cuong-chuc-nang | thuc-pham-chuc-nang/ho-tro-mien-dich-tang-suc-de-khang,True,True,50,0,https://nhathuoclongchau.com.vn/thuc-pham-chuc-nang/kim-mien-khang-3x10-17175.html,thuc-pham-chuc-nang,500
507,00003775,HÒA HÃN LINH HỒNG BÀNG 3X10,Viên uống Hòa Hãn Linh hỗ trợ làm giảm chứng ra mồ hôi nhiều (3 vỉ x 10 viên),thuc-pham-chuc-nang/hoa-han-linh-17218.html,160000.0,Hộp,đ,https://cdn.nhathuoclongchau.com.vn/unsafe/https://cms-prod.s3-sgn09.fptcloud.com/00003775_hoa_han_linh_9960_5fd7_large_3b790d2b59.JPG,"Magie 6mg, Taurine 150mg, Sơn thù du 250mg, Hoàng kỳ 250mg, Thiên môn đông 300mg, Tá dược vừa đủ  ",Viên nén,Trung Mỹ,Hộp 3 Vỉ x 10 Viên,Thực phẩm chức năng | Sinh lý - Nội tiết tố,thuc-pham-chuc-nang | thuc-pham-chuc-nang/sinh-ly-noi-tiet-to,True,True,50,0,https://nhathuoclongchau.com.vn/thuc-pham-chuc-nang/hoa-han-linh-17218.html,thuc-pham-chuc-nang,500
508,00003327,GIẢO CỔ LAM TUỆ LINH 100V,"Viên uống Giảo Cổ Lam Tuệ Linh hỗ trợ chuyển hóa đường, giảm nguy cơ đường huyết cao (100 viên)",thuc-pham-chuc-nang/giao-co-lam-100v-tue-linh-17264.html,225000.0,Hộp,đ,https://cdn.nhathuoclongchau.com.vn/unsafe/https://cms-prod.s3-sgn09.fptcloud.com/00003327_giao_co_lam_100v_tue_linh_8920_63db_large_4615ecccba.jpg,Giảo cổ lam 500mg,Viên bao,Tuệ Linh,Hộp 100 Viên,Thực phẩm chức năng | Sức khoẻ tim mạch | Giảm Cholesterol,thuc-pham-chuc-nang | thuc-pham-chuc-nang/tim-mach-huyet-ap | thuc-pham-chuc-nang/cholesterol,True,True,50,0,https://nhathuoclongchau.com.vn/thuc-pham-chuc-nang/giao-co-lam-100v-tue-linh-17264.html,thuc-pham-chuc-nang,500
509,00016548,ISILAX BIMBI CONCENTRATO FLUIDO 200ML,"Siro Fitobimbi Isilax Concentrato Fluido Pharmalife nhuận tràng, hỗ trợ giảm táo bón cho trẻ (200ml)",thuc-pham-chuc-nang/isilax-bimbi-concentrato-fluido-200ml-17605.html,330000.0,Chai,đ,https://cdn.nhathuoclongchau.com.vn/unsafe/https://cms-prod.s3-sgn09.fptcloud.com/00016548_isilax_bimbi_concentrato_fluido_200ml_3352_62af_large_335b312287.jpg,"Cẩm quỳ  , Dịch chiết quả Táo tây  , Dịch chiết quả Mận  , Dịch chiết cây Manna  , Inulin  , Pectin  ",Dung dịch,FITOBIMBI,Chai,Thực phẩm chức năng | Hỗ trợ tiêu hóa | Táo bón,thuc-pham-chuc-nang | thuc-pham-chuc-nang/ho-tro-tieu-hoa | thuc-pham-chuc-nang/tao-bon,True,True,50,0,https://nhathuoclongchau.com.vn/thuc-pham-chuc-nang/isilax-bimbi-concentrato-fluido-200ml-17605.html,thuc-pham-chuc-nang,500
510,00016601,BONI HAIR 30V,Viên uống BoniHair Botania bổ sung các chất nuôi dưỡng tóc (30 viên),thuc-pham-chuc-nang/boni-hair-30v-17726.html,340000.0,Hộp,đ,https://cdn.nhathuoclongchau.com.vn/unsafe/https://cms-prod.s3-sgn09.fptcloud.com/00016601_boni_hair_30v_2692_633f_large_5d3b08f0f1.jpg,"Catalase 10.000IU, L-Tyrosine 30mg, Hà thủ ô 11mg, Saw palmetto 50mg, Chiết xuất cỏ roi ngựa 854mg, Giảo cổ lam 4mg, Rễ cây tầm ma 20mg, Chất diệp lục 8mg, Vitamin B6 10mg, Biotin 300Mcg, Acid folic 400Mcg, Pantothenic acid 10mg, Calcium 15mg, Kẽm oxyd 10mg, Manganese 2mg, Đồng 1mg, PABA (Para amino benzoic acid) 15mg, Cỏ lúa mạch (Barley grass) 2mg, Plant sterols 25mg",Viên nang,Botania,Hộp 30 viên,Thực phẩm chức năng | Hỗ trợ làm đẹp,thuc-pham-chuc-nang | thuc-pham-chuc-nang/lam-dep,True,True,50,0,https://nhathuoclongchau.com.vn/thuc-pham-chuc-nang/boni-hair-30v-17726.html,thuc-pham-chuc-nang,500
511,00016683,SONNO 30ML PHARMALIFE,Dung dịch Fitobimbi Sonno Pharmalife hỗ trợ cải thiện giấc ngủ (30ml),thuc-pham-chuc-nang/sonno-30ml-pharmalife-17895.html,345000.0,Chai,đ,https://cdn.nhathuoclongchau.com.vn/unsafe/https://cms-prod.s3-sgn09.fptcloud.com/00016683_sonno_30ml_pharmalife_6734_637b_large_8d7016f056.jpg,"Nước khử khoáng , Glycerol , Potassium sorbate , Citric Acid , Dịch chiết hoa Lạc tiên tây , Dịch chiết hoa Đoạn lá bạc , dịch chiết lá Tía tô đất , tinh dầu Tía tô đất ",Dung dịch,FITOBIMBI,Chai,Thực phẩm chức năng | Thần kinh não | Hỗ trợ giấc ngủ ngon,thuc-pham-chuc-nang | thuc-pham-chuc-nang/than-kinh-nao | thuc-pham-chuc-nang/ho-tro-giac-ngu-ngon,True,True,50,0,https://nhathuoclongchau.com.vn/thuc-pham-chuc-nang/sonno-30ml-pharmalife-17895.html,thuc-pham-chuc-nang,500
512,00017031,APPETITO BIMBI 200ML,Dung dịch Fitobimbi Appetito hỗ trợ tăng cường tiêu hóa (200ml),thuc-pham-chuc-nang/appetito-bimbi-200ml-18385.html,340000.0,Chai,đ,https://cdn.nhathuoclongchau.com.vn/unsafe/https://cms-prod.s3-sgn09.fptcloud.com/00017031_appetito_bimbi_200ml_8823_6327_large_625e1d94d7.jpg,"Nước ép táo cô đặc  , Dịch chiết mầm Lúa mì  , Dịch chiết Phấn hoa  , Dịch chiết rễ Long đởm vàng  , Dịch chiết ngọn Centaury  , Cỏ cà ri  , Tá dược vừa đủ  ",Dung dịch,FITOBIMBI,Chai x 200ml,Thực phẩm chức năng | Cải thiện tăng cường chức năng | Hỗ trợ trao đổi chất,thuc-pham-chuc-nang | thuc-pham-chuc-nang/cai-thien-tang-cuong-chuc-nang | thuc-pham-chuc-nang/ho-tro-trao-doi-chat,True,True,50,0,https://nhathuoclongchau.com.vn/thuc-pham-chuc-nang/appetito-bimbi-200ml-18385.html,thuc-pham-chuc-nang,500
513,00017082,DR.SUTSIT GIA AN 30 GÓI X 5ML,"Siro Dr.Sutsit Gia An giải cảm, giảm ho, giảm sổ mũi (30 gói x 5ml)",thuc-pham-chuc-nang/dr-sutsit-gia-an-30-goi-x-5ml-18425.html,50000.0,Hộp,đ,https://cdn.nhathuoclongchau.com.vn/unsafe/https://cms-prod.s3-sgn09.fptcloud.com/00017082_dr_sutsit_gia_an_30_goi_x_5ml_4588_62bd_large_d55446479c.jpg,"Mật ong 2.5mg, Gừng 7.5mg, Quả tắc 12.5mg, Quế 12.5mg, Húng chanh 26mg, Eucalytol 0.2mg, Tá dược vừa đủ  , Cam thảo  ",Dung dịch,Gia An,Hộp 30 gói,"Thực phẩm chức năng | Hỗ trợ điều trị | Hô hấp, ho, xoang",thuc-pham-chuc-nang | thuc-pham-chuc-nang/ho-tro-dieu-tri | thuc-pham-chuc-nang/suc-khoe-duong-ho-hap-ho-xoang,True,True,50,0,https://nhathuoclongchau.com.vn/thuc-pham-chuc-nang/dr-sutsit-gia-an-30-goi-x-5ml-18425.html,thuc-pham-chuc-nang,500
514,00017252,NUBEST TALL 60V," Thực phẩm bảo vệ sức khỏe Nubest Tall bổ sung canxi hỗ trợ phát triển xương, răng chắc khỏe (60 viên)",thuc-pham-chuc-nang/nubest-tall-60v-18603.html,1090000.0,Hộp,đ,https://cdn.nhathuoclongchau.com.vn/unsafe/https://cms-prod.s3-sgn09.fptcloud.com/1_2b9ca625b9.jpg,"Bột xuyên khung , Chiết xuất lá Bạch quả , Bột nấm phục linh , Bột hải sâm , Collagen thủy phân (từ Bò) , Calci carbonat , Chiết xuất vỏ cây đổ trọng , Bột lá ích mẫu , Bột nhung hươu , Bột rễ Ngọc trúc , 5-Hydroxytriptophan ",Viên nang cứng,Nubest,Hộp 60 Viên,Thực phẩm chức năng | Vitamin & Khoáng chất | Bổ sung Canxi & Vitamin D,thuc-pham-chuc-nang | thuc-pham-chuc-nang/vitamin-khoang-chat | thuc-pham-chuc-nang/canxi-vitamin-D,True,True,50,0,https://nhathuoclongchau.com.vn/thuc-pham-chuc-nang/nubest-tall-60v-18603.html,thuc-pham-chuc-nang,500
515,00017392,SỮA VITADAIRY NEPRO 2 400G,Sữa bột Nepro 2 VitaDairy bổ sung dinh dưỡng giàu protein dành cho người bệnh thận (400g),thuc-pham-chuc-nang/sua-nepro-2-400g-18745.html,235000.0,Hộp,đ,https://cdn.nhathuoclongchau.com.vn/unsafe/https://cms-prod.s3-sgn09.fptcloud.com/00017392_sua_nepro_2_400g_1472_63db_large_4c896089e1.jpg,"Protein 20 , Năng lượng 419 , Chất béo 9.8 , Carbohydrate 62.7 , FOS 3.5 , Acid folic 133Mcg, Vitamin tổng hợp , Khoáng chất ",Dạng bột,VITADAIRY,Hộp,Thực phẩm chức năng | Dinh dưỡng | Sữa,thuc-pham-chuc-nang | thuc-pham-chuc-nang/dinh-duong | thuc-pham-chuc-nang/sua,True,True,50,0,https://nhathuoclongchau.com.vn/thuc-pham-chuc-nang/sua-nepro-2-400g-18745.html,thuc-pham-chuc-nang,500
516,00014541,TRACYBEE PROPOLIS TUTTI FRUTTI HONEY FOR KIDS 30ML - KEO ONG,"Keo ong xanh Tracybee Propolis Tutti Frutti & Honey vị trái cây giúp giảm đau, viêm họng, ho do nhiễm khuẩn (30ml)",thuc-pham-chuc-nang/propolis-tutti-frutti-honey-for-kids-30ml-18782.html,270000.0,Chai,đ,https://cdn.nhathuoclongchau.com.vn/unsafe/https://cms-prod.s3-sgn09.fptcloud.com/00014541_propolis_tutti_frutti_honey_for_kids_30ml_3358_5f62_large_2d1c1d5394.jpg,"Tá dược vừa đủ  , Mật ong  , Keo Ong  , Mentha piperita (peppermint) oil  , Glycerin  , Xanthan gum  , Citric Acid  , Potassium  ",Dung dịch,Tracybee,Chai,"Thực phẩm chức năng | Cải thiện tăng cường chức năng | Tăng sức đề kháng, miễn dịch",thuc-pham-chuc-nang | thuc-pham-chuc-nang/cai-thien-tang-cuong-chuc-nang | thuc-pham-chuc-nang/ho-tro-mien-dich-tang-suc-de-khang,True,True,50,0,https://nhathuoclongchau.com.vn/thuc-pham-chuc-nang/propolis-tutti-frutti-honey-for-kids-30ml-18782.html,thuc-pham-chuc-nang,500
517,00017530,OVAQ1 MEDIPLANTEX 3X10,"Viên uống OvaQ1 hỗ trợ bổ sung Myo Inositol, Acid folic và các chất cần thiết cho phụ nữ trước khi mang thai (3 vỉ x 10 viên)",thuc-pham-chuc-nang/ovaq1-mediplantex-3x10-18893.html,326000.0,Hộp,đ,https://cdn.nhathuoclongchau.com.vn/unsafe/https://cms-prod.s3-sgn09.fptcloud.com/00017530_ovaq1_mediplantex_3x10_8563_62af_large_50aed350b2.jpg,"Tá dược vừa đủ  , Coenzym Q10 5mg, Zinc oxide 5mg, Alpha–tocopherol 12.5mg, L-Arginine HCL 50mg, Acid folic 400mcg, N-acetyl Cysteine 50mg, myo-inositol 100mg, Pyridoxin hydroclorid 2mg, Chromium chloride 100mcg, Cyanocobalamin 5mcg",Viên nang mềm,Tây Âu,Hộp 3 Vỉ x 10 Viên,Thực phẩm chức năng | Sinh lý - Nội tiết tố | Cân bằng nội tiết tố,thuc-pham-chuc-nang | thuc-pham-chuc-nang/sinh-ly-noi-tiet-to | thuc-pham-chuc-nang/can-bang-noi-tiet-to,True,True,50,0,https://nhathuoclongchau.com.vn/thuc-pham-chuc-nang/ovaq1-mediplantex-3x10-18893.html,thuc-pham-chuc-nang,500
518,00017601,SỮA ABBOTT PEDIASURE 1-10 TUỔI 800G - HƯƠNG VANI,Sữa bột PediaSure 800g Abbott hương vani bổ sung dinh dưỡng cho bé từ 1-10 tuổi ,thuc-pham-chuc-nang/pediasure-ba-850mg-huong-vani-abbott-18961.html,688000.0,Hộp,đ,https://cdn.nhathuoclongchau.com.vn/unsafe/https://cms-prod.s3-sgn09.fptcloud.com/DSC_05474_7b16d88b39.jpg,"Đạm Whey tinh chế , Khoáng chất , Tinh bột bắp , Đạm sữa , dầu hướng dương ",Dạng bột,Abbott,Hộp x 800g,Thực phẩm chức năng | Dinh dưỡng | Sữa,thuc-pham-chuc-nang | thuc-pham-chuc-nang/dinh-duong | thuc-pham-chuc-nang/sua,True,True,50,0,https://nhathuoclongchau.com.vn/thuc-pham-chuc-nang/pediasure-ba-850mg-huong-vani-abbott-18961.html,thuc-pham-chuc-nang,500
519,00017743,BONI BAIO 30V,Viên uống BoniBaio Botania giúp cân bằng hệ vi khuẩn có ích đường ruột (30 viên),thuc-pham-chuc-nang/bonibaio-botania-30v-19106.html,425000.0,Hộp,đ,https://cdn.nhathuoclongchau.com.vn/unsafe/https://cms-prod.s3-sgn09.fptcloud.com/00017743_bonibaio_botania_30v_4389_6356_large_572aaba41d.jpg,"5 HTP 3mg, L-Arginin 50mg, Hoàng liên 50mg, Bạch truật 50mg, Bifidobacterium longum 10^9cfu/g, Bifidobacterium lactic 10^9cfu/g, Bifidobacterium bifidum 10^9cfu/g, Lactobacillus casei 10^9cfu/g, Lactobacillus acidophilus 10^9cfu/g, Đu đủ 100mg, Lá bài hương 100mg, Lô hội 10mg, Slippery Elm Inner Bark 100mg, Inulin 25mg, Chiết xuất bạc hà 5mg, chiết xuất thì là 5mg, Thì là 5mg, Bạc hà 5mg, Bột Gừng 5mg, lactobacilus acidophilus , 5-HTTP 3mg",Viên nang,Botania,Hộp 30 viên,Thực phẩm chức năng | Hỗ trợ tiêu hóa | Đại tràng,thuc-pham-chuc-nang | thuc-pham-chuc-nang/ho-tro-tieu-hoa | thuc-pham-chuc-nang/dai-trang,True,True,50,0,https://nhathuoclongchau.com.vn/thuc-pham-chuc-nang/bonibaio-botania-30v-19106.html,thuc-pham-chuc-nang,500
520,00017829,VIÊN UỐNG HỖ TRỢ BẢO VỆ VÀ PHỤC HỒI TẾ BÀO GAN HEPOSAL 3X10,"Viên uống Heposal hỗ trợ tăng cường chức năng gan, bảo vệ và phục hồi tế bào gan (3 vỉ x 10 viên)",thuc-pham-chuc-nang/heposal-mediplantex-3x10-19177.html,280000.0,Hộp,đ,https://cdn.nhathuoclongchau.com.vn/unsafe/https://cms-prod.s3-sgn09.fptcloud.com/DSC_08338_b3594bcd08.jpg,"Phosphocomplex 25mg, PYBBE 450mg",Viên nang,CVI Pharma,Hộp 3 Vỉ x 10 Viên,Thực phẩm chức năng | Cải thiện tăng cường chức năng | Chức năng gan,thuc-pham-chuc-nang | thuc-pham-chuc-nang/cai-thien-tang-cuong-chuc-nang | thuc-pham-chuc-nang/chuc-nang-gan,True,True,50,0,https://nhathuoclongchau.com.vn/thuc-pham-chuc-nang/heposal-mediplantex-3x10-19177.html,thuc-pham-chuc-nang,500
521,00017955,DR.G BIFIDUS BIFIDO 30 GÓI X 2G,Bột Dr.G Bifidus Bifido men vi sinh hỗ trợ cải thiện hệ tiêu hóa (2g x 30 gói),thuc-pham-chuc-nang/drg-bifidus-bifido-30-goi-x-2g-19301.html,600000.0,Hộp,đ,https://cdn.nhathuoclongchau.com.vn/unsafe/https://cms-prod.s3-sgn09.fptcloud.com/00017955_drg_bifidus_bifido_30_goi_x_2g_6985_5f92_large_50e3a56a33.JPG,"Lactobacillus acidophilus 125cfu/g, Bifidobacterium longum 125x10^10cfu/g, Bifidobacterium bifidum 5x10^10cfu/g, Enterococcus faecium 25x10^10cfu/g, Kẽm oxyd ",Dạng bột,BIFIDO,Hộp 30 Gói,Thực phẩm chức năng | Hỗ trợ tiêu hóa | Vi sinh - Probiotic,thuc-pham-chuc-nang | thuc-pham-chuc-nang/ho-tro-tieu-hoa | thuc-pham-chuc-nang/vi-sinh-probiotic,True,True,50,0,https://nhathuoclongchau.com.vn/thuc-pham-chuc-nang/drg-bifidus-bifido-30-goi-x-2g-19301.html,thuc-pham-chuc-nang,500
522,00018470,QIK HAIR FOR MEN ECOGREEN 30V,"Viên uống Qik Hair For Men Ecogreen giúp giảm rụng tóc, hối đầu ở nam giới (30 viên)",thuc-pham-chuc-nang/qik-hair-for-men-ecogreen-30v-19783.html,275000.0,Hộp,đ,https://cdn.nhathuoclongchau.com.vn/unsafe/https://cms-prod.s3-sgn09.fptcloud.com/00018470_qik_hair_for_men_ecogreen_30v_7024_63d7_large_227ff2209f.jpg,"Cynatine 130mg, MSM 100mg, Saw Palmetto Extract 40mg, Ginkgo biloba leaf 40mg, Eurycoma logifolia 20mg, American Ginseng Root Extract 20mg, Aged Black Garlic Extract 120mg, Millet Seed Extract 100mg, Laminaria Angustata Extract 30mg, Pre-mixed powder contains vitamin and minerals ",Viên nén,Ecogreen,Hộp 30 viên,Thực phẩm chức năng | Hỗ trợ làm đẹp | Tóc,thuc-pham-chuc-nang | thuc-pham-chuc-nang/lam-dep | thuc-pham-chuc-nang/toc,True,True,50,0,https://nhathuoclongchau.com.vn/thuc-pham-chuc-nang/qik-hair-for-men-ecogreen-30v-19783.html,thuc-pham-chuc-nang,500
523,00018471,QIK HAIR FOR WOMEN ECOGREEN 30V,"Viên uống Qik Hair For Women Ecogreen giúp giảm rụng tóc ở nữ giới, giúp tóc mọc nhanh (30 viên)",thuc-pham-chuc-nang/qik-hair-for-women-ecogreen-30v-19789.html,275000.0,Hộp,đ,https://cdn.nhathuoclongchau.com.vn/unsafe/https://cms-prod.s3-sgn09.fptcloud.com/00018471_qik_hair_for_women_ecogreen_30v_2253_63d7_large_4f0c76793e.jpg,"Laminaria Angustata Extract 30mg, Black Cohosh Extract 50mg, Pumpkin Seed Extract 50mg, Cynatine 130mg, Horsetail Extract 50mg, Hibiscus Flower Extract 50mg, Millet Seed Extract 120mg, Pre-mixed powder contains vitamin and minerals 160mg, Aged Black Garlic Extract 120mg",Viên nén,Ecogreen,Hộp 30 viên,Thực phẩm chức năng | Hỗ trợ làm đẹp | Tóc,thuc-pham-chuc-nang | thuc-pham-chuc-nang/lam-dep | thuc-pham-chuc-nang/toc,True,True,50,0,https://nhathuoclongchau.com.vn/thuc-pham-chuc-nang/qik-hair-for-women-ecogreen-30v-19789.html,thuc-pham-chuc-nang,500
524,00018887,BP GOLDEN PINE BP PHARMA 100V,"Viên uống BP Golden Pine Bio Avenue tăng tuần hoàn máu, thông huyết mạch (100 viên)",thuc-pham-chuc-nang/bp-golden-pine-bioavenue-100v-20188.html,1100000.0,Hộp,đ,https://cdn.nhathuoclongchau.com.vn/unsafe/https://cms-prod.s3-sgn09.fptcloud.com/00018887_bp_golden_pine_bioavenue_100v_1029_61aa_large_f63b27e275.jpg,"Vitamin E 9mg, Tinh dầu thông đỏ 441mg, Tá dược vừa đủ ",Viên nang,BP PHARMA,Hộp 100 viên,Thực phẩm chức năng | Hỗ trợ điều trị,thuc-pham-chuc-nang | thuc-pham-chuc-nang/ho-tro-dieu-tri,True,True,50,0,https://nhathuoclongchau.com.vn/thuc-pham-chuc-nang/bp-golden-pine-bioavenue-100v-20188.html,thuc-pham-chuc-nang,500
525,00018999,ÍCH NIỆU KHANG MEDISTAR 2X10,"Viên uống Ích Niệu Khang Medistar hỗ trợ giảm tiểu đêm, tiểu nhiều lần (2 vỉ x 10 viên)",thuc-pham-chuc-nang/ich-nieu-khang-medistar-2x10-20301.html,185000.0,Hộp,đ,https://cdn.nhathuoclongchau.com.vn/unsafe/https://cms-prod.s3-sgn09.fptcloud.com/IMG_6915_2dbdcc95b7.jpg,"Đỗ trọng 350mg, L-Carnitine 150mg",Viên nén,Medistar,Hộp 2 Vỉ x 10 Viên,"Thực phẩm chức năng | Hỗ trợ điều trị | Thận, tiền liệt tuyến",thuc-pham-chuc-nang | thuc-pham-chuc-nang/ho-tro-dieu-tri | thuc-pham-chuc-nang/than-tien-liet-tuyen,True,True,50,0,https://nhathuoclongchau.com.vn/thuc-pham-chuc-nang/ich-nieu-khang-medistar-2x10-20301.html,thuc-pham-chuc-nang,500
526,00020708,ORESOL PLUZ HADIPHAR TUÝP 10V,Viên sủi Oresol Pluz Hadiphar giúp bù chất điện giải (10 viên),thuc-pham-chuc-nang/oresol-pluz-hadiphar-10x10-21068.html,18500.0,Tuýp,đ,https://cdn.nhathuoclongchau.com.vn/unsafe/https://cms-prod.s3-sgn09.fptcloud.com/00020708_oresol_pluz_hadiphar_10x10_4983_62ae_large_c07c423452.jpg,"natri bicarbonate 0.25 , Kali clorid 0.15 , Natri clorid 0.26 , Glucose 1.35 ",Viên sủi,Hadiphar,Hộp 10 Tuýp x 10 Viên,Thực phẩm chức năng | Hỗ trợ tiêu hóa,thuc-pham-chuc-nang | thuc-pham-chuc-nang/ho-tro-tieu-hoa,True,True,50,0,https://nhathuoclongchau.com.vn/thuc-pham-chuc-nang/oresol-pluz-hadiphar-10x10-21068.html,thuc-pham-chuc-nang,500
527,00021485,HEVIHO THÁI MINH 2X10,"Viên uống Heviho Thái Minh giảm đau rát họng, giảm ho, long đờm (2 vỉ x 10 viên)",thuc-pham-chuc-nang/heviho-225mg-nanofrance-2x10-21843.html,190000.0,Hộp,đ,https://cdn.nhathuoclongchau.com.vn/unsafe/https://cms-prod.s3-sgn09.fptcloud.com/00021485_heviho_225mg_nanofrance_2x10_6365_62af_large_97378b9693.jpg,"Xạ can 225mg, Xuyên bối mẫu 200mg, Mạch môn 75mg, Cát cánh 75mg, S3-selebosin 90mg",Viên nén,Thái Minh,Hộp 2 vỉ x 10 viên,"Thực phẩm chức năng | Hỗ trợ điều trị | Hô hấp, ho, xoang",thuc-pham-chuc-nang | thuc-pham-chuc-nang/ho-tro-dieu-tri | thuc-pham-chuc-nang/suc-khoe-duong-ho-hap-ho-xoang,True,True,50,0,https://nhathuoclongchau.com.vn/thuc-pham-chuc-nang/heviho-225mg-nanofrance-2x10-21843.html,thuc-pham-chuc-nang,500
528,00021633,HAMOGAN TUỆ LINH 30V,"Viên uống giải độc gan Hamogan Tuệ Linh hỗ trợ giảm mỡ máu, mỡ gan (30 viên)",thuc-pham-chuc-nang/hamogan-tue-linh-30v-21989.html,196000.0,Hộp,đ,https://cdn.nhathuoclongchau.com.vn/unsafe/https://cms-prod.s3-sgn09.fptcloud.com/DSC_01790_58e2899186.jpg,"Phospholipid đậu nành 300mg, Vitamin E 100IU, Tỏi 1.5mg, Tá dược vừa đủ , cao khô nần nghệ 200mg, Cao khô cà gai leo 150mg, Cao khô lá sen 100mg",Viên nang mềm,Tuệ Linh,Hộp 30 viên,Thực phẩm chức năng | Cải thiện tăng cường chức năng | Chức năng gan,thuc-pham-chuc-nang | thuc-pham-chuc-nang/cai-thien-tang-cuong-chuc-nang | thuc-pham-chuc-nang/chuc-nang-gan,True,True,50,0,https://nhathuoclongchau.com.vn/thuc-pham-chuc-nang/hamogan-tue-linh-30v-21989.html,thuc-pham-chuc-nang,500
529,00021653,PHARITON TVP 12X5,"Viên uống Phariton TVPharma hỗ trỡ tăng cường sức khỏe, nâng cao sức đề kháng (12 vỉ x 5 viên)",thuc-pham-chuc-nang/phariton-tvp-12x5-22008.html,70000.0,Hộp,đ,https://cdn.nhathuoclongchau.com.vn/unsafe/https://cms-prod.s3-sgn09.fptcloud.com/DSC_00637_6bde095f58.jpg,"Vitamin tổng hợp  , Vitamin PP 8mg, Vitamin B6 1.34mg, Vitamin B1 1mg, Vitamin B2 1mg, Vitamin B5 1mg, Vitamin A 1000iu, Vitamin D3 270iu, Vitamin B12 1mcg, Dicalcium phosphate 70mg, Phospho 54mg, Sắt 5mg, Magie 2mg, Kali 1mg, Kẽm 0.15mg, Đồng 0.1mg, Mangan 0.01mg, kali iod 1.5mcg, Vitamin C  ",Viên nang mềm,Tv.Pharm,Hộp 12 vỉ x 5 viên,Thực phẩm chức năng | Vitamin & Khoáng chất | Vitamin tổng hợp,thuc-pham-chuc-nang | thuc-pham-chuc-nang/vitamin-khoang-chat | thuc-pham-chuc-nang/vitamin-tong-hop,True,True,50,2.8131775,https://nhathuoclongchau.com.vn/thuc-pham-chuc-nang/phariton-tvp-12x5-22008.html,thuc-pham-chuc-nang,500
530,00021710,GS IMUNOSTIM JUNIOR 2X10,Viên ngậm GS Imunostim Junior tăng cường chức năng hệ miễn dịch (2 vỉ x 10 viên),thuc-pham-chuc-nang/gs-imunostim-junior-2x10-22063.html,325000.0,Hộp,đ,https://cdn.nhathuoclongchau.com.vn/unsafe/https://cms-prod.s3-sgn09.fptcloud.com/DSC_01854_b2f9ad6dbc.jpg,Vitamin C 30mg,Viên nén,Green Swan,Hộp 2 Vỉ x 10 Viên,"Thực phẩm chức năng | Cải thiện tăng cường chức năng | Tăng sức đề kháng, miễn dịch",thuc-pham-chuc-nang | thuc-pham-chuc-nang/cai-thien-tang-cuong-chuc-nang | thuc-pham-chuc-nang/ho-tro-mien-dich-tang-suc-de-khang,True,True,50,0,https://nhathuoclongchau.com.vn/thuc-pham-chuc-nang/gs-imunostim-junior-2x10-22063.html,thuc-pham-chuc-nang,500
531,00022464,DẦU GẤC TUỆ LINH 60V,"Viên uống Dầu Gấc Tuệ Linh hỗ trợ bảo vệ sức khỏe đôi mắt, tăng cường thị lực (60 viên)",thuc-pham-chuc-nang/dau-gac-tue-linh-60v-22794.html,60000.0,Hộp,đ,https://cdn.nhathuoclongchau.com.vn/unsafe/https://cms-prod.s3-sgn09.fptcloud.com/00022464_dau_gac_tue_linh_60v_4151_5fa3_large_f0c86c4bc9.JPG,Dầu gấc 400mg,Viên nang mềm,Tuệ Linh,Hộp 60 viên,"Thực phẩm chức năng | Cải thiện tăng cường chức năng | Bổ mắt, bảo vệ mắt",thuc-pham-chuc-nang | thuc-pham-chuc-nang/cai-thien-tang-cuong-chuc-nang | thuc-pham-chuc-nang/bao-ve-mat,True,True,50,0,https://nhathuoclongchau.com.vn/thuc-pham-chuc-nang/dau-gac-tue-linh-60v-22794.html,thuc-pham-chuc-nang,500
532,00022518,BLACKMORES PREGNANCY AND BREAST - FEEDING GOLD 60V,Viên uống Blackmores Pregnancy & Breast - Feeding Gold cung cấp vitamin và khoáng chất (60 viên),thuc-pham-chuc-nang/pregnancy-and-breast-feeding-gold-blackmores-60v-22844.html,625000.0,Hộp,đ,https://cdn.nhathuoclongchau.com.vn/unsafe/https://cms-prod.s3-sgn09.fptcloud.com/00022518_pregnancy_and_breast_feeding_gold_blackmores_60v_1600_634e_large_7d954977fb.jpg,"Cyanocobalamin 1.3mcg, Colecalciferol 12.5mcg, Biotin 15mcg, Selenomethionine 81.3mcg, Potassium i ốt 98.3mcg, Crom picolinate 121mcg, Folic Acid 250mcg, Riboflavin 700mcg, Thiamin nitrate 700mcg, Pyridoxine hydrochloride 1.2mg, Betacarotene 2.4mg, Canxi Pantothenate 2.7mg, D-alpha tocopherol 3.5mg, Kẽm (kẽm oxit) 6.8mg, Sắt (II) glycinate 19.2mg, Nicotinamide 9mg, Acid Ascorbic 30mg, Magie oxide 58.1mg, Canxi cacbonat 125mg, EPA 25mg, DHA 125mg",Viên nang mềm,Blackmores,Hộp 60 Viên,Thực phẩm chức năng | Vitamin & Khoáng chất,thuc-pham-chuc-nang | thuc-pham-chuc-nang/vitamin-khoang-chat,True,True,50,0,https://nhathuoclongchau.com.vn/thuc-pham-chuc-nang/pregnancy-and-breast-feeding-gold-blackmores-60v-22844.html,thuc-pham-chuc-nang,500
533,00022519,BLACKMORES CO Q10 150MG 30V,Viên uống Blackmores CoQ10 150mg hỗ trợ chống oxy hóa và duy trì sức khỏe tim (30 viên),thuc-pham-chuc-nang/co-q10-150mg-blackmores-30v-22845.html,546000.0,Hộp,đ,https://cdn.nhathuoclongchau.com.vn/unsafe/https://cms-prod.s3-sgn09.fptcloud.com/00022519_co_q10_150mg_blackmores_30v_8058_634e_large_a509ba6b8e.jpg,Ubidecarenone 150mg,Viên nang mềm,Blackmores,Hộp 30 Viên,Thực phẩm chức năng | Sức khoẻ tim mạch,thuc-pham-chuc-nang | thuc-pham-chuc-nang/tim-mach-huyet-ap,True,True,50,0,https://nhathuoclongchau.com.vn/thuc-pham-chuc-nang/co-q10-150mg-blackmores-30v-22845.html,thuc-pham-chuc-nang,500
534,00022520,BLACKMORES BIO C 1000MG 31V,"Viên uống Blackmores Bio C 1000mg bổ sung vitamin C, tăng cường sức khỏe (31 viên)",thuc-pham-chuc-nang/bio-c-1000mg-blackmores-31v-22846.html,337000.0,Hộp,đ,https://cdn.nhathuoclongchau.com.vn/unsafe/https://cms-prod.s3-sgn09.fptcloud.com/00022520_bio_c_1000mg_blackmores_31v_9567_634e_large_1995c23fb1.jpg,"Chiết xuất sơ ri 12.5mg, Chiết xuất cam, quýt, chanh 25mg, Chiết xuất tầm xuân 41.7mg, Hesperidin 50mg, Rutin 50mg, Vitamin C 1000mg",Viên nén,Blackmores,Hộp 31 Viên,Thực phẩm chức năng | Vitamin & Khoáng chất | Vitamin C các loại,thuc-pham-chuc-nang | thuc-pham-chuc-nang/vitamin-khoang-chat | thuc-pham-chuc-nang/vitamin-c,True,True,50,0,https://nhathuoclongchau.com.vn/thuc-pham-chuc-nang/bio-c-1000mg-blackmores-31v-22846.html,thuc-pham-chuc-nang,500
535,00022596,BLACKMORES EVENING PRIMROSE OIL 190V,"Viên uống Blackmores Evening Primrose Oil hỗ trợ làn da khỏe mạnh, dưỡng ẩm da (190 viên)",thuc-pham-chuc-nang/evening-primrose-oil-blackmores-190v-22923.html,969000.0,Hộp,đ,https://cdn.nhathuoclongchau.com.vn/unsafe/https://cms-prod.s3-sgn09.fptcloud.com/00022596_evening_primrose_oil_blackmores_190v_9839_634e_large_05cee23e8b.jpg,Tinh dầu hoa anh thảo 1000mg,Viên nang mềm,Blackmores,Hộp 190 Viên,Thực phẩm chức năng | Sinh lý - Nội tiết tố,thuc-pham-chuc-nang | thuc-pham-chuc-nang/sinh-ly-noi-tiet-to,True,True,50,0,https://nhathuoclongchau.com.vn/thuc-pham-chuc-nang/evening-primrose-oil-blackmores-190v-22923.html,thuc-pham-chuc-nang,500
536,00028194,CONIPA CPC1 4X5 ỐNG 5ML,"Dung dịch uống Conipa CPC1 Hà Nội bổ sung kẽm, tăng cường sức đề kháng cho cơ thể (4 vỉ x 5 ống x 5ml)",thuc-pham-chuc-nang/conipa-cpc1-4x5-ong-5ml-28505.html,64000.0,Hộp,đ,https://cdn.nhathuoclongchau.com.vn/unsafe/https://cms-prod.s3-sgn09.fptcloud.com/00028194_conipa_cpc1_4x5_ong_5ml_9065_5fad_large_d74ad5ea8e.JPG,"Mangan gluconat 5mg, Zinc gluconate 70mg, Magnesi pidolat 26mg",Dung dịch,CPC1HN,Hộp 4 Vỉ x 5 Ống x 5ml,Thực phẩm chức năng | Vitamin & Khoáng chất | Bổ sung Kẽm & Magie,thuc-pham-chuc-nang | thuc-pham-chuc-nang/vitamin-khoang-chat | thuc-pham-chuc-nang/kem-magie,True,True,50,0,https://nhathuoclongchau.com.vn/thuc-pham-chuc-nang/conipa-cpc1-4x5-ong-5ml-28505.html,thuc-pham-chuc-nang,500
537,00028381,SỮA NON VITADAIRY COLOSIGG 24H 60 GÓI X 1.5G,Sữa ColosIgG 24h Vitadairy hỗ trợ tăng cường miễn dịch và tiêu hóa (60 gói x 1.5g),thuc-pham-chuc-nang/sua-non-vitadiary-colosigg-24h-60-goi-x-15g-28686.html,459000.0,Hộp,đ,https://cdn.nhathuoclongchau.com.vn/unsafe/https://cms-prod.s3-sgn09.fptcloud.com/00028381_sua_non_vitadiary_colosigg_24h_60_goi_x_15g_8242_63c4_large_1ad6ab071b.jpg,"Năng lượng 6.98, Chất đạm 0.3, Chất béo 0.29, Carbohydrate 0.78, Sữa non 500mg, IGG, Rho (D) 84mg, Lactofernin 2mg, Chất xơ hòa tan 81mg, lactobacilus rhamnosus GR-1 10^8CFU, Calcium 10mg, Phospho 7.28mg, Magie 0.81mg, Kali 5.52mg, Natri 1.67mg, igA 1.2mg",Dung dịch,VITADAIRY,Hộp x 1.5g,Thực phẩm chức năng | Dinh dưỡng | Sữa,thuc-pham-chuc-nang | thuc-pham-chuc-nang/dinh-duong | thuc-pham-chuc-nang/sua,True,True,50,0,https://nhathuoclongchau.com.vn/thuc-pham-chuc-nang/sua-non-vitadiary-colosigg-24h-60-goi-x-15g-28686.html,thuc-pham-chuc-nang,500
538,00028397,BÁCH NIÊN KIỆN LOTUS 2X10,"Viên xương khớp Bách Niên Kiện FOBIC hỗ trợ giảm nguy cơ viêm khớp, thoái hóa khớp (2 vỉ x 10 viên)",thuc-pham-chuc-nang/bach-nien-kien-fobic-2x10-28702.html,185000.0,Hộp,đ,https://cdn.nhathuoclongchau.com.vn/unsafe/https://cms-prod.s3-sgn09.fptcloud.com/00028397_bach_nien_kien_fobic_2x10_1504_63c6_large_b918bf8817.jpg,"Chiết xuất vỏ cây Liễu 100mg, cao hy thiêm 300mg, cao lá chay 100mg, Đồng gluconat 12mg, Tá dược vừa đủ , Chiết xuất cây Móng Quỷ (cao khô) 25mg",Viên bao,FOBIC,Hộp 2 vỉ x 10 viên,Thực phẩm chức năng | Hỗ trợ điều trị | Cơ xương khớp,thuc-pham-chuc-nang | thuc-pham-chuc-nang/ho-tro-dieu-tri | thuc-pham-chuc-nang/xuong-khop,True,True,50,0,https://nhathuoclongchau.com.vn/thuc-pham-chuc-nang/bach-nien-kien-fobic-2x10-28702.html,thuc-pham-chuc-nang,500
539,00028507,BIOGAIA BIOVAGEN HỘP 10 VIÊN,Men vi sinh BioGaia Protectis Tablets bổ sung lợi khuẩn cho đường tiêu hóa (10 viên),thuc-pham-chuc-nang/biogaia-biovagen-hop-10-vien-28809.html,148000.0,Hộp,đ,https://cdn.nhathuoclongchau.com.vn/unsafe/https://cms-prod.s3-sgn09.fptcloud.com/00028507_biogaia_biovagen_hop_10_vien_2626_60a7_large_028eb416e6.png,"Lactobacillus reuteri 100, Isomalt , Xylitol , Hương dâu tự nhiên , Acid citric ",Viên nén nhai,Biogaia,Hộp 10 viên,Thực phẩm chức năng | Hỗ trợ tiêu hóa | Vi sinh - Probiotic,thuc-pham-chuc-nang | thuc-pham-chuc-nang/ho-tro-tieu-hoa | thuc-pham-chuc-nang/vi-sinh-probiotic,True,True,50,0,https://nhathuoclongchau.com.vn/thuc-pham-chuc-nang/biogaia-biovagen-hop-10-vien-28809.html,thuc-pham-chuc-nang,500
540,00028588,KIDS SMART NATURE'S WAY VITA GUMMIES MULTI-VITAMIN VEGIES 60V,Viên nhai Kids Smart Nature's Way Vita Gummies Multi-vitamin Vegies bổ sung một số vitamin và tăng sức khỏe  (60 viên),thuc-pham-chuc-nang/kids-smart-vita-gummies-multi-vitamin-vegies-60v-28892.html,310000.0,Hộp,đ,https://cdn.nhathuoclongchau.com.vn/unsafe/https://cms-prod.s3-sgn09.fptcloud.com/DSC_00116_c25e69886e.jpg,"Acid Ascorbic 15mg, Nicotinamide 4.5mg, Vitamin E 2.5iu, Vitamin B6 608mcg, Vitamin A 366mcg, Biotin 37.5Mcg, Vitamin D3 1.25Mcg, Vitamin B12 0.25Mcg",Viên nhai,Nature's way,Hộp 60 Viên,Thực phẩm chức năng | Cải thiện tăng cường chức năng,thuc-pham-chuc-nang | thuc-pham-chuc-nang/cai-thien-tang-cuong-chuc-nang,True,True,50,0,https://nhathuoclongchau.com.vn/thuc-pham-chuc-nang/kids-smart-vita-gummies-multi-vitamin-vegies-60v-28892.html,thuc-pham-chuc-nang,500
541,00028616,BUONA SIMBIOSISTEM GOCCE 10ML,Dung dịch Simbiosistem Gocce 10ml Buona bổ sung lợi khuẩn đường ruột,thuc-pham-chuc-nang/simbiosistem-gocce-10ml-28920.html,325000.0,Chai,đ,https://cdn.nhathuoclongchau.com.vn/unsafe/https://cms-prod.s3-sgn09.fptcloud.com/DSC_03370_01536d0c77.jpg,"Lactobacillus rhamnosus 17.000.000.000CFU, Lactobacillus reuteri 17.000.000.000CFU",Dung dịch,Buona,Chai x 10ml,Thực phẩm chức năng | Hỗ trợ tiêu hóa | Vi sinh - Probiotic,thuc-pham-chuc-nang | thuc-pham-chuc-nang/ho-tro-tieu-hoa | thuc-pham-chuc-nang/vi-sinh-probiotic,True,True,50,0,https://nhathuoclongchau.com.vn/thuc-pham-chuc-nang/simbiosistem-gocce-10ml-28920.html,thuc-pham-chuc-nang,500
542,00028646,KIDS SMART NATURE'S WAY VITA GUMMIES VITAMIN C + ZINC 60V,Viên nhai Kids Smart Vita Gummies bổ sung Vitamin C và kẽm giúp tăng cường sức đề kháng (60 viên),thuc-pham-chuc-nang/kids-smart-vita-gummies-vitamin-c-zinc-60v-28949.html,310000.0,Hộp,đ,https://cdn.nhathuoclongchau.com.vn/unsafe/https://cms-prod.s3-sgn09.fptcloud.com/00028646_KIDS_SMART_NATURE_S_WAY_VITA_GUMMIES_VITAMIN_C_ZINC_60_V_c981212923.jpg,"Acid Ascorbic 30mg, Kẽm 2.5mg",Viên nhai,Nature's way,Hộp 60 Viên,Thực phẩm chức năng | Vitamin & Khoáng chất,thuc-pham-chuc-nang | thuc-pham-chuc-nang/vitamin-khoang-chat,True,True,50,0,https://nhathuoclongchau.com.vn/thuc-pham-chuc-nang/kids-smart-vita-gummies-vitamin-c-zinc-60v-28949.html,thuc-pham-chuc-nang,500
543,00028663,BÁCH NIÊN KIỆN 80V,"Viên xương khớp Bách Niên Kiện FOBIC hỗ trợ giảm nguy cơ viêm khớp, thoái hóa khớp (80 viên)",thuc-pham-chuc-nang/bach-nien-kien-lotus-hop-80-vien-28966.html,699000.0,Hộp,đ,https://cdn.nhathuoclongchau.com.vn/unsafe/https://cms-prod.s3-sgn09.fptcloud.com/00028663_bach_nien_kien_lotus_hop_80_vien_1947_62bd_large_c821434498.jpg,"Chiết xuất vỏ cây Liễu 100mg, cao hy thiêm 300mg, cao lá chay 100mg, Đồng gluconat 12mg, Tá dược vừa đủ , Chiết xuất cây Móng Quỷ (cao khô) 25mg",Viên bao,FOBIC,Hộp 80 viên,Thực phẩm chức năng | Hỗ trợ điều trị | Cơ xương khớp,thuc-pham-chuc-nang | thuc-pham-chuc-nang/ho-tro-dieu-tri | thuc-pham-chuc-nang/xuong-khop,True,True,50,0,https://nhathuoclongchau.com.vn/thuc-pham-chuc-nang/bach-nien-kien-lotus-hop-80-vien-28966.html,thuc-pham-chuc-nang,500
544,00028664,SỮA VITADAIRY COLOSBABY GOLD COLOSIGG 24H 0+ 800G,Sữa non ColosBaby Gold VitaDairy bổ sung kháng thể IgG tự nhiên cho trẻ từ 0 - 12 tháng (800g),thuc-pham-chuc-nang/sua-vitadairy-colosbaby-gold-colosigg-24h-0-800g-28967.html,558000.0,Hộp,đ,https://cdn.nhathuoclongchau.com.vn/unsafe/https://cms-prod.s3-sgn09.fptcloud.com/00028664_sua_vitadairy_colosbaby_gold_colosigg_24h_0_800g_8609_5f81_large_c43e8edaee.JPG,"Dầu thực vật , sữa bột gầy , Sucrose , Sữa non , Chất xơ hòa tan , Khoáng chất , Vitamin tổng hợp , Lactium ",Dạng bột,VITADAIRY,Hộp x 800g,Thực phẩm chức năng | Dinh dưỡng | Sữa,thuc-pham-chuc-nang | thuc-pham-chuc-nang/dinh-duong | thuc-pham-chuc-nang/sua,True,True,50,0,https://nhathuoclongchau.com.vn/thuc-pham-chuc-nang/sua-vitadairy-colosbaby-gold-colosigg-24h-0-800g-28967.html,thuc-pham-chuc-nang,500
545,00028761,RITANA SKIN WHITENING ECOGREEN 60V,Thực phẩm bảo vệ sức khỏe Ritana hỗ trợ da trắng hồng tự nhiên (60 viên),thuc-pham-chuc-nang/ritana-skin-whitening-ecogreen-60v-29057.html,650000.0,Hộp,đ,https://cdn.nhathuoclongchau.com.vn/unsafe/https://cms-prod.s3-sgn09.fptcloud.com/00028761_ritana_skin_whitening_ecogreen_60v_5944_5f7f_large_31ed5c3c39.JPG,"L-Glutathione 60mg, white peony extract 100mg, marine collagen peptide 20mg, sakura extract 12mg, Pomegranate Extract 70mg, uva ursi extract 100mg, lemon powder 85mg, mulberry leaf extract 84mg, maca root extract 50mg, snow mushroom powder 50mg, litchi fruit extract 50mg, lingonberry extract 40mg, grape seed extract 40mg, p.leucotomos extract 25mg, sky fruit extract 25mg, Tá dược vừa đủ ",Viên nang,Ecogreen,Hộp 60 viên,Thực phẩm chức năng | Hỗ trợ làm đẹp | Da,thuc-pham-chuc-nang | thuc-pham-chuc-nang/lam-dep | thuc-pham-chuc-nang/da,True,True,50,0,https://nhathuoclongchau.com.vn/thuc-pham-chuc-nang/ritana-skin-whitening-ecogreen-60v-29057.html,thuc-pham-chuc-nang,500
546,00028815,MEN'S GINSENG ALIPAS NEW ECOGREEN 30V,Viên uống Men’s Ginseng Alipas Ecogreen tăng cường sinh lực phái mạnh (30 viên),thuc-pham-chuc-nang/alipas-new-ecogreen-30v-29111.html,750000.0,Hộp,đ,https://cdn.nhathuoclongchau.com.vn/unsafe/https://cms-prod.s3-sgn09.fptcloud.com/00028815_alipas_new_ecogreen_30v_7132_5f99_large_8101b96b1b.JPG,"Eurycoma logifolia 240mg, Tribulus Terrestris Root Extract 100mg, L-Arginin 100mg, Horny Goat Weed 50mg, Ginkgo leaf 40mg, Pycnogenol 40mg, Zinc picolinate 30mg, Tá dược vừa đủ , Oyster Meat Extract 150mg, Butea superba Extract 81mg",Viên nang,Ecogreen,Hộp 30 Viên,Thực phẩm chức năng | Sinh lý - Nội tiết tố | Sinh lý nam,thuc-pham-chuc-nang | thuc-pham-chuc-nang/sinh-ly-noi-tiet-to | thuc-pham-chuc-nang/sinh-ly-nam,True,True,50,0,https://nhathuoclongchau.com.vn/thuc-pham-chuc-nang/alipas-new-ecogreen-30v-29111.html,thuc-pham-chuc-nang,500
547,00029095,OMEGA 3 FISH OIL 1000MG GOODHEALTH 150V,"Viên uống Omega 3 Fish Oil 1000mg Good Health giúp phát triển não bộ, tốt cho mắt và tim mạch (150 viên)",thuc-pham-chuc-nang/omega-3-fish-oil-1000mg-goodhealth-150v-29361.html,395000.0,Hộp,đ,https://cdn.nhathuoclongchau.com.vn/unsafe/https://cms-prod.s3-sgn09.fptcloud.com/00029095_omega_3_fish_oil_1000mg_goodhealth_150v_9978_62ae_large_addaceaed4.jpg,"Dầu cá 1000mg, EPA 180mg",Viên nang,Good Health,Hộp 150 Viên,"Thực phẩm chức năng | Vitamin & Khoáng chất | Dầu cá, Omega 3, DHA",thuc-pham-chuc-nang | thuc-pham-chuc-nang/vitamin-khoang-chat | thuc-pham-chuc-nang/dau-ca-omega-3-dha,True,True,50,0,https://nhathuoclongchau.com.vn/thuc-pham-chuc-nang/omega-3-fish-oil-1000mg-goodhealth-150v-29361.html,thuc-pham-chuc-nang,500
548,00029649,BONI DETOX 30V,"Viên uống BoniDetox Botania chống oxy hóa, hỗ trợ bảo vệ phổi (30 viên)",thuc-pham-chuc-nang/boni-detox-30v-29915.html,380000.0,Hộp,đ,https://cdn.nhathuoclongchau.com.vn/unsafe/https://cms-prod.s3-sgn09.fptcloud.com/00029649_boni_detox_30v_5574_633f_large_6c4b5bb22d.jpg,"Fucoidan 50mg, Bối mẫu (Thân hành) 100mg, Tỳ bà diệp 100mg, Echinacea purpurea 75mg, Xuyên tâm liên 50mg, Hoàng cầm 50mg, Bồ Công Anh 50mg, Eucalyptus Leaf 50mg, Olive Leaf PE 25 % (Oleuropein) 75mg, Cam thảo Italia 50mg",Viên nang,Botania,Hộp 30 viên,Thực phẩm chức năng | Hỗ trợ điều trị,thuc-pham-chuc-nang | thuc-pham-chuc-nang/ho-tro-dieu-tri,True,True,50,0,https://nhathuoclongchau.com.vn/thuc-pham-chuc-nang/boni-detox-30v-29915.html,thuc-pham-chuc-nang,500
549,00029970,HEPTRAL 400MG ABBOTT 3X10,Viên uống Heptral 400 Abbott hỗ trợ tăng cường chức năng gan (3 vỉ x 10 viên),thuc-pham-chuc-nang/heptral-400mg-abbott-3x10-30237.html,1149000.0,Hộp,đ,https://cdn.nhathuoclongchau.com.vn/unsafe/https://cms-prod.s3-sgn09.fptcloud.com/00029970_heptral_400mg_abbott_3x10_1995_6096_large_d67e9c74f3.jpg,"Tá dược vừa đủ , S-adenosyl-L-methionine 400mg",Viên nén,Abbott,Hộp 3 Vỉ x 10 Viên,Thực phẩm chức năng | Cải thiện tăng cường chức năng | Chức năng gan,thuc-pham-chuc-nang | thuc-pham-chuc-nang/cai-thien-tang-cuong-chuc-nang | thuc-pham-chuc-nang/chuc-nang-gan,True,True,50,0,https://nhathuoclongchau.com.vn/thuc-pham-chuc-nang/heptral-400mg-abbott-3x10-30237.html,thuc-pham-chuc-nang,500
550,00030055,FITOBIMBI OMEGA JUNIOR 30ML,"Siro Fitobimbi Omega Junior Gocce Pharmalife bổ sung acid béo không no Omega-3, Omega-6 (30ml)",thuc-pham-chuc-nang/fitobimbi-omega-junior-gocce-30ml-30259.html,390000.0,Hộp,đ,https://cdn.nhathuoclongchau.com.vn/unsafe/https://cms-prod.s3-sgn09.fptcloud.com/DSC_03765_f9acff80b8.jpg,"Dầu hạt Lý chua đen 69.47g, Vitamin E 200mg, Vitamin B6 28.5mg",Dung dịch uống,FITOBIMBI,Hộp 1 Lọ x 30ml,"Thực phẩm chức năng | Vitamin & Khoáng chất | Dầu cá, Omega 3, DHA",thuc-pham-chuc-nang | thuc-pham-chuc-nang/vitamin-khoang-chat | thuc-pham-chuc-nang/dau-ca-omega-3-dha,True,True,50,0,https://nhathuoclongchau.com.vn/thuc-pham-chuc-nang/fitobimbi-omega-junior-gocce-30ml-30259.html,thuc-pham-chuc-nang,500
551,00030204,BẠCH ĐỊA CĂN HOSE HOA SEN 10X10,"Viên uống Bạch Địa Căn Hose Hoa Sen dùng cho người cảm sốt nóng cần hạ nhiệt, đau đầu (10 vỉ x 10 viên)",thuc-pham-chuc-nang/bach-dia-can-hose-30356.html,70000.0,Hộp,đ,https://cdn.nhathuoclongchau.com.vn/unsafe/https://cms-prod.s3-sgn09.fptcloud.com/DSC_02427_d45f0e6e58.jpg,"Bạch chỉ 250mg, Địa liền 10mg, Cát căn 250mg, Tá dược vừa đủ ",Viên nang,Hoa sen,Hộp 10 Vỉ x 10 Viên,"Thực phẩm chức năng | Cải thiện tăng cường chức năng | Tăng sức đề kháng, miễn dịch",thuc-pham-chuc-nang | thuc-pham-chuc-nang/cai-thien-tang-cuong-chuc-nang | thuc-pham-chuc-nang/ho-tro-mien-dich-tang-suc-de-khang,True,True,50,0,https://nhathuoclongchau.com.vn/thuc-pham-chuc-nang/bach-dia-can-hose-30356.html,thuc-pham-chuc-nang,500
552,00030546,FITOBIMBI FERRO C 200ML,"Siro Fitobimbi Ferro C Concentrato Fluido bổ sung sắt, kẽm, vitamin C cho cơ thể (200ml)",thuc-pham-chuc-nang/fitobimbi-ferro-c-200ml-30671.html,335000.0,Hộp,đ,https://cdn.nhathuoclongchau.com.vn/unsafe/https://cms-prod.s3-sgn09.fptcloud.com/00030546_fitobimbi_ferro_c_200ml_7027_6228_large_7317d59689.jpg,"Vitamin B12 3.34mcg, Đồng gluconat 28.6mg, dịch chiết quả sơ ri 0.2g, Kẽm Gluconat 378mg, Sắt gluconat 384.4mg, Dịch chiết hoa cúc đức 0.5g, Vitamin C 200mg",Dung dịch,FITOBIMBI,Hộp 1 lọ,Thực phẩm chức năng | Cải thiện tăng cường chức năng,thuc-pham-chuc-nang | thuc-pham-chuc-nang/cai-thien-tang-cuong-chuc-nang,True,True,50,0,https://nhathuoclongchau.com.vn/thuc-pham-chuc-nang/fitobimbi-ferro-c-200ml-30671.html,thuc-pham-chuc-nang,500
553,00030654,TRÀNG PHỤC LINH PLUS 80 VIÊN,Viên uống Tràng Phục Linh Plus Thái Minh hỗ trợ giảm các triệu chứng của hội chứng ruột kích thích (80 viên),thuc-pham-chuc-nang/trang-phuc-linh-plus-80-vien-30802.html,670000.0,Hộp,đ,https://cdn.nhathuoclongchau.com.vn/unsafe/https://cms-prod.s3-sgn09.fptcloud.com/TUK_07223_92d0afa81a.jpg,"ImmuneGamma 100mg, Bạch phục linh 50mg, Hoàng bá 50mg, Bạch thược 50mg, 5-HTP (5 Hydroxytryptophan) 3mg, Bạch truật 200mg",Viên nén,Thái Minh,Hộp 1 lọ x 80 viên,Thực phẩm chức năng | Hỗ trợ tiêu hóa | Đại tràng,thuc-pham-chuc-nang | thuc-pham-chuc-nang/ho-tro-tieu-hoa | thuc-pham-chuc-nang/dai-trang,True,True,50,0,https://nhathuoclongchau.com.vn/thuc-pham-chuc-nang/trang-phuc-linh-plus-80-vien-30802.html,thuc-pham-chuc-nang,500
554,00030671,COMBO ÍCH THẬN VƯƠNG 2 LỌ X 90V,"Viên uống Ích Thận Vương Á Âu giúp bổ thận, lợi tiểu (2 lọ x 90 viên)",thuc-pham-chuc-nang/combo-ich-than-vuong-2-lo-x-90v-30819.html,1200000.0,Hộp,đ,https://cdn.nhathuoclongchau.com.vn/unsafe/https://cms-prod.s3-sgn09.fptcloud.com/00030671_ich_than_vuong_imc_hop_2_lo_x_90v_tang_1_hop_30v_7992_61cd_large_e65ff5af14.jpg,"Dành dành 150mg, Đan sâm 200mg, Hoàng kỳ 150mg, Trầm hương 50mg, Bạch phục linh 50mg, Râu Mèo 50mg, Linh Chi Đỏ 15mg, L-Carnitine 50mg, Coenzyme Q10 5mg",Viên nén,Á Âu,Hộp 2 Lọ x 90 Viên,"Thực phẩm chức năng | Hỗ trợ điều trị | Thận, tiền liệt tuyến",thuc-pham-chuc-nang | thuc-pham-chuc-nang/ho-tro-dieu-tri | thuc-pham-chuc-nang/than-tien-liet-tuyen,True,True,50,0,https://nhathuoclongchau.com.vn/thuc-pham-chuc-nang/combo-ich-than-vuong-2-lo-x-90v-30819.html,thuc-pham-chuc-nang,500
555,00031022,BIOGAIA PROTECTIS BABY DROPS WITH VITAMIN D3 5ML,Men vi sinh BioGaia Protectis Baby Drops Vitamin D3 bổ sung lợi khuẩn cho đường tiêu hóa và vitamin D (5ml),thuc-pham-chuc-nang/men-vi-sinh-biogaia-protectis-vitamin-d3-5ml-31143.html,495000.0,Hộp,đ,https://cdn.nhathuoclongchau.com.vn/unsafe/https://cms-prod.s3-sgn09.fptcloud.com/00031022_men_vi_sinh_biogaia_protectis_vitamin_d3_5ml_7147_62c4_large_7e467eb40b.jpg,"Vitamin D3 10mcg, Lactobacillus reuteri DMS 17938 mcg",Dung dịch,Biogaia,Hộp 1 Lọ x 5ml,Thực phẩm chức năng | Hỗ trợ tiêu hóa | Vi sinh - Probiotic,thuc-pham-chuc-nang | thuc-pham-chuc-nang/ho-tro-tieu-hoa | thuc-pham-chuc-nang/vi-sinh-probiotic,True,True,50,0,https://nhathuoclongchau.com.vn/thuc-pham-chuc-nang/men-vi-sinh-biogaia-protectis-vitamin-d3-5ml-31143.html,thuc-pham-chuc-nang,500
556,00031193,TOTTRI TRAPHACO 3X10,Viên uống Tottri Traphaco hỗ trợ làm co các búi trĩ (3 vỉ x 10 viên),thuc-pham-chuc-nang/tottri-traphaco-3x10-31313.html,163000.0,Hộp,đ,https://cdn.nhathuoclongchau.com.vn/unsafe/https://cms-prod.s3-sgn09.fptcloud.com/DSC_07518_7301ed02ef.jpg,"Đảng Sâm 0.7g, Trần bì 0.4g, Hoàng kỳ 0.7g, Thăng ma 0.4g, Sài Hồ 0.4g, Đương quy 0.4g, Cam thảo 0.2g, Bạch truật 0.4g, Liên Nhục 0.4g, Ý Dĩ 0.4g",Viên nang cứng,Traphaco,Hộp 3 Vỉ x 10 Viên,Thực phẩm chức năng | Hỗ trợ điều trị | Hỗ trợ điều trị trĩ,thuc-pham-chuc-nang | thuc-pham-chuc-nang/ho-tro-dieu-tri | thuc-pham-chuc-nang/tri,True,True,50,0,https://nhathuoclongchau.com.vn/thuc-pham-chuc-nang/tottri-traphaco-3x10-31313.html,thuc-pham-chuc-nang,500
557,00031197,VƯƠNG NIỆU ĐAN THÁI MINH 2X10,"Viên nén Vương Niệu Đan Thái Minh hỗ trợ giảm tình trạng tiểu đêm, tiểu nhiều lần, tiểu gấp (20 viên)",thuc-pham-chuc-nang/vuong-nieu-dan-2x10-31350.html,163000.0,Hộp,đ,https://cdn.nhathuoclongchau.com.vn/unsafe/https://cms-prod.s3-sgn09.fptcloud.com/DSC_04625_14cc728bef.jpg,"Bí đỏ 90mg, Cao Nữ Lang 50mg, Uvarox 300mg, Vispo 90mg",Viên nén,Thái Minh,Hộp 2 Vỉ x 10 Viên,"Thực phẩm chức năng | Hỗ trợ điều trị | Thận, tiền liệt tuyến",thuc-pham-chuc-nang | thuc-pham-chuc-nang/ho-tro-dieu-tri | thuc-pham-chuc-nang/than-tien-liet-tuyen,True,True,50,0,https://nhathuoclongchau.com.vn/thuc-pham-chuc-nang/vuong-nieu-dan-2x10-31350.html,thuc-pham-chuc-nang,500
558,00031177,IMIALE TERRAPHARM LỌ 8G,"Dung dịch Imiale CHR Hansen A/S bổ sung lợi khuẩn, hỗ trợ cải thiện hệ vi sinh đường ruột (8g)",thuc-pham-chuc-nang/imiale-8g-31378.html,390000.0,Hộp,đ,https://cdn.nhathuoclongchau.com.vn/unsafe/https://cms-prod.s3-sgn09.fptcloud.com/00031177_imiale_8g_9530_6412_large_08a5bdd9ab.jpg,Bifidobacterium animalis subsp. Lactis ,Dung dịch,Terrapharm,Hộp 1 Lọ x 8g,Thực phẩm chức năng | Hỗ trợ tiêu hóa,thuc-pham-chuc-nang | thuc-pham-chuc-nang/ho-tro-tieu-hoa,True,True,50,0,https://nhathuoclongchau.com.vn/thuc-pham-chuc-nang/imiale-8g-31378.html,thuc-pham-chuc-nang,500
559,00031275,MIGRIN PLUS CVI 2X10,"Viên uống Migrin Plus CVI Pharma hỗ trợ hoạt huyết, tăng cường tuần hoàn máu não (2 vỉ x 10 viên)",thuc-pham-chuc-nang/vien-uong-tang-cuong-tuan-hoan-nao-migrin-plus-newtech-pharm-20-vien-31489.html,186000.0,Hộp,đ,https://cdn.nhathuoclongchau.com.vn/unsafe/https://cms-prod.s3-sgn09.fptcloud.com/00031275_migrin_plus_cvi_2x10_1849_618c_large_61013e640c.jpg,"Đương quy 350mg, Xuyên khung 350mg, Bạch linh 300mg, Bạch thược 300mg, Bạch chỉ 300mg, Mạn kinh tử 300mg, Đan sâm 300mg, Khương hoạt 300mg, Hồng hoa 250mg, Sài Hồ 250mg, Cúc hoa 250mg, Cảo bản 250mg, Táo Nhân 250mg, Đinh lăng 50mg, Bạch quả 30mg, Hoa Hòe 20mg, Cúc thơm 60mg",Viên nang mềm,CVI Pharma,Hộp 2 Vỉ x 10 Viên,Thực phẩm chức năng | Thần kinh não | Bổ não - cải thiện trí nhớ,thuc-pham-chuc-nang | thuc-pham-chuc-nang/than-kinh-nao | thuc-pham-chuc-nang/bo-nao-cai-thien-tri-nho,True,True,50,0,https://nhathuoclongchau.com.vn/thuc-pham-chuc-nang/vien-uong-tang-cuong-tuan-hoan-nao-migrin-plus-newtech-pharm-20-vien-31489.html,thuc-pham-chuc-nang,500
560,00031528,VƯƠNG NIỆU ĐAN 80V,"Viên nén Vương Niệu Đan Thái Minh hỗ trợ giảm tình trạng tiểu đêm, tiểu nhiều lần, tiểu gấp (80 viên)",thuc-pham-chuc-nang/vuong-nieu-dan-80v-31664.html,578000.0,Hộp,đ,https://cdn.nhathuoclongchau.com.vn/unsafe/https://cms-prod.s3-sgn09.fptcloud.com/DSC_04675_87dec747f2.jpg,"Bí đỏ 90mg, Cao Nữ Lang 50mg, Vispo 90mg, Uvarox 300mg",Viên nén,Thái Minh,Hộp 80 Viên,"Thực phẩm chức năng | Hỗ trợ điều trị | Thận, tiền liệt tuyến",thuc-pham-chuc-nang | thuc-pham-chuc-nang/ho-tro-dieu-tri | thuc-pham-chuc-nang/than-tien-liet-tuyen,True,True,50,0,https://nhathuoclongchau.com.vn/thuc-pham-chuc-nang/vuong-nieu-dan-80v-31664.html,thuc-pham-chuc-nang,500
561,00031538,MỠ MÁU TÂM BÌNH 5X12,"Viên uống Mỡ Máu Tâm Bình hỗ trợ giảm mỡ máu, giảm mỡ gan (5 vỉ x 12 viên)",thuc-pham-chuc-nang/vien-uong-mo-mau-tam-binh-ho-tro-giam-mo-mau-giam-cholesterol-5-vi-x-12-vien-31673.html,205000.0,Hộp,đ,https://cdn.nhathuoclongchau.com.vn/unsafe/https://cms-prod.s3-sgn09.fptcloud.com/00031538_mo_mau_tam_binh_5x12_5149_62af_large_8e3e9909c2.jpg,"lá sen 500mg, Giảo cổ lam 500mg, Nần Vàng 300mg, Trạch tả 250mg, Sơn Tra 250mg, Ngưu tất (Rễ) 250mg, Actiso Sapa 70mg, Nano Curcumin 40mg, Bergamot 35mg",Viên nang cứng,Tâm Bình,Hộp 5 vỉ x 12 viên,Thực phẩm chức năng | Sức khoẻ tim mạch | Giảm Cholesterol,thuc-pham-chuc-nang | thuc-pham-chuc-nang/tim-mach-huyet-ap | thuc-pham-chuc-nang/cholesterol,True,True,50,0,https://nhathuoclongchau.com.vn/thuc-pham-chuc-nang/vien-uong-mo-mau-tam-binh-ho-tro-giam-mo-mau-giam-cholesterol-5-vi-x-12-vien-31673.html,thuc-pham-chuc-nang,500
562,00031550,SIRO TĂNG SỨC ĐỀ KHÁNG ONG VÀNG HERBAL 30 GÓI X 5ML,"Siro Ong Vàng tăng hỗ trợ tăng sức đề kháng, tăng miễn dịch (30 gói x 5ml)",thuc-pham-chuc-nang/siro-tang-suc-de-khang-ong-vang-herbal-30-goi-x-5ml-31685.html,42000.0,Hộp,đ,https://cdn.nhathuoclongchau.com.vn/unsafe/https://cms-prod.s3-sgn09.fptcloud.com/00031550_siro_tang_suc_de_khang_ong_vang_herbal_30_goi_x_5ml_5574_6215_large_3884cca4b1.jpg,"Vitamin C 100mg, Kẽm 5mg, Dịch ép quả tắc 2, Đường phèn 5ml, Nước cất 5ml",Dung dịch,Herbal 5,Hộp 30 Gói x 5ml,"Thực phẩm chức năng | Cải thiện tăng cường chức năng | Tăng sức đề kháng, miễn dịch",thuc-pham-chuc-nang | thuc-pham-chuc-nang/cai-thien-tang-cuong-chuc-nang | thuc-pham-chuc-nang/ho-tro-mien-dich-tang-suc-de-khang,True,True,50,0,https://nhathuoclongchau.com.vn/thuc-pham-chuc-nang/siro-tang-suc-de-khang-ong-vang-herbal-30-goi-x-5ml-31685.html,thuc-pham-chuc-nang,500
563,00032135,EUGICA COLD FLU MEGA 10 GÓI,"Tinh chất thảo dược Eugica Cold & Flu hỗ trợ giảm các triệu chứng cảm, cảm cúm (10 gói x 4g)",thuc-pham-chuc-nang/eugica-cold-flu-mega-hop-10-goi-x-40g-ho-tro-lam-giam-cac-trieu-chung-cam-cam-cum-32268.html,69000.0,Hộp,đ,https://cdn.nhathuoclongchau.com.vn/unsafe/https://cms-prod.s3-sgn09.fptcloud.com/1_faf2bd9d35.jpg,"Tiêu Lốt 10mg, Tiêu đen 10mg, Thì là 5mg, Tomato (Solanum Lycopersicum) Extract 5mg, Gừng 5mg, Riềng 4mg, Ngò rí 3mg, chiết xuất carum 3mg, Vàng Đắng 3mg, Cang mai 2mg, Cam thảo 2mg",Cốm,MEGA We care,Hộp 10 Gói x 40g,"Thực phẩm chức năng | Hỗ trợ điều trị | Hô hấp, ho, xoang",thuc-pham-chuc-nang | thuc-pham-chuc-nang/ho-tro-dieu-tri | thuc-pham-chuc-nang/suc-khoe-duong-ho-hap-ho-xoang,True,True,50,0,https://nhathuoclongchau.com.vn/thuc-pham-chuc-nang/eugica-cold-flu-mega-hop-10-goi-x-40g-ho-tro-lam-giam-cac-trieu-chung-cam-cam-cum-32268.html,thuc-pham-chuc-nang,500
564,00032368,FITOBIMBI IMMUNO 200ML,"Siro Fitobimbi Immuno Concentrato Fluido bổ sung vitamin, khoáng chất cho cơ thể (200ml)",thuc-pham-chuc-nang/fitobimbi-immuno-200ml-32498.html,365000.0,Chai,đ,https://cdn.nhathuoclongchau.com.vn/unsafe/https://cms-prod.s3-sgn09.fptcloud.com/00032368_fitobimbi_immuno_200ml_2987_62ec_large_a7e1fac9d8.jpg,"Chiết xuất rễ Hoàng kỳ 0.9g, quả Tầm xuân (Rosa canina) 0.72g, Chiết xuất rễ Sâm Siberia 0.03g, Kẽm Gluconat 188.9mg, Đồng gluconat 17.9mg, Vitamin E 50mg, Vitamin B6 4.3mg",Dung dịch,FITOBIMBI,Chai,"Thực phẩm chức năng | Cải thiện tăng cường chức năng | Tăng sức đề kháng, miễn dịch",thuc-pham-chuc-nang | thuc-pham-chuc-nang/cai-thien-tang-cuong-chuc-nang | thuc-pham-chuc-nang/ho-tro-mien-dich-tang-suc-de-khang,True,True,50,0,https://nhathuoclongchau.com.vn/thuc-pham-chuc-nang/fitobimbi-immuno-200ml-32498.html,thuc-pham-chuc-nang,500
565,00032441,SỮA ABBOTT CHO TRẺ 1 - 10 TUỔI SIMILAC ISOMIL PLUS 400G,Sữa bột Similac Isomil Plus 400g Abbott cải thiện hệ tiêu hóa,thuc-pham-chuc-nang/similac-isomil-plus-1-10-400g-32562.html,290000.0,Hộp,đ,https://cdn.nhathuoclongchau.com.vn/unsafe/https://cms-prod.s3-sgn09.fptcloud.com/isomil_1dc20b62dc.jpg,"Carotenoid , L-carnitin tartrat , L-Tryptophan , Acid Docosahexaenoic , Acid arachidonic , M-inositol , L-Methionin , Vitamins , Chất nhũ hóa lecithin đậu nành , FOS , Khoáng chất , Dầu đậu nành , Dầu dừa , Dầu hướng dương giàu oleic , Sucrose , Đạm đậu nành , Tinh bột bắp thủy phân ",Dạng bột,Abbott,Hộp x 400g,Thực phẩm chức năng | Dinh dưỡng | Sữa,thuc-pham-chuc-nang | thuc-pham-chuc-nang/dinh-duong | thuc-pham-chuc-nang/sua,True,True,50,0,https://nhathuoclongchau.com.vn/thuc-pham-chuc-nang/similac-isomil-plus-1-10-400g-32562.html,thuc-pham-chuc-nang,500
566,00032482,ANTOT THYMO TRAPHACO 2X10 ỐNG 10ML,Dung dịch uống Antot Thymo Traphaco tăng cường sức đề kháng (2 vỉ x 10 ống x 10ml),thuc-pham-chuc-nang/antot-thymo-traphaco-2-vi-x-10-ong-32609.html,80000.0,Hộp,đ,https://cdn.nhathuoclongchau.com.vn/unsafe/https://cms-prod.s3-sgn09.fptcloud.com/1_43ce21b31c.jpg,"Thymomodulin 40mg, đạm men bia thuỷ phân 200mg, L-Lysin HCL 100mg, Cholin bitartrat 50mg, Taurine 50mg",Dung dịch,Traphaco,Hộp 2 Vỉ x 10 Ống,"Thực phẩm chức năng | Cải thiện tăng cường chức năng | Tăng sức đề kháng, miễn dịch",thuc-pham-chuc-nang | thuc-pham-chuc-nang/cai-thien-tang-cuong-chuc-nang | thuc-pham-chuc-nang/ho-tro-mien-dich-tang-suc-de-khang,True,True,50,0,https://nhathuoclongchau.com.vn/thuc-pham-chuc-nang/antot-thymo-traphaco-2-vi-x-10-ong-32609.html,thuc-pham-chuc-nang,500
567,00032490,Siro Ăn Ngon Ích Nhi Plus Nam Dược 100ml,"Siro Ích Nhi Plus Nam Dược bổ sung kẽm, seien và lysin giúp trẻ ăn ngon (100ml)",thuc-pham-chuc-nang/siro-an-ngon-ich-nhi-plus-nam-duoc-100ml-32619.html,65000.0,Hộp,đ,https://cdn.nhathuoclongchau.com.vn/unsafe/https://cms-prod.s3-sgn09.fptcloud.com/00032490_siro_an_ngon_ich_nhi_plus_nam_duoc_100ml_3886_62af_large_0442229e43.jpg,"L-Lysine hydrochloride 75mg, Kẽm Gluconat 38.6mg, Selen 25mcg, Cao cúc tím 40mg, Taurine 5mg",Siro,Nam Dược,Hộp,Thực phẩm chức năng | Cải thiện tăng cường chức năng | Hỗ trợ trao đổi chất,thuc-pham-chuc-nang | thuc-pham-chuc-nang/cai-thien-tang-cuong-chuc-nang | thuc-pham-chuc-nang/ho-tro-trao-doi-chat,True,True,50,0,https://nhathuoclongchau.com.vn/thuc-pham-chuc-nang/siro-an-ngon-ich-nhi-plus-nam-duoc-100ml-32619.html,thuc-pham-chuc-nang,500
568,00049684,BỔ PHẾ TW3 125ML,"Cao lỏng Bổ Phế TW3 hỗ trợ giảm ho, giảm đờm, giảm đau rát họng, viêm phế quản (125ml)",thuc-pham-chuc-nang/bo-phe-tw-3-125-ml.html,42000.0,Hộp,đ,https://cdn.nhathuoclongchau.com.vn/unsafe/https://cms-prod.s3-sgn09.fptcloud.com/1_1ffcaa89ff.jpg,"Tỳ bà diệp 12.5g, Bách bộ 5g, Thiên môn đông 5g, Cát cánh 3.75g, Xạ can 3.75g, Cam Thảo Bắc 2.6g, Tang bạch bì 1.88g, Bạc hà 1.66g, Mơ muối 1.4g, Bạch linh 0.9g, Phèn chua 0.2g, Tinh dầu bạc hà 0.05g",Siro,Tw3,Hộp x 125ml,"Thực phẩm chức năng | Hỗ trợ điều trị | Hô hấp, ho, xoang",thuc-pham-chuc-nang | thuc-pham-chuc-nang/ho-tro-dieu-tri | thuc-pham-chuc-nang/suc-khoe-duong-ho-hap-ho-xoang,True,True,40,0,https://nhathuoclongchau.com.vn/thuc-pham-chuc-nang/bo-phe-tw-3-125-ml.html,thuc-pham-chuc-nang,500
569,00049615,CORBIERE CALCIUM PLUS SANOFI 3X10 ỐNG,"Thực phẩm bảo vệ sức khỏe Corbiere Calcium Plus Sanofi giúp bổ sung calci, vitamin D3 (3 vỉ x 10 ống)",thuc-pham-chuc-nang/corbiere-calcium-plus-sanofi-3-x10-ong.html,235000.0,Hộp,đ,https://cdn.nhathuoclongchau.com.vn/unsafe/https://cms-prod.s3-sgn09.fptcloud.com/DSC_01895_76680fa06d.jpg,"Calci 200mg, Vitamin D3 2.5mcg, Vitamin K2 MK7 20mcg",Nhũ tương,Sanofi,Hộp 3 Vỉ x 10 Ống x 10ml,Thực phẩm chức năng | Hỗ trợ điều trị | Cơ xương khớp,thuc-pham-chuc-nang | thuc-pham-chuc-nang/ho-tro-dieu-tri | thuc-pham-chuc-nang/xuong-khop,True,True,40,0,https://nhathuoclongchau.com.vn/thuc-pham-chuc-nang/corbiere-calcium-plus-sanofi-3-x10-ong.html,thuc-pham-chuc-nang,500
570,00049614,PHARMATON ENERGY FIZZI SANOFI 10V,"Thực phẩm bảo vệ sức khỏe Pharmaton Energy Fizzi Sanofi giúp tăng cường sức khỏe, sức đề kháng và giảm mệt mỏi (10 viên)",thuc-pham-chuc-nang/pharmaton-energy-fizzi-sanofi-10-v.html,110000.0,Hộp,đ,https://cdn.nhathuoclongchau.com.vn/unsafe/https://cms-prod.s3-sgn09.fptcloud.com/DSC_01942_50076ec075.jpg,"Vitamin C 60mg, magnesi 40mg, Nhân Sâm 40mg, Vitamin B3 18mg, Sắt 10mg, Vitamin E 10mg, Beta carotene 2mg, Vitamin B6 1.6mg, Vitamin B2 1.6mg, Vitamin B1 1.1mg, Kẽm 1mg, Đồng 0.5mg, Vitamin B9 200mcg, Biotin 150mcg, Selen 50mcg, Vitamin D3 5mcg, Vitamin B12 1mcg",Viên sủi,Sanofi,Hộp 10 Viên,"Thực phẩm chức năng | Cải thiện tăng cường chức năng | Tăng sức đề kháng, miễn dịch",thuc-pham-chuc-nang | thuc-pham-chuc-nang/cai-thien-tang-cuong-chuc-nang | thuc-pham-chuc-nang/ho-tro-mien-dich-tang-suc-de-khang,True,True,40,0,https://nhathuoclongchau.com.vn/thuc-pham-chuc-nang/pharmaton-energy-fizzi-sanofi-10-v.html,thuc-pham-chuc-nang,500
571,00049575,NATURE'S WAY ODOURLESS FISH OIL 1000MG 80V,"Nature'S Way Odourless Fish Oil 1000mg giúp bổ sung EPA, DHA hỗ trợ tốt cho mắt và não (80 viên)",thuc-pham-chuc-nang/nature-s-way-odourless-fish-oil-1000-mg-80-v.html,420000.0,Hộp,đ,https://cdn.nhathuoclongchau.com.vn/unsafe/https://cms-prod.s3-sgn09.fptcloud.com/DSC_01152_f78d9ebdb6.png,"Dầu cá 1000mg, EPA 180mg, DHA 120mg",Viên nang mềm,Nature's way,Hộp 80 Viên,Thực phẩm chức năng | Thần kinh não | Bổ não - cải thiện trí nhớ,thuc-pham-chuc-nang | thuc-pham-chuc-nang/than-kinh-nao | thuc-pham-chuc-nang/bo-nao-cai-thien-tri-nho,True,True,40,0,https://nhathuoclongchau.com.vn/thuc-pham-chuc-nang/nature-s-way-odourless-fish-oil-1000-mg-80-v.html,thuc-pham-chuc-nang,500
572,00049573,SỮA ANLENE HEART PLUS 750G,Sữa Anlene Heart Plus chứa hệ dưỡng chất dành cho người quan tâm đến sức khỏe tim mạch (750g),thuc-pham-chuc-nang/sua-anlene-heart-plus-750-g.html,585000.0,Hộp,đ,https://cdn.nhathuoclongchau.com.vn/unsafe/https://cms-prod.s3-sgn09.fptcloud.com/DSC_01146_15f7708e48.jpg,"Sữa bột từ sữa bò , Inulin , Collagen , DHA , Vitamin ",Dạng bột,Anlene,Hộp x 750g,Thực phẩm chức năng | Dinh dưỡng | Sữa,thuc-pham-chuc-nang | thuc-pham-chuc-nang/dinh-duong | thuc-pham-chuc-nang/sua,True,True,40,0,https://nhathuoclongchau.com.vn/thuc-pham-chuc-nang/sua-anlene-heart-plus-750-g.html,thuc-pham-chuc-nang,500
573,00503376,IMIALE A+ ADVANCE 10 GÓI X 6G,Men vi sinh Imiale A+ Advance hỗ trợ làm giảm triệu chứng rối loạn tiêu hóa (10 gói x 6g) ,thuc-pham-chuc-nang/imiale-a-advance-10-goi-x-6-g.html,340000.0,Hộp,đ,https://cdn.nhathuoclongchau.com.vn/unsafe/https://cms-prod.s3-sgn09.fptcloud.com/QAG_05830_a7c42ce82d.jpg,"Inulin 4g, Lactobacillus acidophilus 3x10^9cfu, Bifidobacterium animalis subsp. Lactis 3x10^9cfu",Dạng bột,CHR Hansen A/S,Hộp 10 Gói x 6g,Thực phẩm chức năng | Hỗ trợ tiêu hóa,thuc-pham-chuc-nang | thuc-pham-chuc-nang/ho-tro-tieu-hoa,True,True,40,0,https://nhathuoclongchau.com.vn/thuc-pham-chuc-nang/imiale-a-advance-10-goi-x-6-g.html,thuc-pham-chuc-nang,500
574,00502072,NATURE'S WAY KIDS SMART LIQUID MULTI + IRON 200ML,Nature's Way Kids Smart Multi + Iron hỗ trợ tăng cường sức khỏe và đề kháng (200ml),thuoc/tpbvsk-natures-way-kids-smart-liquid-multi-iron-hop-200ml-36294.html,480000.0,Hộp,đ,https://cdn.nhathuoclongchau.com.vn/unsafe/https://cms-prod.s3-sgn09.fptcloud.com/DSC_01111_5a9ac6df1b.png,"Choline 153.2mg, Sắt 5mg, Retinol palmitat 184.9mcg, Vitamin B1 550.5mcg, Vitamin B2 600mcg, Nicotinamid 5mg, Pyridoxine hydrochloride 750mcg, Vitamin H 8mcg, Vitamin B12 1mcg, Vitamin D3 8mcg, Kẽm 2mg",Dung dịch,Nature's way,Hộp x 200ml,"Thực phẩm chức năng | Cải thiện tăng cường chức năng | Tăng sức đề kháng, miễn dịch",thuc-pham-chuc-nang | thuc-pham-chuc-nang/cai-thien-tang-cuong-chuc-nang | thuc-pham-chuc-nang/ho-tro-mien-dich-tang-suc-de-khang,True,True,40,0,https://nhathuoclongchau.com.vn/thuoc/tpbvsk-natures-way-kids-smart-liquid-multi-iron-hop-200ml-36294.html,thuc-pham-chuc-nang,500
575,00033503,SỮA NESTLE BOOST OPTIMUM 800G,"Sữa Boost Optimum Nestlé bổ sung vitamin, khoáng chất cho cơ thể (800g)",thuc-pham-chuc-nang/sua-nestle-boost-optimum-800g-33605.html,749000.0,Hộp,đ,https://cdn.nhathuoclongchau.com.vn/unsafe/https://cms-prod.s3-sgn09.fptcloud.com/DSC_02237_e84b3e9374.jpg,"Maltodextrin , Đạm sữa , Đạm whey , Dầu thực vật , Chất Xơ , Đường sucrose , Khoáng chất , Chất điều chỉnh độ acid , Chất nhũ hóa lecithin đậu nành , Choline , Probiotic , Hương vani giống tự nhiên , L-Carnitine , Taurine , Chất tạo ngọt ( Acesulfam K, Steviol glycosides) ",Dạng bột,Nestlé,Hộp x 800g,Thực phẩm chức năng | Dinh dưỡng | Sữa,thuc-pham-chuc-nang | thuc-pham-chuc-nang/dinh-duong | thuc-pham-chuc-nang/sua,True,True,40,0,https://nhathuoclongchau.com.vn/thuc-pham-chuc-nang/sua-nestle-boost-optimum-800g-33605.html,thuc-pham-chuc-nang,500
576,00001395,BONI HAPPY 60V,"Viên uống BoniHappy Botania hỗ trợ điều trị mất ngủ, cải thiện và phục hồi sức khỏe (60 viên) ",thuc-pham-chuc-nang/bonihappy-ho-tro-dieu-tri-mat-ngu-141.html,425000.0,Hộp,đ,https://cdn.nhathuoclongchau.com.vn/unsafe/https://cms-prod.s3-sgn09.fptcloud.com/00001395_bonihappy_ho_tro_dieu_tri_mat_ngu_3244_6331_large_a3a0a4332b.jpg,"GABA 152mg, L-Arginin 50mg, L-Glutamic acid 50mg, Vitamin B6 1.216mg, Kẽm oxyd 4.536mg",Viên nang,Botania,Hộp 60 viên,Thực phẩm chức năng | Thần kinh não | Hỗ trợ giấc ngủ ngon,thuc-pham-chuc-nang | thuc-pham-chuc-nang/than-kinh-nao | thuc-pham-chuc-nang/ho-tro-giac-ngu-ngon,True,True,40,0,https://nhathuoclongchau.com.vn/thuc-pham-chuc-nang/bonihappy-ho-tro-dieu-tri-mat-ngu-141.html,thuc-pham-chuc-nang,500
577,00007969,VIPTEEN 2 PRE 20 GÓI,"Cốm Pre-Vipteen 2 Vinh Gia giúp tăng chiều cao, tăng sức đề kháng (20 gói x 2g)",thuc-pham-chuc-nang/pre-vipteen-2-giup-tre-tang-truong-chieu-cao-261.html,210000.0,Hộp,đ,https://cdn.nhathuoclongchau.com.vn/unsafe/https://cms-prod.s3-sgn09.fptcloud.com/00007969_pre_vipteen_2_giup_tre_tang_truong_chieu_cao_9155_5fad_large_cf8576c2dd.JPG,"Calci carbonat 250mg, FOS 250mg, Immune alpha 250mg, Tá dược vừa đủ , Sữa non 100mg, Acid folic 300mcg, Kẽm oxyd 1mg, Magie oxide 125mg, Vitamin D3 300IU, Menaquinon-7 1.25mcg, DHA ",Cốm,Vinh Gia,Hộp 20 Gói x 2g,Thực phẩm chức năng | Vitamin & Khoáng chất | Bổ sung Canxi & Vitamin D,thuc-pham-chuc-nang | thuc-pham-chuc-nang/vitamin-khoang-chat | thuc-pham-chuc-nang/canxi-vitamin-D,True,True,40,0,https://nhathuoclongchau.com.vn/thuc-pham-chuc-nang/pre-vipteen-2-giup-tre-tang-truong-chieu-cao-261.html,thuc-pham-chuc-nang,500
578,00001393,BONI DIABET 60V,"Viên uống BoniDiabet Botania hỗ trợ điều trị bệnh tiểu đường, làm giảm glucose máu (60 viên)",thuc-pham-chuc-nang/bonidiabet-ho-tro-dieu-tri-benh-tieu-duong-720.html,425000.0,Hộp,đ,https://cdn.nhathuoclongchau.com.vn/unsafe/https://cms-prod.s3-sgn09.fptcloud.com/00001393_bonidiabet_ho_tro_dieu_tri_benh_tieu_duong_1270_6327_large_9d1e9bd334.jpg,"Magnesium 30mg, Zinc 5mg, Selenium 70mcg, Chromium 120mcg, Acid folic 250mcg, Acid alpha lipoic 50mg, Hạt Methi 100mg, Quế 50mg, Aloe vera 50mg, Vitamin C ",Viên nang,Botania,Hộp 60 Viên,Thực phẩm chức năng | Hỗ trợ điều trị,thuc-pham-chuc-nang | thuc-pham-chuc-nang/ho-tro-dieu-tri,True,True,40,0,https://nhathuoclongchau.com.vn/thuc-pham-chuc-nang/bonidiabet-ho-tro-dieu-tri-benh-tieu-duong-720.html,thuc-pham-chuc-nang,500
579,00047170,5-MTHF PLUS QUATREFOLIC 3X10,Viên uống 5-MTHF Plus bổ sung một số vitamin và khoáng chất cho cơ thể (3 vỉ x 10 viên),thuc-pham-chuc-nang/5-mthf-plus-quatrefolic-3-x10.html,450000.0,Hộp,đ,https://cdn.nhathuoclongchau.com.vn/unsafe/https://cms-prod.s3-sgn09.fptcloud.com/DSC_00035_92033a4b41.jpg,"5-MTHF 667mcg, Vitamin D3 120iu, Vitamin B6 300mcg, Vitamin B12 5mcg, Canxi 200mg, Sắt 20mg, Magie 65mg, Kẽm 5mg, Iod 75mcg, Vitamin B1 1mg, Vitamin B2 1mg, Vitamin B5 6mg, Biotin 5mcg, Vitamin B3 5mg, Selen 50mcg",Viên nang cứng,QUATREFOLIC,Hộp 3 Vỉ x 10 Viên,Thực phẩm chức năng | Vitamin & Khoáng chất | Vitamin tổng hợp,thuc-pham-chuc-nang | thuc-pham-chuc-nang/vitamin-khoang-chat | thuc-pham-chuc-nang/vitamin-tong-hop,True,True,30,0,https://nhathuoclongchau.com.vn/thuc-pham-chuc-nang/5-mthf-plus-quatrefolic-3-x10.html,thuc-pham-chuc-nang,500
580,00049635,BIOFERMIN TAISHO 30 GÓI,"Biofermin Taisho hỗ trợ bổ sung lợi khuẩn đường ruột, cải thiện hệ vi sinh đường ruột (30 gói)",thuc-pham-chuc-nang/biofermin-taisho-30-goi.html,14300.0,Gói,đ,https://cdn.nhathuoclongchau.com.vn/unsafe/https://cms-prod.s3-sgn09.fptcloud.com/QAG_05771_30479421ad.jpg,"Bifidobacterium bifidum , Lactobacillus acidophilus ",Cốm,TAISHO,Hộp 30 Gói,Thực phẩm chức năng | Hỗ trợ tiêu hóa | Vi sinh - Probiotic,thuc-pham-chuc-nang | thuc-pham-chuc-nang/ho-tro-tieu-hoa | thuc-pham-chuc-nang/vi-sinh-probiotic,True,True,20,0,https://nhathuoclongchau.com.vn/thuc-pham-chuc-nang/biofermin-taisho-30-goi.html,thuc-pham-chuc-nang,500
581,00049634,BIOFERMIN KIDS TAISHO 30 GÓI,"Biofermin Kids Taisho bổ sung lợi khuẩn, cân bằng vi sinh, cải thiện rối loạn tiêu hóa (30 gói)",thuc-pham-chuc-nang/biofermin-kids-taisho-30-goi.html,8300.0,Gói,đ,https://cdn.nhathuoclongchau.com.vn/unsafe/https://cms-prod.s3-sgn09.fptcloud.com/DSC_02203_e095228281.jpg,"Bifidobacterium bifidum , Lactobacillus acidophilus ",Cốm,TAISHO,Hộp 30 Gói,Thực phẩm chức năng | Hỗ trợ tiêu hóa | Vi sinh - Probiotic,thuc-pham-chuc-nang | thuc-pham-chuc-nang/ho-tro-tieu-hoa | thuc-pham-chuc-nang/vi-sinh-probiotic,True,True,20,0,https://nhathuoclongchau.com.vn/thuc-pham-chuc-nang/biofermin-kids-taisho-30-goi.html,thuc-pham-chuc-nang,500
582,00049574,NATURE'S WAY KIDS SMART LIQUID ZINC 100ML,"Natures Way Kids Smart Liquid Zinc bổ sung kẽm, tăng đề kháng, kích thích thèm ăn (100ml)",thuc-pham-chuc-nang/nature-s-way-kids-smart-liquid-zinc-100-ml.html,380000.0,Hộp,đ,https://cdn.nhathuoclongchau.com.vn/unsafe/https://cms-prod.s3-sgn09.fptcloud.com/DSC_01175_3608a08456.jpg,Kẽm 2.5mg,Dung dịch,Nature's way,Hộp x 100ml,"Thực phẩm chức năng | Cải thiện tăng cường chức năng | Tăng sức đề kháng, miễn dịch",thuc-pham-chuc-nang | thuc-pham-chuc-nang/cai-thien-tang-cuong-chuc-nang | thuc-pham-chuc-nang/ho-tro-mien-dich-tang-suc-de-khang,True,True,20,0,https://nhathuoclongchau.com.vn/thuc-pham-chuc-nang/nature-s-way-kids-smart-liquid-zinc-100-ml.html,thuc-pham-chuc-nang,500
583,00048646,SÂM NHUNG BỔ THẬN TW3 PLATINUM 30V,Sâm Nhung Bổ Thận TW3 Platinum hỗ trợ bổ thận tráng dương (30 viên),thuc-pham-chuc-nang/sam-nhung-bo-than-tw-3-platinum-30-v.html,362000.0,Hộp,đ,https://cdn.nhathuoclongchau.com.vn/unsafe/https://cms-prod.s3-sgn09.fptcloud.com/1_08d8f645ad.jpg,"Cao đặc hỗn hợp 650mg, Nhân Sâm 150mg, Lộc Nhung 45mg, Bột khô thịt hàu 30mg, Cao đặc gạc hươu 7.2mg",Viên nang cứng,Tw3,Hộp 30 Viên,Thực phẩm chức năng | Sinh lý - Nội tiết tố | Sinh lý nam,thuc-pham-chuc-nang | thuc-pham-chuc-nang/sinh-ly-noi-tiet-to | thuc-pham-chuc-nang/sinh-ly-nam,True,True,20,0,https://nhathuoclongchau.com.vn/thuc-pham-chuc-nang/sam-nhung-bo-than-tw-3-platinum-30-v.html,thuc-pham-chuc-nang,500
584,00503110,AUVI NATURE AV24 SKIN REPAIR TREATMENT 50G,Kem dưỡng ẩm Auvi Nature AV24 Skin Repair Treatment 50g dành cho da khô và nhạy cảm,thuc-pham-chuc-nang/auvi-nature-av-24-skin-repair-treatment-50-g.html,345000.0,Hộp,đ,https://cdn.nhathuoclongchau.com.vn/unsafe/https://cms-prod.s3-sgn09.fptcloud.com/3_b5c062423e.jpg,Aqua/ Water ,,Auvi Nature,Hộp x 50g,Thực phẩm chức năng | Hỗ trợ làm đẹp | Da,thuc-pham-chuc-nang | thuc-pham-chuc-nang/lam-dep | thuc-pham-chuc-nang/da,True,True,20,0,https://nhathuoclongchau.com.vn/thuc-pham-chuc-nang/auvi-nature-av-24-skin-repair-treatment-50-g.html,thuc-pham-chuc-nang,500
585,00030200,CỐM TRÍ NÃO G-BRAIN GRAND NUTRITION 30 GÓI X 3G,Cốm Trí Não G-Brain 3g Grand Nutrition bổ sung DHA và các vitamin hỗ trợ phát triển não bộ cho trẻ (30 gói),thuc-pham-chuc-nang/com-tri-nao-g-brain-grand-nutrition-30-goi-x-3-g.html,,Hộp,đ,https://cdn.nhathuoclongchau.com.vn/unsafe/https://cms-prod.s3-sgn09.fptcloud.com/TUK_06994_4d39c6011a.jpg,"Tảo Spirulina 150mg, Dry n-3 DHA 11-D 100mg, Quả óc chó 100mg, Oatmeal Powder 100mg, Echinacea purpurea 30mg, Colostrum 30mg, Zinc gluconate 20mg, Vitamin B1 1.5mg, Vitamin B6 1.5mg, Vitamin A 300iu",Cốm,Grand Nutrition,Hộp 30 Gói,Thực phẩm chức năng | Thần kinh não | Bổ não - cải thiện trí nhớ,thuc-pham-chuc-nang | thuc-pham-chuc-nang/than-kinh-nao | thuc-pham-chuc-nang/bo-nao-cai-thien-tri-nho,True,True,30,0,https://nhathuoclongchau.com.vn/thuc-pham-chuc-nang/com-tri-nao-g-brain-grand-nutrition-30-goi-x-3-g.html,thuc-pham-chuc-nang,500
586,00040965,VITABIOTICS CARDIOACE 2X15,Thực phẩm bảo vệ sức khoẻ Cardioace bổ sung vitamin và khoáng chất cần thiết (2 vỉ x 15 viên),thuc-pham-chuc-nang/vitabiotics-cardioace-2-x15.html,,Hộp,đ,https://cdn.nhathuoclongchau.com.vn/unsafe/https://cms-prod.s3-sgn09.fptcloud.com/DSC_00426_0c91b7b9f7.jpg,"Chiết xuất tỏi 200mg, Dầu hạt lanh 100mg, Vitamin C 80mg, Magnesium 60mg, Vitamin E 40mg, L-Carnitine 20mg, Vitamin B3 16mg, Vitamin B1 10mg, Kẽm 10mg, Vitamin B6 8mg, Sắt 5mg, Betacarotene 4mg, Co-Q10 3mg, Mangan 2mg, Vitamin B2 1.4mg, Đồng 1mg, Folic Acid 200mcg, I-ốt 150mcg, Crôm 100mcg, Selen 100mcg, Vitamin B12 20mcg, Vitamin D 20mcg",Viên nén,Vitabiotics,Hộp 2 Vỉ x 15 Viên,Thực phẩm chức năng | Sức khoẻ tim mạch,thuc-pham-chuc-nang | thuc-pham-chuc-nang/tim-mach-huyet-ap,True,True,1,0,https://nhathuoclongchau.com.vn/thuc-pham-chuc-nang/vitabiotics-cardioace-2-x15.html,thuc-pham-chuc-nang,500
587,00007324,THUỐC HO NGƯỜI LỚN 90ML FIDOFAR,"Siro Ho Người Lớn FidoPharm giúp thanh phế, giảm ho (90ml)",thuc-pham-chuc-nang/thuoc-ho-nguoi-lon-90ml-fidofar-16828.html,,Chai,đ,https://cdn.nhathuoclongchau.com.vn/unsafe/https://cms-prod.s3-sgn09.fptcloud.com/00007324_thuoc_ho_nguoi_lon_90ml_fidofar_5809_5b0f_large_08c1694e5f.JPG,"Bạc hà 6.6g, Tiền hồ 12.7g, Bách bộ 12.7g, Cát cánh 12.7g, Khổ hạnh nhân 12.7g, Tô diệp 6.6g, Tỳ bà lá 6.6g, Tang bạch bì 6.6g, Menthol 0.04g, Natri benzoat 0.26g, Đường trắng 10.6g, Ethanol 1.7g, Tá dược vừa đủ ",Dung dịch,FIDOPHARM,Chai x 90ml,"Thực phẩm chức năng | Hỗ trợ điều trị | Hô hấp, ho, xoang",thuc-pham-chuc-nang | thuc-pham-chuc-nang/ho-tro-dieu-tri | thuc-pham-chuc-nang/suc-khoe-duong-ho-hap-ho-xoang,True,True,1,0,https://nhathuoclongchau.com.vn/thuc-pham-chuc-nang/thuoc-ho-nguoi-lon-90ml-fidofar-16828.html,thuc-pham-chuc-nang,500
588,00031916,NAT C 1000 MEGA 60V,"Viên uống Nat C 1000 cung cấp vitamin C cho cơ thể, tăng cường sức đề kháng (60 viên)",thuc-pham-chuc-nang/nat-c-1000-mega-hop-60-vien-32053.html,,Hộp,đ,https://cdn.nhathuoclongchau.com.vn/unsafe/https://cms-prod.s3-sgn09.fptcloud.com/00031916_nat_c_1000_mega_hop_60_vien_5496_612d_large_b6e2ad796d.jpg,"Vitamin C 1000mg, Rutin 50mg, Lemon bioflavonoid complex 35% 50mg, rose hips 62.5mg, Acerola 12.5mg",Viên nén bao phim,MEGA We care,Hộp 60 Viên,Thực phẩm chức năng | Vitamin & Khoáng chất | Vitamin C các loại,thuc-pham-chuc-nang | thuc-pham-chuc-nang/vitamin-khoang-chat | thuc-pham-chuc-nang/vitamin-c,True,True,1,0,https://nhathuoclongchau.com.vn/thuc-pham-chuc-nang/nat-c-1000-mega-hop-60-vien-32053.html,thuc-pham-chuc-nang,500
589,00046887,GROW PLUS + NARUKAWA 30 GÓI,Dung dịch Grow Plus+ Makishokuhin hỗ trợ giúp trẻ phát triển thể lực và tăng cường sức đề kháng (30 gói),thuc-pham-chuc-nang/grow-plus-makishokuhin-30-goi.html,,Hộp,đ,https://cdn.nhathuoclongchau.com.vn/unsafe/https://cms-prod.s3-sgn09.fptcloud.com/DSC_07137_7a1bf77126.png,"Oligosaccharide 6300mg, Mật ong 4500mg, Collagen peptide 100mg, Dầu cá tinh luyện 87.0058mg, Magie sulfat 80mg, L-Ornithine 50mg, Bột protein đậu nành 50mg, Keo Ong 50mg, Peptide lòng đỏ trứng 30mg, Canxi lactat 30mg",Dung dịch,HAPPY LIFE,Hộp 30 Gói,"Thực phẩm chức năng | Cải thiện tăng cường chức năng | Tăng sức đề kháng, miễn dịch",thuc-pham-chuc-nang | thuc-pham-chuc-nang/cai-thien-tang-cuong-chuc-nang | thuc-pham-chuc-nang/ho-tro-mien-dich-tang-suc-de-khang,True,True,70,0,https://nhathuoclongchau.com.vn/thuc-pham-chuc-nang/grow-plus-makishokuhin-30-goi.html,thuc-pham-chuc-nang,500
590,00017621,SIRO GIÚP TIÊU HÓA CHO BÉ SPECIAL KID SOULAG'DOUX 125ML STRAWBERRY ERIC FAVRE,"Siro Special Kid Soulag'Doux hỗ trợ nhuận tràng, giúp kích thích tiêu hóa (125ml)",thuc-pham-chuc-nang/special-kid-calm-relieve-125ml-strawberry-eric-favre-18984.html,,Chai,đ,https://cdn.nhathuoclongchau.com.vn/unsafe/https://cms-prod.s3-sgn09.fptcloud.com/00017621_special_kid_calm_relieve_125ml_strawberry_eric_favre_8224_62af_large_a44c916fce.jpg,"Dịch chiết quả Mận 400mg, Cúc la mã 4.030mg, Chiết xuất quả cây thì là 4.030mg, Trái sung 250mg",Siro,ERIC FAVRE® WELLNESS,Chai,Thực phẩm chức năng | Hỗ trợ tiêu hóa | Táo bón,thuc-pham-chuc-nang | thuc-pham-chuc-nang/ho-tro-tieu-hoa | thuc-pham-chuc-nang/tao-bon,True,True,60,0,https://nhathuoclongchau.com.vn/thuc-pham-chuc-nang/special-kid-calm-relieve-125ml-strawberry-eric-favre-18984.html,thuc-pham-chuc-nang,500
591,00029294,SIRO CHỐNG DỊ ỨNG CHO BÉ SPECIAL KID ANTI-ALLERGY ERIC FAVRE 125ML,"Siro Special Kid Anti-Allergies giúp giảm dị ứng, tăng cường sức đề kháng (125ml)",thuc-pham-chuc-nang/siro-chong-di-ung-special-kid-anti-allergy-eric-favre-125ml-29560.html,,Chai,đ,https://cdn.nhathuoclongchau.com.vn/unsafe/https://cms-prod.s3-sgn09.fptcloud.com/00029294_special_kid_anti_allergy_eric_favre_125ml_7692_5ffe_large_d4479a47f0.JPG,"Fructose 0.5g, Urtica dioica pollen 2.000mg, Echinacea purpurea 1.200mg",Dung dịch,ERIC FAVRE® WELLNESS,Chai x 125ml,Thực phẩm chức năng | Hỗ trợ điều trị,thuc-pham-chuc-nang | thuc-pham-chuc-nang/ho-tro-dieu-tri,True,True,50,0,https://nhathuoclongchau.com.vn/thuc-pham-chuc-nang/siro-chong-di-ung-special-kid-anti-allergy-eric-favre-125ml-29560.html,thuc-pham-chuc-nang,500
592,00501636,DHC MULTI VITAMINS (NEW) 30V,"Viên uống DHC Multi Vitamins (New) bổ sung các vitamin cho cơ thể, hỗ trợ bồi bổ sức khỏe (30 viên)",thuc-pham-chuc-nang/dhc-multi-vitamins-30v-35782.html,,Gói,đ,https://cdn.nhathuoclongchau.com.vn/unsafe/https://cms-prod.s3-sgn09.fptcloud.com/00501636_dhc_multi_vitamins_30v_5549_62fb_large_61723cd2cd.jpg,"Vitamin C 100mg, Beta carotene 5400mcg, Vitamin E 10mg, Rutin biến đổi enzyme , Niacin 15mg, Vitamin B2 2.4mg, Vitamin B1 2.2mg, Vitamin D3 5mcg, Vitamin B6 3.2mg, Vitamin B12 6mcg, Biotin 45mcg, Acid folic 200mcg, Vitamin P 20mg, Acid pantothenic 9.2mg",Viên nang mềm,DHC,Gói 30 Viên,Thực phẩm chức năng | Vitamin & Khoáng chất | Vitamin tổng hợp,thuc-pham-chuc-nang | thuc-pham-chuc-nang/vitamin-khoang-chat | thuc-pham-chuc-nang/vitamin-tong-hop,True,True,30,0,https://nhathuoclongchau.com.vn/thuc-pham-chuc-nang/dhc-multi-vitamins-30v-35782.html,thuc-pham-chuc-nang,500
593,00501634,DHC PERFECT VEGETABLE - PREMIUM JAPANESE HARVEST 120V,"Viên uống DHC Perfect Vegetable - Premium Japanese Harvest bổ sung rau, củ, vitamin E, lợi khuẩn hỗ trợ tăng cường tiêu hóa (120 viên) ",thuc-pham-chuc-nang/dhc-perfect-vegetable---premium-japanese-harvest-120v-35784.html,,Gói,đ,https://cdn.nhathuoclongchau.com.vn/unsafe/https://cms-prod.s3-sgn09.fptcloud.com/00501634_dhc_perfect_vegetable_premium_japanese_harvest_120v_9646_62fc_large_5fd8036412.jpg,"Bột củ từ 2mg, Bột đậu bắp 2mg, Bột đậu tương 2mg, Bột tía tô 2mg, Bột măng tây 2mg, Bột cải củ 2mg, Bột ngải cứu 2mg, Bột mướp đắng 2mg, Vitamin E 5mg, Bột Gừng 2mg, Bột thanh trùng lên men với Lactobacillus 1mg, Bột ray đay 4mg, Bột bắp cải 4mg, Bột cải chân vịt 4mg, Bột lá cải củ 4mg, Khoai sọ 4mg, Bột dâu tằm 4mg, Bột tỏi 4mg, Bột mùi tây 2mg, Bột ngưu bàng 2mg, Bột cần tây 2mg, Bột bạch chỉ keiskei 2mg, Dextrin 37mg, bột cà rốt 72mg, Bột cải bắp 288mg, Bột súp lơ xanh 272mg, Bột khoai lang tím 200mg, Bột hành 200mg, Bột khoai lang ngọt 160mg, Bột bí ngô 160mg, Bột ngô ngọt 160mg, Bột cải thảo 72mg, Bột lá lúa mạch 60mg, Bột khoai tây ngọt 24mg, Bột cải Nhật 12mg",Viên nén,DHC,Gói 120 Viên,Thực phẩm chức năng | Hỗ trợ tiêu hóa,thuc-pham-chuc-nang | thuc-pham-chuc-nang/ho-tro-tieu-hoa,True,True,30,0,https://nhathuoclongchau.com.vn/thuc-pham-chuc-nang/dhc-perfect-vegetable---premium-japanese-harvest-120v-35784.html,thuc-pham-chuc-nang,500
594,00501632,DHC VITAMIN B MIX 60V,"Viên uống DHC Vitamin B Mix bổ sung biotin, inositol, acid folic và một số vitamin nhóm B (60 viên)",thuc-pham-chuc-nang/dhc-vitamin-b-mix-60v-35786.html,,Gói,đ,https://cdn.nhathuoclongchau.com.vn/unsafe/https://cms-prod.s3-sgn09.fptcloud.com/00501632_dhc_vitamin_b_mix_60v_4440_62fb_large_949e03af98.jpg,"Calci pantothenate 22mg, Inositol 25mg, Vitamin B1 20mg, Acid folic 100mcg, Vitamin B6 15mg, Vitamin B2 15mg, Vitamin B12 10mcg, Biotin 25mcg, Niacin 20mg",Viên nén,DHC,Gói 60 Viên,Thực phẩm chức năng | Vitamin & Khoáng chất | Vitamin tổng hợp,thuc-pham-chuc-nang | thuc-pham-chuc-nang/vitamin-khoang-chat | thuc-pham-chuc-nang/vitamin-tong-hop,True,True,30,0,https://nhathuoclongchau.com.vn/thuc-pham-chuc-nang/dhc-vitamin-b-mix-60v-35786.html,thuc-pham-chuc-nang,500
595,00018450,FEMIFORTIL ZDROVIT 4X15,"Viên uống Femifortil NP Pharma bổ sung Vitamin, khoáng chất và thảo dược cho phụ nữ mang thai (4 vỉ x 15 viên)",thuc-pham-chuc-nang/femifortil-zdrovit-4x15-19767.html,,Hộp,đ,https://cdn.nhathuoclongchau.com.vn/unsafe/https://cms-prod.s3-sgn09.fptcloud.com/TUK_04885_2481c58213.jpg,"Trà xanh , Vitamin E , Acid folic , Vitamin C , Vitamin B6 , Vitamin B12 , Kẽm citrate , Selen , Trinh nữ ",Viên nén,NP Pharma,Hộp 4 Vỉ x 15 Viên,Thực phẩm chức năng | Vitamin & Khoáng chất,thuc-pham-chuc-nang | thuc-pham-chuc-nang/vitamin-khoang-chat,True,True,30,0,https://nhathuoclongchau.com.vn/thuc-pham-chuc-nang/femifortil-zdrovit-4x15-19767.html,thuc-pham-chuc-nang,500
596,00502414,BLACKMORES BIO MAGNESIUM 100V,"Viên uống Blackmores Bio Magnesium hỗ trợ cơ bắp, giảm triệu chứng tiền kinh nguyệt (100 viên)",thuc-pham-chuc-nang/blackmores-bio-magnesium-100v-36664.html,,Hộp,đ,https://cdn.nhathuoclongchau.com.vn/unsafe/https://cms-prod.s3-sgn09.fptcloud.com/00502414_blackmores_bio_magnesium_100v_9063_634e_large_968496cbdd.jpg,"Manganese amino acid chelate 40mg, Vitamin D3 100iu, Vitamin B6 50mg, Calcium ascorbate dihydrate 50mg, Magnesium phosphate 175mg, Magnesium oxide 440mg",Viên nén,Blackmores,Hộp 100 Viên,Thực phẩm chức năng | Cải thiện tăng cường chức năng,thuc-pham-chuc-nang | thuc-pham-chuc-nang/cai-thien-tang-cuong-chuc-nang,True,True,1,0,https://nhathuoclongchau.com.vn/thuc-pham-chuc-nang/blackmores-bio-magnesium-100v-36664.html,thuc-pham-chuc-nang,500
597,00032809,REDOXON TRIPLE ACTION TUÝP 10 VIÊN,"Viên sủi Redoxon Triple Action Bayer bổ sung vitamin C, D và kẽm giúp nâng cao sức đề kháng (10 viên)",thuc-pham-chuc-nang/thuc-pham-bao-ve-suc-khoe-redoxon-triple-action-tuyp-10-vien-32926.html,,Tuýp,đ,https://cdn.nhathuoclongchau.com.vn/unsafe/https://cms-prod.s3-sgn09.fptcloud.com/00032809_thuc_pham_bao_ve_suc_khoe_redoxon_triple_action_tuyp_10_vien_7149_6198_large_f7bf184919.jpg,"Vitamin C 1000mg, Vitamin D 400iu, Kẽm 10mg",Viên sủi,Bayer,Tuýp 10 Viên,"Thực phẩm chức năng | Cải thiện tăng cường chức năng | Tăng sức đề kháng, miễn dịch",thuc-pham-chuc-nang | thuc-pham-chuc-nang/cai-thien-tang-cuong-chuc-nang | thuc-pham-chuc-nang/ho-tro-mien-dich-tang-suc-de-khang,True,True,1,0,https://nhathuoclongchau.com.vn/thuc-pham-chuc-nang/thuc-pham-bao-ve-suc-khoe-redoxon-triple-action-tuyp-10-vien-32926.html,thuc-pham-chuc-nang,500
598,00017013,PROXEREX SIGMA-TAU 30 GÓI X 6G,Bột Proxerex Sigma-tau HealthScience tăng cường sinh lực nam giới (30 gói x 6g),thuc-pham-chuc-nang/proxerex-sigma-tau-30-goi-x-6g-18336.html,,Hộp,đ,https://cdn.nhathuoclongchau.com.vn/unsafe/https://cms-prod.s3-sgn09.fptcloud.com/DSC_00384_9440bc0251.jpg,"Tá dược vừa đủ , L–carnitine 244mg, L-Arginin 2.500mg, Ca cao 200mg, Macca 150mg, Vitamin B3 8mg, Selen 50Mcg, Kẽm 10Mcg",Dạng bột,E-Pharma Trento,Hộp 30 Gói x 6g,Thực phẩm chức năng | Sinh lý - Nội tiết tố | Sinh lý nam,thuc-pham-chuc-nang | thuc-pham-chuc-nang/sinh-ly-noi-tiet-to | thuc-pham-chuc-nang/sinh-ly-nam,True,True,1,0,https://nhathuoclongchau.com.vn/thuc-pham-chuc-nang/proxerex-sigma-tau-30-goi-x-6g-18336.html,thuc-pham-chuc-nang,500
599,00022525,KIDS CALCIUM + D3 CORBIERE SANOFI 30V,Viên nhai Kids Calcium+D3 Corbiere Sanofi giúp xương chắc khỏe (30 viên),thuc-pham-chuc-nang/kids-calcium-d3-corbiere-sanofi-30v-22850.html,,Hộp,đ,https://cdn.nhathuoclongchau.com.vn/unsafe/https://cms-prod.s3-sgn09.fptcloud.com/00022525_kids_calcium_d3_corbiere_sanofi_30v_4578_5e93_large_a6307a1899.JPG,"Calcium 350mg, Vitamin D3 300IU",Viên nhai,Sanofi,Hộp 30 viên,Thực phẩm chức năng | Vitamin & Khoáng chất | Bổ sung Canxi & Vitamin D,thuc-pham-chuc-nang | thuc-pham-chuc-nang/vitamin-khoang-chat | thuc-pham-chuc-nang/canxi-vitamin-D,True,True,1,0,https://nhathuoclongchau.com.vn/thuc-pham-chuc-nang/kids-calcium-d3-corbiere-sanofi-30v-22850.html,thuc-pham-chuc-nang,500
