count,sku,name,web_name,slug,price,price_unit,currency_symbol,image_url,ingredients,dosage_form,brand,specification,category_names,category_slugs,is_active,is_publish,search_scoring,product_ranking,link,category,skip_count
1,00049379,MIẾNG DÁN HẠ SỐT BYE BYE FEVER SUPER COOL 3 GÓI X 2 MIẾNG - DÙNG CHO TRẺ TỪ 10 TUỔI VÀ NGƯỜI LỚN,Miếng dán hạ sốt Bye Bye Fever Super Cool dùng cho trẻ từ 10 tuổi và người lớn (3 gói x 2 miếng),trang-thiet-bi-y-te/mieng-dan-ha-sot-bye-bye-fever-super-cool-3-goi-x-2-mieng-dung-cho-tre-tu-10-tuoi-va-nguoi-lon.html,60000.0,Hộp,đ,https://cdn.nhathuoclongchau.com.vn/unsafe/https://cms-prod.s3-sgn09.fptcloud.com/DSC_00039_e763a65d96.jpg,"Nước , Glycerin , Polymer , Menthol ",,Hisamitsu,Hộp 3 Gói x 2 Miếng,"Thiết bị y tế | Dụng cụ sơ cứu | Miếng dán giảm đau, hạ sốt",trang-thiet-bi-y-te | trang-thiet-bi-y-te/dung-cu-so-cuu | trang-thiet-bi-y-te/mieng-dan-giam-dau,True,True,110,0,https://nhathuoclongchau.com.vn/trang-thiet-bi-y-te/mieng-dan-ha-sot-bye-bye-fever-super-cool-3-goi-x-2-mieng-dung-cho-tre-tu-10-tuoi-va-nguoi-lon.html,trang-thiet-bi-y-te,0
2,00048319,DẦU GỘI TRỊ GÀU NAZOREL SHAMPOO CICLOPIROX OLAMINE 100ML,DẦU GỘI TRỊ GÀU NAZOREL SHAMPOO CICLOPIROX OLAMINE 100ML,trang-thiet-bi-y-te/dau-goi-tri-gau-nazorel-shampoo-ciclopirox-olamine-100-ml-1.html,98000.0,Hộp,đ,https://cdn.nhathuoclongchau.com.vn/unsafe/https://cms-prod.s3-sgn09.fptcloud.com/DSC_02444_1b0f6b04dd.jpg,"Ciclopirox olamin , Selennium Disulfide , Cocamide Dea , glycerine , Climbazol , Chiết xuất lá Xoài , chiết xuất lô hội , Chiết Xuất Vỏ Bưởi , CAPB , Sodium lauryl sulfate ",,Nazorel,Hộp,Thiết bị y tế | Dụng cụ y tế,trang-thiet-bi-y-te | trang-thiet-bi-y-te/dung-cu-y-te,True,True,110,0,https://nhathuoclongchau.com.vn/trang-thiet-bi-y-te/dau-goi-tri-gau-nazorel-shampoo-ciclopirox-olamine-100-ml-1.html,trang-thiet-bi-y-te,0
3,00047904,"XỊT THƠM MIỆNG ARO MOUTH 10ML - KHỬ MÙI HÔI MIỆNG, GIẢM SÂU RĂNG, VIÊM LỢI","Xịt thơm miệng Aro Mouth 10ml Hgsg Pharma làm thơm miệng tức thì khử mùi hôi miệng, mùi thức ăn, rượu bia",trang-thiet-bi-y-te/xit-thom-mieng-aro-mouth-10-ml-khu-mui-hoi-mieng-giam-sau-rang-viem-loi.html,60000.0,Hộp,đ,https://cdn.nhathuoclongchau.com.vn/unsafe/https://cms-prod.s3-sgn09.fptcloud.com/DSC_09718_8138420421.jpg,"Bạc hà , Hoa cúc , Tràm , Bách lý hương , Lô hội , Trà xanh , Cam thảo , cây sả , Hoa hồi , Quế , Đinh hương , Natri benzoat ",Dung dịch,HGSG PHARMA,Hộp,Thiết bị y tế | Dụng cụ y tế,trang-thiet-bi-y-te | trang-thiet-bi-y-te/dung-cu-y-te,True,True,110,0,https://nhathuoclongchau.com.vn/trang-thiet-bi-y-te/xit-thom-mieng-aro-mouth-10-ml-khu-mui-hoi-mieng-giam-sau-rang-viem-loi.html,trang-thiet-bi-y-te,0
4,00047777,"DUNG DỊCH XOA BÓP NGOÀI DA OVIFA 60ML - GIÚP GIẢM ĐAU, SƯNG, NHỨC XƯƠNG KHỚP",DUNG DỊCH XOA BÓP CƠ XƯƠNG KHỚP OVIFA 60ML,trang-thiet-bi-y-te/dung-dich-xoa-bop-co-xuong-khop-ovifa-60-ml.html,125000.0,Hộp,đ,https://cdn.nhathuoclongchau.com.vn/unsafe/https://cms-prod.s3-sgn09.fptcloud.com/DSC_01927_6353bec817.jpg,"Xuyên ô , Tam thất , Địa liền , Sói rừng , Quế nhục , Thiên niên kiện , Mã tiền , Huyết Giác , Ngưu tất , Dây đau xương , Glucosamine , Methy salicylat , Ethanol ",Dung dịch,OVIFA,Hộp,Thiết bị y tế | Dụng cụ sơ cứu | Chăm sóc vết thương,trang-thiet-bi-y-te | trang-thiet-bi-y-te/dung-cu-so-cuu | trang-thiet-bi-y-te/cham-soc-vet-thuong,True,True,110,0,https://nhathuoclongchau.com.vn/trang-thiet-bi-y-te/dung-dich-xoa-bop-co-xuong-khop-ovifa-60-ml.html,trang-thiet-bi-y-te,0
5,00047706,"DUNG DỊCH XỊT MŨI OTOSAN NASAL SPRAY BABY 20ML -  HỖ TRỢ ĐIỀU TRỊ VIÊM MŨI,XOANG CHO TRẺ EM","Xịt mũi Otosan Nasal Spray Baby 20ml hỗ trợ viêm mũi do virus, vi khuẩn, dị ứng",trang-thiet-bi-y-te/xit-mui-ho-tro-dieu-tri-viem-mui-xoang-cho-tre-otosan-nasal-spray-baby-20-ml.html,295000.0,Hộp,đ,https://cdn.nhathuoclongchau.com.vn/unsafe/https://cms-prod.s3-sgn09.fptcloud.com/DSC_04572_d319c1a099.jpg,"Carboxymethyl betaglucan , Đồng gluconat , Tinh dầu cam , Lô hội , Hypertonic ",Dung dịch,Otosan,Hộp x 20ml,Thiết bị y tế | Dụng cụ y tế | Dụng cụ vệ sinh mũi,trang-thiet-bi-y-te | trang-thiet-bi-y-te/dung-cu-y-te | trang-thiet-bi-y-te/dung-cu-ve-sinh-mui,True,True,110,0,https://nhathuoclongchau.com.vn/trang-thiet-bi-y-te/xit-mui-ho-tro-dieu-tri-viem-mui-xoang-cho-tre-otosan-nasal-spray-baby-20-ml.html,trang-thiet-bi-y-te,0
6,00047349,"DUNG DỊCH XỊT MŨI MUỐI BIỂN NANO SEA PLUS NGƯỜI LỚN 75ML - LÀM SẠCH, THÔNG MŨI HỌNG","Xịt mũi muối biển Nano Sea Plus 75ml Phương Y Nam làm sạch, vệ sinh mũi, loại bỏ chất nhầy",trang-thiet-bi-y-te/xit-mui-muoi-bien-nano-sea-plus-nguoi-lon-75-ml.html,30000.0,Hộp,đ,https://cdn.nhathuoclongchau.com.vn/unsafe/https://cms-prod.s3-sgn09.fptcloud.com/DSC_01815_0076bc598d.jpg,"Sodium chloride 0.9% , Sodium bicarbonate , Sodium hyaluronate , Menthol , Benzalkonium Chloride , Potassium sorbate , Nước tinh khiết ",,Phương Y Nam,Hộp,Thiết bị y tế | Dụng cụ y tế | Dụng cụ vệ sinh mũi,trang-thiet-bi-y-te | trang-thiet-bi-y-te/dung-cu-y-te | trang-thiet-bi-y-te/dung-cu-ve-sinh-mui,True,True,110,0,https://nhathuoclongchau.com.vn/trang-thiet-bi-y-te/xit-mui-muoi-bien-nano-sea-plus-nguoi-lon-75-ml.html,trang-thiet-bi-y-te,0
7,00047347,NHIỆT KẾ ĐIỆN TỬ ĐO THÂN NHIỆT FUJI DT007,Nhiệt kế điện tử Fuji DT007 để đo nhiệt độ cơ thể,trang-thiet-bi-y-te/nhiet-ke-dien-tu-fuji-dt-007-1.html,69000.0,Hộp,đ,https://cdn.nhathuoclongchau.com.vn/unsafe/https://cms-prod.s3-sgn09.fptcloud.com/DSC_09698_b252d0e8a7.jpg,Nhựa ,,FUJI,Hộp,Thiết bị y tế | Dụng cụ theo dõi | Nhiệt kế,trang-thiet-bi-y-te | trang-thiet-bi-y-te/dung-cu-theo-doi | trang-thiet-bi-y-te/nhiet-ke,True,True,110,0,https://nhathuoclongchau.com.vn/trang-thiet-bi-y-te/nhiet-ke-dien-tu-fuji-dt-007-1.html,trang-thiet-bi-y-te,0
8,00047344,NHIỆT KẾ HỒNG NGOẠI ĐO TRÁN YUWELL YT-1C,Nhiệt kế hồng ngoại Yuwell YT-1C đo nhiệt độ cơ thể,trang-thiet-bi-y-te/nhiet-ke-hong-ngoai-yuwell-yt-1-c.html,590000.0,Hộp,đ,https://cdn.nhathuoclongchau.com.vn/unsafe/https://cms-prod.s3-sgn09.fptcloud.com/DSC_09751_ac0903b1b2.jpg,Nhựa ,,Yuwell,Hộp,Thiết bị y tế | Dụng cụ theo dõi | Nhiệt kế,trang-thiet-bi-y-te | trang-thiet-bi-y-te/dung-cu-theo-doi | trang-thiet-bi-y-te/nhiet-ke,True,True,110,0,https://nhathuoclongchau.com.vn/trang-thiet-bi-y-te/nhiet-ke-hong-ngoai-yuwell-yt-1-c.html,trang-thiet-bi-y-te,0
9,00047152,"GEL BÔI GIẢM ĐAU VOLTOGEL MASS 50G - GIÚP GIẢM ĐAU CƠ, ĐAU VAI, BẦM TÍM, BONG GÂN","Gel Voltogel Mass giảm đau cơ, đau vai, bầm tím, bong gân (50g)",trang-thiet-bi-y-te/voltogel-mass-gel-boi-giam-dau-50-g.html,110000.0,Hộp,đ,https://cdn.nhathuoclongchau.com.vn/unsafe/https://cms-prod.s3-sgn09.fptcloud.com/DSC_09972_e1ad800300.jpg,"Menthol 5g, Camphor 2g, Ngải cứu 3.3g, Tam thất 0.5g, Khương hoạt 2.5g, Tinh dầu quế 0.16g, Địa liền 2.5g, Bạch cập 1.5g, Tế tân 1.5g, Độc hoạt 0.8g, Methyl Salicylat 500mg, Vitamin B5 100mg",,VOLTOGEL,Hộp,Thiết bị y tế | Dụng cụ y tế | Các dụng cụ và sản phẩm khác,trang-thiet-bi-y-te | trang-thiet-bi-y-te/dung-cu-y-te | trang-thiet-bi-y-te/dung-cu-khac,True,True,110,0,https://nhathuoclongchau.com.vn/trang-thiet-bi-y-te/voltogel-mass-gel-boi-giam-dau-50-g.html,trang-thiet-bi-y-te,0
10,00047003,DẦU KHUYNH DIỆP CON Ó EAGLE BRAND EUCALYPTUS OIL PLUS+ 25ML - CHỐNG MUỖI 8 TIẾNG,"Dầu khuynh diệp con ó Eagle Brand Eucalyptus Oil Plus+ 25ml chống muỗi 8 tiếng, điều trị cảm cúm",trang-thiet-bi-y-te/eagle-brand-eucalyptus-oil-plus-25-ml-dau-khuynh-diep-con-o-chong-muoi-8-tieng-1.html,109000.0,Hộp,đ,https://cdn.nhathuoclongchau.com.vn/unsafe/https://cms-prod.s3-sgn09.fptcloud.com/DSC_00164_202d0c0d74.jpg,"Tinh dầu khuynh diệp , Chiết xuất dầu lá , Hương liệu ",,Eagle,Hộp,Thiết bị y tế | Dụng cụ y tế,trang-thiet-bi-y-te | trang-thiet-bi-y-te/dung-cu-y-te,True,True,110,0,https://nhathuoclongchau.com.vn/trang-thiet-bi-y-te/eagle-brand-eucalyptus-oil-plus-25-ml-dau-khuynh-diep-con-o-chong-muoi-8-tieng-1.html,trang-thiet-bi-y-te,0
11,00045643,"GEL PHỤ KHOA TOKYO LADY 5 TUÝP X 3ML - HỖ TRỢ ĐIỀU TRỊ VIÊM NGỨA, HUYẾT TRẮNG, SE KHÍT LÀM HỒNG ÂM ĐẠO","Gel phụ khoa Tokyo Lady 3ml Tokyo Pharma hỗ trợ ngừa viêm, ngứa, duy trì độ ẩm, pH vùng kín (5 tuýp)",trang-thiet-bi-y-te/gel-phu-khoa-tokyo-lady-ngua-viem-ngua-huyet-trang-se-khit-lam-hong-am-dao-5-tuyp-x-3-ml.html,220000.0,Hộp,đ,https://cdn.nhathuoclongchau.com.vn/unsafe/https://cms-prod.s3-sgn09.fptcloud.com/DSC_03581_6129705c45.jpg,"Nano Vàng , Nano Bạc , Titanium nano , AHA , Keo ong xanh , Lô hội , Hồng hoa , Trầu không ",Gel,TOKYO PHARMA,Hộp 5 Tuýp,Thiết bị y tế | Dụng cụ y tế,trang-thiet-bi-y-te | trang-thiet-bi-y-te/dung-cu-y-te,True,True,110,0,https://nhathuoclongchau.com.vn/trang-thiet-bi-y-te/gel-phu-khoa-tokyo-lady-ngua-viem-ngua-huyet-trang-se-khit-lam-hong-am-dao-5-tuyp-x-3-ml.html,trang-thiet-bi-y-te,0
12,00045217,QUE THỬ RỤNG TRỨNG SAFEFIT TEST HỘP 7 CÁI,Que thử rụng trứng Safefit Test dùng để xác định ngày rụng trứng (7 que),trang-thiet-bi-y-te/que-thu-rung-trung-safefit-test-hop-7-cai.html,55000.0,Hộp,đ,https://cdn.nhathuoclongchau.com.vn/unsafe/https://cms-prod.s3-sgn09.fptcloud.com/DSC_02416_5c5a59d4e1.jpg,Thành phần khác ,,SAFEFIT,Hộp 7 Cái,Thiết bị y tế | Dụng cụ theo dõi | Thử thai,trang-thiet-bi-y-te | trang-thiet-bi-y-te/dung-cu-theo-doi | trang-thiet-bi-y-te/thu-thai,True,True,110,0,https://nhathuoclongchau.com.vn/trang-thiet-bi-y-te/que-thu-rung-trung-safefit-test-hop-7-cai.html,trang-thiet-bi-y-te,0
13,00045215,"QUE THỬ THAI NHANH SAFEFIT (DẠNG BÚT) - KẾT QUẢ NHANH, ĐỘ CHÍNH XÁC CAO",Bút thử thai nhanh Safefit cho kết quả nhanh với độ chính xác cao,trang-thiet-bi-y-te/but-thu-thai-nhanh-safefit.html,35000.0,Hộp,đ,https://cdn.nhathuoclongchau.com.vn/unsafe/https://cms-prod.s3-sgn09.fptcloud.com/DSC_02426_df87a65394.jpg,Nhựa ,,SAFEFIT,Hộp,Thiết bị y tế | Dụng cụ theo dõi | Thử thai,trang-thiet-bi-y-te | trang-thiet-bi-y-te/dung-cu-theo-doi | trang-thiet-bi-y-te/thu-thai,True,True,110,0,https://nhathuoclongchau.com.vn/trang-thiet-bi-y-te/but-thu-thai-nhanh-safefit.html,trang-thiet-bi-y-te,0
14,00044882,"DUNG DỊCH XỊT MŨI NANO BẠC ION FUJISALT 70ML - HỖ TRỢ LÀM SẠCH, GIẢM VIÊM, SƯNG ĐỎ, PHÒNG NGỪA SỔ MŨI","Dung dịch vệ sinh mũi Fujisat i-on 70ml giảm đau, nhức, sưng đỏ ",trang-thiet-bi-y-te/dung-dich-xit-mui-nano-bac-ion-fujisalt-70-ml.html,45000.0,Chai,đ,https://cdn.nhathuoclongchau.com.vn/unsafe/https://cms-prod.s3-sgn09.fptcloud.com/7_93f8ded48c.jpg,"Nước ion alkaline , Nước biển sâu , tinh dầu the mát , Nano Bạc ",Dung dịch,Fujiwa,Chai,Thiết bị y tế | Dụng cụ y tế | Dụng cụ vệ sinh mũi,trang-thiet-bi-y-te | trang-thiet-bi-y-te/dung-cu-y-te | trang-thiet-bi-y-te/dung-cu-ve-sinh-mui,True,True,110,0,https://nhathuoclongchau.com.vn/trang-thiet-bi-y-te/dung-dich-xit-mui-nano-bac-ion-fujisalt-70-ml.html,trang-thiet-bi-y-te,0
15,00044005,"MIẾNG DÁN MỤN BAN NGÀY DERMA ANGEL PLUS HỘP 12 MIẾNG HỖ TRỢ HÚT DỊCH MỦ, LÀM LÀNH VẾT THƯƠNG NHANH CHÓNG","Miếng dán mụn ban ngày DermaAngel Plus hỗ trợ hút dịch mủ, làm lành vết thương nhanh chóng (12 miếng)",trang-thiet-bi-y-te/mieng-dan-mun-ban-ngay-derma-angel-plus-hop-12-mieng-ho-tro-hut-dich-mu-lam-lanh-vet-thuong-nhanh-chong.html,58000.0,Hộp,đ,https://cdn.nhathuoclongchau.com.vn/unsafe/https://cms-prod.s3-sgn09.fptcloud.com/DSC_09926_86b0aa1b72.jpg,Hydrocolloid ,Miếng dán,Derma Angel,Hộp 12 Miếng,Thiết bị y tế,trang-thiet-bi-y-te,True,True,110,0,https://nhathuoclongchau.com.vn/trang-thiet-bi-y-te/mieng-dan-mun-ban-ngay-derma-angel-plus-hop-12-mieng-ho-tro-hut-dich-mu-lam-lanh-vet-thuong-nhanh-chong.html,trang-thiet-bi-y-te,0
16,00042994,ĐẦU KIM TIỂU ĐƯỜNG PIC INSUPEN ORIGINAL 32GX4MM HỘP 100 CÁI,Đầu kim tiêm tiểu đường PIC Insupen Original dùng để gắn vào đầu bút tiêm insulin (100 Cái),trang-thiet-bi-y-te/pic-insupen-original-32-gx-4-mm-dau-kim-tieu-duong-hop-100-cai.html,250000.0,Hộp,đ,https://cdn.nhathuoclongchau.com.vn/unsafe/https://cms-prod.s3-sgn09.fptcloud.com/2_2dd9386937.jpg,Thép không gỉ ,,PIC SOLUTION,Hộp 100 Cái,Thiết bị y tế | Dụng cụ y tế | Kim các loại,trang-thiet-bi-y-te | trang-thiet-bi-y-te/dung-cu-y-te | trang-thiet-bi-y-te/kim-cac-loai,True,True,110,0,https://nhathuoclongchau.com.vn/trang-thiet-bi-y-te/pic-insupen-original-32-gx-4-mm-dau-kim-tieu-duong-hop-100-cai.html,trang-thiet-bi-y-te,0
17,00042981,DẦU GỘI TRỊ GÀU NAZOREL SHAMPOO CICLOPIROX OLAMINE 50ML,"Dầu gội trị gàu Nazorel 50ml hỗ trợ điều trị mẩn ngứa da đầu do gàu và nấm, viêm da",trang-thiet-bi-y-te/dau-goi-tri-gau-nazorel-shampoo-ciclopirox-olamine-50-ml.html,68000.0,Hộp,đ,https://cdn.nhathuoclongchau.com.vn/unsafe/https://cms-prod.s3-sgn09.fptcloud.com/12_eb7d12ecc6.jpg,"Ciclopirox olamin , Selennium Disulfide , Cocamide Dea , glycerine , Climbazol , Chiết xuất lá Xoài , chiết xuất lô hội , Chiết Xuất Vỏ Bưởi , CAPB , Sodium lauryl sulfate ",,Nazorel,Hộp,Thiết bị y tế | Dụng cụ y tế | Các dụng cụ và sản phẩm khác,trang-thiet-bi-y-te | trang-thiet-bi-y-te/dung-cu-y-te | trang-thiet-bi-y-te/dung-cu-khac,True,True,110,0,https://nhathuoclongchau.com.vn/trang-thiet-bi-y-te/dau-goi-tri-gau-nazorel-shampoo-ciclopirox-olamine-50-ml.html,trang-thiet-bi-y-te,0
18,00042980,"GEL PHỤ KHOA KINGLUUB 5 TUÝP X 3ML - HỖ TRỢ ĐIỀU TRỊ, GIẢM VIÊM NHIỄM, BÔI TRƠN, LÀM MỀM VÙNG ÂM ĐẠO","Gel phụ khoa Kingluub Biosantis giảm viêm nhiễm, hỗ trợ điều trị huyết trắng, bôi trơn, mềm âm đạo (5 tuýp x 3ml)",trang-thiet-bi-y-te/gel-phu-khoa-ho-tro-dieu-tri-giam-viem-nhiem-boi-tron-lam-mem-vung-am-dao-kingluub-5-tuyp-x-3-ml.html,225000.0,Hộp,đ,https://cdn.nhathuoclongchau.com.vn/unsafe/https://cms-prod.s3-sgn09.fptcloud.com/DSC_00022_40949c7a4b.jpg,"Bacillus clausii 3tỷ cfu, Bacillus subtilis , Bacillus coagulans , Climbazol , Sodium hyaluronate , Sodium benzoate , Glycerin , Nano Bạc , Trầu không , chiết xuất lô hội , Nước tinh khiết ",Gel,Biosantis,Hộp 5 Tuýp,Thiết bị y tế | Dụng cụ y tế,trang-thiet-bi-y-te | trang-thiet-bi-y-te/dung-cu-y-te,True,True,110,0,https://nhathuoclongchau.com.vn/trang-thiet-bi-y-te/gel-phu-khoa-ho-tro-dieu-tri-giam-viem-nhiem-boi-tron-lam-mem-vung-am-dao-kingluub-5-tuyp-x-3-ml.html,trang-thiet-bi-y-te,0
19,00041968,"DUNG DỊCH NƯỚC MUỐI ƯU TRƯƠNG FYSOLINE HYPERTONIQUE SOLUTION 20 ỐNG X 5ML - GIẢM NGẠT MŨI, KHÔ MŨI","Dung dịch nước muối ưu trương Fysoline 5ml giảm ngạt mũi, khô mũi (20 ống)",trang-thiet-bi-y-te/fysoline-hypertonique-solution-muoi-uu-truong-giam-ngat-mui-kho-mui-20-ong-x-5-ml.html,193000.0,Hộp,đ,https://cdn.nhathuoclongchau.com.vn/unsafe/https://cms-prod.s3-sgn09.fptcloud.com/DSC_09766_448b5b10ce.png,"Natri clorid 2.3g, Natri hyaluronat 0.06%, Nước tinh khiết 100ml",Dung dịch,Fysoline,Hộp 2 Vỉ x 10 Ống,Thiết bị y tế | Dụng cụ y tế | Dụng cụ vệ sinh mũi,trang-thiet-bi-y-te | trang-thiet-bi-y-te/dung-cu-y-te | trang-thiet-bi-y-te/dung-cu-ve-sinh-mui,True,True,110,0,https://nhathuoclongchau.com.vn/trang-thiet-bi-y-te/fysoline-hypertonique-solution-muoi-uu-truong-giam-ngat-mui-kho-mui-20-ong-x-5-ml.html,trang-thiet-bi-y-te,0
20,00041927,KIM LẤY MÁU LANCET CAREFINE BL-28G 100 CÁI,Kim Lancet lấy máu BL-28 (100 cái),trang-thiet-bi-y-te/kim-lay-mau-lancet-carefine-bl-28-g-100-cai.html,32000.0,Hộp,đ,https://cdn.nhathuoclongchau.com.vn/unsafe/https://cms-prod.s3-sgn09.fptcloud.com/DSC_05221_ef378bb216.jpg,Kim loại ,,CAREFINE,Hộp 100 Cái,Thiết bị y tế | Dụng cụ y tế | Kim các loại,trang-thiet-bi-y-te | trang-thiet-bi-y-te/dung-cu-y-te | trang-thiet-bi-y-te/kim-cac-loai,True,True,110,0,https://nhathuoclongchau.com.vn/trang-thiet-bi-y-te/kim-lay-mau-lancet-carefine-bl-28-g-100-cai.html,trang-thiet-bi-y-te,0
21,00041848,QUE THỬ THAI NHANH SAFEFIT PREGNANCY TEST KIT,Que thử thai nhanh Safefit Test (Hộp 1 que x 1 cốc nhựa),trang-thiet-bi-y-te/que-thu-thai-safefit-pregnancy-test-kit.html,13000.0,Hộp,đ,https://cdn.nhathuoclongchau.com.vn/unsafe/https://cms-prod.s3-sgn09.fptcloud.com/DSC_00604_f120550fdd.jpg,"Kháng thể kháng β-hCG 0.5mg, kháng thể kháng α -hCG 0.7mg, kháng thể để kháng IgG chuột 1.5mg",,SAFEFIT,Hộp,Thiết bị y tế | Dụng cụ theo dõi | Thử thai,trang-thiet-bi-y-te | trang-thiet-bi-y-te/dung-cu-theo-doi | trang-thiet-bi-y-te/thu-thai,True,True,110,0,https://nhathuoclongchau.com.vn/trang-thiet-bi-y-te/que-thu-thai-safefit-pregnancy-test-kit.html,trang-thiet-bi-y-te,0
22,00041787,"XỊT HỌNG OTOSAN FORTE 30ML -  GIẢM VIÊM HỌNG CẤP TÍNH, VIÊM HÔ HẤP, GIẢM ĐAU RÁT HỌNG","Xịt họng Otosan Spray Forte hỗ trợ điều trị viêm họng cấp, viêm hô hấp, giảm đau rát họng (30ml)",trang-thiet-bi-y-te/xit-hong-otosan-forte-dieu-tri-viem-hong-cap-tinh-viem-ho-hap-giam-dau-rat-hong-30-ml.html,290000.0,Hộp,đ,https://cdn.nhathuoclongchau.com.vn/unsafe/https://cms-prod.s3-sgn09.fptcloud.com/DSC_09131_aa6b76e0bb.jpg,"Tinh dầu cam hữu cơ , Carboxymethyl betaglucan , Beta Glucan , Chiết xuất hedge mustard , Anethole , Tinh dầu cỏ xạ hương trắng ",Dạng xịt,Otosan,Hộp,Thiết bị y tế | Dụng cụ y tế,trang-thiet-bi-y-te | trang-thiet-bi-y-te/dung-cu-y-te,True,True,110,0,https://nhathuoclongchau.com.vn/trang-thiet-bi-y-te/xit-hong-otosan-forte-dieu-tri-viem-hong-cap-tinh-viem-ho-hap-giam-dau-rat-hong-30-ml.html,trang-thiet-bi-y-te,0
23,00041193,QUE ĐO ĐƯỜNG HUYẾT NIPRO PREMIER HỘP 25 QUE,Que thử đường huyết Nipro Premier (25 que),trang-thiet-bi-y-te/que-do-duong-huyet-nipro-premier-hop-25-que.html,205000.0,Hộp,đ,https://cdn.nhathuoclongchau.com.vn/unsafe/https://cms-prod.s3-sgn09.fptcloud.com/DSC_00456_fda7c62462.jpg,Que thử đường huyết ,,NIPRO,Hộp 25 Cái,"Thiết bị y tế | Dụng cụ theo dõi | Máy, que thử đường huyết",trang-thiet-bi-y-te | trang-thiet-bi-y-te/dung-cu-theo-doi | trang-thiet-bi-y-te/may-que-thu-duong-huyet,True,True,110,0,https://nhathuoclongchau.com.vn/trang-thiet-bi-y-te/que-do-duong-huyet-nipro-premier-hop-25-que.html,trang-thiet-bi-y-te,0
24,00040647,NƯỚC MẮT NHÂN TẠO EASIMIST EYE DROPS GIẢM KHÔ MỎI MẮT 5ML,Nước mắt nhân tạo Easimist Eye Drops Indiana Ophthalmics giúp giảm khô và mỏi mắt (5ml),trang-thiet-bi-y-te/nuoc-mat-nhan-tao-easimist-eye-drops-giam-kho-moi-mat-5-ml.html,39000.0,Hộp,đ,https://cdn.nhathuoclongchau.com.vn/unsafe/https://cms-prod.s3-sgn09.fptcloud.com/DSC_09894_87d0d78bfd.jpg,"Sodium Carboxymethylcellulose BP 5mg, Stabilized Oxychloro Complex 0.05mg",Dung dịch,Indiana Ophthalmics,Hộp,Thiết bị y tế | Dụng cụ y tế,trang-thiet-bi-y-te | trang-thiet-bi-y-te/dung-cu-y-te,True,True,110,0,https://nhathuoclongchau.com.vn/trang-thiet-bi-y-te/nuoc-mat-nhan-tao-easimist-eye-drops-giam-kho-moi-mat-5-ml.html,trang-thiet-bi-y-te,0
25,00040317,MÁY ĐO HUYẾT ÁP BẮP TAY OMRON HEM 7143T1,"Máy đo huyết áp bắp tay tự động Omron HEM 7143T1 cho kết quả chính xác, nhanh chóng",trang-thiet-bi-y-te/omron-hem-7143-t1-may-do-huyet-ap-bap-tay-tu-dong.html,1240000.0,Hộp,đ,https://cdn.nhathuoclongchau.com.vn/unsafe/https://cms-prod.s3-sgn09.fptcloud.com/DSC_09885_d6bc560548.jpg,Máy đo ,,OMRON,Hộp,Thiết bị y tế | Dụng cụ theo dõi | Máy đo huyết áp,trang-thiet-bi-y-te | trang-thiet-bi-y-te/dung-cu-theo-doi | trang-thiet-bi-y-te/may-do-huyet-ap,True,True,110,0,https://nhathuoclongchau.com.vn/trang-thiet-bi-y-te/omron-hem-7143-t1-may-do-huyet-ap-bap-tay-tu-dong.html,trang-thiet-bi-y-te,0
26,00039885,GEL BÔI TRƠN KLY TIỆT TRÙNG 82G - BỔ SUNG LƯỢNG CHẤT NHỜN TỰ NHIÊN,Gel bôi trơn Kly tiệt trùng bổ sung lượng chất nhờn tự nhiên (82g),trang-thiet-bi-y-te/gel-boi-tron-kly-tiet-trung-82-g.html,82000.0,Tuýp,đ,https://cdn.nhathuoclongchau.com.vn/unsafe/https://cms-prod.s3-sgn09.fptcloud.com/DSC_09141_b58cf5c83b.jpg,"Deionized Water , Cellulose hydroxyethylate , Glycerin , Propylene glycol , Ethylhexyl Glycerin , Carbomer , Sodium hydroxide ",Nhũ tương (Gel),KLY,Tuýp x 85g,Thiết bị y tế | Dụng cụ y tế | Các dụng cụ và sản phẩm khác,trang-thiet-bi-y-te | trang-thiet-bi-y-te/dung-cu-y-te | trang-thiet-bi-y-te/dung-cu-khac,True,True,110,0,https://nhathuoclongchau.com.vn/trang-thiet-bi-y-te/gel-boi-tron-kly-tiet-trung-82-g.html,trang-thiet-bi-y-te,0
27,00039175,MIẾNG DÁN LOẠI BỎ MỤN CÓC KANGDI FOBELIFE 6 MIẾNG,"Miếng dán Fobelife Kangdi loại mụn cóc trên da hiệu quả, không gây đau rát, chảy máu (6 miếng)",trang-thiet-bi-y-te/mieng-dan-mun-coc-kangdi-fobelife-6-mieng.html,58000.0,Hộp,đ,https://cdn.nhathuoclongchau.com.vn/unsafe/https://cms-prod.s3-sgn09.fptcloud.com/2_1bf99432c5.jpg,"Salicylic acid , Polyvinyl Alkyl , Ether Adhesive , Titanium dioxide , Liquid Paraffin , Antioxidant , Red iron oxide (E172) , Black Iron Oxide ",,KANGDI,Hộp 6 Miếng,Thiết bị y tế,trang-thiet-bi-y-te,True,True,110,0,https://nhathuoclongchau.com.vn/trang-thiet-bi-y-te/mieng-dan-mun-coc-kangdi-fobelife-6-mieng.html,trang-thiet-bi-y-te,0
28,D042300000206,"KHẨU TRANG TRẺ EM 3D SWAN MASK 3 LỚP ( QUAI VẢI - HÌNH THÚ) 10 CÁI - NGĂN KHÓI BỤI, VI KHUẨN VÀ GIỌT BẮN","Khẩu trang 3D trẻ em quai vải Swan Mask ngăn giọt bắn, vi khuẩn, khói bụi (10 cái)",trang-thiet-bi-y-te/khau-trang-3-d-tre-em-quai-vai-swan-mask-3-lop-10-cai.html,24000.0,Hộp,đ,https://cdn.nhathuoclongchau.com.vn/unsafe/https://cms-prod.s3-sgn09.fptcloud.com/IMG_0158_f0aca2eb4f.jpg,Vải ,,Swan Mask,Hộp 10 Cái,Thiết bị y tế | Khẩu trang | Khẩu trang y tế,trang-thiet-bi-y-te | trang-thiet-bi-y-te/khau-trang | trang-thiet-bi-y-te/khau-trang-y-te,True,True,110,0,https://nhathuoclongchau.com.vn/trang-thiet-bi-y-te/khau-trang-3-d-tre-em-quai-vai-swan-mask-3-lop-10-cai.html,trang-thiet-bi-y-te,0
29,D042300000205,"KHẨU TRANG TRẺ EM 3D DOLPHIN MASK 4 LỚP (NHIỀU MÀU) 10 CÁI - NGĂN KHÓI BỤI, VI KHUẨN VÀ GIỌT BẮN","Khẩu trang 3D trẻ em Dolphin Mask 4 lớp ngăn giọt bắn, vi khuẩn, khói bụi (10 cái)",trang-thiet-bi-y-te/khau-trang-3-d-tre-em-dolphin-mask-4-lop-10-cai.html,24000.0,Hộp,đ,https://cdn.nhathuoclongchau.com.vn/unsafe/https://cms-prod.s3-sgn09.fptcloud.com/IMG_0188_f4db0565ff.jpg,Vải ,,Dolphin Mask,Hộp 10 Cái,Thiết bị y tế | Khẩu trang | Khẩu trang y tế,trang-thiet-bi-y-te | trang-thiet-bi-y-te/khau-trang | trang-thiet-bi-y-te/khau-trang-y-te,True,True,110,0,https://nhathuoclongchau.com.vn/trang-thiet-bi-y-te/khau-trang-3-d-tre-em-dolphin-mask-4-lop-10-cai.html,trang-thiet-bi-y-te,0
30,00503680,"DUNG DỊCH XỊT MŨI NGƯỜI LỚN OTOSAN NASAL SPRAY FORTE 30ML -  HỖ TRỢ ĐIỀU TRỊ VIÊM MŨI, VIÊM XOANG","Dung dịch xịt mũi Otosan Nasal Spray Forte hỗ trợ điều trị viêm mũi, viêm xoang (30ml)",trang-thiet-bi-y-te/dung-dich-xit-mui-nguoi-lon-otosan-dieu-tri-viem-mui-viem-xoang-30-ml.html,295000.0,Lọ,đ,https://cdn.nhathuoclongchau.com.vn/unsafe/https://cms-prod.s3-sgn09.fptcloud.com/DSC_09084_d5d4e81008.jpg,"Hypertonic 2.2%, Lý chua đen , Lô hội , Tràm trà , Chanh ",Dạng xịt,Otosan,Lọ x 30ml,Thiết bị y tế | Dụng cụ y tế | Dụng cụ vệ sinh mũi,trang-thiet-bi-y-te | trang-thiet-bi-y-te/dung-cu-y-te | trang-thiet-bi-y-te/dung-cu-ve-sinh-mui,True,True,110,0,https://nhathuoclongchau.com.vn/trang-thiet-bi-y-te/dung-dich-xit-mui-nguoi-lon-otosan-dieu-tri-viem-mui-viem-xoang-30-ml.html,trang-thiet-bi-y-te,0
31,00503671,BĂNG CÁ NHÂN URGO FAMILY 2CM X 6CM 5 MIẾNG ĐỘ DÍNH CAO & 5 MIẾNG ÍT THẤM NƯỚC) - BẢO VỆ VẾT THƯƠNG,"Băng cá nhân độ dính cao, co giãn tốt Urgo Family size 2cm x 6cm bảo vệ các vết thương nhỏ (10 miếng) ",trang-thiet-bi-y-te/urgo-family-2-cm-x-6-cm-bang-ca-nhan-5-5-mieng.html,16000.0,Gói,đ,https://cdn.nhathuoclongchau.com.vn/unsafe/https://cms-prod.s3-sgn09.fptcloud.com/IMG_0096_5c029ed8e7.jpg,Polyethylene ,Miếng dán,Urgo,Gói 10 Miếng,Thiết bị y tế | Dụng cụ sơ cứu | Băng y tế,trang-thiet-bi-y-te | trang-thiet-bi-y-te/dung-cu-so-cuu | trang-thiet-bi-y-te/bang-y-te,True,True,110,0,https://nhathuoclongchau.com.vn/trang-thiet-bi-y-te/urgo-family-2-cm-x-6-cm-bang-ca-nhan-5-5-mieng.html,trang-thiet-bi-y-te,0
32,00503659,"DUNG DỊCH XỊT GIẢM ĐAU NHỨC RĂNG, VIÊM NƯỚU TOOTH CARE 20ML",Dung dịch xịt Tooth Care hỗ trợ giảm đau nhức răng (20ml),trang-thiet-bi-y-te/xit-giam-dau-nhuc-rang-viem-nuou-tooth-care-20ml-37983.html,89000.0,Hộp,đ,https://cdn.nhathuoclongchau.com.vn/unsafe/https://cms-prod.s3-sgn09.fptcloud.com/00503659_dung_dich_xit_giam_dau_nhuc_rang_viem_nuou_tooth_care_20ml_3713_6422_large_dab314e6b6.jpg,"Nước tinh khiết , Tinh dầu bạc hà , Natri benzoat , lá đào , hoa đu đủ đực , Lá trầu không , Kim ngân hoa ",Dạng xịt,HGSG PHARMA,Hộp x 20ml,Thiết bị y tế | Dụng cụ y tế | Các dụng cụ và sản phẩm khác,trang-thiet-bi-y-te | trang-thiet-bi-y-te/dung-cu-y-te | trang-thiet-bi-y-te/dung-cu-khac,True,True,110,0,https://nhathuoclongchau.com.vn/trang-thiet-bi-y-te/xit-giam-dau-nhuc-rang-viem-nuou-tooth-care-20ml-37983.html,trang-thiet-bi-y-te,0
33,00503428,TINH DẦU XOA BÓP DƯỢC LIỆU NHẤT PHONG 50ML,"Tinh dầu xoa bóp dược liệu Nhất Phong 50ml giảm đau nhức xương khớp, mỏi cơ bắp, làm ấm cơ thể",trang-thiet-bi-y-te/tinh-dau-xoa-bop-duoc-lieu-nhat-phong-50ml-37743.html,195000.0,Hộp,đ,https://cdn.nhathuoclongchau.com.vn/unsafe/https://cms-prod.s3-sgn09.fptcloud.com/np_fe83e19e0f.jpg,"Tinh dầu gừng , Tinh dầu bạc hà , Củ Sắn , Tinh dầu hương nhu , Tinh dầu quế , Methyl salicylate , Tinh dầu tràm , Tinh dầu long não , Ethanol , Paraffin Oil ",Dạng dầu,Nhất Phong,Hộp x 50ml,Thiết bị y tế | Dụng cụ y tế | Các dụng cụ và sản phẩm khác,trang-thiet-bi-y-te | trang-thiet-bi-y-te/dung-cu-y-te | trang-thiet-bi-y-te/dung-cu-khac,True,True,110,0,https://nhathuoclongchau.com.vn/trang-thiet-bi-y-te/tinh-dau-xoa-bop-duoc-lieu-nhat-phong-50ml-37743.html,trang-thiet-bi-y-te,0
34,00503321,"MIẾNG DÁN MỤN BAN NGÀY VÀ ĐÊM DERMA ANGEL 12D+6N MIẾNG HÚT MỤN, LÀM LÀNH VẾT THƯƠNG SAU MỤN","Miếng dán mụn ngày và đêm DermaAngel hút mụn, làm lành vết thương sau mụn (18 miếng x 15g)",trang-thiet-bi-y-te/mieng-dan-mun-ban-ngay-va-dem-derma-angel-12-d-6-n-mieng-hut-mun-lam-lanh-vet-thuong-sau-mun.html,69000.0,Hộp,đ,https://cdn.nhathuoclongchau.com.vn/unsafe/https://cms-prod.s3-sgn09.fptcloud.com/DSC_09318_6af5270b64.jpg,Hydrocolloid ,Miếng dán,Derma Angel,Hộp 18 Miếng x 15g,Thiết bị y tế,trang-thiet-bi-y-te,True,True,110,0,https://nhathuoclongchau.com.vn/trang-thiet-bi-y-te/mieng-dan-mun-ban-ngay-va-dem-derma-angel-12-d-6-n-mieng-hut-mun-lam-lanh-vet-thuong-sau-mun.html,trang-thiet-bi-y-te,0
35,00503318,MIẾNG DÁN MỤN BAN NGÀY DERMA ANGEL HỘP 12 MIẾNG HÚT MỤN NHANH CHÓNG VÀ LÀM LÀNH VẾT THƯƠNG SAU MỤN,Miếng dán mụn ban ngày DermaAngel hút mụn nhanh chóng và làm lành vết thương sau mụn (12 miếng x 15g),trang-thiet-bi-y-te/mieng-dan-mun-ban-ngay-derma-angel-hop-12-mieng-37631.html,50000.0,Hộp,đ,https://cdn.nhathuoclongchau.com.vn/unsafe/https://cms-prod.s3-sgn09.fptcloud.com/DSC_09339_38e2e70dbe.jpg,Hydrocolloid ,Miếng dán,Derma Angel,Hộp 12 Miếng x 15g,Thiết bị y tế | Dụng cụ y tế | Các dụng cụ và sản phẩm khác,trang-thiet-bi-y-te | trang-thiet-bi-y-te/dung-cu-y-te | trang-thiet-bi-y-te/dung-cu-khac,True,True,110,0,https://nhathuoclongchau.com.vn/trang-thiet-bi-y-te/mieng-dan-mun-ban-ngay-derma-angel-hop-12-mieng-37631.html,trang-thiet-bi-y-te,0
36,00503302,"KEM BÔI DA PROCREAM 30G - GIẢM TÌNH TRẠNG CHÀM SỮA, HĂM TẢ, KÍCH ỨNG, BỎNG","Kem bôi Procream giảm tình trạng chàm sữa, hăm tã, kích ứng, bỏng (30g)",trang-thiet-bi-y-te/procream-30g-kem-boi-dac-tri-cham-sua-ham-ta-kich-ung-bong-37612.html,99000.0,Hộp,đ,https://cdn.nhathuoclongchau.com.vn/unsafe/https://cms-prod.s3-sgn09.fptcloud.com/123_9deadf8d8d.jpg,"Purified water , Perfume , Chlorhexidine Gluconate , BHT , Benzalkonium Chloride , Polysorbate 60 , Isohexadecane , Hydroethyl acrylate , Peg 400 , EDTA , Ceteareth 20 , Ceteraryl Alcohol , IPM , Vaselin , Almond oil , Lanolin , Zinc oxide , Panthenol , Silver Nano Solution , Vitamin E , Ceramide ",Dạng kem,PRO CREAM,Hộp x 30g,Thiết bị y tế | Dụng cụ y tế | Các dụng cụ và sản phẩm khác,trang-thiet-bi-y-te | trang-thiet-bi-y-te/dung-cu-y-te | trang-thiet-bi-y-te/dung-cu-khac,True,True,110,0,https://nhathuoclongchau.com.vn/trang-thiet-bi-y-te/procream-30g-kem-boi-dac-tri-cham-sua-ham-ta-kich-ung-bong-37612.html,trang-thiet-bi-y-te,0
37,00502899,"CHAI XỊT MIỆNG ALOCLAIR PLUS SPRAY 15ML - GIẢM NHIỆT MIỆNG, TAY CHÂN MIỆNG CHO MỌI LỨA TUỔI","Chai xịt Aloclair Plus Spray giảm đau nhanh bệnh tay chân miệng, nhiệt miệng, chỉnh nha, nhổ răng (15ml)",trang-thiet-bi-y-te/aloclair-plus-spray-15ml-chai-xit-nhiet-mieng-tay-chan-mieng-cho-moi-lua-tuoi-37209.html,229000.0,Hộp,đ,https://cdn.nhathuoclongchau.com.vn/unsafe/https://cms-prod.s3-sgn09.fptcloud.com/aloclair_3d0c236dd9.jpg,"Aqua , Propylene glycol , Maltodextrin , Polyvinylpyrrolidone , Aloe Barbadencis Extract , Benzalkonium Chloride , Sodium benzoate , Peg-40 Hydrogenated Castor Oil , Disodium EDTA , Aroma , Sodium saccharin , Dipotassium Glycyrrhizate , Potassium sorbate ",,Alliance,Hộp x 15ml,Thiết bị y tế | Dụng cụ y tế,trang-thiet-bi-y-te | trang-thiet-bi-y-te/dung-cu-y-te,True,True,110,0,https://nhathuoclongchau.com.vn/trang-thiet-bi-y-te/aloclair-plus-spray-15ml-chai-xit-nhiet-mieng-tay-chan-mieng-cho-moi-lua-tuoi-37209.html,trang-thiet-bi-y-te,0
38,00502433,"CAO DÁN GIẢM ĐAU CHỈ THỐNG CAO HỘP 20 GÓI - DÙNG TRONG ĐAU CỔ, ĐAU MỎI VAI GÁY, ĐAU LƯNG","Cao dán giảm đau Chỉ Thống Cao dùng trong đau cổ, đau mỏi vai gáy, đau lưng (20 gói x 5 miếng)",trang-thiet-bi-y-te/cao-dan-giam-dau-chi-thong-cao-hop-20-goi-36673.html,350000.0,Hộp,đ,https://cdn.nhathuoclongchau.com.vn/unsafe/https://cms-prod.s3-sgn09.fptcloud.com/00502433_cao_dan_giam_dau_chi_thong_cao_hop_20_goi_9111_634c_large_c40225c0bd.jpg,"Phụ tử , Cao Quế chi , Camphor , Đương quy , Capsicum extract , Xuyên khung ",Miếng dán,Phương Y Nam,Hộp 20 Gói x 5 Miếng,"Thiết bị y tế | Dụng cụ sơ cứu | Miếng dán giảm đau, hạ sốt",trang-thiet-bi-y-te | trang-thiet-bi-y-te/dung-cu-so-cuu | trang-thiet-bi-y-te/mieng-dan-giam-dau,True,True,110,0,https://nhathuoclongchau.com.vn/trang-thiet-bi-y-te/cao-dan-giam-dau-chi-thong-cao-hop-20-goi-36673.html,trang-thiet-bi-y-te,0
39,00502309,BỘT PHỦ DẠNG XỊT HYALO4 SILVER SPRAY 50ML - BẢO VỆ LÀM LÀNH VẾT THƯƠNG HỞ,Chai xịt Hyalo4 Silver Spray hỗ trợ điều trị vết thương (50ml),trang-thiet-bi-y-te/bot-phu-bao-ve-lam-lanh-vet-thuong-ho-dang-xit-hyalo-4-silver-spray-50-ml.html,590000.0,Hộp,đ,https://cdn.nhathuoclongchau.com.vn/unsafe/https://cms-prod.s3-sgn09.fptcloud.com/00502309_chai_xit_dac_tri_bong_vet_thuong_ho_loet_ti_de_hyalo4_silver_spray_50ml_5459_633e_large_ae9320520a.jpg,"Vitamin E , Metallic silver , Hyaluronic acid sodium salt ",Dạng xịt,Fidia,Hộp x 50ml,Thiết bị y tế | Dụng cụ sơ cứu,trang-thiet-bi-y-te | trang-thiet-bi-y-te/dung-cu-so-cuu,True,True,110,0,https://nhathuoclongchau.com.vn/trang-thiet-bi-y-te/bot-phu-bao-ve-lam-lanh-vet-thuong-ho-dang-xit-hyalo-4-silver-spray-50-ml.html,trang-thiet-bi-y-te,0
40,00502251,"CHAI XỊT LẠNH GIẢM ĐAU FRIGOFAST SPRAY ITALIA 200ML - GIÚP GIẢM ĐAU BONG GÂN, CĂNG CƠ, GIÃN DÂY CHẰNG","Chai xịt lạnh Frigofast Spray giảm đau bong gân, căng cơ, giãn dây chằng (200ml)",trang-thiet-bi-y-te/chai-xit-lanh-giam-dau-frigofast-spray-italia-200ml-36490.html,210000.0,Chai,đ,https://cdn.nhathuoclongchau.com.vn/unsafe/https://cms-prod.s3-sgn09.fptcloud.com/00502251_chai_xit_lanh_giam_dau_frigofast_spray_italia_200ml_8660_63d7_large_aa0c229207.jpg,"Butane/propane 95.08%, Parfum 0.8%, Isopropyl myristate 2%, Isopropyl Alcohol 2.06%",,Farmac - Zabban,Chai x 200ml,"Thiết bị y tế | Dụng cụ sơ cứu | Xịt giảm đau, kháng viêm",trang-thiet-bi-y-te | trang-thiet-bi-y-te/dung-cu-so-cuu | trang-thiet-bi-y-te/xit-giam-dau,True,True,110,0,https://nhathuoclongchau.com.vn/trang-thiet-bi-y-te/chai-xit-lanh-giam-dau-frigofast-spray-italia-200ml-36490.html,trang-thiet-bi-y-te,0
41,00501510,QUE THỬ THAI NHANH HUMASIS HELLO BABY+ PHÁT HIỆN MANG THAI SỚM (DẠNG BÚT),Que thử thai Hello Baby Plus Humasis cho kết quả nhanh trong 3 phút (1 que) ,trang-thiet-bi-y-te/que-thu-thai-korea-hello-baby-dang-but-35670.html,49000.0,Hộp,đ,https://cdn.nhathuoclongchau.com.vn/unsafe/https://cms-prod.s3-sgn09.fptcloud.com/1_a9db36da0b.jpg,Nhựa ,,Humasis,Hộp,Thiết bị y tế | Dụng cụ theo dõi | Thử thai,trang-thiet-bi-y-te | trang-thiet-bi-y-te/dung-cu-theo-doi | trang-thiet-bi-y-te/thu-thai,True,True,110,0,https://nhathuoclongchau.com.vn/trang-thiet-bi-y-te/que-thu-thai-korea-hello-baby-dang-but-35670.html,trang-thiet-bi-y-te,0
42,00501451,VIÊN ĐẶT HẬU MÔN EMORAN ITALY 6 VIÊN - HỖ TRỢ ĐIỀU TRỊ TRĨ VÀ VIÊM TRỰC TRÀNG,"Viên đặt Supposte Emoran giảm các triệu chứng của bệnh trĩ, viêm trực tràng (6 viên)",trang-thiet-bi-y-te/vien-dat-emoran-italy-6v-35613.html,189000.0,Hộp,đ,https://cdn.nhathuoclongchau.com.vn/unsafe/https://cms-prod.s3-sgn09.fptcloud.com/00501451_vien_dat_emoran_italy_6v_2147_62ec_large_01dee5f913.jpg,"Aescin , Tinh dầu hương Thảo , Vitamin E , Glyxerit bản tổng hợp , Glycosaminoglycans , Farnesol , Bisabolol ",,Mar-Farma,Hộp 6 Viên,Thiết bị y tế | Dụng cụ y tế,trang-thiet-bi-y-te | trang-thiet-bi-y-te/dung-cu-y-te,True,True,110,0,https://nhathuoclongchau.com.vn/trang-thiet-bi-y-te/vien-dat-emoran-italy-6v-35613.html,trang-thiet-bi-y-te,0
43,00501416,KHĂN HẠ SỐT DR.PAPIE 0+ STARMED 5 TÚI X 5 KHĂN - HẠ NHIỆT GIẢM SỐT,Khăn hạ sốt DR.Papie 0+ hỗ trợ hạ nhiệt giảm sốt (5 túi x 5 khăn),trang-thiet-bi-y-te/khan-ha-sot-drpapie-0-starmed-hop-5-tui-x-5-khan-35581.html,147000.0,Hộp,đ,https://cdn.nhathuoclongchau.com.vn/unsafe/https://cms-prod.s3-sgn09.fptcloud.com/00501416_khan_ha_sot_drpapie_0_starmed_hop_5_tui_x_5_khan_6751_62fb_large_911b414b04.jpg,"Chlorophyll , Phenoxyethanol , Vitamin E , Chanh , Glycerin , Cỏ nhọ nồi , Nước tinh khiết , Lô hội , Gôm Xanthan , Tía Tô ",,DR. PAPIE,Hộp 5 Túi x 5 Miếng,Thiết bị y tế | Dụng cụ y tế | Các dụng cụ và sản phẩm khác,trang-thiet-bi-y-te | trang-thiet-bi-y-te/dung-cu-y-te | trang-thiet-bi-y-te/dung-cu-khac,True,True,110,0,https://nhathuoclongchau.com.vn/trang-thiet-bi-y-te/khan-ha-sot-drpapie-0-starmed-hop-5-tui-x-5-khan-35581.html,trang-thiet-bi-y-te,0
44,00501374,MÁY XÔNG KHÍ DUNG OMRON NE-C106 - HỖ TRỢ ĐIỀU TRỊ BỆNH LÝ VỀ ĐƯỜNG HÔ HẤP,Máy xông khí dung Omron NE-C106 phòng và điều trị bệnh về đường hô hấp,trang-thiet-bi-y-te/may-xong-khi-dung-omron-ne-c106-35522.html,830000.0,Hộp,đ,https://cdn.nhathuoclongchau.com.vn/unsafe/https://cms-prod.s3-sgn09.fptcloud.com/00501374_may_xong_khi_dung_omron_ne_c106_9887_62e7_large_fe55da5e59.jpg,Nhựa ,,OMRON,Hộp,Thiết bị y tế | Dụng cụ y tế | Máy xông khí dung,trang-thiet-bi-y-te | trang-thiet-bi-y-te/dung-cu-y-te | trang-thiet-bi-y-te/may-xong-khi-dung,True,True,110,0,https://nhathuoclongchau.com.vn/trang-thiet-bi-y-te/may-xong-khi-dung-omron-ne-c106-35522.html,trang-thiet-bi-y-te,0
45,00501325,"DUNG DỊCH XỊT MŨI XOANG HẢI ĐẰNG 15ML - NGĂN NGỪA VÀ GIẢM VIÊM XOANG, VIÊM MŨI DỊ ỨNG","Dung dịch xịt mũi xoang Hải Đằng làm sạch sâu, rửa trôi dịch nhầy, bụi bẩn trong mũi (15ml)",trang-thiet-bi-y-te/dung-dich-xit-mui-xoang-hai-dang-15ml-35492.html,64000.0,Hộp,đ,https://cdn.nhathuoclongchau.com.vn/unsafe/https://cms-prod.s3-sgn09.fptcloud.com/DSC_09627_f37cddb050.png,"Hoa Hải Đằng , Mỏ quạ (Lá) , Hoàng đằng , Hoàng liên , Alcohol , Tinh dầu bạc hà , Potassium sorbate , Hoa ngũ sắc , Dung dịch Nano bạc , Nước Ro ",Dung dịch,Phương Y Nam,Hộp x 15ml,Thiết bị y tế | Dụng cụ y tế | Dụng cụ vệ sinh mũi,trang-thiet-bi-y-te | trang-thiet-bi-y-te/dung-cu-y-te | trang-thiet-bi-y-te/dung-cu-ve-sinh-mui,True,True,110,0,https://nhathuoclongchau.com.vn/trang-thiet-bi-y-te/dung-dich-xit-mui-xoang-hai-dang-15ml-35492.html,trang-thiet-bi-y-te,0
46,00501117,"GEL BÔI MIỆNG ALOCLAIR PLUS GEL ALLIANCE 8ML -  GIẢM NHIỆT MIỆNG, TAY CHÂN MIỆNG CHO MỌI LỨA TUỔI","Gel bôi Aloclair Plus Gel giảm đau, kháng viêm và lành viêm loét khoang miệng (8ml)",trang-thiet-bi-y-te/gel-boi-mieng-aloclair-plus-gel-alliance-8-ml-giam-nhiet-mieng-tay-chan-mieng-cho-moi-lua-tuoi.html,175000.0,Tuýp,đ,https://cdn.nhathuoclongchau.com.vn/unsafe/https://cms-prod.s3-sgn09.fptcloud.com/1ceb37b4bc0962573b181_fc39127465.jpg,"Nước (aqua) , Sodium hyaluronate , Aloe Barbadencis Extract , Polyvinylpyrrolidone K30 , Maltodextrin , Propylene glycol , Sodium benzoate , Xanthan gum , Benzalkonium Chloride , Potassium sorbate , Sodium saccharin , Aroma , Peg-40 Hydrogenated Castor Oil , Dipotassium Glycyrrhizate , Disodium EDTA ",Nhũ tương (Gel),Alliance,Tuýp x 8ml,Thiết bị y tế,trang-thiet-bi-y-te,True,True,110,0,https://nhathuoclongchau.com.vn/trang-thiet-bi-y-te/gel-boi-mieng-aloclair-plus-gel-alliance-8-ml-giam-nhiet-mieng-tay-chan-mieng-cho-moi-lua-tuoi.html,trang-thiet-bi-y-te,0
47,00500709,GEL BÔI DA URGO ECZEKALM 50ML - HỖ TRỢ ĐIỀU TRỊ VIÊM DA VÀ CHỨNG KHÔ DA,Kem bôi Urgo Eczekalm 50ml dạng gel hỗ trợ điều trị viêm da và chứng khô da,trang-thiet-bi-y-te/urgo-eczekalm-50-ml-ho-tro-dieu-tri-viem-da-va-chung-kho-da-1.html,319000.0,Hộp,đ,https://cdn.nhathuoclongchau.com.vn/unsafe/https://cms-prod.s3-sgn09.fptcloud.com/DSC_0636_437a0e5503.jpg,"Citric Acid , Ascorbyl palmitat , Tocopherols , Phytosterols , Lecithin , Piperitone , Octyldodecanol , Disodium EDTA , Gamma-decalactone , Xanthan gum , Phenethyl acetate , Sodium benzoate , Hydroxyacetophenone , Dimethicone , glycerine , Butyrospermum Parkii Butter , Cetearyl Alcohol , Caprylic/capric triglyceride , Aqua/ Water , Lactic Acid , Polyglyceryl-3 rice branate , Potassium Palmitoyl Hydrolyzed Oat Protein , Hydrolyzed Oat Protein , Panthenol , Avena Sativa Kernel Extract , Prunus Amygdalus Dulcis Oil , Simmondsia Chinensis Seed Oil , Tocopheryl acetate , Bisabolol , Pinus radiata bark extract , Hydrogenated Lecithin , Ceramides , Trehalose , Sodium hyaluronate ",,Urgo,Hộp x 50ml,Thiết bị y tế | Dụng cụ y tế | Các dụng cụ và sản phẩm khác,trang-thiet-bi-y-te | trang-thiet-bi-y-te/dung-cu-y-te | trang-thiet-bi-y-te/dung-cu-khac,True,True,110,0,https://nhathuoclongchau.com.vn/trang-thiet-bi-y-te/urgo-eczekalm-50-ml-ho-tro-dieu-tri-viem-da-va-chung-kho-da-1.html,trang-thiet-bi-y-te,0
48,00033692,"KHẨU TRANG TRẺ EM NIVA 4D KIDS 4 LỚP 25 CÁI - THOÁNG KHÍ, NGĂN CHẶN VI KHUẨN, GIỌT BẮN","Khẩu trang 4D Kids Niva thoáng khí, ngăn chặn vi khuẩn, giọt bắn (25 cái)",trang-thiet-bi-y-te/khau-trang-niva-4d-kids-hop-25-cai-33778.html,45000.0,Hộp,đ,https://cdn.nhathuoclongchau.com.vn/unsafe/https://cms-prod.s3-sgn09.fptcloud.com/00033692_khau_trang_niva_4d_kids_hop_25_cai_9317_6250_large_81c42bd9cc.jpg,"Quai thun , Thanh nẹp mũi bằng nhựa , Màng lọc kháng khuẩn , Vải không dệt ",,Niva,Hộp 25 Cái,Thiết bị y tế | Khẩu trang | Khẩu trang y tế,trang-thiet-bi-y-te | trang-thiet-bi-y-te/khau-trang | trang-thiet-bi-y-te/khau-trang-y-te,True,True,110,0,https://nhathuoclongchau.com.vn/trang-thiet-bi-y-te/khau-trang-niva-4d-kids-hop-25-cai-33778.html,trang-thiet-bi-y-te,0
49,00033280,"DUNG DỊCH XỊT MŨI MUỐI BIỂN NANO SEA BABY SPRAY TRẺ EM 75ML - LÀM SẠCH, NGỪA SỔ MŨI",Dung dịch xịt vệ sinh mũi Nano Sea Baby Spray 75ml làm sạch và ngừa sổ mũi,trang-thiet-bi-y-te/xit-mui-muoi-bien-nano-sea-baby-spray-tre-em-75ml-33394.html,30000.0,Hộp,đ,https://cdn.nhathuoclongchau.com.vn/unsafe/https://cms-prod.s3-sgn09.fptcloud.com/IMG_5041_9ffeb45e50.jpg,"Nước tinh khiết , Potassium sorbate , Tinh dầu tràm , Dung dịch Nano bạc , Muối biển ",,Phương Y Nam,Hộp x 75ml,Thiết bị y tế | Dụng cụ y tế | Dụng cụ vệ sinh mũi,trang-thiet-bi-y-te | trang-thiet-bi-y-te/dung-cu-y-te | trang-thiet-bi-y-te/dung-cu-ve-sinh-mui,True,True,110,0,https://nhathuoclongchau.com.vn/trang-thiet-bi-y-te/xit-mui-muoi-bien-nano-sea-baby-spray-tre-em-75ml-33394.html,trang-thiet-bi-y-te,0
50,00033290,QUE THỬ ĐƯỜNG HUYẾT EASY MAX HỘP 25 QUE,Que thử đường huyết Easy Max cho kết quả trong 5 giây (25 cái),trang-thiet-bi-y-te/que-thu-duong-huyet-easy-max-hop-25-cai-33399.html,169000.0,Hộp,đ,https://cdn.nhathuoclongchau.com.vn/unsafe/https://cms-prod.s3-sgn09.fptcloud.com/00033290_que_thu_duong_huyet_easy_max_hop_25_cai_8957_61e9_large_1b28af915a.jpg,Kim loại ,,Easymax,Hộp 25 Cái,"Thiết bị y tế | Dụng cụ theo dõi | Máy, que thử đường huyết",trang-thiet-bi-y-te | trang-thiet-bi-y-te/dung-cu-theo-doi | trang-thiet-bi-y-te/may-que-thu-duong-huyet,True,True,110,0,https://nhathuoclongchau.com.vn/trang-thiet-bi-y-te/que-thu-duong-huyet-easy-max-hop-25-cai-33399.html,trang-thiet-bi-y-te,0
51,00033346,GẠC RĂNG MIỆNG DR.PAPIE STARMED 30 GÓI - LÀM SẠCH VÀ BẢO VỆ RĂNG MIỆNG CHO BÉ,Gạc răng miệng Dr.Papie làm sạch và bảo vệ răng miệng cho bé (30 gói),trang-thiet-bi-y-te/gac-rang-mieng-drpapie-30-goihop-starmed-33453.html,110000.0,Hộp,đ,https://cdn.nhathuoclongchau.com.vn/unsafe/https://cms-prod.s3-sgn09.fptcloud.com/00033346_gac_rang_mieng_drpapie_30_goihop_starmed_2422_6303_large_7dd7f5ffe9.jpg,"Dịch chiết lá hẹ , Xylitol , NaHCO3 , NaCl ",,DR. PAPIE,Hộp 30 Gói,Thiết bị y tế | Dụng cụ y tế | Các dụng cụ và sản phẩm khác,trang-thiet-bi-y-te | trang-thiet-bi-y-te/dung-cu-y-te | trang-thiet-bi-y-te/dung-cu-khac,True,True,110,0,https://nhathuoclongchau.com.vn/trang-thiet-bi-y-te/gac-rang-mieng-drpapie-30-goihop-starmed-33453.html,trang-thiet-bi-y-te,0
52,00033377,"KHẨU TRANG VĨNH TIẾN 4D 3HMASK 4 LỚP CAO CẤP (MÀU ĐEN) 20 CÁI - NGĂN KHÓI BỤI, VI KHUẨN","Khẩu trang y tế cao cấp 3Hmask Vĩnh Tiến 4D màu đen hỗ trợ ngăn khói, bụi, kháng khuẩn (20 cái)",trang-thiet-bi-y-te/khau-trang-y-te-cao-cap-vinh-tien-4d-3hmask-mau-den-33490.html,69000.0,Hộp,đ,https://cdn.nhathuoclongchau.com.vn/unsafe/https://cms-prod.s3-sgn09.fptcloud.com/00033377_khau_trang_y_te_cao_cap_vinh_tien_4d_3hmask_mau_den_3843_6209_large_ba8d181aca.jpg,Vải ,,Vĩnh Tiến,Hộp 20 Cái,Thiết bị y tế | Khẩu trang | Khẩu trang y tế,trang-thiet-bi-y-te | trang-thiet-bi-y-te/khau-trang | trang-thiet-bi-y-te/khau-trang-y-te,True,True,110,0,https://nhathuoclongchau.com.vn/trang-thiet-bi-y-te/khau-trang-y-te-cao-cap-vinh-tien-4d-3hmask-mau-den-33490.html,trang-thiet-bi-y-te,0
53,00002147,"GEL BÔI SẸO CURIOSIN GEDEON 15G - HỖ TRỢ ĐIỀU TRỊ, LÀM LÀNH VẾT THƯƠNG, HẠN CHẾ SẸO","Gel Curiosin Gedeon làm lành vết loét ở chân, loét điểm tỳ, loét do tiểu đường (15g)",trang-thiet-bi-y-te/curiosin-15g-4125.html,173000.0,Tuýp,đ,https://cdn.nhathuoclongchau.com.vn/unsafe/https://cms-prod.s3-sgn09.fptcloud.com/12_8e07252203.png,Kẽm – Hyaluronate ,Nhũ tương (Gel),Gedeon,Tuýp,Thiết bị y tế | Dụng cụ sơ cứu | Chăm sóc vết thương,trang-thiet-bi-y-te | trang-thiet-bi-y-te/dung-cu-so-cuu | trang-thiet-bi-y-te/cham-soc-vet-thuong,True,True,110,0,https://nhathuoclongchau.com.vn/trang-thiet-bi-y-te/curiosin-15g-4125.html,trang-thiet-bi-y-te,0
54,00016013,MÁY ĐO HUYẾT ÁP BẮP TAY OMRON HEM 7120,Máy đo huyết áp bắp tay tự động Omron HEM-7120 lưu 1 kết quả đo gần nhất,trang-thiet-bi-y-te/may-do-huyet-ap-tu-dong-omron-hem-7120-14680.html,940000.0,Hộp,đ,https://cdn.nhathuoclongchau.com.vn/unsafe/https://cms-prod.s3-sgn09.fptcloud.com/60836162e571302f69604_b4a0d8f19f.jpg,Nhựa ,,OMRON,Hộp,Thiết bị y tế | Dụng cụ theo dõi | Máy đo huyết áp,trang-thiet-bi-y-te | trang-thiet-bi-y-te/dung-cu-theo-doi | trang-thiet-bi-y-te/may-do-huyet-ap,True,True,110,0,https://nhathuoclongchau.com.vn/trang-thiet-bi-y-te/may-do-huyet-ap-tu-dong-omron-hem-7120-14680.html,trang-thiet-bi-y-te,0
55,00021304,BĂNG CÁ NHÂN TRẺ EM KIDS BAND (PORORO) 4 SIZE 20 MIẾNG - BẢO VỆ VẾT THƯƠNG,Băng keo cá nhân in hình Pororo Kids Band 4 size Young Chemical bảo vệ vết thương dành cho trẻ nhỏ (20 miếng),trang-thiet-bi-y-te/bang-keo-ca-nhan-kids-band-pororo-4-size-20-mieng-21674.html,27000.0,Hộp,đ,https://cdn.nhathuoclongchau.com.vn/unsafe/https://cms-prod.s3-sgn09.fptcloud.com/00021304_bang_keo_ca_nhan_kids_band_pororo_4_size_20_mieng_8299_5f7f_large_e169f8e923.JPG,"Polyvinyl Clorua , Acrylic ",,YOUNG CHEMICAL,Hộp,Thiết bị y tế | Dụng cụ sơ cứu | Băng y tế,trang-thiet-bi-y-te | trang-thiet-bi-y-te/dung-cu-so-cuu | trang-thiet-bi-y-te/bang-y-te,True,True,110,0,https://nhathuoclongchau.com.vn/trang-thiet-bi-y-te/bang-keo-ca-nhan-kids-band-pororo-4-size-20-mieng-21674.html,trang-thiet-bi-y-te,0
56,00021303,BĂNG CÁ NHÂN TRẺ EM KIDS BAND (PORORO) 1 SIZE 72MM X 18MM 20 MIẾNG - BẢO VỆ VẾT THƯƠNG,Băng keo cá nhân in hình Pororo Kids Band 72mm x 18mm Young Chemical bảo vệ vết thương dành cho trẻ nhỏ (20 miếng),trang-thiet-bi-y-te/bang-keo-ca-nhan-kids-band-pororo-1-size-72mm-x-18mm-20-mieng-21675.html,27000.0,Hộp,đ,https://cdn.nhathuoclongchau.com.vn/unsafe/https://cms-prod.s3-sgn09.fptcloud.com/00021303_bang_keo_ca_nhan_kids_band_pororo_1_size_72mm_x_18mm_20_mieng_6312_5f7f_large_d83f53724d.JPG,"Polyvinyl Clorua , Acrylic , vải không dệt trắng ",,YOUNG CHEMICAL,Hộp,Thiết bị y tế | Dụng cụ sơ cứu | Băng y tế,trang-thiet-bi-y-te | trang-thiet-bi-y-te/dung-cu-so-cuu | trang-thiet-bi-y-te/bang-y-te,True,True,110,0,https://nhathuoclongchau.com.vn/trang-thiet-bi-y-te/bang-keo-ca-nhan-kids-band-pororo-1-size-72mm-x-18mm-20-mieng-21675.html,trang-thiet-bi-y-te,0
57,00021463,CHAI XỊT LẠNH STARBALM COLD SPRAY NOVUM 150ML - GIÚP GIẢM ĐAU SAU CHẤN THƯƠNG,Chai xịt lạnh giảm đau sau chấn thương Starbalm Cold Spray (150ml),trang-thiet-bi-y-te/starbalm-cold-spray-novum-150ml-chai-xit-lanh-21815.html,220000.0,Chai,đ,https://cdn.nhathuoclongchau.com.vn/unsafe/https://cms-prod.s3-sgn09.fptcloud.com/DSC_08067_c55e69130b.jpg,"Menthol , Eucalyptus oil , Tea tree oil , Ethyl Alcohol , Menthyl Acetate , Cassia Oil , MA Decadiene Crosspolymer , Azone , Isopropanol , Purified water , glycerine ",,Starbalm,Chai,"Thiết bị y tế | Dụng cụ sơ cứu | Xịt giảm đau, kháng viêm",trang-thiet-bi-y-te | trang-thiet-bi-y-te/dung-cu-so-cuu | trang-thiet-bi-y-te/xit-giam-dau,True,True,110,0,https://nhathuoclongchau.com.vn/trang-thiet-bi-y-te/starbalm-cold-spray-novum-150ml-chai-xit-lanh-21815.html,trang-thiet-bi-y-te,0
58,00021682,MIẾNG DÁN HẠ SỐT LION HIEPITA FOR CHILD 8 GÓI X 2 MIẾNG - DÙNG CHO TRẺ TRÊN 2 TUỔI,"Miếng dán Lion Hiepita For Child hạ sốt nhanh chóng, làm mát đến 8 giờ cho bé (8 gói x 2 miếng)",trang-thiet-bi-y-te/mieng-dan-ha-sot-lion-hiepita-for-child-8-goi-x-2-mieng-22035.html,128000.0,Hộp,đ,https://cdn.nhathuoclongchau.com.vn/unsafe/https://cms-prod.s3-sgn09.fptcloud.com/00021682_mieng_dan_ha_sot_lion_hiepita_for_child_8_goi_x_2_mieng_6522_62ba_large_a8e2b6db0f.jpg,Miếng dán ,,Lion,Hộp 8 Gói,"Thiết bị y tế | Dụng cụ sơ cứu | Miếng dán giảm đau, hạ sốt",trang-thiet-bi-y-te | trang-thiet-bi-y-te/dung-cu-so-cuu | trang-thiet-bi-y-te/mieng-dan-giam-dau,True,True,110,0,https://nhathuoclongchau.com.vn/trang-thiet-bi-y-te/mieng-dan-ha-sot-lion-hiepita-for-child-8-goi-x-2-mieng-22035.html,trang-thiet-bi-y-te,0
59,00022172,BĂNG CÁ NHÂN VẢI PLAID 60MM X 19MM 100 MIẾNG - BẢO VỆ VẾT THƯƠNG,Băng keo cá nhân vải Elastic Fabric Ace Band-F 60mm x 19mm Young Chemical bảo vệ vết thương (100 miếng),trang-thiet-bi-y-te/bang-keo-ca-nhan-vai-plaid-60mm-x-19mm-100-mieng-22511.html,56000.0,Hộp,đ,https://cdn.nhathuoclongchau.com.vn/unsafe/https://cms-prod.s3-sgn09.fptcloud.com/IMG_5284_5c167dc646.jpg,"Sợi vải co giãn Viscose 70% 70%, polyamide 30%, vải không dệt trắng , Acrylic ",,YOUNG CHEMICAL,Hộp 100 Miếng,Thiết bị y tế | Dụng cụ sơ cứu | Băng y tế,trang-thiet-bi-y-te | trang-thiet-bi-y-te/dung-cu-so-cuu | trang-thiet-bi-y-te/bang-y-te,True,True,110,0,https://nhathuoclongchau.com.vn/trang-thiet-bi-y-te/bang-keo-ca-nhan-vai-plaid-60mm-x-19mm-100-mieng-22511.html,trang-thiet-bi-y-te,0
60,00022491,"MUỐI RỬA MŨI XOANG SINUFRESH CÁT LINH 30 GÓI + 1 CHAI 180ML - LÀM SẠCH, GIẢM NGẠT MŨI, SỔ MŨI","Muối rửa mũi xoang SinuFresh Cát Linh dùng cho khô mũi, ngạt mũi, chảy nước mũi (30 gói + 1 chai 180ml)",trang-thiet-bi-y-te/muoi-rua-mui-xoang-sinufresh-cat-linh-30-goi-1-chai-180ml-22817.html,170000.0,Hộp,đ,https://cdn.nhathuoclongchau.com.vn/unsafe/https://cms-prod.s3-sgn09.fptcloud.com/00022491_muoi_rua_mui_xoang_sinufresh_cat_linh_30_goi_1_chai_180ml_7990_62ae_large_eb5fd52cea.jpg,"Natri clorid 1620mg, natri bicarbonate 380mg, Xylitol 600mg",,Cát Linh,Hộp,Thiết bị y tế | Dụng cụ y tế | Dụng cụ vệ sinh mũi,trang-thiet-bi-y-te | trang-thiet-bi-y-te/dung-cu-y-te | trang-thiet-bi-y-te/dung-cu-ve-sinh-mui,True,True,110,0,https://nhathuoclongchau.com.vn/trang-thiet-bi-y-te/muoi-rua-mui-xoang-sinufresh-cat-linh-30-goi-1-chai-180ml-22817.html,trang-thiet-bi-y-te,0
61,00022492,"MUỐI RỬA MŨI XOANG SINUFRESH CÁT LINH 50 GÓI - LÀM SẠCH, GIẢM NGẠT MŨI, SỔ MŨI",Muối rửa mũi xoang SinuFresh làm sạch dịch nhầy (50 gói) ,trang-thiet-bi-y-te/cham-soc-mui-xoang-sinufresh-cat-linh-50-goi-22818.html,170000.0,Hộp,đ,https://cdn.nhathuoclongchau.com.vn/unsafe/https://cms-prod.s3-sgn09.fptcloud.com/00022492_cham_soc_mui_xoang_sinufresh_cat_linh_50_goi_3875_63ab_large_3b6da34e61.jpg,"Natri clorid 1620mg, natri bicarbonate 380mg, Xylitol 600mg",,Cát Linh,Hộp 50 Gói,Thiết bị y tế | Dụng cụ y tế | Dụng cụ vệ sinh mũi,trang-thiet-bi-y-te | trang-thiet-bi-y-te/dung-cu-y-te | trang-thiet-bi-y-te/dung-cu-ve-sinh-mui,True,True,110,0,https://nhathuoclongchau.com.vn/trang-thiet-bi-y-te/cham-soc-mui-xoang-sinufresh-cat-linh-50-goi-22818.html,trang-thiet-bi-y-te,0
62,00029197,"GEL BÔI TRĨ PROCTOCARE BIMEX 25G - HỖ TRỢ ĐIỀU TRỊ TRĨ, NỨT HẬU MÔN, CO BÚI TRĨ","Gel bôi Proctocare Bimex hỗ trợ điều trị trĩ nội, trĩ ngoại, nứt kẽ hậu môn, co búi trĩ (25g)",trang-thiet-bi-y-te/proctocare-bimex-gel-boi-tri-25g-29463.html,89000.0,Tuýp,đ,https://cdn.nhathuoclongchau.com.vn/unsafe/https://cms-prod.s3-sgn09.fptcloud.com/00029197_proctocare_bimex_gel_boi_tri_25g_9009_62b5_large_c1401150dc.jpg,"Nano Curcumin  , Xuyên tâm liên  , Ngư tinh thảo  , Hòe giác  , Long não  , Tinh dầu quế  , Kẽm oxyd  , Almond  , Vitamin E  , D-panthenol 50  , Phenoxyethanol  , Ethylhexylglycerin  , Fragrance  , Nước tinh khiết  , Vaseline  , Ceteareth 20  , Cetearyl Alcohol  ",Nhũ tương (Gel),BIMEX,Tuýp,Thiết bị y tế | Dụng cụ y tế | Các dụng cụ và sản phẩm khác,trang-thiet-bi-y-te | trang-thiet-bi-y-te/dung-cu-y-te | trang-thiet-bi-y-te/dung-cu-khac,True,True,110,0,https://nhathuoclongchau.com.vn/trang-thiet-bi-y-te/proctocare-bimex-gel-boi-tri-25g-29463.html,trang-thiet-bi-y-te,0
63,00029198,KEM BÔI DA PANTO CREAM NANO SILVER - ZINC 30G - HỖ TRỢ ĐIỀU TRỊ CÁC VẾT THƯƠNG Ở DA,Kem Panto Cream Nano Silver - ZinC đặc trị bỏng (30ml),trang-thiet-bi-y-te/panto-cream-nano-silver-zinc-dac-tri-bong-30ml-29464.html,69000.0,Chai,đ,https://cdn.nhathuoclongchau.com.vn/unsafe/https://cms-prod.s3-sgn09.fptcloud.com/00029198_panto_cream_nano_silver_zinc_dac_tri_bong_30ml_5103_62b5_large_4317f2abe2.jpg,"Nano Silver  , Zinc oxide  , Lanolin  , Hạnh nhân  , PEG  , Benzalkonium Chloride  , Nước tinh khiết  , Chất nhũ hoá  , Na2 EDTA  , Vaseline  , Acid Citric khan  , Vitamin B5  ",,BIMEX,Chai,Thiết bị y tế | Dụng cụ sơ cứu | Chăm sóc vết thương,trang-thiet-bi-y-te | trang-thiet-bi-y-te/dung-cu-so-cuu | trang-thiet-bi-y-te/cham-soc-vet-thuong,True,True,110,0,https://nhathuoclongchau.com.vn/trang-thiet-bi-y-te/panto-cream-nano-silver-zinc-dac-tri-bong-30ml-29464.html,trang-thiet-bi-y-te,0
64,00029203,XỊT VỆ SINH TAI SPRAY C NANO BẠC AERO CHEMIE 15ML - HỖ TRỢ LÀM SẠCH RÁY TAI,"Phun sương vệ sinh tai Spray-C Nano Bạc Aero Chemie làm sạch ráy tai, phục hồi cơ chế tự làm sạch ráy (15ml)",trang-thiet-bi-y-te/spray-c-nano-bac-xit-ve-sinh-tai-15ml-29469.html,59000.0,Chai,đ,https://cdn.nhathuoclongchau.com.vn/unsafe/https://cms-prod.s3-sgn09.fptcloud.com/00029203_spray_c_nano_bac_xit_ve_sinh_tai_15ml_7536_62b5_large_07c10088e7.jpg,"Benzalkonium Chloride  , Nano Silver  , natri bicarbonate 1000mg, Glycerol  , Nước cất  ",,Aero Chemie,Chai,Thiết bị y tế | Dụng cụ y tế | Dụng cụ vệ sinh tai,trang-thiet-bi-y-te | trang-thiet-bi-y-te/dung-cu-y-te | trang-thiet-bi-y-te/dung-cu-ve-sinh-tai,True,True,110,0,https://nhathuoclongchau.com.vn/trang-thiet-bi-y-te/spray-c-nano-bac-xit-ve-sinh-tai-15ml-29469.html,trang-thiet-bi-y-te,0
65,00029576,"BÔNG VIÊN Y TẾ NIVA COTTON BALLS YB1 - 50 VIÊN - LÀM SẠCH VẾT THƯƠNG, THẤM MÁU VÀ DỊCH TIẾT","Bông viên Niva YB1 làm sạch vết thương, thấm máu và dịch tiết (50 viên)",trang-thiet-bi-y-te/bong-vien-y-te-niva-cotton-balls-yb-1-50-vien-lam-sach-vet-thuong-tham-mau-va-dich-tiet.html,18500.0,Túi,đ,https://cdn.nhathuoclongchau.com.vn/unsafe/https://cms-prod.s3-sgn09.fptcloud.com/00029576_bong_vien_niva_50_vien_3081_62b9_large_4dc02b1745.jpg,Bông tự nhiên ,,Niva,Túi,Thiết bị y tế | Dụng cụ sơ cứu | Bông y tế,trang-thiet-bi-y-te | trang-thiet-bi-y-te/dung-cu-so-cuu | trang-thiet-bi-y-te/bong-y-te,True,True,110,0,https://nhathuoclongchau.com.vn/trang-thiet-bi-y-te/bong-vien-y-te-niva-cotton-balls-yb-1-50-vien-lam-sach-vet-thuong-tham-mau-va-dich-tiet.html,trang-thiet-bi-y-te,0
66,00029577,"BÔNG VIÊN Y TẾ NIVA COTTON BALLS YB2 - 100 VIÊN - LÀM SẠCH VẾT THƯƠNG, VỆ SINH CÁ NHÂN, TẨY TRANG","Bông viên Niva YB2 dùng trong phòng khám, vệ sinh cá nhân, vệ sinh vết thương, tẩy trang (100 viên)",trang-thiet-bi-y-te/bong-vien-niva-100-vien-29841.html,32000.0,Túi,đ,https://cdn.nhathuoclongchau.com.vn/unsafe/https://cms-prod.s3-sgn09.fptcloud.com/00029577_bong_vien_niva_100_vien_7316_62ad_large_8e4aed993a.jpg,Bông tự nhiên  ,,Niva,Túi,Thiết bị y tế | Dụng cụ sơ cứu | Bông y tế,trang-thiet-bi-y-te | trang-thiet-bi-y-te/dung-cu-so-cuu | trang-thiet-bi-y-te/bong-y-te,True,True,110,0,https://nhathuoclongchau.com.vn/trang-thiet-bi-y-te/bong-vien-niva-100-vien-29841.html,trang-thiet-bi-y-te,0
67,00029865,QUE THỬ THAI NHANH HCG ALLISA PREGNANCY TEST KIT TRAPHACO - GIÚP PHÁT HIỆN SỚM THAI KỲ SAU 7-10 NGÀY THỤ THAI,Que thử thai nhanh HCG Allisa Pregnancy Test Kit Traphaco phát hiện 7 - 10 ngày sau khi thụ thai,trang-thiet-bi-y-te/allisa-pregnancy-test-kit-que-thu-thai-30132.html,15000.0,Hộp,đ,https://cdn.nhathuoclongchau.com.vn/unsafe/https://cms-prod.s3-sgn09.fptcloud.com/00029865_allisa_pregnancy_test_kit_que_thu_thai_6689_62b5_large_4758a9fe49.JPG,"Kháng thể kháng β-hCG 0.5mg/ml, kháng thể kháng α -hCG 0.7mg/ml, kháng thể để kháng IgG chuột 15mg/ml",,Traphaco,Hộp,Thiết bị y tế | Dụng cụ theo dõi | Thử thai,trang-thiet-bi-y-te | trang-thiet-bi-y-te/dung-cu-theo-doi | trang-thiet-bi-y-te/thu-thai,True,True,110,0,https://nhathuoclongchau.com.vn/trang-thiet-bi-y-te/allisa-pregnancy-test-kit-que-thu-thai-30132.html,trang-thiet-bi-y-te,0
68,00029866,"GEL LÀM LẠNH STARBALM COLD GEL 25ML - GIẢM THÂM TÍM, THƯ GIÃN CƠ",Gel Starbalm Cold Gel có tác dụng làm mát và ngăn ngừa chấn thương thể thao (25ml),trang-thiet-bi-y-te/gel-lam-lanh-starbalm-cold-gel-25ml-30133.html,50000.0,Tuýp,đ,https://cdn.nhathuoclongchau.com.vn/unsafe/https://cms-prod.s3-sgn09.fptcloud.com/00029866_gel_lam_lanh_starbalm_cold_gel_25ml_5702_62ae_large_85d651f2a3.JPG,"MA Decadiene Crosspolymer , triethanolamine , Menthol , Eucalyptus oil , Ethyl Alcohol , Polyethylene glycol , Tea tree oil , Acid blue , Menthyl Acetate , Cassia Oil , Azone , Purified water ",,Starbalm,Tuýp,Thiết bị y tế | Dụng cụ sơ cứu | Chăm sóc vết thương,trang-thiet-bi-y-te | trang-thiet-bi-y-te/dung-cu-so-cuu | trang-thiet-bi-y-te/cham-soc-vet-thuong,True,True,110,0,https://nhathuoclongchau.com.vn/trang-thiet-bi-y-te/gel-lam-lanh-starbalm-cold-gel-25ml-30133.html,trang-thiet-bi-y-te,0
69,00030071,BĂNG CÁ NHÂN MÀU DA ACE BAND-S(SHEER) 72X18MM 10 MIẾNG - BẢO VỆ VẾT THƯƠNG,Băng keo cá nhân màu da Ace Band-S (Sheer) 72mm x 18mm Young Chemical bảo vệ vết thương hở (10 miếng),trang-thiet-bi-y-te/bang-keo-ca-nhan-mau-da-ace-band-ssheer-72x18mm-30272.html,11000.0,Hộp,đ,https://cdn.nhathuoclongchau.com.vn/unsafe/https://cms-prod.s3-sgn09.fptcloud.com/IMG_5296_dae3dc668d.jpg,"vải không dệt trắng , Acrylic , Polyvinyl Clorua ",,YOUNG CHEMICAL,Hộp,Thiết bị y tế | Dụng cụ sơ cứu | Băng y tế,trang-thiet-bi-y-te | trang-thiet-bi-y-te/dung-cu-so-cuu | trang-thiet-bi-y-te/bang-y-te,True,True,110,0,https://nhathuoclongchau.com.vn/trang-thiet-bi-y-te/bang-keo-ca-nhan-mau-da-ace-band-ssheer-72x18mm-30272.html,trang-thiet-bi-y-te,0
70,00030072,BĂNG CÁ NHÂN TRONG SUỐT ACE BAND-S(TRANSPARENT) 72X18MM (10 MIẾNG) - BẢO VỆ VẾT THƯƠNG,Băng keo cá nhân trong suốt Ace Band-S (Transparent) 72mm x 18mm Young Chemical bảo vệ vết thương (10 miếng),trang-thiet-bi-y-te/bang-keo-ca-nhan-trong-suot-ace-band-stransparent-72x18mm-30273.html,11000.0,Hộp,đ,https://cdn.nhathuoclongchau.com.vn/unsafe/https://cms-prod.s3-sgn09.fptcloud.com/00030072_bang_keo_ca_nhan_trong_suot_ace_band_stransparent_72x18mm_1417_62b5_large_90ad18acb3.jpg,"vải không dệt trắng  , Acrylic  , Polyvinyl Clorua  ",,YOUNG CHEMICAL,Hộp,Thiết bị y tế | Dụng cụ sơ cứu | Băng y tế,trang-thiet-bi-y-te | trang-thiet-bi-y-te/dung-cu-so-cuu | trang-thiet-bi-y-te/bang-y-te,True,True,110,0,https://nhathuoclongchau.com.vn/trang-thiet-bi-y-te/bang-keo-ca-nhan-trong-suot-ace-band-stransparent-72x18mm-30273.html,trang-thiet-bi-y-te,0
71,00030073,BĂNG CÁ NHÂN VẢI ACE BAND-F 72X18MM 10 MIẾNG - BẢO VỆ VẾT THƯƠNG,Băng keo cá nhân vải Ace Band-F 72mm x 18mm Young Chemical bảo vệ vết thương (10 miếng),trang-thiet-bi-y-te/bang-keo-ca-nhan-vai-ace-band-f-72x18mm-30274.html,11000.0,Hộp,đ,https://cdn.nhathuoclongchau.com.vn/unsafe/https://cms-prod.s3-sgn09.fptcloud.com/00030073_bang_keo_ca_nhan_vai_ace_band_f_72x18mm_2061_62b5_large_be85353e18.jpg,"polyamide 30%, vải không dệt trắng , Benzalkonium , Acrylic , Sợi vải co giãn Viscose 70% ",,YOUNG CHEMICAL,Hộp,Thiết bị y tế | Dụng cụ sơ cứu | Băng y tế,trang-thiet-bi-y-te | trang-thiet-bi-y-te/dung-cu-so-cuu | trang-thiet-bi-y-te/bang-y-te,True,True,110,0,https://nhathuoclongchau.com.vn/trang-thiet-bi-y-te/bang-keo-ca-nhan-vai-ace-band-f-72x18mm-30274.html,trang-thiet-bi-y-te,0
72,00030074,BĂNG CÁ NHÂN KHÔNG THẤM NƯỚC WATERPROOF PLASTER 10 MIẾNG - BẢO VỆ VẾT THƯƠNG,Băng cá nhân không thấm nước Waterproof Plaster hỗ trợ bảo vệ vết thương (10 miếng),trang-thiet-bi-y-te/bang-keo-ca-nhan-khong-tham-nuoc-waterproof-plaster-30275.html,19000.0,Hộp,đ,https://cdn.nhathuoclongchau.com.vn/unsafe/https://cms-prod.s3-sgn09.fptcloud.com/00030074_bang_keo_ca_nhan_khong_tham_nuoc_waterproof_plaster_4640_62b9_large_b016a0e7dc.JPG,"Polyurethane  , vải không dệt trắng  , Acrylic  ",,YOUNG CHEMICAL,Hộp,Thiết bị y tế | Dụng cụ sơ cứu | Băng y tế,trang-thiet-bi-y-te | trang-thiet-bi-y-te/dung-cu-so-cuu | trang-thiet-bi-y-te/bang-y-te,True,True,110,0,https://nhathuoclongchau.com.vn/trang-thiet-bi-y-te/bang-keo-ca-nhan-khong-tham-nuoc-waterproof-plaster-30275.html,trang-thiet-bi-y-te,0
73,00030968,BỘT NHUẬN TRÀNG CONSTIPASS WELLCARE 20 GÓI - KHẮC PHỤC TÁO BÓN CHO NGƯỜI LỚN VÀ TRẺ EM,"Bột nhuận tràng Constipass Wellcare bổ trợ nhuận tràng, khắc phục chứng táo bón (20 gói)",trang-thiet-bi-y-te/constipass-wellcare-20-goi-31108.html,396000.0,Hộp,đ,https://cdn.nhathuoclongchau.com.vn/unsafe/https://cms-prod.s3-sgn09.fptcloud.com/00030968_constipass_wellcare_20_goi_7312_633e_large_fb8e538974.jpg,Macrogol 3350 6.65g,Dạng bột,Wellcare,Hộp 20 Gói,Thiết bị y tế | Dụng cụ y tế,trang-thiet-bi-y-te | trang-thiet-bi-y-te/dung-cu-y-te,True,True,110,0,https://nhathuoclongchau.com.vn/trang-thiet-bi-y-te/constipass-wellcare-20-goi-31108.html,trang-thiet-bi-y-te,0
74,00031308,"DUNG DỊCH XỊT MŨI OTOSAN NASAL SPRAY BABY 30ML - HỖ TRỢ ĐIỀU TRỊ VIÊM MŨI,XOANG CHO TRẺ EM","Xịt mũi trẻ em Otosan Nasal Spray Baby làm sạch sâu các hốc mũi, thông thoáng mũi (30ml)",trang-thiet-bi-y-te/dung-dich-xi-mui-tre-em-otosan-nasal-spray-bab-30ml-31411.html,295000.0,Lọ,đ,https://cdn.nhathuoclongchau.com.vn/unsafe/https://cms-prod.s3-sgn09.fptcloud.com/00031308_dung_dich_xi_mui_tre_em_otosan_nasal_spray_bab_30ml_5711_63aa_large_76aeeeac8c.jpg,"Carboxymethyl betaglucan , Đồng gluconat , Tinh dầu cam , Lô hội , Hypertonic ",Dung dịch,Otosan,Lọ x 30ml,Thiết bị y tế | Dụng cụ y tế,trang-thiet-bi-y-te | trang-thiet-bi-y-te/dung-cu-y-te,True,True,110,0,https://nhathuoclongchau.com.vn/trang-thiet-bi-y-te/dung-dich-xi-mui-tre-em-otosan-nasal-spray-bab-30ml-31411.html,trang-thiet-bi-y-te,0
75,00031338,GẠC TẨM CỒN 6CM X 6CM QUICK - NURSE LÀM SẠCH DA VÀ NGĂN NGỪA VI KHUẨN 100 MIẾNG,"Gạc tẩm cồn 6cm x 6cm Quick - Nurse sát trùng da, khử trùng dụng cụ (100 miếng)",trang-thiet-bi-y-te/gac-tam-con-quick-nurse-6x6cm-hop-100-mieng-31494.html,27000.0,Hộp,đ,https://cdn.nhathuoclongchau.com.vn/unsafe/https://cms-prod.s3-sgn09.fptcloud.com/00031338_gac_tam_con_quick_nurse_6x6cm_hop_100_mieng_8478_62b5_large_cbd8c0e8ef.jpg,"Vải không dệt , Dung dịch cồn isopropyl 70%",,Quick Nurse,Hộp,"Thiết bị y tế | Dụng cụ sơ cứu | Cồn, nước sát trùng, nước muối",trang-thiet-bi-y-te | trang-thiet-bi-y-te/dung-cu-so-cuu | trang-thiet-bi-y-te/con-va-nuoc-sat-trung,True,True,110,0,https://nhathuoclongchau.com.vn/trang-thiet-bi-y-te/gac-tam-con-quick-nurse-6x6cm-hop-100-mieng-31494.html,trang-thiet-bi-y-te,0
76,00031339,GẠC TẨM CỒN 6CM X 3CM QUICK - NURSE LÀM SẠCH DA VÀ NGĂN NGỪA VI KHUẨN 100 MIẾNG,Gạc tẩm cồn 6cm x 3cm Quick - Nurse làm sạch da và chống lại vi khuẩn (100 miếng),trang-thiet-bi-y-te/gac-tam-con-quick-nurse-6x3cm-hop-100-mieng-31495.html,23000.0,Hộp,đ,https://cdn.nhathuoclongchau.com.vn/unsafe/https://cms-prod.s3-sgn09.fptcloud.com/00031339_gac_tam_con_quick_nurse_6x3cm_hop_100_mieng_1489_62b5_large_b6f3b192c8.jpg,,,Quick Nurse,Hộp,Thiết bị y tế | Dụng cụ sơ cứu | Băng y tế,trang-thiet-bi-y-te | trang-thiet-bi-y-te/dung-cu-so-cuu | trang-thiet-bi-y-te/bang-y-te,True,True,110,0,https://nhathuoclongchau.com.vn/trang-thiet-bi-y-te/gac-tam-con-quick-nurse-6x3cm-hop-100-mieng-31495.html,trang-thiet-bi-y-te,0
77,00031572,"SIRO HO FORTUSS OTOSAN 180G - LÀM DỊU CƠN HO HIỆU QUẢ, BẢO VỆ NIÊM MẠC","Siro ho Fortuss Otosan làm dịu cơn ho hiệu quả, bảo vệ niêm mạc (180g)",trang-thiet-bi-y-te/siro-ho-otosan-fortuss-cough-syrup-180g-31706.html,260000.0,Chai,đ,https://cdn.nhathuoclongchau.com.vn/unsafe/https://cms-prod.s3-sgn09.fptcloud.com/DSC_09111_5eaaf0c2dd.jpg,Mật ong ,,Otosan,Chai,Thiết bị y tế | Dụng cụ y tế,trang-thiet-bi-y-te | trang-thiet-bi-y-te/dung-cu-y-te,True,True,110,0,https://nhathuoclongchau.com.vn/trang-thiet-bi-y-te/siro-ho-otosan-fortuss-cough-syrup-180g-31706.html,trang-thiet-bi-y-te,0
78,00031947,KHĂN HẠ SỐT DR.PAPIE 3M0+ STARMED 5 TÚI X 5 KHĂN - HẠ NHIỆT GIẢM SỐT,Khăn hạ sốt Dr.Papie 3M0+ hỗ trợ hạ nhiệt giảm sốt (5 túi x 5 khăn),trang-thiet-bi-y-te/khan-ha-sot-drpapie-5x5-32087.html,147000.0,Hộp,đ,https://cdn.nhathuoclongchau.com.vn/unsafe/https://cms-prod.s3-sgn09.fptcloud.com/00031947_khan_ha_sot_drpapie_5_tui_x_5_khan_8074_62fb_large_75aa90cf08.jpg,"Vitamin E , Hương liệu , Chlorophyll , Phenoxyethanol , Glycerin , Cỏ nhọ nồi , Bạc hà , Nước tinh khiết , Lô hội , Chanh , Gôm Xanthan ",,DR. PAPIE,Hộp 5 Gói x 5 Miếng,Thiết bị y tế | Dụng cụ y tế | Các dụng cụ và sản phẩm khác,trang-thiet-bi-y-te | trang-thiet-bi-y-te/dung-cu-y-te | trang-thiet-bi-y-te/dung-cu-khac,True,True,110,0,https://nhathuoclongchau.com.vn/trang-thiet-bi-y-te/khan-ha-sot-drpapie-5x5-32087.html,trang-thiet-bi-y-te,0
79,00032201,"DUNG DỊCH XỊT MŨI ION MUỐI FUJIWA 90ML - HỖ TRỢ LÀM SẠCH, GIẢM VIÊM, PHÒNG NGỪA SỔ MŨI","Dung dịch vệ sinh mũi ION Muối hỗ trợ sát khuẩn, kháng viêm, phòng ngừa sổ mũi (90ml)",trang-thiet-bi-y-te/dung-dich-xit-mui-i-on-muoi-90ml-32342.html,42000.0,Chai,đ,https://cdn.nhathuoclongchau.com.vn/unsafe/https://cms-prod.s3-sgn09.fptcloud.com/00032201_dung_dich_xit_mui_i_on_muoi_90ml_1199_62b5_large_dfbeba3385.jpg,"Muối biển , Tinh dầu bạc hà , Ion Alkaline ",,Fujiwa,Chai,Thiết bị y tế | Dụng cụ y tế | Dụng cụ vệ sinh mũi,trang-thiet-bi-y-te | trang-thiet-bi-y-te/dung-cu-y-te | trang-thiet-bi-y-te/dung-cu-ve-sinh-mui,True,True,110,0,https://nhathuoclongchau.com.vn/trang-thiet-bi-y-te/dung-dich-xit-mui-i-on-muoi-90ml-32342.html,trang-thiet-bi-y-te,0
80,00032180,"DUNG DỊCH NHỎ TAI OTOSAN NATURAL EAR DROPS 10ML - GIẢM ĐAU, CHỐNG VIÊM, LÀM SẠCH TAI",Dung dịch nhỏ tai Otosan Natural Ear Drops loại bỏ và ngăn ngừa sự hình thành của ráy tai (10ml),trang-thiet-bi-y-te/otosan-natural-ear-drops-dung-dich-nho-tai-32352.html,220000.0,Hộp,đ,https://cdn.nhathuoclongchau.com.vn/unsafe/https://cms-prod.s3-sgn09.fptcloud.com/DSC_09142_65fbd7edbb.jpg,"Prunus Amygdalus Dulcis Oil , Ribes Nigrum Oil 2.5%, Propolis Extract , Borago Officinalis Seed Oil , Juniperus Communis Fruit Oil , Melaleuca Leucadendron Cajaputi Oil , Bisabolol , Pelargonium Graveolens (Geranium) Flower Oil , Citronellol , Geraniol , Limonene , Eugenol , Linalool , Citral , Eugenia caryophyllata bud oil , Tocopherol , Isoeugenol , Soja Oil Unsaponifiables , Helianthus Annuus Seed Oil Unsaponifiables ",Dung dịch,Otosan,Hộp x 10ml,Thiết bị y tế | Dụng cụ y tế | Dụng cụ vệ sinh tai,trang-thiet-bi-y-te | trang-thiet-bi-y-te/dung-cu-y-te | trang-thiet-bi-y-te/dung-cu-ve-sinh-tai,True,True,110,0,https://nhathuoclongchau.com.vn/trang-thiet-bi-y-te/otosan-natural-ear-drops-dung-dich-nho-tai-32352.html,trang-thiet-bi-y-te,0
81,00032456,"DUNG DỊCH DÙNG NGOÀI NGỪA KHUẨN HÃN HUYẾT LINH 15ML - GIẢM SƯNG VIÊM, LÀM DỊU VẾT TRẦY XƯỚC, BẦM TÍM","Dung dịch dùng ngoài Hãn Huyết Linh làm sạch da, kháng khuẩn và sát trùng nhẹ (15ml) ",trang-thiet-bi-y-te/dung-dich-sat-khuan-han-huyet-linh-dang-xit-15ml-32579.html,90000.0,Hộp,đ,https://cdn.nhathuoclongchau.com.vn/unsafe/https://cms-prod.s3-sgn09.fptcloud.com/DSC_09587_f0ff2ddb47.jpg,"Hoàng liên , Cao Khổ sâm , Dừa cạn , Hoàng đằng , Bạch hạc ",Dung dịch,Hãn Huyết Linh,Hộp x 15ml,"Thiết bị y tế | Dụng cụ sơ cứu | Cồn, nước sát trùng, nước muối",trang-thiet-bi-y-te | trang-thiet-bi-y-te/dung-cu-so-cuu | trang-thiet-bi-y-te/con-va-nuoc-sat-trung,True,True,110,0,https://nhathuoclongchau.com.vn/trang-thiet-bi-y-te/dung-dich-sat-khuan-han-huyet-linh-dang-xit-15ml-32579.html,trang-thiet-bi-y-te,0
82,00032687,"KHẨU TRANG VĨNH TIẾN 4D 3HMASK 4 LỚP CAO CẤP (MÀU TRẮNG) 20 CÁI - NGĂN KHÓI BỤI, VI KHUẨN","Khẩu trang y tế cao cấp 3Hmask 4D Vĩnh Tiến màu trắng hỗ trợ ngăn khói, bụi, kháng khuẩn (20 cái)",trang-thiet-bi-y-te/khau-trang-y-te-cao-cap-vinh-tien-4d-3hmask-hop-20-cai-mau-trang-32806.html,69000.0,Hộp,đ,https://cdn.nhathuoclongchau.com.vn/unsafe/https://cms-prod.s3-sgn09.fptcloud.com/00032687_khau_trang_y_te_cao_cap_vinh_tien_4d_3hmask_hop_20_cai_mau_trang_6390_618b_large_c0b2cac16f.jpg,Vải ,,Vĩnh Tiến,Hộp 20 Cái,Thiết bị y tế | Khẩu trang | Khẩu trang y tế,trang-thiet-bi-y-te | trang-thiet-bi-y-te/khau-trang | trang-thiet-bi-y-te/khau-trang-y-te,True,True,110,0,https://nhathuoclongchau.com.vn/trang-thiet-bi-y-te/khau-trang-y-te-cao-cap-vinh-tien-4d-3hmask-hop-20-cai-mau-trang-32806.html,trang-thiet-bi-y-te,0
83,00049074,COMBO MÁY ĐƯỜNG HUYẾT YUWEL (MUA 1 TẶNG 7),Combo đo đường huyết Yuwell theo dõi sức khỏe tại nhà,trang-thiet-bi-y-te/combo-do-duong-huyet-yuwel.html,790000.0,Hộp,đ,https://cdn.nhathuoclongchau.com.vn/unsafe/https://cms-prod.s3-sgn09.fptcloud.com/DSC_07923_9fb27ccf16.jpg,Nhựa ,,Yuwell,Hộp,"Thiết bị y tế | Dụng cụ theo dõi | Máy, que thử đường huyết",trang-thiet-bi-y-te | trang-thiet-bi-y-te/dung-cu-theo-doi | trang-thiet-bi-y-te/may-que-thu-duong-huyet,True,True,100,0,https://nhathuoclongchau.com.vn/trang-thiet-bi-y-te/combo-do-duong-huyet-yuwel.html,trang-thiet-bi-y-te,0
84,00048489,KEM BÔI TRĨ EMORAN 30ML - HỖ TRỢ ĐIỀU TRỊ TRĨ VÀ VIÊM TRỰC TRÀNG,"Kem Emoran Mar-Farma làm giảm các triệu chứng của bệnh trĩ, hỗ trợ làm dịu cơn ngứa và rát (30ml)",trang-thiet-bi-y-te/kem-boi-tri-emoran-30-ml-ho-tro-dieu-tri-tri-va-viem-truc-trang.html,189000.0,Hộp,đ,https://cdn.nhathuoclongchau.com.vn/unsafe/https://cms-prod.s3-sgn09.fptcloud.com/DSC_02939_d5863e0feb.png,"Kẽm oxyd , Panthenol , Bisabolol , Rosmarinus officinalis , Tocopheryl acetate , Glycerin , Butyrospermum Parkii (Shea) Butter , Ethylhexyl Palmitate ",Kem,Mar-Farma,Hộp,Thiết bị y tế,trang-thiet-bi-y-te,True,True,100,0,https://nhathuoclongchau.com.vn/trang-thiet-bi-y-te/kem-boi-tri-emoran-30-ml-ho-tro-dieu-tri-tri-va-viem-truc-trang.html,trang-thiet-bi-y-te,0
85,00048487,MIẾNG DÁN MỤN ELABAND HYDRO DOT TEA TREE 23 MIẾNG,"Miếng dán mụn Elaband Hydro Dot Tea Tree hút dịch mụn, giảm sưng viêm (23 miếng)",trang-thiet-bi-y-te/mieng-dan-mun-elaband-hydro-dot-tea-tree-23-mieng.html,80000.0,Hộp,đ,https://cdn.nhathuoclongchau.com.vn/unsafe/https://cms-prod.s3-sgn09.fptcloud.com/DSC_02973_36520645dc.jpg,Cotton ,,ELABAND,Hộp 23 Miếng,Thiết bị y tế,trang-thiet-bi-y-te,True,True,100,0,https://nhathuoclongchau.com.vn/trang-thiet-bi-y-te/mieng-dan-mun-elaband-hydro-dot-tea-tree-23-mieng.html,trang-thiet-bi-y-te,0
86,00048486,"THUỐC MỠ LOẠI BỎ MỤN CÓC, VẾT CHAI TIMODORE POMATA CALLIFUGO CICCARELL 5ML","Thuốc mỡ Timodore Pomata Callifugo Ciccarell trị mụn cóc, vết chai (5ml)",trang-thiet-bi-y-te/thuoc-mo-loai-bo-mun-coc-vet-chai-timodore-pomata-callifugo-ciccarell-5-ml.html,199000.0,Hộp,đ,https://cdn.nhathuoclongchau.com.vn/unsafe/https://cms-prod.s3-sgn09.fptcloud.com/DSC_09797_abe2c2ca76.png,Salicylic acid 33%,Thuốc mỡ,TIMODORE,,Thiết bị y tế,trang-thiet-bi-y-te,True,True,100,0,https://nhathuoclongchau.com.vn/trang-thiet-bi-y-te/thuoc-mo-loai-bo-mun-coc-vet-chai-timodore-pomata-callifugo-ciccarell-5-ml.html,trang-thiet-bi-y-te,0
87,00048485,"DUNG DỊCH HỖ TRỢ TRỊ MỤN CÓC, VẾT CHAI TIMODORE LIQUIDO CALLIFUGO CICCARELLI 12ML","Dung dịch Timodore Liquido Callifugo Ciccarelli trị mụn cóc, vết chai (12ml)",trang-thiet-bi-y-te/dung-dich-ho-tro-tri-mun-coc-vet-chai-timodore-liquido-callifugo-ciccarelli-12-ml.html,220000.0,Hộp,đ,https://cdn.nhathuoclongchau.com.vn/unsafe/https://cms-prod.s3-sgn09.fptcloud.com/DSC_09780_6dd705d94c.png,"Salicylic acid , Isopropyl Alcohol , Ethyl acetate , Lactic Acid , Turpentine ",Dung dịch,TIMODORE,Hộp,Thiết bị y tế,trang-thiet-bi-y-te,True,True,100,0,https://nhathuoclongchau.com.vn/trang-thiet-bi-y-te/dung-dich-ho-tro-tri-mun-coc-vet-chai-timodore-liquido-callifugo-ciccarelli-12-ml.html,trang-thiet-bi-y-te,0
88,00048484,"MIẾNG DÁN LOẠI BỎ MỤN CÓC, VẾT CHAI TIMODORE 6 MIẾNG",Miếng dán Timodore Cerotto Callifugo Ciccarell giúp loại bỏ mụn cóc và vết chai sần (6 miếng),trang-thiet-bi-y-te/mieng-dan-loai-bo-mun-coc-vet-chai-timodore-6-mieng.html,155000.0,Gói,đ,https://cdn.nhathuoclongchau.com.vn/unsafe/https://cms-prod.s3-sgn09.fptcloud.com/DSC_09805_7c7a92a2ad.png,Salicylic acid 30%,,TIMODORE,Gói 6 Miếng,Thiết bị y tế,trang-thiet-bi-y-te,True,True,100,0,https://nhathuoclongchau.com.vn/trang-thiet-bi-y-te/mieng-dan-loai-bo-mun-coc-vet-chai-timodore-6-mieng.html,trang-thiet-bi-y-te,0
89,00047619,"ỐNG HÍT THÔNG MŨI CON Ó EAGLE INHALER 1.1G HỘP 12 ỐNG - THÔNG MŨI, GIẢM NGHẸT MŨI","Ống hít thông mũi con ó Eagle Inhaler 1.1g thông mũi, giảm nghẹt mũi (12 ống)",trang-thiet-bi-y-te/ong-hit-thong-mui-con-o-eagle-inhaler-12-ong-x-1-1-g.html,20000.0,Ống,đ,https://cdn.nhathuoclongchau.com.vn/unsafe/https://cms-prod.s3-sgn09.fptcloud.com/DSC_00070_2_74e7ae419a.jpg,"Tinh dầu bạc hà , Bạch đàn , Tinh dầu , Gốc dầu khoáng ",Ống hít,Eagle,Hộp 12 Ống,Thiết bị y tế | Dụng cụ y tế,trang-thiet-bi-y-te | trang-thiet-bi-y-te/dung-cu-y-te,True,True,100,0,https://nhathuoclongchau.com.vn/trang-thiet-bi-y-te/ong-hit-thong-mui-con-o-eagle-inhaler-12-ong-x-1-1-g.html,trang-thiet-bi-y-te,0
90,00047338,MÁY ĐO HUYẾT ÁP ĐIỆN TỬ BẮP TAY YUWELL YE680B - CẢNH BÁO ĐỘT QUỴ,"Máy đo huyết áp điện tử bắp tay Yuwell YE680B cảnh báo rung nhĩ, ngăn ngừa đột quỵ",trang-thiet-bi-y-te/may-do-huyet-ap-dien-tu-bap-tay-yuwell-ye-680-b-canh-bao-dot-quy.html,1090000.0,Hộp,đ,https://cdn.nhathuoclongchau.com.vn/unsafe/https://cms-prod.s3-sgn09.fptcloud.com/DSC_09784_7491e9a96a.jpg,Nhựa ,,Yuwell,Hộp,Thiết bị y tế | Dụng cụ theo dõi | Máy đo huyết áp,trang-thiet-bi-y-te | trang-thiet-bi-y-te/dung-cu-theo-doi | trang-thiet-bi-y-te/may-do-huyet-ap,True,True,100,0,https://nhathuoclongchau.com.vn/trang-thiet-bi-y-te/may-do-huyet-ap-dien-tu-bap-tay-yuwell-ye-680-b-canh-bao-dot-quy.html,trang-thiet-bi-y-te,0
91,00047204,"DẦU NHỊ THIÊN ĐƯỜNG 1.5ML HỘP 10 CHAI - GIÚP GIẢM CÁC TRIỆU CHỨNG CẢM LẠNH, SỔ MŨI, CHÓNG MẶT","Dầu Nhị Thiên Đường 1.5ml dùng khi bị cảm mạo phong hàn, sổ mũi (10 chai)",trang-thiet-bi-y-te/dau-nhi-thien-duong-10-chai-x-1-5-ml.html,12000.0,Chai,đ,https://cdn.nhathuoclongchau.com.vn/unsafe/https://cms-prod.s3-sgn09.fptcloud.com/DSC_09721_b934b7d620.jpg,"Bạc hà 0.675g, Menthol 0.675g, Camphor 0.038g, Tinh dầu quế 0.053g, Đinh hương 0.03g",Dung dịch,NHỊ THIÊN ĐƯỜNG,Hộp 10 Chai,Thiết bị y tế | Dụng cụ sơ cứu,trang-thiet-bi-y-te | trang-thiet-bi-y-te/dung-cu-so-cuu,True,True,100,0,https://nhathuoclongchau.com.vn/trang-thiet-bi-y-te/dau-nhi-thien-duong-10-chai-x-1-5-ml.html,trang-thiet-bi-y-te,0
92,00047154,"CHAI XỊT NÓNG GIẢM ĐAU VOLTOGEL HOT SPRAY 120ML - GIÚP GIẢM ĐAU CƠ, ĐAU VAI, BẦM TÍM, BONG GÂN","Chai xịt nóng Voltogel hot spray giảm nhanh chóng các cơn đau cơ, đau vai, bầm tím, bong gân (120ml)",trang-thiet-bi-y-te/chai-xit-nong-giam-dau-voltogel-hot-spray-120-ml.html,110000.0,Chai,đ,https://cdn.nhathuoclongchau.com.vn/unsafe/https://cms-prod.s3-sgn09.fptcloud.com/DSC_00003_3bc350ca2e.jpg,"Menthol 15g, Camphor 5g, Ngải cứu 5g, Tam thất 1.5g, Khương hoạt 7.5g, Quế 0.5g, Địa liền 7.5g, Bạch cập 5g, Tế tân 5g, Độc hoạt 2.5g, Methyl Salicylat 500mg, Panthenol 500mg, Ethanol , Phenoxyethanol, Ethylhexyglycerin ",,VOLTOGEL,Chai,Thiết bị y tế | Dụng cụ y tế | Các dụng cụ và sản phẩm khác,trang-thiet-bi-y-te | trang-thiet-bi-y-te/dung-cu-y-te | trang-thiet-bi-y-te/dung-cu-khac,True,True,100,0,https://nhathuoclongchau.com.vn/trang-thiet-bi-y-te/chai-xit-nong-giam-dau-voltogel-hot-spray-120-ml.html,trang-thiet-bi-y-te,0
93,00043524,MÁY ĐO HUYẾT ÁP BẮP TAY FUJI PG-800B18,Máy đo huyết áp bắp tay Fuji PG-800B18 hỗ trợ đo huyết áp,trang-thiet-bi-y-te/may-do-huyet-ap-bap-tay-fuji-pg-800-b18-1.html,790000.0,Hộp,đ,https://cdn.nhathuoclongchau.com.vn/unsafe/https://cms-prod.s3-sgn09.fptcloud.com/DSC_09173_b85a08b8fa.jpg,Nhựa ,,FUJI,Hộp,Thiết bị y tế | Dụng cụ theo dõi | Máy đo huyết áp,trang-thiet-bi-y-te | trang-thiet-bi-y-te/dung-cu-theo-doi | trang-thiet-bi-y-te/may-do-huyet-ap,True,True,100,0,https://nhathuoclongchau.com.vn/trang-thiet-bi-y-te/may-do-huyet-ap-bap-tay-fuji-pg-800-b18-1.html,trang-thiet-bi-y-te,0
94,00041645,"GEL BÔI SẸO URGO SCARFORM 7G - HỖ TRỢ ĐIỀU TRỊ SẸO PHÌ ĐẠI, SẸO LỒI & MỜ THÂM","Gel điều trị sẹo phì đại, sẹo lồi và mờ thâm Urgo Scarform 7g",trang-thiet-bi-y-te/urgo-scarform-gel-dieu-tri-seo-phi-dai-seo-loi-and-mo-tham-7-g.html,225000.0,Hộp,đ,https://cdn.nhathuoclongchau.com.vn/unsafe/https://cms-prod.s3-sgn09.fptcloud.com/DSC_03294_00b0ea875f.jpg,"cyclopentasiloxane & dimethicone crosspolymer-3 , Ethylhexy methoxycinamate & BHT , Homosalate , Titanium dioxide & Aluminum hydroxide & Methicone , diethylamino hdroxybenzoyl hexyl benzoate , C12-15 Alkyl Benzoate , Bis-ethylhexyloxyphenol Methoxyphenyl Triazine , vitamin e axetat , CI 77492 , CI 77491 , CI 77499 ",Gel,Urgo,Hộp,Thiết bị y tế | Dụng cụ y tế,trang-thiet-bi-y-te | trang-thiet-bi-y-te/dung-cu-y-te,True,True,100,0,https://nhathuoclongchau.com.vn/trang-thiet-bi-y-te/urgo-scarform-gel-dieu-tri-seo-phi-dai-seo-loi-and-mo-tham-7-g.html,trang-thiet-bi-y-te,0
95,00039970,COMBO 03 HỘP QUE EASY MAX 25 QUE (TẶNG MÁY ĐO ĐƯỜNG EASY MAX TAG),Combo 3 hộp que thử đường huyết Easy Max (25 que - Tặng máy do đường huyết Easy Max Tag),trang-thiet-bi-y-te/combo-03-hop-que-easy-max-25-que-tang-may-do-duong-easy-max-tag.html,699000.0,Hộp,đ,https://cdn.nhathuoclongchau.com.vn/unsafe/https://cms-prod.s3-sgn09.fptcloud.com/DSC_09381_9b6bfa8108.jpg,"Que thử đường huyết , Máy đo đường huyết ",,Easymax,Hộp,"Thiết bị y tế | Dụng cụ theo dõi | Máy, que thử đường huyết",trang-thiet-bi-y-te | trang-thiet-bi-y-te/dung-cu-theo-doi | trang-thiet-bi-y-te/may-que-thu-duong-huyet,True,True,100,0,https://nhathuoclongchau.com.vn/trang-thiet-bi-y-te/combo-03-hop-que-easy-max-25-que-tang-may-do-duong-easy-max-tag.html,trang-thiet-bi-y-te,0
96,00503089,"DẦU HOA TRÀ CAMELLIA HONG KONG ZUNG SEON 3.5ML - HỖ TRỢ ĐIỀU TRỊ CẢM CÚM, NGHẸT MŨI, CHÓNG MẶT, NHỨC ĐẦU","Dầu Hoa Trà Camellia Oil Hong Kong Zung Seon hỗ trợ điều trị cảm cúm, nghẹt mũi, chóng mặt, nhức đầu (3.5ml)",trang-thiet-bi-y-te/dau-hoa-tra-camellia-35ml-hong-kong-zung-seon-37401.html,35000.0,Hộp,đ,https://cdn.nhathuoclongchau.com.vn/unsafe/https://cms-prod.s3-sgn09.fptcloud.com/00503089_dau_hoa_tra_camellia_35ml_hong_kong_zung_seon_4676_63b6_large_bc82324a3f.jpg,"Dầu parafin , Hương hoa , Long não , Dầu lộc đề , Tinh dầu bạc hà , Tinh dầu khuynh diệp ",Dạng dầu,HONG KONG ZUNG SEON ,Hộp x 3.5ml,Thiết bị y tế | Dụng cụ sơ cứu,trang-thiet-bi-y-te | trang-thiet-bi-y-te/dung-cu-so-cuu,True,True,100,0,https://nhathuoclongchau.com.vn/trang-thiet-bi-y-te/dau-hoa-tra-camellia-35ml-hong-kong-zung-seon-37401.html,trang-thiet-bi-y-te,0
97,00502308,KEM CHE PHỦ VẾT THƯƠNG HYALO4 PLUS CREAM 25G - HỖ TRỢ ĐIỀU TRỊ CÁC TỔN THƯƠNG DA,Kem Hyalo4 Plus điều trị các tổn thương da (25g),trang-thiet-bi-y-te/kem-dac-tri-bong-vet-thuong-ho-loet-ti-de-nguy-co-nhiem-trung-cao-hyalo4-plus-cream-25g-36528.html,475000.0,Hộp,đ,https://cdn.nhathuoclongchau.com.vn/unsafe/https://cms-prod.s3-sgn09.fptcloud.com/DSC_04366_52c50f4ce6.jpg,"Silver sulfadiazine , Hyaluronic acid sodium salt ",,Fidia,Hộp x 25g,Thiết bị y tế | Dụng cụ y tế,trang-thiet-bi-y-te | trang-thiet-bi-y-te/dung-cu-y-te,True,True,100,0,https://nhathuoclongchau.com.vn/trang-thiet-bi-y-te/kem-dac-tri-bong-vet-thuong-ho-loet-ti-de-nguy-co-nhiem-trung-cao-hyalo4-plus-cream-25g-36528.html,trang-thiet-bi-y-te,0
98,00500739,"BÔNG Y TẾ QUICK NURSE 1KG - DÙNG CHO VẾT THƯƠNG NGOÀI DA, SÁT TRÙNG, VỆ SINH","Bông y tế Quick Nurse 1kg dùng cho vết thương ngoài da, sát trùng, vệ sinh cho bé (Gói)",trang-thiet-bi-y-te/bong-y-te-quick-nurse-1kg-34872.html,210000.0,Gói,đ,https://cdn.nhathuoclongchau.com.vn/unsafe/https://cms-prod.s3-sgn09.fptcloud.com/00500739_bong_y_te_quick_nurse_1kg_5805_62b3_large_72cd282c0d.jpg,Cotton  ,,Quick Nurse,Gói,Thiết bị y tế | Dụng cụ sơ cứu | Bông y tế,trang-thiet-bi-y-te | trang-thiet-bi-y-te/dung-cu-so-cuu | trang-thiet-bi-y-te/bong-y-te,True,True,100,0,https://nhathuoclongchau.com.vn/trang-thiet-bi-y-te/bong-y-te-quick-nurse-1kg-34872.html,trang-thiet-bi-y-te,0
99,00001455,BYE BYE FEVER FOR CHILDREN 8 GÓI X 2 MIẾNG - DÁN HẠ SỐT (TRÊN 2 TUỔI),"Miếng dán giảm sốt, hạ nhiệt nhanh Bye Bye Fever Hisamitsu kéo dài đến 10 giờ (8 gói x 2 miếng)",trang-thiet-bi-y-te/bye-bye-fever-16-mieng-17480.html,125000.0,Hộp,đ,https://cdn.nhathuoclongchau.com.vn/unsafe/https://cms-prod.s3-sgn09.fptcloud.com/DSC_08246_77d1cba555.jpg,Gel nước mát lạnh 100%,,Hisamitsu,Hộp 8 Gói x 2 Miếng,"Thiết bị y tế | Dụng cụ sơ cứu | Miếng dán giảm đau, hạ sốt",trang-thiet-bi-y-te | trang-thiet-bi-y-te/dung-cu-so-cuu | trang-thiet-bi-y-te/mieng-dan-giam-dau,True,True,100,0,https://nhathuoclongchau.com.vn/trang-thiet-bi-y-te/bye-bye-fever-16-mieng-17480.html,trang-thiet-bi-y-te,0
100,00028635,"MÁY ĐO ĐƯỜNG HUYẾT MEDIUSA GM3300 - HỖ TRỢ THEO DÕI, KIỂM SOÁT LƯỢNG ĐƯỜNG TRONG MÁU","Máy đo đường huyết tự động MediUSA GM3300 thiết kế gọn nhẹ, thao tác sử dụng đơn giản",trang-thiet-bi-y-te/may-do-duong-huyet-tu-dong-mediusa-gm3300-28936.html,1139000.0,Hộp,đ,https://cdn.nhathuoclongchau.com.vn/unsafe/https://cms-prod.s3-sgn09.fptcloud.com/00028635_may_do_duong_huyet_tu_dong_mediusa_gm3300_1967_5fc9_large_62c3104a1c.JPG,Nhựa ,,MediUSA,Hộp,"Thiết bị y tế | Dụng cụ theo dõi | Máy, que thử đường huyết",trang-thiet-bi-y-te | trang-thiet-bi-y-te/dung-cu-theo-doi | trang-thiet-bi-y-te/may-que-thu-duong-huyet,True,True,100,0,https://nhathuoclongchau.com.vn/trang-thiet-bi-y-te/may-do-duong-huyet-tu-dong-mediusa-gm3300-28936.html,trang-thiet-bi-y-te,0
101,00028927,"GEL LÀM LẠNH STARBALM COLD GEL 100ML - GIẢM THÂM TÍM,  BONG GÂN, GIẢM ĐAU CƠ, PHỤC HỒI CHẤN THƯƠNG CHƠI THỂ THAO","Gel làm lạnh Starbalm Cold Gel hỗ trợ giảm đau và làm dịu chấn thương căng cơ, bầm tím và bong gân (100ml)",trang-thiet-bi-y-te/gel-lam-lanh-starbalm-cold-gel-100-ml-giam-tham-tim-bong-gan-giam-dau-co-phuc-hoi-chan-thuong-choi-the-thao.html,175000.0,Tuýp,đ,https://cdn.nhathuoclongchau.com.vn/unsafe/https://cms-prod.s3-sgn09.fptcloud.com/00028927_gel_lam_lanh_starbalm_cold_gel_100ml_4771_62bd_large_21b0c75ec9.jpg,"Menthol  , Eucalyptus oil  , Cassia Oil  , Ethyl Alcohol  , Polyethylene glycol  , Tea tree oil  , Acid blue  , Menthyl Acetate  , Azone  , Purified water  ",,Starbalm,Tuýp,Thiết bị y tế,trang-thiet-bi-y-te,True,True,100,0,https://nhathuoclongchau.com.vn/trang-thiet-bi-y-te/gel-lam-lanh-starbalm-cold-gel-100-ml-giam-tham-tim-bong-gan-giam-dau-co-phuc-hoi-chan-thuong-choi-the-thao.html,trang-thiet-bi-y-te,100
102,00029787,"KHẨU TRANG HAMITA N95 - 10 CÁI (MÀU TRẮNG) - NGĂN KHÓI BỤI, VI KHUẨN VÀ GIỌT BẮN","Khẩu trang N95 Hamita ngăn bụi, kháng khuẩn (10 cái)",trang-thiet-bi-y-te/khau-trang-hamita-n95-hop-10-cai-30052.html,65000.0,Hộp,đ,https://cdn.nhathuoclongchau.com.vn/unsafe/https://cms-prod.s3-sgn09.fptcloud.com/00029787_khau_trang_hamita_n95_hop_10_cai_5585_6058_large_11b17ae97f.JPG,"Vải không dệt PP , Vải bông , giấy kháng khuẩn MELTBLOWN , Thanh nẹp mũi bằng nhựa , Dây đeo có tính đàn hồi ",,Hamita,Hộp 10 Cái,Thiết bị y tế | Khẩu trang | Khẩu trang y tế,trang-thiet-bi-y-te | trang-thiet-bi-y-te/khau-trang | trang-thiet-bi-y-te/khau-trang-y-te,True,True,100,0,https://nhathuoclongchau.com.vn/trang-thiet-bi-y-te/khau-trang-hamita-n95-hop-10-cai-30052.html,trang-thiet-bi-y-te,100
103,00029913,"CỐC NGUYỆT SAN BEU CUP 45MMX65MM - SIÊU MỀM, KIỂM SOÁT MÙI HÔI, HẠN CHẾ VIÊM NHIỄM","Cốc nguyệt san BeUCup siêu mềm, kiểm soát mùi hôi, hạn chế viêm nhiễm (45mm x 65mm) ",trang-thiet-bi-y-te/coc-nguyet-san-sieu-mem-beu-cup-45mmx65mm-30180.html,499000.0,Hộp,đ,https://cdn.nhathuoclongchau.com.vn/unsafe/https://cms-prod.s3-sgn09.fptcloud.com/00029913_coc_nguyet_san_sieu_mem_beu_cup_45mmx65mm_8717_6335_large_65bbc616e6.jpg,Silicone Y tế Wacker 100%,,Beucup,Hộp,Thiết bị y tế | Dụng cụ y tế | Các dụng cụ và sản phẩm khác,trang-thiet-bi-y-te | trang-thiet-bi-y-te/dung-cu-y-te | trang-thiet-bi-y-te/dung-cu-khac,True,True,100,0,https://nhathuoclongchau.com.vn/trang-thiet-bi-y-te/coc-nguyet-san-sieu-mem-beu-cup-45mmx65mm-30180.html,trang-thiet-bi-y-te,100
104,00030077,BĂNG GẠC VÔ TRÙNG YOUNG WOUND DRESSING 6X7CM 50 MIẾNG - BẢO VỆ VẾT THƯƠNG,Băng gạc vô trùng Young Wound Dressing 6cm x 7cm Young Chemical hỗ trợ bảo vệ vết thương (50 miếng),trang-thiet-bi-y-te/bang-gac-vo-trung-young-wound-dressing-6x7cm-30278.html,3600.0,Miếng,đ,https://cdn.nhathuoclongchau.com.vn/unsafe/https://cms-prod.s3-sgn09.fptcloud.com/00030077_bang_gac_vo_trung_young_wound_dressing_6x7cm_4945_6425_large_e2438bc894.jpg,"Rayon 80%, Acrylic , Vải không dệt PET , Polyethylene , Ethylene oxide (E.O Gas) , PET 20% , vải không dệt Non-woven fabric ",,YOUNG CHEMICAL,Hộp 50 Miếng,Thiết bị y tế | Dụng cụ sơ cứu | Băng y tế,trang-thiet-bi-y-te | trang-thiet-bi-y-te/dung-cu-so-cuu | trang-thiet-bi-y-te/bang-y-te,True,True,100,0,https://nhathuoclongchau.com.vn/trang-thiet-bi-y-te/bang-gac-vo-trung-young-wound-dressing-6x7cm-30278.html,trang-thiet-bi-y-te,100
105,00030078,BĂNG GẠC VÔ TRÙNG YOUNG WOUND DRESSING 6X10CM 50 MIẾNG - BẢO VỆ VẾT THƯƠNG,Băng gạc vô trùng Young Wound Dressing 6cm x 10cm Young Chemical hỗ trợ bảo vệ vết thương (50 miếng),trang-thiet-bi-y-te/bang-gac-vo-trung-young-wound-dressing-6x10cm-30279.html,5200.0,Miếng,đ,https://cdn.nhathuoclongchau.com.vn/unsafe/https://cms-prod.s3-sgn09.fptcloud.com/00030078_bang_gac_vo_trung_young_wound_dressing_6x10cm_4134_6055_large_e19cac7df2.JPG,"Rayon 80%, Acrylic , Vải không dệt PET , Polyethylene , Ethylene oxide (E.O Gas) , PET 20% , vải không dệt Non-woven fabric ",,YOUNG CHEMICAL,Hộp 50 Miếng,Thiết bị y tế | Dụng cụ sơ cứu | Băng y tế,trang-thiet-bi-y-te | trang-thiet-bi-y-te/dung-cu-so-cuu | trang-thiet-bi-y-te/bang-y-te,True,True,100,0,https://nhathuoclongchau.com.vn/trang-thiet-bi-y-te/bang-gac-vo-trung-young-wound-dressing-6x10cm-30279.html,trang-thiet-bi-y-te,100
106,00032713,QUE THỬ RỤNG TRỨNG BIO CHECK HỘP 7 CÁI,Que thử phát hiện ngày rụng trứng Bio Check cho kết quả trong 5 - 10 phút (7 cái),trang-thiet-bi-y-te/que-thu-rung-trung-biocheck-hop-7-test-medicon-32830.html,57000.0,Hộp,đ,https://cdn.nhathuoclongchau.com.vn/unsafe/https://cms-prod.s3-sgn09.fptcloud.com/3_f581d790f3.jpg,Thành phần khác ,,MEDICON,Hộp 7 Cái,Thiết bị y tế | Dụng cụ theo dõi | Thử thai,trang-thiet-bi-y-te | trang-thiet-bi-y-te/dung-cu-theo-doi | trang-thiet-bi-y-te/thu-thai,True,True,100,0,https://nhathuoclongchau.com.vn/trang-thiet-bi-y-te/que-thu-rung-trung-biocheck-hop-7-test-medicon-32830.html,trang-thiet-bi-y-te,100
107,00049589,KIM LẤY MÁU LANCET MEDICLEEN BL-28 100 CÁI,"Kim lấy máu Lancet Medicleen BL-28 đầu vặn tiện lợi, đầu vát ba cạnh giảm đau khi sử dụng (100 cái)",trang-thiet-bi-y-te/kim-lay-mau-lancet-medicleen-bl-28-100-cai.html,32000.0,Hộp,đ,https://cdn.nhathuoclongchau.com.vn/unsafe/https://cms-prod.s3-sgn09.fptcloud.com/DSC_01277_0124dc1471.jpg,Kim loại ,,MEDICLEEN,Hộp 100 Cái,Thiết bị y tế | Dụng cụ y tế | Kim các loại,trang-thiet-bi-y-te | trang-thiet-bi-y-te/dung-cu-y-te | trang-thiet-bi-y-te/kim-cac-loai,True,True,90,0,https://nhathuoclongchau.com.vn/trang-thiet-bi-y-te/kim-lay-mau-lancet-medicleen-bl-28-100-cai.html,trang-thiet-bi-y-te,100
108,00049464,KEM CHE PHỦ VẾT THƯƠNG CICASILVER OINTMENT 50ML - HỖ TRỢ ĐIỀU TRỊ CÁC TỔN THƯƠNG DA,Kem che phủ vết thương Cicasilver Ointment bỗ trợ trong điều trị các tổn thương da (50ml),trang-thiet-bi-y-te/kem-che-phu-vet-thuong-cicasilver-ointment-50-ml-ho-tro-dieu-tri-cac-ton-thuong-da.html,490000.0,Hộp,đ,https://cdn.nhathuoclongchau.com.vn/unsafe/https://s3-sgn09.fptcloud.com/cms-prod/cicasilver_1_5c794cf630.png,"axit hyaluronic , Acacia collagen , Bạc vi hạt , Vitamin E , Dầu hạnh nhân , Bơ hạt mỡ , Ethylhexyl Glycerin , glycerine , Isobutane , Propane , Glycerin , Propylene glycol , Xanthan gum , Cetylstearyl alcohol , Decyl Oleate , Cetearyl Glucoside , Kali cetyl phosphate , Axit lactic , Kali sorbat , Natri benzoat ",Dạng kem,Sakura Italia,Hộp x 50ml,Thiết bị y tế,trang-thiet-bi-y-te,True,True,90,0,https://nhathuoclongchau.com.vn/trang-thiet-bi-y-te/kem-che-phu-vet-thuong-cicasilver-ointment-50-ml-ho-tro-dieu-tri-cac-ton-thuong-da.html,trang-thiet-bi-y-te,100
109,00049463,BỘT PHỦ DẠNG XỊT CICASILVER SPRAY 125ML - BẢO VỆ LÀM LÀNH VẾT THƯƠNG HỞ,Bột phủ dạng xịt Cicasilver Spray bảo vệ làm lành vết thương hở (125ml),trang-thiet-bi-y-te/bot-phu-dang-xit-cicasilver-spray-125-ml-bao-ve-lam-lanh-vet-thuong-ho.html,590000.0,Chai,đ,https://cdn.nhathuoclongchau.com.vn/unsafe/https://cms-prod.s3-sgn09.fptcloud.com/DSC_09910_3f121632e6.jpg,"axit hyaluronic , Acacia collagen , Bạc vi hạt , Vitamin E , Dầu hạnh nhân , Silicon , Aluminium starch octenylsuccinate , glycerine , Isobutane , Propane ",Dạng bột,Sakura Italia,Chai x 125ml,Thiết bị y tế,trang-thiet-bi-y-te,True,True,90,0,https://nhathuoclongchau.com.vn/trang-thiet-bi-y-te/bot-phu-dang-xit-cicasilver-spray-125-ml-bao-ve-lam-lanh-vet-thuong-ho.html,trang-thiet-bi-y-te,100
110,00049145,KIT TEST COVID SGTI-FLEX - KOREA - KHAY THỬ XÉT NGHIỆM KHÁNG NGUYÊN SARS COV-2 HỘP 25 KÍT,Kít test covid SGTi-flex SUGENTECH khay thử xét nghiệm kháng nguyên SAR CoV-2 (25 kít),trang-thiet-bi-y-te/kit-test-covid-sgti-flex-korea-khay-thu-xet-nghiem-khang-nguyen-sars-cov-2-hop-25-kit.html,45000.0,Kít,đ,https://cdn.nhathuoclongchau.com.vn/unsafe/https://cms-prod.s3-sgn09.fptcloud.com/DSC_09930_90e77fe230.jpg,Nhựa ,,SUGENTECH,Hộp 25 Kít,Thiết bị y tế | Dụng cụ theo dõi | Kit Test Covid,trang-thiet-bi-y-te | trang-thiet-bi-y-te/dung-cu-theo-doi | trang-thiet-bi-y-te/kit-test-covid,True,True,90,0,https://nhathuoclongchau.com.vn/trang-thiet-bi-y-te/kit-test-covid-sgti-flex-korea-khay-thu-xet-nghiem-khang-nguyen-sars-cov-2-hop-25-kit.html,trang-thiet-bi-y-te,100
111,00049144,KIT TEST COVID TRUELINE - VIỆT NAM - KHAY THỬ XÉT NGHIỆM KHÁNG NGUYÊN SARS COV-2 HỘP 25 KÍT,Kít test covid Trueline khay thử xét nghiệm kháng nguyên SAR CoV-2 (25 kít),trang-thiet-bi-y-te/kit-test-covid-trueline-viet-nam-khay-thu-xet-nghiem-khang-nguyen-sars-cov-2-hop-25-kit.html,45000.0,Kít,đ,https://cdn.nhathuoclongchau.com.vn/unsafe/https://cms-prod.s3-sgn09.fptcloud.com/DSC_09943_64b53b90ea.jpg,Nhựa ,,MEDICON,Hộp 25 Kít,Thiết bị y tế | Dụng cụ theo dõi | Kit Test Covid,trang-thiet-bi-y-te | trang-thiet-bi-y-te/dung-cu-theo-doi | trang-thiet-bi-y-te/kit-test-covid,True,True,90,0,https://nhathuoclongchau.com.vn/trang-thiet-bi-y-te/kit-test-covid-trueline-viet-nam-khay-thu-xet-nghiem-khang-nguyen-sars-cov-2-hop-25-kit.html,trang-thiet-bi-y-te,100
112,00049075,MÁY HÚT MŨI CHO BÉ FUJI T50,Máy hút mũi cho bé FUJI T50 hỗ trợ vệ sinh mũi an toàn và hiệu quả cho bé từ 0 đến trên 3 tuổi,trang-thiet-bi-y-te/may-hut-mui-cho-be-fuji-t50.html,1390000.0,Hộp,đ,https://cdn.nhathuoclongchau.com.vn/unsafe/https://cms-prod.s3-sgn09.fptcloud.com/DSC_08013_01bdc5aaf6.png,Nhựa ,,FUJI,Hộp,Thiết bị y tế,trang-thiet-bi-y-te,True,True,90,0,https://nhathuoclongchau.com.vn/trang-thiet-bi-y-te/may-hut-mui-cho-be-fuji-t50.html,trang-thiet-bi-y-te,100
113,00048838,MÁY ĐO HUYẾT ÁP TỰ ĐỘNG OMRON HEM-7361T - CẢNH BÁO ĐỘT QUỴ,Máy đo huyết áp tự động Omron HEM-7361T cảnh báo đột quỵ,trang-thiet-bi-y-te/may-do-huyet-ap-tu-dong-omron-hem-7361-t-canh-bao-dot-quy.html,2500000.0,Hộp,đ,https://cdn.nhathuoclongchau.com.vn/unsafe/https://cms-prod.s3-sgn09.fptcloud.com/DSC_05190_a334f2b666.jpg,Nhựa ,,OMRON,Hộp,Thiết bị y tế | Dụng cụ theo dõi | Máy đo huyết áp,trang-thiet-bi-y-te | trang-thiet-bi-y-te/dung-cu-theo-doi | trang-thiet-bi-y-te/may-do-huyet-ap,True,True,90,0,https://nhathuoclongchau.com.vn/trang-thiet-bi-y-te/may-do-huyet-ap-tu-dong-omron-hem-7361-t-canh-bao-dot-quy.html,trang-thiet-bi-y-te,100
114,00048488,VIÊN ĐẶT PHỤ KHOA PAPIL-OFF 2X5 - PHÒNG NGỪA & HỖ TRỢ ĐIỀU TRỊ TỔN THƯƠNG DO VIRUS HPV,Viên đặt âm đạo Papil-Off Mar-Farma giúp phòng ngừa và hỗ trợ điều trị các tổn thương do HPV (2 vỉ x 5 viên),trang-thiet-bi-y-te/vien-dat-phu-khoa-papil-off-2-x5-phong-ngua-and-ho-tro-dieu-tri-ton-thuong-do-virus-hpv.html,399000.0,Hộp,đ,https://cdn.nhathuoclongchau.com.vn/unsafe/https://cms-prod.s3-sgn09.fptcloud.com/DSC_02943_06581321f5.jpg,"Betaglucan , Acid lactic , Chiết xuất lá Myrtus communis , Natri Hyaluronate , propylen glycol ",Viên đặt,Mar-Farma,Hộp 2 Vỉ x 5 Viên,Thiết bị y tế,trang-thiet-bi-y-te,True,True,90,0,https://nhathuoclongchau.com.vn/trang-thiet-bi-y-te/vien-dat-phu-khoa-papil-off-2-x5-phong-ngua-and-ho-tro-dieu-tri-ton-thuong-do-virus-hpv.html,trang-thiet-bi-y-te,100
115,00047714,"BĂNG CÁ NHÂN TIỆT TRÙNG URGO BRULURES WATERPROOF 4 MIẾNG 10CM X 7CM - DÙNG CHO VẾT THƯƠNG BỎNG, THẤM HÚT DỊCH TIẾT","Băng cá nhân tiệt trùng Urgo Brulures Waterproof 10cm x 7cm cho vết thương bỏng, thấm hút dịch tiết cho vết thương (4 miếng)",trang-thiet-bi-y-te/urgo-brulures-waterproof-4-mieng-10-cm-x-7-cm-bang-ca-nhan-tiet-trung-chong-tham-nuoc-cho-vet-thuong-bong.html,189000.0,Hộp,đ,https://cdn.nhathuoclongchau.com.vn/unsafe/https://cms-prod.s3-sgn09.fptcloud.com/DSC_04545_3ac012c775.jpg,Miếng dán ,Miếng dán,Urgo,Hộp 4 Miếng,Thiết bị y tế | Dụng cụ sơ cứu | Băng y tế,trang-thiet-bi-y-te | trang-thiet-bi-y-te/dung-cu-so-cuu | trang-thiet-bi-y-te/bang-y-te,True,True,90,0,https://nhathuoclongchau.com.vn/trang-thiet-bi-y-te/urgo-brulures-waterproof-4-mieng-10-cm-x-7-cm-bang-ca-nhan-tiet-trung-chong-tham-nuoc-cho-vet-thuong-bong.html,trang-thiet-bi-y-te,100
116,00047392,MÁY ĐO HUYẾT ÁP BẮP TAY OMRON JPN750,Máy đo huyết áp bắp tay tự động Omron JPN750,trang-thiet-bi-y-te/omron-jpn-750-may-do-huyet-ap-bap-tay-tu-dong-1.html,2299000.0,Hộp,đ,https://cdn.nhathuoclongchau.com.vn/unsafe/https://cms-prod.s3-sgn09.fptcloud.com/DSC_01901_1210de2c2d.jpg,Nhựa ,,OMRON,Hộp,Thiết bị y tế | Dụng cụ theo dõi | Máy đo huyết áp,trang-thiet-bi-y-te | trang-thiet-bi-y-te/dung-cu-theo-doi | trang-thiet-bi-y-te/may-do-huyet-ap,True,True,90,0,https://nhathuoclongchau.com.vn/trang-thiet-bi-y-te/omron-jpn-750-may-do-huyet-ap-bap-tay-tu-dong-1.html,trang-thiet-bi-y-te,100
117,00047341,"MÁY ĐO ĐƯỜNG HUYẾT YUWELL 582 - HỖ TRỢ THEO DÕI, KIỂM SOÁT LƯỢNG ĐƯỜNG TRONG MÁU","Máy đo đường huyết Yuwell 582 theo dõi, kiểm soát lượng đường trong máu ",trang-thiet-bi-y-te/may-do-duong-huyet-yuwell-582.html,690000.0,Hộp,đ,https://cdn.nhathuoclongchau.com.vn/unsafe/https://cms-prod.s3-sgn09.fptcloud.com/DSC_09728_62ea4ec841.jpg,Nhựa ,,Yuwell,Hộp,"Thiết bị y tế | Dụng cụ theo dõi | Máy, que thử đường huyết",trang-thiet-bi-y-te | trang-thiet-bi-y-te/dung-cu-theo-doi | trang-thiet-bi-y-te/may-que-thu-duong-huyet,True,True,90,0,https://nhathuoclongchau.com.vn/trang-thiet-bi-y-te/may-do-duong-huyet-yuwell-582.html,trang-thiet-bi-y-te,100
118,00047340,MÁY ĐO HUYẾT ÁP ĐIỆN TỬ CỔ TAY YUWELL YE8800AR - CẢNH BÁO ĐỘT QUỴ,"Máy đo huyết áp điện tử cổ tay Yuwell YE8800AR cảnh báo rung nhĩ, ngăn ngừa đột quỵ",trang-thiet-bi-y-te/may-do-huyet-ap-dien-tu-co-tay-yuwell-ye-8800-ar-canh-bao-dot-quy.html,950000.0,Hộp,đ,https://cdn.nhathuoclongchau.com.vn/unsafe/https://cms-prod.s3-sgn09.fptcloud.com/DSC_09718_3cc666e455.jpg,Nhựa ,,Yuwell,Hộp,Thiết bị y tế | Dụng cụ theo dõi | Máy đo huyết áp,trang-thiet-bi-y-te | trang-thiet-bi-y-te/dung-cu-theo-doi | trang-thiet-bi-y-te/may-do-huyet-ap,True,True,90,0,https://nhathuoclongchau.com.vn/trang-thiet-bi-y-te/may-do-huyet-ap-dien-tu-co-tay-yuwell-ye-8800-ar-canh-bao-dot-quy.html,trang-thiet-bi-y-te,100
119,00047339,MÁY ĐO HUYẾT ÁP BẮP TAY CAO CẤP KHÔNG DÂY YUWELL YE630CR,Máy đo huyết áp bắp tay cao cấp không dây Yuwell YE630CR,trang-thiet-bi-y-te/may-do-huyet-ap-bap-tay-cao-cap-khong-day-yuwell-ye-630-cr.html,1890000.0,Hộp,đ,https://cdn.nhathuoclongchau.com.vn/unsafe/https://cms-prod.s3-sgn09.fptcloud.com/DSC_09800_c55707b9c0.jpg,Nhựa ,,Yuwell,Hộp,Thiết bị y tế | Dụng cụ theo dõi | Máy đo huyết áp,trang-thiet-bi-y-te | trang-thiet-bi-y-te/dung-cu-theo-doi | trang-thiet-bi-y-te/may-do-huyet-ap,True,True,90,0,https://nhathuoclongchau.com.vn/trang-thiet-bi-y-te/may-do-huyet-ap-bap-tay-cao-cap-khong-day-yuwell-ye-630-cr.html,trang-thiet-bi-y-te,100
120,00047155,"CHAI XỊT LẠNH GIẢM ĐAU VOLTOGEL COLD SPRAY 200ML - GIÚP GIẢM ĐAU, CHỐNG VIÊM, THÚC ĐẨY TUẦN HOÀN MÁU","Chai xịt lạnh Voltogel cold spray giảm đau, chống viêm, thúc đẩy tuần hoàn máu (200ml)",trang-thiet-bi-y-te/chai-xit-lanh-giam-dau-voltogel-cold-spray-200-ml.html,180000.0,Chai,đ,https://cdn.nhathuoclongchau.com.vn/unsafe/https://cms-prod.s3-sgn09.fptcloud.com/DSC_00030_0bb3ea62d1.jpg,"Menthol 6g, Camphor 21g, Panthenol 200mg, Ethanol , Phenoxyethanol, Ethylhexyglycerin , Methyl Salicylat 500mg, Acid citric ",,VOLTOGEL,Chai,Thiết bị y tế | Dụng cụ y tế | Các dụng cụ và sản phẩm khác,trang-thiet-bi-y-te | trang-thiet-bi-y-te/dung-cu-y-te | trang-thiet-bi-y-te/dung-cu-khac,True,True,90,0,https://nhathuoclongchau.com.vn/trang-thiet-bi-y-te/chai-xit-lanh-giam-dau-voltogel-cold-spray-200-ml.html,trang-thiet-bi-y-te,100
121,00046886,MÁY XÔNG KHÍ DUNG NÉN KHÍ YUWELL 403M,Máy xông khí dung nén khí Yuwell 403M chuyển thuốc dạng dung dịch thành sương mù cho niêm mạc hô hấp,trang-thiet-bi-y-te/may-xong-khi-dung-nen-khi-yuwell-403-m-1.html,1350000.0,Hộp,đ,https://cdn.nhathuoclongchau.com.vn/unsafe/https://cms-prod.s3-sgn09.fptcloud.com/TUK_06308_d7e306b5ce.jpg,Nhựa ,,Yuwell,Hộp,Thiết bị y tế | Dụng cụ y tế | Máy xông khí dung,trang-thiet-bi-y-te | trang-thiet-bi-y-te/dung-cu-y-te | trang-thiet-bi-y-te/may-xong-khi-dung,True,True,90,0,https://nhathuoclongchau.com.vn/trang-thiet-bi-y-te/may-xong-khi-dung-nen-khi-yuwell-403-m-1.html,trang-thiet-bi-y-te,100
122,00046885,MÁY ĐO HUYẾT ÁP BẮP TAY YUWELL YE610D,"Máy đo huyết áp điện tử bắp tay Yuwell YE610D bộ nhớ lưu trữ đến 80 lần, cho kết quả trung bình 3 lần đo",trang-thiet-bi-y-te/may-do-huyet-ap-dien-tu-bap-tay-yuwell-ye-610-d.html,699000.0,Hộp,đ,https://cdn.nhathuoclongchau.com.vn/unsafe/https://cms-prod.s3-sgn09.fptcloud.com/TUK_06291_4947d1ca62.jpg,Nhựa ,,Yuwell,Hộp,Thiết bị y tế | Dụng cụ theo dõi | Máy đo huyết áp,trang-thiet-bi-y-te | trang-thiet-bi-y-te/dung-cu-theo-doi | trang-thiet-bi-y-te/may-do-huyet-ap,True,True,90,0,https://nhathuoclongchau.com.vn/trang-thiet-bi-y-te/may-do-huyet-ap-dien-tu-bap-tay-yuwell-ye-610-d.html,trang-thiet-bi-y-te,100
123,00046354,MÁY MASSAGE XUNG ĐIỆN TRỊ LIỆU OMRON HV-F013 GIÚP GIẢM ĐAU CƠ VÀ KHỚP,Máy xung điện trị liệu Omron HV-F013 giảm đau cơ và khớp ,trang-thiet-bi-y-te/may-xung-dien-tri-lieu-omron-hv-f013.html,1200000.0,Hộp,đ,https://cdn.nhathuoclongchau.com.vn/unsafe/https://cms-prod.s3-sgn09.fptcloud.com/DSC_06483_48f732a455.jpg,Nhựa ,,OMRON,Hộp,Thiết bị y tế | Dụng cụ y tế | Máy massage,trang-thiet-bi-y-te | trang-thiet-bi-y-te/dung-cu-y-te | trang-thiet-bi-y-te/may-massage,True,True,90,0,https://nhathuoclongchau.com.vn/trang-thiet-bi-y-te/may-xung-dien-tri-lieu-omron-hv-f013.html,trang-thiet-bi-y-te,100
124,00043526,MÁY MÁT XA BỤNG FUJI PG-2507,"Máy mát xa bụng Fuji PG-2507 hỗ trợ làm ấm đều toàn thân, mang lại cảm giác dễ chịu cho cơ thể",trang-thiet-bi-y-te/may-mat-xa-bung-fuji-pg-2507.html,990000.0,Hộp,đ,https://cdn.nhathuoclongchau.com.vn/unsafe/https://cms-prod.s3-sgn09.fptcloud.com/DSC_09558_e6aff0a9a7.jpg,Nhựa ,,FUJI,Hộp,Thiết bị y tế | Dụng cụ y tế | Máy massage,trang-thiet-bi-y-te | trang-thiet-bi-y-te/dung-cu-y-te | trang-thiet-bi-y-te/may-massage,True,True,90,0,https://nhathuoclongchau.com.vn/trang-thiet-bi-y-te/may-mat-xa-bung-fuji-pg-2507.html,trang-thiet-bi-y-te,100
125,00043525,MÁY MÁT XA MẮT FUJI PG-2404G15,Máy mát xa mắt Fuji PG-2404G15 giúp massage thái dương và các huyệt đạo khác ở vùng mắt,trang-thiet-bi-y-te/may-mat-xa-mat-fuji-pg-2404-g15.html,1890000.0,Hộp,đ,https://cdn.nhathuoclongchau.com.vn/unsafe/https://cms-prod.s3-sgn09.fptcloud.com/DSC_00243_Recovered_1f462eafbf.jpg,Nhựa ,,FUJI,Hộp,Thiết bị y tế | Dụng cụ y tế | Máy massage,trang-thiet-bi-y-te | trang-thiet-bi-y-te/dung-cu-y-te | trang-thiet-bi-y-te/may-massage,True,True,90,0,https://nhathuoclongchau.com.vn/trang-thiet-bi-y-te/may-mat-xa-mat-fuji-pg-2404-g15.html,trang-thiet-bi-y-te,100
126,00043480,HỘP PHÂN LIỀU THUỐC 4 NGĂN MÀU XANH A31,Hộp phân liều thuốc 4 ngăn A31 Duy Thành màu xanh,trang-thiet-bi-y-te/hop-phan-lieu-thuoc-4-ngan-mau-xanh.html,55000.0,Hộp,đ,https://cdn.nhathuoclongchau.com.vn/unsafe/https://cms-prod.s3-sgn09.fptcloud.com/DSC_03077_702b4fa6b3.jpg,Nhựa PC ,,Duy Thành,Hộp,Thiết bị y tế | Dụng cụ y tế | Các dụng cụ và sản phẩm khác,trang-thiet-bi-y-te | trang-thiet-bi-y-te/dung-cu-y-te | trang-thiet-bi-y-te/dung-cu-khac,True,True,90,0,https://nhathuoclongchau.com.vn/trang-thiet-bi-y-te/hop-phan-lieu-thuoc-4-ngan-mau-xanh.html,trang-thiet-bi-y-te,100
127,00043479,HỘP PHÂN LIỀU THUỐC 4 NGĂN A29 DUY THÀNH (MÀU TRÀ),Hộp phân liều thuốc 4 ngăn A31 Duy Thành màu trà,trang-thiet-bi-y-te/hop-phan-lieu-thuoc-4-ngan-mau-tra.html,55000.0,Hộp,đ,https://cdn.nhathuoclongchau.com.vn/unsafe/https://cms-prod.s3-sgn09.fptcloud.com/DSC_03064_2fc00134df.jpg,Nhựa PC ,,Duy Thành,Hộp,Thiết bị y tế | Dụng cụ y tế | Các dụng cụ và sản phẩm khác,trang-thiet-bi-y-te | trang-thiet-bi-y-te/dung-cu-y-te | trang-thiet-bi-y-te/dung-cu-khac,True,True,90,0,https://nhathuoclongchau.com.vn/trang-thiet-bi-y-te/hop-phan-lieu-thuoc-4-ngan-mau-tra.html,trang-thiet-bi-y-te,100
128,00043478,HỘP PHÂN LIỀU THUỐC 6 NGĂN A31 DUY THÀNH (MÀU XANH),Hộp phân liều thuốc 6 ngăn A31 Duy Thành màu xanh,trang-thiet-bi-y-te/hop-phan-lieu-thuoc-6-ngan-mau-xanh.html,60000.0,Hộp,đ,https://cdn.nhathuoclongchau.com.vn/unsafe/https://cms-prod.s3-sgn09.fptcloud.com/DSC_03056_d6c22e0070.jpg,Nhựa PC ,,Duy Thành,Hộp,Thiết bị y tế | Dụng cụ y tế | Các dụng cụ và sản phẩm khác,trang-thiet-bi-y-te | trang-thiet-bi-y-te/dung-cu-y-te | trang-thiet-bi-y-te/dung-cu-khac,True,True,90,0,https://nhathuoclongchau.com.vn/trang-thiet-bi-y-te/hop-phan-lieu-thuoc-6-ngan-mau-xanh.html,trang-thiet-bi-y-te,100
129,00043477,HỘP PHÂN LIỀU THUỐC 6 NGĂN MÀU TRÀ A29,Hộp phân liều thuốc 6 ngăn A29 Duy Thành màu trà,trang-thiet-bi-y-te/hop-phan-lieu-thuoc-6-ngan-mau-tra.html,60000.0,Hộp,đ,https://cdn.nhathuoclongchau.com.vn/unsafe/https://cms-prod.s3-sgn09.fptcloud.com/DSC_03050_8fdd1e694a.jpg,Nhựa PC ,,Duy Thành,Hộp,Thiết bị y tế | Dụng cụ y tế | Các dụng cụ và sản phẩm khác,trang-thiet-bi-y-te | trang-thiet-bi-y-te/dung-cu-y-te | trang-thiet-bi-y-te/dung-cu-khac,True,True,90,0,https://nhathuoclongchau.com.vn/trang-thiet-bi-y-te/hop-phan-lieu-thuoc-6-ngan-mau-tra.html,trang-thiet-bi-y-te,100
130,00043113,VỚ GỐI Y KHOA CHỐNG GIÃN TĨNH MẠCH BIOHEALTH COMPRESSION I - MÀU DA SIZE M,"Vớ y khoa Compression I AD BioHealth tăng lưu thông máu, giảm tình trạng phù nề (Màu da - Size M)",trang-thiet-bi-y-te/vo-goi-y-khoa-chong-gian-tinh-mach-biohealth-compression-i-mau-da-size-m.html,400000.0,Hộp,đ,https://cdn.nhathuoclongchau.com.vn/unsafe/https://cms-prod.s3-sgn09.fptcloud.com/11_e295f11861.jpg,"Nylon 78%, Spandex 22%",,Biohealth,Hộp,Thiết bị y tế | Dụng cụ y tế | Vớ ngăn tĩnh mạch,trang-thiet-bi-y-te | trang-thiet-bi-y-te/dung-cu-y-te | trang-thiet-bi-y-te/vo-ngan-tinh-mach,True,True,90,0,https://nhathuoclongchau.com.vn/trang-thiet-bi-y-te/vo-goi-y-khoa-chong-gian-tinh-mach-biohealth-compression-i-mau-da-size-m.html,trang-thiet-bi-y-te,100
131,00043112,VỚ ĐÙI Y KHOA CHỐNG GIÃN TĨNH MẠCH BIOHEALTH COMPRESSION I - MÀU DA SIZE M,"Vớ y khoa Compression I AG BioHealth tăng lưu thông máu, giảm tình trạng phù nề (Màu da - Size M)",trang-thiet-bi-y-te/vo-dui-y-khoa-chong-gian-tinh-mach-biohealth-compression-i-mau-da-size-m.html,580000.0,Hộp,đ,https://cdn.nhathuoclongchau.com.vn/unsafe/https://cms-prod.s3-sgn09.fptcloud.com/medical_1_42edafe815.jpg,"Nylon 78%, Spandex 22%",,Biohealth,Hộp,Thiết bị y tế | Dụng cụ y tế | Vớ ngăn tĩnh mạch,trang-thiet-bi-y-te | trang-thiet-bi-y-te/dung-cu-y-te | trang-thiet-bi-y-te/vo-ngan-tinh-mach,True,True,90,0,https://nhathuoclongchau.com.vn/trang-thiet-bi-y-te/vo-dui-y-khoa-chong-gian-tinh-mach-biohealth-compression-i-mau-da-size-m.html,trang-thiet-bi-y-te,100
132,00043111,VỚ ĐÙI Y KHOA CHỐNG GIÃN TĨNH MẠCH BIOHEALTH COMPRESSION I - MÀU DA SIZE S,Vớ đùi y khoa Medical Compression Stocking size S BioHealth chống giãn tĩnh mạch,trang-thiet-bi-y-te/vo-dui-y-khoa-chong-gian-tinh-mach-biohealth-compression-i-mau-da-size-s.html,580000.0,Hộp,đ,https://cdn.nhathuoclongchau.com.vn/unsafe/https://cms-prod.s3-sgn09.fptcloud.com/medical_1_36d8a6aa84.jpg,"Nylon 78%, Spandex 22%",,Biohealth,Hộp,Thiết bị y tế | Dụng cụ y tế | Vớ ngăn tĩnh mạch,trang-thiet-bi-y-te | trang-thiet-bi-y-te/dung-cu-y-te | trang-thiet-bi-y-te/vo-ngan-tinh-mach,True,True,90,0,https://nhathuoclongchau.com.vn/trang-thiet-bi-y-te/vo-dui-y-khoa-chong-gian-tinh-mach-biohealth-compression-i-mau-da-size-s.html,trang-thiet-bi-y-te,100
133,00042841,"DUNG DỊCH XỊT NGOÀI DA SKIN HERBAL 20ML - GIẢM MỀ ĐAY, MẨN NGỨA, CHÀM, VẾT BỎNG NHẸ","Dung dịch xịt ngoài da Skin Herbal hỗ trợ giảm mày đay, mẩn ngứa, sưng tấy, chàm và vết bỏng nhẹ (20ml)",trang-thiet-bi-y-te/dung-dich-xit-ngoai-da-skin-herbal-20-ml-giam-me-day-man-ngua-cham-vet-bong-nhe.html,90000.0,Hộp,đ,https://cdn.nhathuoclongchau.com.vn/unsafe/https://cms-prod.s3-sgn09.fptcloud.com/DSC_00020_e0fccd5537.jpg,"Curcumin , Lá trầu không , Kim ngân hoa , Trà xanh , lá đào , Lá Lấu , Xoan trà , Hoàng bá , Bạch chỉ , chiết xuất lô hội , Dầu Vừng , Chlorhexidine Gluconate , Tween 80 , Nước tinh khiết ",Dung dịch xịt,SKIN HERBAL,Hộp,"Thiết bị y tế | Dụng cụ sơ cứu | Xịt giảm đau, kháng viêm",trang-thiet-bi-y-te | trang-thiet-bi-y-te/dung-cu-so-cuu | trang-thiet-bi-y-te/xit-giam-dau,True,True,90,0,https://nhathuoclongchau.com.vn/trang-thiet-bi-y-te/dung-dich-xit-ngoai-da-skin-herbal-20-ml-giam-me-day-man-ngua-cham-vet-bong-nhe.html,trang-thiet-bi-y-te,100
134,00042784,ĐẦU KIM TIỂU ĐƯỜNG PIC INSUPEN ORIGINAL 33GX4MM HỘP 100 CÁI,Đầu kim tiểu đường PIC Insupen Original dùng để gắn vào đầu bút tiêm Insulin (100 Cái),trang-thiet-bi-y-te/pic-insupen-original-33-gx-4-mm-dau-kim-tieu-duong-hop-100-cai.html,250000.0,Hộp,đ,https://cdn.nhathuoclongchau.com.vn/unsafe/https://cms-prod.s3-sgn09.fptcloud.com/1_65f34f90ed.jpg,Thép không gỉ ,,PIC SOLUTION,Hộp 100 Cái,Thiết bị y tế | Dụng cụ y tế | Kim các loại,trang-thiet-bi-y-te | trang-thiet-bi-y-te/dung-cu-y-te | trang-thiet-bi-y-te/kim-cac-loai,True,True,90,0,https://nhathuoclongchau.com.vn/trang-thiet-bi-y-te/pic-insupen-original-33-gx-4-mm-dau-kim-tieu-duong-hop-100-cai.html,trang-thiet-bi-y-te,100
135,00041313,"GẠC Y TẾ BLEFAVIS WIPES HỘP 30 MIẾNG - DÙNG LÀM SẠCH MÍ MẮT NHẠY CẢM, SÁT KHUẨN TRƯỚC & SAU PHẨU THUẬT, NGƯỜI BỊ VIÊM BỜ MI","Gạc y tế Blefavis Wipes Oftalpharma làm sạch, làm mềm và giảm kích ứng cho vùng mi mắt nhạy cảm (30 miếng)",trang-thiet-bi-y-te/gac-y-te-blefavis-wipes-hop-30-mieng-dung-lam-sach-mi-mat-nhay-cam-sat-khuan-truoc-and-sau-phau-thuat-nguoi-bi-viem-bo-mi.html,495000.0,Hộp,đ,https://cdn.nhathuoclongchau.com.vn/unsafe/https://cms-prod.s3-sgn09.fptcloud.com/DSC_09988_82fbec3bb5.jpg,Cotton ,,BLEFAVIS,Hộp 30 Miếng,Thiết bị y tế | Dụng cụ sơ cứu,trang-thiet-bi-y-te | trang-thiet-bi-y-te/dung-cu-so-cuu,True,True,90,0,https://nhathuoclongchau.com.vn/trang-thiet-bi-y-te/gac-y-te-blefavis-wipes-hop-30-mieng-dung-lam-sach-mi-mat-nhay-cam-sat-khuan-truoc-and-sau-phau-thuat-nguoi-bi-viem-bo-mi.html,trang-thiet-bi-y-te,100
136,00041192,"MÁY ĐO ĐƯỜNG HUYẾT NIPRO PREMIER ALPHA - HỖ TRỢ THEO DÕI, KIỂM SOÁT LƯỢNG ĐƯỜNG TRONG MÁU","Máy đo đường huyết Nipro Premier Alpha giúp đo đường huyết một cách an toàn, nhanh chóng, chính xác",trang-thiet-bi-y-te/may-do-duong-huyet-nipro-premier-alpha.html,999000.0,Hộp,đ,https://cdn.nhathuoclongchau.com.vn/unsafe/https://cms-prod.s3-sgn09.fptcloud.com/DSC_08257_108fd36b8b.jpg,Máy đo đường huyết ,,NIPRO,Hộp,"Thiết bị y tế | Dụng cụ theo dõi | Máy, que thử đường huyết",trang-thiet-bi-y-te | trang-thiet-bi-y-te/dung-cu-theo-doi | trang-thiet-bi-y-te/may-que-thu-duong-huyet,True,True,90,0,https://nhathuoclongchau.com.vn/trang-thiet-bi-y-te/may-do-duong-huyet-nipro-premier-alpha.html,trang-thiet-bi-y-te,100
137,00040803,MÁY ĐO HUYẾT ÁP CỔ TAY TỰ ĐỘNG AND UB-525 AFIB - CẢNH BÁO ĐỘT QUỴ,"Máy đo huyết áp cổ tay tự động AND UB-525  hỗ trợ đo huyết áp, cảnh báo đột quỵ",trang-thiet-bi-y-te/may-do-huyet-ap-co-tay-tu-dong-and-ub-525-afib-canh-bao-dot-quy.html,990000.0,Hộp,đ,https://cdn.nhathuoclongchau.com.vn/unsafe/https://cms-prod.s3-sgn09.fptcloud.com/DSC_09773_55963348d2.jpg,Máy đo ,,AND,Hộp,Thiết bị y tế | Dụng cụ theo dõi | Máy đo huyết áp,trang-thiet-bi-y-te | trang-thiet-bi-y-te/dung-cu-theo-doi | trang-thiet-bi-y-te/may-do-huyet-ap,True,True,90,0,https://nhathuoclongchau.com.vn/trang-thiet-bi-y-te/may-do-huyet-ap-co-tay-tu-dong-and-ub-525-afib-canh-bao-dot-quy.html,trang-thiet-bi-y-te,100
138,00040802,MÁY ĐO HUYẾT ÁP BẮP TAY AND UA-1020 AFIB - CẢNH BÁO ĐỘT QUỴ,"Máy đo huyết áp bắp tay tự động AND UA-1020 hỗ trợ đo huyết áp, cảnh báo đột quỵ",trang-thiet-bi-y-te/may-do-huyet-ap-bap-tay-tu-dong-and-ua-1020-afib-canh-bao-dot-quy.html,1450000.0,Hộp,đ,https://cdn.nhathuoclongchau.com.vn/unsafe/https://cms-prod.s3-sgn09.fptcloud.com/DSC_09805_6a52022393.jpg,Máy đo ,,AND,Hộp,Thiết bị y tế | Dụng cụ theo dõi | Máy đo huyết áp,trang-thiet-bi-y-te | trang-thiet-bi-y-te/dung-cu-theo-doi | trang-thiet-bi-y-te/may-do-huyet-ap,True,True,90,0,https://nhathuoclongchau.com.vn/trang-thiet-bi-y-te/may-do-huyet-ap-bap-tay-tu-dong-and-ua-1020-afib-canh-bao-dot-quy.html,trang-thiet-bi-y-te,100
139,00040801,MÁY ĐO HUYẾT ÁP BẮP TAY TỰ ĐỘNG AND UA-611 PLUS AFIB - CẢNH BÁO ĐỘT QUỴ,"Máy đo huyết áp bắp tay tự động AND UA-611 Plus hỗ trợ đo huyết áp, cảnh báo đột quỵ",trang-thiet-bi-y-te/may-do-huyet-ap-bap-tay-tu-dong-and-ua-611-plus-afib-canh-bao-dot-quy.html,990000.0,Hộp,đ,https://cdn.nhathuoclongchau.com.vn/unsafe/https://cms-prod.s3-sgn09.fptcloud.com/DSC_09667_76b286db0d.jpg,Máy đo ,,AND,Hộp,Thiết bị y tế | Dụng cụ theo dõi | Máy đo huyết áp,trang-thiet-bi-y-te | trang-thiet-bi-y-te/dung-cu-theo-doi | trang-thiet-bi-y-te/may-do-huyet-ap,True,True,90,0,https://nhathuoclongchau.com.vn/trang-thiet-bi-y-te/may-do-huyet-ap-bap-tay-tu-dong-and-ua-611-plus-afib-canh-bao-dot-quy.html,trang-thiet-bi-y-te,100
140,00040800,MÁY ĐO HUYẾT ÁP BẮP TAY TỰ ĐỘNG AND UA-651 PLUS AFIB - CẢNH BÁO ĐỘT QUỴ,"Máy đo huyết áp bắp tay tự động AND UA-651 Plus hỗ trợ đo huyết áp, cảnh báo đột quỵ",trang-thiet-bi-y-te/may-do-huyet-ap-bap-tay-tu-dong-and-ua-651-plus-afib-canh-bao-dot-quy.html,1090000.0,Hộp,đ,https://cdn.nhathuoclongchau.com.vn/unsafe/https://cms-prod.s3-sgn09.fptcloud.com/DSC_09785_dcf3a09ec8.jpg,Máy đo ,,AND,Hộp,Thiết bị y tế | Dụng cụ theo dõi | Máy đo huyết áp,trang-thiet-bi-y-te | trang-thiet-bi-y-te/dung-cu-theo-doi | trang-thiet-bi-y-te/may-do-huyet-ap,True,True,90,0,https://nhathuoclongchau.com.vn/trang-thiet-bi-y-te/may-do-huyet-ap-bap-tay-tu-dong-and-ua-651-plus-afib-canh-bao-dot-quy.html,trang-thiet-bi-y-te,100
141,00503702,"XỊT XOA BÓP PHONG THẤP BÀ GIẰNG 100ML - GIẢM CHỨNG PHONG THẤP, ĐAU MỎI, SUY TĨNH MẠCH","Xịt xoa bóp phong thấp Bà Giằng 100ml giảm triệu chứng phong thấp, đau gân cơ khớp",trang-thiet-bi-y-te/xit-xoa-bop-phong-thap-ba-giang-100ml-38024.html,85000.0,Hộp,đ,https://cdn.nhathuoclongchau.com.vn/unsafe/https://cms-prod.s3-sgn09.fptcloud.com/00503702_xit_xoa_bop_phong_thap_ba_giang_100ml_giam_chung_phong_thap_dau_moi_suy_tinh_mach_7328_6422_large_48f5c814f5.jpg,"Rượu 50 độ , Huyết Giác , Dây đau xương , Độc hoạt , Đại hồi , Cốt toái bổ , Hồng hoa , Bột xuyên khung , Bột thương truật , Thiên niên kiện , Ô đầu , Mã tiền chế ",Dung dịch,Bà Giằng,Hộp x 100ml,Thiết bị y tế | Dụng cụ y tế | Các dụng cụ và sản phẩm khác,trang-thiet-bi-y-te | trang-thiet-bi-y-te/dung-cu-y-te | trang-thiet-bi-y-te/dung-cu-khac,True,True,90,0,https://nhathuoclongchau.com.vn/trang-thiet-bi-y-te/xit-xoa-bop-phong-thap-ba-giang-100ml-38024.html,trang-thiet-bi-y-te,100
142,00503446,MÁY ĐO HUYẾT ÁP BẮP TAY CAO CẤP KHÔNG DÂY OMRON HEM-7600T,Máy đo huyết áp bắp tay cao cấp không dây Omron HEM-7600T,trang-thiet-bi-y-te/may-do-huyet-ap-bap-tay-cao-cap-khong-day-omron-hem-7600-t-1.html,3520000.0,Hộp,đ,https://cdn.nhathuoclongchau.com.vn/unsafe/https://cms-prod.s3-sgn09.fptcloud.com/DSC_06493_dead0b0718.jpg,Máy đo ,,OMRON,Hộp,Thiết bị y tế | Dụng cụ theo dõi | Máy đo huyết áp,trang-thiet-bi-y-te | trang-thiet-bi-y-te/dung-cu-theo-doi | trang-thiet-bi-y-te/may-do-huyet-ap,True,True,90,0,https://nhathuoclongchau.com.vn/trang-thiet-bi-y-te/may-do-huyet-ap-bap-tay-cao-cap-khong-day-omron-hem-7600-t-1.html,trang-thiet-bi-y-te,100
143,00503418,DỤNG CỤ MASSAGE NGÓN TAY DUY THÀNH,"Dụng cụ massage ngón tay Duy Thành giảm thiểu lo lắng, căng thẳng trong cuộc sống (1 cái x 120gr)",trang-thiet-bi-y-te/dung-cu-massage-ngon-tay-duy-thanh-37721.html,70000.0,Hộp,đ,https://cdn.nhathuoclongchau.com.vn/unsafe/https://cms-prod.s3-sgn09.fptcloud.com/00503418_dung_cu_massage_ngon_tay_duy_thanh_4561_63f6_large_d320b7c4f2.jpg,"Silicol , Bột màu , Nhựa ABS ",,Duy Thành,Hộp x 120g,Thiết bị y tế | Dụng cụ y tế | Máy massage,trang-thiet-bi-y-te | trang-thiet-bi-y-te/dung-cu-y-te | trang-thiet-bi-y-te/may-massage,True,True,90,0,https://nhathuoclongchau.com.vn/trang-thiet-bi-y-te/dung-cu-massage-ngon-tay-duy-thanh-37721.html,trang-thiet-bi-y-te,100
144,00503416,DỤNG CỤ MASSAGE BÀN CHÂN DUY THÀNH,"Dụng cụ massage bàn chân Duy Thành ngăn ngừa bệnh tật, phong thấp, thấp khớp (1 cái x 620gr)",trang-thiet-bi-y-te/dung-cu-massage-ban-chan-duy-thanh-37723.html,185000.0,Hộp,đ,https://cdn.nhathuoclongchau.com.vn/unsafe/https://cms-prod.s3-sgn09.fptcloud.com/00503416_dung_cu_massage_ban_chan_duy_thanh_7955_63f6_large_f667ee5d4c.jpg,Thành phần khác ,,Duy Thành,Hộp x 620gr,Thiết bị y tế | Dụng cụ y tế | Máy massage,trang-thiet-bi-y-te | trang-thiet-bi-y-te/dung-cu-y-te | trang-thiet-bi-y-te/may-massage,True,True,90,0,https://nhathuoclongchau.com.vn/trang-thiet-bi-y-te/dung-cu-massage-ban-chan-duy-thanh-37723.html,trang-thiet-bi-y-te,100
145,00503095,"DẦU NÓNG MEDICATED HONG KONG ZUNG SEON 50ML - HỖ TRỢ ĐIỀU TRỊ PHONG THẤP, ĐAU LƯNG NHỨC MỎI","Dầu Nóng Medicated Oil Hong Kong Zung Seon hỗ trợ điều trị phong thấp, đau lưng nhức mỏi (50ml)",trang-thiet-bi-y-te/dau-nong-medicated-50ml-hong-kong-zung-seon-37395.html,105000.0,Hộp,đ,https://cdn.nhathuoclongchau.com.vn/unsafe/https://cms-prod.s3-sgn09.fptcloud.com/00503095_dau_nong_medicated_50ml_hong_kong_zung_seon_9404_63b6_large_af2bc57e84.jpg,"Dầu Mêtyla Salitylat , Long não , Dầu parafin , Tinh dầu bạc hà , Oải hương (Hoa) , Đinh hương ",Dạng dầu,HONG KONG ZUNG SEON ,Hộp x 50ml,Thiết bị y tế | Dụng cụ sơ cứu,trang-thiet-bi-y-te | trang-thiet-bi-y-te/dung-cu-so-cuu,True,True,90,0,https://nhathuoclongchau.com.vn/trang-thiet-bi-y-te/dau-nong-medicated-50ml-hong-kong-zung-seon-37395.html,trang-thiet-bi-y-te,100
146,00503094,DẦU NÓNG MEDICATED 10ML - HONG KONG ZUNG SEON,"Dầu Nóng Medicated Oil Hong Kong Zung Seon hỗ trợ điều trị phong thấp, đau lưng nhức mỏi (10ml)",trang-thiet-bi-y-te/dau-nong-medicated-10ml-hong-kong-zung-seon-37396.html,41000.0,Hộp,đ,https://cdn.nhathuoclongchau.com.vn/unsafe/https://cms-prod.s3-sgn09.fptcloud.com/00503094_dau_nong_medicated_10ml_hong_kong_zung_seon_9890_63b6_large_833d9816c7.jpg,"Dầu parafin , Oải hương (Hoa) , Tinh dầu bạc hà , Đinh hương , Long não , Dầu Mêtyla Salitylat ",Dạng dầu,HONG KONG ZUNG SEON ,Hộp x 10ml,Thiết bị y tế | Dụng cụ sơ cứu,trang-thiet-bi-y-te | trang-thiet-bi-y-te/dung-cu-so-cuu,True,True,90,0,https://nhathuoclongchau.com.vn/trang-thiet-bi-y-te/dau-nong-medicated-10ml-hong-kong-zung-seon-37396.html,trang-thiet-bi-y-te,100
147,00503093,DẦU SONG THẬP PEPPERMINT OIL 30ML - HONG KONG ZUNG SEON,"Dầu Song Thập Peppermint Oil Hong Kong Zung Seon hỗ trợ điều trị cảm lạnh, nghẹt mũi (30ml)",trang-thiet-bi-y-te/dau-song-thap-pepermint-oil-30ml-hong-kong-zung-seon-37397.html,105000.0,Hộp,đ,https://cdn.nhathuoclongchau.com.vn/unsafe/https://cms-prod.s3-sgn09.fptcloud.com/00503093_dau_song_thap_pepermint_oil_30ml_hong_kong_zung_seon_8363_63b6_large_5f16b7748d.jpg,"Dầu parafin , Tinh dầu quế , Diệp Lục , Tinh dầu bạc hà , Tinh dầu đinh hương , Dầu bạc hà ",Dạng dầu,HONG KONG ZUNG SEON ,Hộp x 30ml,Thiết bị y tế | Dụng cụ sơ cứu,trang-thiet-bi-y-te | trang-thiet-bi-y-te/dung-cu-so-cuu,True,True,90,0,https://nhathuoclongchau.com.vn/trang-thiet-bi-y-te/dau-song-thap-pepermint-oil-30ml-hong-kong-zung-seon-37397.html,trang-thiet-bi-y-te,100
148,00503092,DẦU SONG THẬP PEPPERMINT OIL 5ML - HONG KONG ZUNG SEON,"Dầu Song Thập Peppermint Oil Hong Kong Zung Seon hỗ trợ điều trị cảm lạnh, nghẹt mũi (5ml)",trang-thiet-bi-y-te/dau-song-thap-pepermint-oil-5ml-hong-kong-zung-seon-37398.html,35000.0,Hộp,đ,https://cdn.nhathuoclongchau.com.vn/unsafe/https://cms-prod.s3-sgn09.fptcloud.com/00503092_dau_song_thap_pepermint_oil_5ml_hong_kong_zung_seon_6978_63b6_large_cc68eb53cc.jpg,"Dầu parafin , Tinh dầu quế , Diệp Lục , Tinh dầu bạc hà , Tinh dầu đinh hương , Dầu bạc hà ",Dạng dầu,HONG KONG ZUNG SEON ,Hộp x 5ml,Thiết bị y tế | Dụng cụ sơ cứu,trang-thiet-bi-y-te | trang-thiet-bi-y-te/dung-cu-so-cuu,True,True,90,0,https://nhathuoclongchau.com.vn/trang-thiet-bi-y-te/dau-song-thap-pepermint-oil-5ml-hong-kong-zung-seon-37398.html,trang-thiet-bi-y-te,100
149,00503091,DẦU KHUYNH DIỆP 30ML - HONG KONG ZUNG SEON,"Dầu Khuynh Diệp Eucalyptus Oil Hong Kong Zung Seon hỗ trợ điều trị cảm cúm, nghẹt mũi, đau bụng, giữ ấm (30ml)",trang-thiet-bi-y-te/dau-khuynh-diep-30ml-hong-kong-zung-seon-37399.html,105000.0,Hộp,đ,https://cdn.nhathuoclongchau.com.vn/unsafe/https://cms-prod.s3-sgn09.fptcloud.com/00503091_dau_khuynh_diep_30ml_hong_kong_zung_seon_8019_63b6_large_6cf0740baa.jpg,"Dầu parafin , Diệp Lục , Dầu bạc hà , Đinh hương , Long não , Tinh dầu bạc hà , Tinh dầu khuynh diệp ",Dạng dầu,HONG KONG ZUNG SEON ,Hộp x 30ml,Thiết bị y tế | Dụng cụ sơ cứu,trang-thiet-bi-y-te | trang-thiet-bi-y-te/dung-cu-so-cuu,True,True,90,0,https://nhathuoclongchau.com.vn/trang-thiet-bi-y-te/dau-khuynh-diep-30ml-hong-kong-zung-seon-37399.html,trang-thiet-bi-y-te,100
150,00503090,"DẦU HOA TRÀ CAMELLIA HONG KONG ZUNG SEON 20ML - HỖ TRỢ ĐIỀU TRỊ CẢM CÚM, NGHẸT MŨI, CHÓNG MẶT, NHỨC ĐẦU","Dầu Hoa Trà Camellia Oil Hong Kong Zung Seon hỗ trợ điều trị cảm cúm, nghẹt mũi, chóng mặt, nhức đầu (20ml)",trang-thiet-bi-y-te/dau-hoa-tra-camellia-20ml-hong-kong-zung-seon-37400.html,85000.0,Hộp,đ,https://cdn.nhathuoclongchau.com.vn/unsafe/https://cms-prod.s3-sgn09.fptcloud.com/00503090_dau_hoa_tra_camellia_20ml_hong_kong_zung_seon_9984_63b6_large_da39cea759.jpg,"Tinh dầu khuynh diệp , Tinh dầu bạc hà , Dầu parafin , Long não , Hương hoa , Dầu lộc đề ",Dạng dầu,HONG KONG ZUNG SEON ,Hộp x 20ml,Thiết bị y tế | Dụng cụ sơ cứu,trang-thiet-bi-y-te | trang-thiet-bi-y-te/dung-cu-so-cuu,True,True,90,0,https://nhathuoclongchau.com.vn/trang-thiet-bi-y-te/dau-hoa-tra-camellia-20ml-hong-kong-zung-seon-37400.html,trang-thiet-bi-y-te,100
151,00502788,NHIỆT KẾ HỒNG NGOẠI ĐO TRÁN MICROLIFE NC200,"Nhiệt kế hồng ngoại đo trán Microlife NC200 không cần tiếp xúc, cho kết quả sau 1 giây",trang-thiet-bi-y-te/nhiet-ke-hong-ngoai-do-tran-microlife-nc200-37089.html,1200000.0,Hộp,đ,https://cdn.nhathuoclongchau.com.vn/unsafe/https://cms-prod.s3-sgn09.fptcloud.com/00502788_nhiet_ke_hong_ngoai_do_tran_microlife_nc200_7708_6391_large_84c0ed9d82.jpg,"Phiếu bảo hành , Hướng dẫn sử dụng , Hộp đựng bảo vệ máy , Pin AAA , Nhiệt kế ",,Microlife,Hộp,Thiết bị y tế | Dụng cụ theo dõi | Nhiệt kế,trang-thiet-bi-y-te | trang-thiet-bi-y-te/dung-cu-theo-doi | trang-thiet-bi-y-te/nhiet-ke,True,True,90,0,https://nhathuoclongchau.com.vn/trang-thiet-bi-y-te/nhiet-ke-hong-ngoai-do-tran-microlife-nc200-37089.html,trang-thiet-bi-y-te,100
152,00502611,MUỐI RỬA MŨI XOANG OTOSAN NASAL WASH 30 GÓI - DÀNH CHO TRẺ TỪ 1 TUỔI TRỞ LÊN,"Dung dịch muối rửa mũi Otosan Nasal Wash làm sạch sâu và giảm chứng viêm mũi dị ứng, cảm lạnh (30 gói)",trang-thiet-bi-y-te/muoi-rua-mui-xoang-otosan-nasal-wash-30-goi---danh-cho-tre-tu-1-tuoi-tro-len-36874.html,260000.0,Hộp,đ,https://cdn.nhathuoclongchau.com.vn/unsafe/https://cms-prod.s3-sgn09.fptcloud.com/DSC_09065_dbcb1ae9fa.jpg,"Natri hyaluronic , Natri clorua , natri bicarbonate ",,Otosan,Hộp 30 Gói,Thiết bị y tế | Dụng cụ y tế | Dụng cụ vệ sinh mũi,trang-thiet-bi-y-te | trang-thiet-bi-y-te/dung-cu-y-te | trang-thiet-bi-y-te/dung-cu-ve-sinh-mui,True,True,90,0,https://nhathuoclongchau.com.vn/trang-thiet-bi-y-te/muoi-rua-mui-xoang-otosan-nasal-wash-30-goi---danh-cho-tre-tu-1-tuoi-tro-len-36874.html,trang-thiet-bi-y-te,100
153,00502610,BỘ RỬA XOANG MŨI OTOSAN NASAL WASH KIT + 30 GÓI - DÀNH CHO TRẺ TRÊN 6 TUỔI,"Bộ rửa xoang mũi Otosan Nasal Wash làm sạch sâu, hồi phục chứng viêm mũi dị ứng (1 kít + 30 gói)",trang-thiet-bi-y-te/bo-rua-xoang-mui-otosan-nasal-wash-kit-30-goi-danh-cho-tre-tren-6-tuoi-36875.html,360000.0,Kít,đ,https://cdn.nhathuoclongchau.com.vn/unsafe/https://cms-prod.s3-sgn09.fptcloud.com/DSC_09059_e59478ec6e.jpg,"Natri hyaluronic , Natri clorua , natri bicarbonate ",,Otosan,Kít,Thiết bị y tế | Dụng cụ y tế | Dụng cụ vệ sinh mũi,trang-thiet-bi-y-te | trang-thiet-bi-y-te/dung-cu-y-te | trang-thiet-bi-y-te/dung-cu-ve-sinh-mui,True,True,90,0,https://nhathuoclongchau.com.vn/trang-thiet-bi-y-te/bo-rua-xoang-mui-otosan-nasal-wash-kit-30-goi-danh-cho-tre-tren-6-tuoi-36875.html,trang-thiet-bi-y-te,100
154,00502265,MÁY XÔNG KHÍ DUNG CẦM TAY YUWELL M103 - HỖ TRỢ ĐIỀU TRỊ BỆNH LÝ VỀ ĐƯỜNG HÔ HẤP,Máy xông khí dung Yuwell M103 cầm tay hỗ trợ điều trị các bệnh về đường hô hấp,trang-thiet-bi-y-te/may-xong-khi-dung-cam-tay-yuwell-m103-36502.html,1190000.0,Hộp,đ,https://cdn.nhathuoclongchau.com.vn/unsafe/https://cms-prod.s3-sgn09.fptcloud.com/00502265_may_xong_khi_dung_cam_tay_yuwell_m103_8873_633b_large_b312aa9bdb.jpg,Nhựa ,,Yuwell,Hộp,Thiết bị y tế | Dụng cụ y tế | Máy xông khí dung,trang-thiet-bi-y-te | trang-thiet-bi-y-te/dung-cu-y-te | trang-thiet-bi-y-te/may-xong-khi-dung,True,True,90,0,https://nhathuoclongchau.com.vn/trang-thiet-bi-y-te/may-xong-khi-dung-cam-tay-yuwell-m103-36502.html,trang-thiet-bi-y-te,100
155,00501173,TÚI Y TẾ 1LIFE 100G,"Túi y tế 1life thiết kế nhỏ gọn, tiện lợi, dùng để mang theo hàng ngày mọi lúc (1 cái)",trang-thiet-bi-y-te/tui-y-te-1life-100g-35329.html,89000.0,Cái,đ,https://cdn.nhathuoclongchau.com.vn/unsafe/https://cms-prod.s3-sgn09.fptcloud.com/00501173_tui_y_te_1life_100g_4239_62d8_large_19feef2c48.jpg,Vải ,,1LIFE,Cái x 100g,Thiết bị y tế | Dụng cụ y tế,trang-thiet-bi-y-te | trang-thiet-bi-y-te/dung-cu-y-te,True,True,90,0,https://nhathuoclongchau.com.vn/trang-thiet-bi-y-te/tui-y-te-1life-100g-35329.html,trang-thiet-bi-y-te,100
156,00500948,MÁY XÔNG KHÍ DUNG BIOHEALTH NEB PRO - HỖ TRỢ ĐIỀU TRỊ BỆNH LÝ VỀ ĐƯỜNG HÔ HẤP,Máy xông khí dung BioHealth Neb Pro hỗ trợ điều trị các bệnh về đường hô hấp,trang-thiet-bi-y-te/may-xong-khi-dung-biohealth-neb-pro-35114.html,960000.0,Hộp,đ,https://cdn.nhathuoclongchau.com.vn/unsafe/https://cms-prod.s3-sgn09.fptcloud.com/00500948_may_xong_khi_dung_biohealth_neb_pro_8067_62ce_large_d1332a974b.jpg,Nhựa ,,Biohealth,Hộp,Thiết bị y tế | Dụng cụ y tế | Máy xông khí dung,trang-thiet-bi-y-te | trang-thiet-bi-y-te/dung-cu-y-te | trang-thiet-bi-y-te/may-xong-khi-dung,True,True,90,0,https://nhathuoclongchau.com.vn/trang-thiet-bi-y-te/may-xong-khi-dung-biohealth-neb-pro-35114.html,trang-thiet-bi-y-te,100
157,00500567,NHIỆT KẾ HỒNG NGOẠI ĐO TRÁN MEDIUSA TP-336N NEW,"Nhiệt kế hồng ngoại MediUSA TP-336 đo không chạm, cho kết quả nhanh trong 3 giây",trang-thiet-bi-y-te/nhiet-ke-hong-ngoai-mediusa-tp-336n-34695.html,650000.0,Hộp,đ,https://cdn.nhathuoclongchau.com.vn/unsafe/https://cms-prod.s3-sgn09.fptcloud.com/00500567_nhiet_ke_hong_ngoai_mediusa_tp_336n_3707_6320_large_b0566d26e6.jpg,Nhựa ,,MediUSA,Hộp,Thiết bị y tế | Dụng cụ theo dõi,trang-thiet-bi-y-te | trang-thiet-bi-y-te/dung-cu-theo-doi,True,True,90,0,https://nhathuoclongchau.com.vn/trang-thiet-bi-y-te/nhiet-ke-hong-ngoai-mediusa-tp-336n-34695.html,trang-thiet-bi-y-te,100
158,00500441,MÁY XÔNG KHÍ DUNG MICROLIFE NEB200 - HỖ TRỢ ĐIỀU TRỊ BỆNH LÝ VỀ ĐƯỜNG HÔ HẤP,"Máy xông khí dung Microlife NEB200 hỗ trợ các bệnh viêm mũi, viêm xoang",trang-thiet-bi-y-te/may-xong-khi-dung-microlife-neb200-34561.html,1100000.0,Hộp,đ,https://cdn.nhathuoclongchau.com.vn/unsafe/https://cms-prod.s3-sgn09.fptcloud.com/ML_NEB_200_7_a95ecff513.jpg,Nhựa ,,Microlife,Hộp,Thiết bị y tế | Dụng cụ y tế | Máy xông khí dung,trang-thiet-bi-y-te | trang-thiet-bi-y-te/dung-cu-y-te | trang-thiet-bi-y-te/may-xong-khi-dung,True,True,90,0,https://nhathuoclongchau.com.vn/trang-thiet-bi-y-te/may-xong-khi-dung-microlife-neb200-34561.html,trang-thiet-bi-y-te,100
159,00500271,"DUNG DỊCH XỊT MŨI NASODREN HARTINGTON 50MG - LÀM SẠCH MŨI XOANG, GIẢM TRIỆU CHỨNG VIÊM XOANG CẤP VÀ MÃN TÍNH","Dung dịch xịt mũi Nasodren Hartington làm sạch mũi, xoang, giảm triệu chứng viêm xoang cấp tính và mãn tính (50mg)",trang-thiet-bi-y-te/dung-dich-dieu-tri-viem-xoang-mui-nasodren-50mg-34387.html,495000.0,Hộp,đ,https://cdn.nhathuoclongchau.com.vn/unsafe/https://cms-prod.s3-sgn09.fptcloud.com/00500271_dung_dich_dieu_tri_viem_xoang_mui_nasodren_50mg_9160_628b_large_e1ebdf3748.jpg,Thành phần khác ,,HARTINGTON,Hộp,Thiết bị y tế | Dụng cụ y tế | Dụng cụ vệ sinh mũi,trang-thiet-bi-y-te | trang-thiet-bi-y-te/dung-cu-y-te | trang-thiet-bi-y-te/dung-cu-ve-sinh-mui,True,True,90,0,https://nhathuoclongchau.com.vn/trang-thiet-bi-y-te/dung-dich-dieu-tri-viem-xoang-mui-nasodren-50mg-34387.html,trang-thiet-bi-y-te,100
160,00021449,MIẾNG DÁN MỤN SOMADERM - SPOT 24 MIẾNG - HỖ TRỢ LÀM LÀNH VẾT THƯƠNG,Miếng dán mụn Somaderm - Spot Young Chemical Vina hỗ trợ làm lành vết thương (24 miếng),trang-thiet-bi-y-te/mieng-dan-mun-somaderm-spot-24-mieng-ho-tro-lam-lanh-vet-thuong.html,55000.0,Hộp,đ,https://cdn.nhathuoclongchau.com.vn/unsafe/https://cms-prod.s3-sgn09.fptcloud.com/00021449_mieng_dan_mun_somaderm_spot_24_mieng_6814_6421_large_4aa655384a.jpg,"Hydrocolloid , Polyurethane , Ethylene oxide (E.O Gas) ",,YOUNG CHEMICAL,Hộp,Thiết bị y tế,trang-thiet-bi-y-te,True,True,90,0,https://nhathuoclongchau.com.vn/trang-thiet-bi-y-te/mieng-dan-mun-somaderm-spot-24-mieng-ho-tro-lam-lanh-vet-thuong.html,trang-thiet-bi-y-te,100
161,00028539,QUE THỬ ĐƯỜNG HUYẾT YUWELL Y330 HỘP 50 QUE,Que thử đường huyết Yuwell Y330 (50 que),trang-thiet-bi-y-te/que-thu-duong-huyet-yuwell-y330-50-que-28840.html,220000.0,Hộp,đ,https://cdn.nhathuoclongchau.com.vn/unsafe/https://cms-prod.s3-sgn09.fptcloud.com/DSC_09666_b6999f7992.jpg,Nhựa ,,Yuwell,Hộp 50 Cái,"Thiết bị y tế | Dụng cụ theo dõi | Máy, que thử đường huyết",trang-thiet-bi-y-te | trang-thiet-bi-y-te/dung-cu-theo-doi | trang-thiet-bi-y-te/may-que-thu-duong-huyet,True,True,90,0,https://nhathuoclongchau.com.vn/trang-thiet-bi-y-te/que-thu-duong-huyet-yuwell-y330-50-que-28840.html,trang-thiet-bi-y-te,100
162,00028933,MIẾNG DÁN NHIỆT STARBALM AQUA GEL (4 PACKS),"Miếng dán nhiệt Starbalm Aqua Gel Warm Plaster Heat Patches hỗ trợ giảm đau nhanh, kháng viêm (4 gói)",trang-thiet-bi-y-te/mieng-dan-nhiet-starbalm-aqua-gel-4-packs-29227.html,110000.0,Hộp,đ,https://cdn.nhathuoclongchau.com.vn/unsafe/https://cms-prod.s3-sgn09.fptcloud.com/00028933_mieng_dan_nhiet_starbalm_aqua_gel_4_packs_2170_62af_large_1f106dfcb0.jpg,"Menthol , Tocopherol acetate , Methyl salicylate , Kaolin , Glycerin , Water , Hydrated aluminium , Titaniumoxide , Polyacrylic acid , Methyl nicotinate ",,Starbalm,Hộp,"Thiết bị y tế | Dụng cụ sơ cứu | Miếng dán giảm đau, hạ sốt",trang-thiet-bi-y-te | trang-thiet-bi-y-te/dung-cu-so-cuu | trang-thiet-bi-y-te/mieng-dan-giam-dau,True,True,90,3.7550545,https://nhathuoclongchau.com.vn/trang-thiet-bi-y-te/mieng-dan-nhiet-starbalm-aqua-gel-4-packs-29227.html,trang-thiet-bi-y-te,100
163,00028935,"CAO XOA STARBALM ĐỎ 25G - HỖ TRỢ LÀM NÓNG, GIẢM MỎI CƠ, CHẤN THƯƠNG","Cao Starbalm đỏ 25g xoa bóp, làm nóng, thấm sâu vào cơ, hỗ trợ chấn thương",trang-thiet-bi-y-te/cao-starbalm-do-25g-29229.html,90000.0,Hộp,đ,https://cdn.nhathuoclongchau.com.vn/unsafe/https://cms-prod.s3-sgn09.fptcloud.com/00028935_cao_starbalm_do_25g_9238_62af_large_e0690b3007.jpg,"Menthol , Eucalyptus oil , Clove oil , Dementholised Mint Oil , Vaselin , Pine Tree Oil , Methyl nicotinate , Cassia Oil ",,Starbalm,Hộp,Thiết bị y tế | Dụng cụ y tế,trang-thiet-bi-y-te | trang-thiet-bi-y-te/dung-cu-y-te,True,True,90,0,https://nhathuoclongchau.com.vn/trang-thiet-bi-y-te/cao-starbalm-do-25g-29229.html,trang-thiet-bi-y-te,100
164,00029583,KHẨU TRANG NIVA N95,Khẩu trang Niva N95 hỗ trợ ngăn bụi và vi khuẩn (10 cái),trang-thiet-bi-y-te/khau-trang-niva-n95-hop-10-cai-29847.html,49000.0,Hộp,đ,https://cdn.nhathuoclongchau.com.vn/unsafe/https://cms-prod.s3-sgn09.fptcloud.com/00029583_khau_trang_niva_n95_hop_10_cai_2505_600a_large_e425e75f90.JPG,"Vải không dệt PP , Vải bông , Lớp lọc , Thanh nẹp mũi bằng nhựa , Dây đeo có tính đàn hồi ",,Niva,Hộp 10 Cái,Thiết bị y tế | Khẩu trang | Khẩu trang y tế,trang-thiet-bi-y-te | trang-thiet-bi-y-te/khau-trang | trang-thiet-bi-y-te/khau-trang-y-te,True,True,90,8.8312433,https://nhathuoclongchau.com.vn/trang-thiet-bi-y-te/khau-trang-niva-n95-hop-10-cai-29847.html,trang-thiet-bi-y-te,100
165,00029908,MÁY ĐO HUYẾT ÁP BẮP TAY MICROLIFE B3 BASIC,Máy đo huyết áp tự động Microlife B3 Basic hỗ trợ đo huyết áp,trang-thiet-bi-y-te/may-do-huyet-ap-bap-tay-tu-dong-microlife-b3-basic-30175.html,1450000.0,Hộp,đ,https://cdn.nhathuoclongchau.com.vn/unsafe/https://cms-prod.s3-sgn09.fptcloud.com/00029908_may_do_huyet_ap_bap_tay_tu_dong_microlife_b3_basic_2340_6048_large_620b483f43.JPG,Nhựa tổng hợp ,,Microlife,Hộp,Thiết bị y tế | Dụng cụ theo dõi | Máy đo huyết áp,trang-thiet-bi-y-te | trang-thiet-bi-y-te/dung-cu-theo-doi | trang-thiet-bi-y-te/may-do-huyet-ap,True,True,90,0,https://nhathuoclongchau.com.vn/trang-thiet-bi-y-te/may-do-huyet-ap-bap-tay-tu-dong-microlife-b3-basic-30175.html,trang-thiet-bi-y-te,100
166,00029910,MÁY ĐO HUYẾT ÁP BẮP TAY MICROLIFE BP A2 BASIC,Máy đo huyết áp bắp tay tự động Microlife BP A2 Basic hỗ trợ đo huyết áp và nhịp tim,trang-thiet-bi-y-te/may-do-huyet-ap-bap-tay-tu-dong-microlife-bp-a2-basic-30177.html,1100000.0,Hộp,đ,https://cdn.nhathuoclongchau.com.vn/unsafe/https://cms-prod.s3-sgn09.fptcloud.com/00029910_may_do_huyet_ap_bap_tay_tu_dong_microlife_bp_a2_basic_9375_6048_large_876d4c01a8.JPG,Nhựa tổng hợp ,,Microlife,Hộp,Thiết bị y tế | Dụng cụ theo dõi | Máy đo huyết áp,trang-thiet-bi-y-te | trang-thiet-bi-y-te/dung-cu-theo-doi | trang-thiet-bi-y-te/may-do-huyet-ap,True,True,90,0,https://nhathuoclongchau.com.vn/trang-thiet-bi-y-te/may-do-huyet-ap-bap-tay-tu-dong-microlife-bp-a2-basic-30177.html,trang-thiet-bi-y-te,100
167,00030973,KHẨU TRANG Y TẾ NGƯỜI LỚN HAMITA ADVANCED 4D MASK MÀU TRẮNG - GÓI 5 CÁI,"Khẩu trang y tế Hamita Advanced 4D Mask màu trắng hỗ trợ ngăn khói, bụi, kháng khuẩn (5 cái)",trang-thiet-bi-y-te/khau-trang-y-te-nguoi-lon-hamita-advanced-4d-mask-goi-5-cai-31110.html,35000.0,Gói,đ,https://cdn.nhathuoclongchau.com.vn/unsafe/https://cms-prod.s3-sgn09.fptcloud.com/00030973_khau_trang_y_te_nguoi_lon_hamita_advanced_4d_mask_goi_5_cai_1910_62b9_large_f4caeb35ac.jpg,"Vải không dệt PP , giấy kháng khuẩn MELTBLOWN , Vải kháng khuẩn SMS ",,Hamita,Gói,Thiết bị y tế | Khẩu trang | Khẩu trang y tế,trang-thiet-bi-y-te | trang-thiet-bi-y-te/khau-trang | trang-thiet-bi-y-te/khau-trang-y-te,True,True,90,0,https://nhathuoclongchau.com.vn/trang-thiet-bi-y-te/khau-trang-y-te-nguoi-lon-hamita-advanced-4d-mask-goi-5-cai-31110.html,trang-thiet-bi-y-te,100
168,00030975,MÁY ĐO HUYẾT ÁP CỔ TAY MICROLIFE W3 COMFORT,Máy đo huyết áp điện tử Microlife W3 Comfort hỗ trợ đo huyết áp,trang-thiet-bi-y-te/may-do-huyet-ap-co-tay-microlife-w3-comfort-31135.html,940000.0,Hộp,đ,https://cdn.nhathuoclongchau.com.vn/unsafe/https://cms-prod.s3-sgn09.fptcloud.com/00030975_may_do_huyet_ap_co_tay_microlife_w3_comfort_3724_60b4_large_fd802b5a6d.JPG,Nhựa tổng hợp ,,Microlife,Hộp,Thiết bị y tế | Dụng cụ theo dõi | Máy đo huyết áp,trang-thiet-bi-y-te | trang-thiet-bi-y-te/dung-cu-theo-doi | trang-thiet-bi-y-te/may-do-huyet-ap,True,True,90,0,https://nhathuoclongchau.com.vn/trang-thiet-bi-y-te/may-do-huyet-ap-co-tay-microlife-w3-comfort-31135.html,trang-thiet-bi-y-te,100
169,00031896,MÁY ĐO HUYẾT ÁP BẮP TAY TỰ ĐỘNG AND UA-651,Máy đo huyết áp bắp tay tự động AND UA-651 hỗ trợ đo huyết áp và nhịp tim,trang-thiet-bi-y-te/may-do-huyet-ap-bap-tay-tu-dong-and-ua-651-32028.html,930000.0,Hộp,đ,https://cdn.nhathuoclongchau.com.vn/unsafe/https://cms-prod.s3-sgn09.fptcloud.com/00031896_may_do_huyet_ap_bap_tay_tu_dong_and_ua_651_2439_6124_large_cff2cb68d4.jpg,Nhựa tổng hợp ,,AND,Hộp,Thiết bị y tế | Dụng cụ theo dõi | Máy đo huyết áp,trang-thiet-bi-y-te | trang-thiet-bi-y-te/dung-cu-theo-doi | trang-thiet-bi-y-te/may-do-huyet-ap,True,True,90,0,https://nhathuoclongchau.com.vn/trang-thiet-bi-y-te/may-do-huyet-ap-bap-tay-tu-dong-and-ua-651-32028.html,trang-thiet-bi-y-te,100
170,00032485,MÁY ĐO HUYẾT ÁP BẮP TAY TỰ ĐỘNG AND UA-611,Máy đo huyết áp bắp tay tự động AND UA-611 hỗ trợ đo huyết áp và nhịp tim,trang-thiet-bi-y-te/may-do-huyet-ap-bap-tay-tu-dong-and-ua-611-32605.html,900000.0,Hộp,đ,https://cdn.nhathuoclongchau.com.vn/unsafe/https://cms-prod.s3-sgn09.fptcloud.com/00032485_may_do_huyet_ap_bap_tay_tu_dong_and_ua_611_2417_615f_large_e007ee73d9.jpg,Nhựa tổng hợp ,,AND,Hộp,Thiết bị y tế | Dụng cụ theo dõi | Máy đo huyết áp,trang-thiet-bi-y-te | trang-thiet-bi-y-te/dung-cu-theo-doi | trang-thiet-bi-y-te/may-do-huyet-ap,True,True,90,0,https://nhathuoclongchau.com.vn/trang-thiet-bi-y-te/may-do-huyet-ap-bap-tay-tu-dong-and-ua-611-32605.html,trang-thiet-bi-y-te,100
171,00032726,MÁY ĐO HUYẾT ÁP BẮP TAY MICROLIFE B3 ADVANCED AFIB - CẢNH BÁO ĐỘT QUỴ,"Máy đo huyết áp bắp tay Microlife B3 AFIB Advanced hỗ trợ đo huyết áp, cảnh báo đột quỵ",trang-thiet-bi-y-te/may-do-huyet-ap-bap-tay-microlife-b3-advanced-afib-32842.html,2200000.0,Hộp,đ,https://cdn.nhathuoclongchau.com.vn/unsafe/https://cms-prod.s3-sgn09.fptcloud.com/DSC_07452_ce4d48c4c8.jpg,Nhựa tổng hợp ,,Microlife,Hộp,Thiết bị y tế | Dụng cụ theo dõi | Máy đo huyết áp,trang-thiet-bi-y-te | trang-thiet-bi-y-te/dung-cu-theo-doi | trang-thiet-bi-y-te/may-do-huyet-ap,True,True,90,0,https://nhathuoclongchau.com.vn/trang-thiet-bi-y-te/may-do-huyet-ap-bap-tay-microlife-b3-advanced-afib-32842.html,trang-thiet-bi-y-te,100
172,00032725,MÁY ĐO HUYẾT ÁP BẮP TAY MICROLIFE B2 BASIC,"Máy đo huyết áp bắp tay Microlife B2 Basic thế hệ mới cho độ chính xác cao, dễ sử dụng",trang-thiet-bi-y-te/may-do-huyet-ap-bap-tay-microlife-b2-basic-32847.html,1170000.0,Hộp,đ,https://cdn.nhathuoclongchau.com.vn/unsafe/https://cms-prod.s3-sgn09.fptcloud.com/00032725_may_do_huyet_ap_bap_tay_microlife_b2_basic_4574_6188_large_940ad8c730.jpg,Nhựa tổng hợp ,,Microlife,Hộp,Thiết bị y tế | Dụng cụ theo dõi | Máy đo huyết áp,trang-thiet-bi-y-te | trang-thiet-bi-y-te/dung-cu-theo-doi | trang-thiet-bi-y-te/may-do-huyet-ap,True,True,90,3.7720032,https://nhathuoclongchau.com.vn/trang-thiet-bi-y-te/may-do-huyet-ap-bap-tay-microlife-b2-basic-32847.html,trang-thiet-bi-y-te,100
173,00049143,KIT TEST COVID FLOWFLEX - KHAY THỬ XÉT NGHIỆM KHÁNG NGUYÊN SARS COV-2 HỘP 25 KÍT,Kít test covid Flowflex khay thử xét nghiệm kháng nguyên SAR CoV-2 (25 kít),trang-thiet-bi-y-te/kit-test-covid-flowflex-khay-thu-xet-nghiem-khang-nguyen-sars-cov-2-hop-25-kit.html,45000.0,Kít,đ,https://cdn.nhathuoclongchau.com.vn/unsafe/https://cms-prod.s3-sgn09.fptcloud.com/DSC_09865_879e9a94e5.jpg,Nhựa ,,ACON,Hộp 25 Kít,Thiết bị y tế | Dụng cụ theo dõi | Kit Test Covid,trang-thiet-bi-y-te | trang-thiet-bi-y-te/dung-cu-theo-doi | trang-thiet-bi-y-te/kit-test-covid,True,True,80,0,https://nhathuoclongchau.com.vn/trang-thiet-bi-y-te/kit-test-covid-flowflex-khay-thu-xet-nghiem-khang-nguyen-sars-cov-2-hop-25-kit.html,trang-thiet-bi-y-te,100
174,00048840,MÁY ĐO THÀNH PHẦN CƠ THỂ OMRON HBF-222T,Máy đo thành phần cơ thể Omron HBF-222T,trang-thiet-bi-y-te/may-do-thanh-phan-co-the-omron-hbf-222-t.html,2490000.0,Hộp,đ,https://cdn.nhathuoclongchau.com.vn/unsafe/https://cms-prod.s3-sgn09.fptcloud.com/DSC_04770_05e3e41f1f.png,Nhựa ,,OMRON,Hộp,Thiết bị y tế | Dụng cụ theo dõi | Cân sức khỏe,trang-thiet-bi-y-te | trang-thiet-bi-y-te/dung-cu-theo-doi | trang-thiet-bi-y-te/can-suc-khoe,True,True,80,0,https://nhathuoclongchau.com.vn/trang-thiet-bi-y-te/may-do-thanh-phan-co-the-omron-hbf-222-t.html,trang-thiet-bi-y-te,100
175,00048835,MÁY ĐO HUYẾT ÁP TỰ ĐỘNG + ĐIỆN TÂM ĐỒ ECG | COMPLETE (OMRON HEM-7530T),Máy đo huyết áp tự động + điện tâm đồ ECG | Complete (Omron HEM-7530T),trang-thiet-bi-y-te/may-do-huyet-ap-tu-dong-ecg-complete-hem-7530-t.html,6990000.0,Hộp,đ,https://cdn.nhathuoclongchau.com.vn/unsafe/https://cms-prod.s3-sgn09.fptcloud.com/DSC_05182_9fa0b1f8eb.jpg,Nhựa ,,OMRON,Hộp,Thiết bị y tế | Dụng cụ theo dõi | Máy đo huyết áp,trang-thiet-bi-y-te | trang-thiet-bi-y-te/dung-cu-theo-doi | trang-thiet-bi-y-te/may-do-huyet-ap,True,True,80,0,https://nhathuoclongchau.com.vn/trang-thiet-bi-y-te/may-do-huyet-ap-tu-dong-ecg-complete-hem-7530-t.html,trang-thiet-bi-y-te,100
176,00048553,BỘ TRUYỀN DỮ LIỆU MÁY ĐO ĐƯỜNG HUYẾT LIÊN TỤC 3P,Bộ truyền dữ liệu máy đo đường huyết liên tục 3P,trang-thiet-bi-y-te/bo-truyen-du-lieu-may-do-duong-huyet-lien-tuc-3-p.html,990000.0,Hộp,đ,https://cdn.nhathuoclongchau.com.vn/unsafe/https://cms-prod.s3-sgn09.fptcloud.com/DSC_03773_7dadb11d16.png,Nhựa ,,3P,Hộp,"Thiết bị y tế | Dụng cụ theo dõi | Máy, que thử đường huyết",trang-thiet-bi-y-te | trang-thiet-bi-y-te/dung-cu-theo-doi | trang-thiet-bi-y-te/may-que-thu-duong-huyet,True,True,80,0,https://nhathuoclongchau.com.vn/trang-thiet-bi-y-te/bo-truyen-du-lieu-may-do-duong-huyet-lien-tuc-3-p.html,trang-thiet-bi-y-te,100
177,00048552,BỘ CẢM BIẾN MÁY ĐO ĐƯỜNG HUYẾT LIÊN TỤC 3P,Bộ cảm biến máy đo đường huyết liên tục 3P cho bệnh nhân mắc bệnh tiểu đường,trang-thiet-bi-y-te/bo-cam-bien-may-do-duong-huyet-lien-tuc-3-p.html,1390000.0,Hộp,đ,https://cdn.nhathuoclongchau.com.vn/unsafe/https://cms-prod.s3-sgn09.fptcloud.com/DSC_03794_7236f2e7af.png,Nhựa ,,3P,Hộp,"Thiết bị y tế | Dụng cụ theo dõi | Máy, que thử đường huyết",trang-thiet-bi-y-te | trang-thiet-bi-y-te/dung-cu-theo-doi | trang-thiet-bi-y-te/may-que-thu-duong-huyet,True,True,80,0,https://nhathuoclongchau.com.vn/trang-thiet-bi-y-te/bo-cam-bien-may-do-duong-huyet-lien-tuc-3-p.html,trang-thiet-bi-y-te,100
178,00043528,MÁY MÁT XA ĐẦU GỐI FUJI PG-2015F3,Máy mát xa đầu gối Fuji PG-2015F3 hỗ trợ cải thiện lưu thông máu và giảm bớt sự khó chịu của khớp gối,trang-thiet-bi-y-te/may-mat-xa-dau-goi-fuji-pg-2015-f3.html,2490000.0,Hộp,đ,https://cdn.nhathuoclongchau.com.vn/unsafe/https://cms-prod.s3-sgn09.fptcloud.com/12323_8fe7ce70aa.jpg,Nhựa ,,FUJI,Hộp,Thiết bị y tế | Dụng cụ y tế | Máy massage,trang-thiet-bi-y-te | trang-thiet-bi-y-te/dung-cu-y-te | trang-thiet-bi-y-te/may-massage,True,True,80,0,https://nhathuoclongchau.com.vn/trang-thiet-bi-y-te/may-mat-xa-dau-goi-fuji-pg-2015-f3.html,trang-thiet-bi-y-te,100
179,00043527,MÁY MÁT XA LƯNG (BỤNG) FUJI PG-2645L,"Máy mát xa lưng, bụng Fuji PG-2645L tác động sâu vào các vùng cơ và dây thần kinh bên trong",trang-thiet-bi-y-te/may-mat-xa-lung-bung-fuji-pg-2645-l.html,1790000.0,Hộp,đ,https://cdn.nhathuoclongchau.com.vn/unsafe/https://cms-prod.s3-sgn09.fptcloud.com/123_148809f0b1.jpg,Nhựa ,,FUJI,Hộp,Thiết bị y tế | Dụng cụ y tế | Máy massage,trang-thiet-bi-y-te | trang-thiet-bi-y-te/dung-cu-y-te | trang-thiet-bi-y-te/may-massage,True,True,80,0,https://nhathuoclongchau.com.vn/trang-thiet-bi-y-te/may-mat-xa-lung-bung-fuji-pg-2645-l.html,trang-thiet-bi-y-te,100
180,D042300000293,MÁY MASSAGE CỔ PANGAO PG-2601B51,"Máy massage Pangao PG-2601B51 xoa dịu đốt sống cổ, giúp thư giãn giảm căng thẳng",trang-thiet-bi-y-te/may-massage-co-pangao-pg-2601-b51.html,1950000.0,Hộp,đ,https://cdn.nhathuoclongchau.com.vn/unsafe/https://cms-prod.s3-sgn09.fptcloud.com/IMG_0310_bb7300afd1.jpg,Hộp đựng bảo vệ máy ,,PANGAO,Hộp x 700g,Thiết bị y tế | Dụng cụ y tế | Máy massage,trang-thiet-bi-y-te | trang-thiet-bi-y-te/dung-cu-y-te | trang-thiet-bi-y-te/may-massage,True,True,80,0,https://nhathuoclongchau.com.vn/trang-thiet-bi-y-te/may-massage-co-pangao-pg-2601-b51.html,trang-thiet-bi-y-te,100
181,D042300000184,"CHAI XỊT BẠC TRỊ BỎNG, TRẦY XƯỚC, VẾT LOÉT DƯỚI DA - FARMACTIVE SILVER SPRAY 125ML","Chai xịt bạc Farmactive Silver Spray hỗ trợ điều trị bỏng, trầy xước, vết loét dưới da (125ml)",trang-thiet-bi-y-te/chai-xit-bac-tri-bong-tray-xuoc-vet-loet-duoi-da-farmactive-silver-spray-125-ml.html,567000.0,Chai,đ,https://cdn.nhathuoclongchau.com.vn/unsafe/https://cms-prod.s3-sgn09.fptcloud.com/IMG_0314_37caa653e0.jpg,"Colloidal silver , Hyaluronic acid sodium salt , Silicon ",Dạng xịt,Farmac - Zabban,Chai x 125ml,Thiết bị y tế | Dụng cụ sơ cứu,trang-thiet-bi-y-te | trang-thiet-bi-y-te/dung-cu-so-cuu,True,True,80,0,https://nhathuoclongchau.com.vn/trang-thiet-bi-y-te/chai-xit-bac-tri-bong-tray-xuoc-vet-loet-duoi-da-farmactive-silver-spray-125-ml.html,trang-thiet-bi-y-te,100
182,00503417,DỤNG CỤ MASSAGE ĐIỀU HÒA KINH MẠCH TAY DUY THÀNH,"Dụng cụ điều hòa kinh mạch tay Duy Thành giảm các triệu chứng tê nhức ở bàn tay, ngón tay (1 cái x 110gr)",trang-thiet-bi-y-te/dung-cu-massage-dieu-hoa-kinh-mach-tay-duy-thanh-37722.html,72000.0,Hộp,đ,https://cdn.nhathuoclongchau.com.vn/unsafe/https://cms-prod.s3-sgn09.fptcloud.com/00503417_dung_cu_dieu_hoa_kinh_mach_tay_duy_thanh_2763_63f6_large_882888ca45.jpg,Thành phần khác ,,Duy Thành,Hộp x 110gr,Thiết bị y tế | Dụng cụ y tế | Máy massage,trang-thiet-bi-y-te | trang-thiet-bi-y-te/dung-cu-y-te | trang-thiet-bi-y-te/may-massage,True,True,80,0,https://nhathuoclongchau.com.vn/trang-thiet-bi-y-te/dung-cu-massage-dieu-hoa-kinh-mach-tay-duy-thanh-37722.html,trang-thiet-bi-y-te,100
183,00502786,MÁY ĐO HUYẾT ÁP BẮP TAY TỰ ĐỘNG MICROLIFE B3 COMFORT,Máy đo huyết áp bắp tay tự động Microlife B3 Comfort hỗ trợ đo huyết áp và nhịp tim,trang-thiet-bi-y-te/may-do-huyet-ap-bap-tay-tu-dong-microlife-b3-comfort-37091.html,1730000.0,Hộp,đ,https://cdn.nhathuoclongchau.com.vn/unsafe/https://cms-prod.s3-sgn09.fptcloud.com/00502786_may_do_huyet_ap_bap_tay_tu_dong_microlife_b3_comfort_2481_6391_large_5f7edf98f1.jpg,"Máy đo , Túi hơi , Hướng dẫn sử dụng , Adapter , Túi đựng , Phiếu bảo hành , Pin AA ",,Microlife,Hộp,Thiết bị y tế | Dụng cụ theo dõi | Máy đo huyết áp,trang-thiet-bi-y-te | trang-thiet-bi-y-te/dung-cu-theo-doi | trang-thiet-bi-y-te/may-do-huyet-ap,True,True,80,0,https://nhathuoclongchau.com.vn/trang-thiet-bi-y-te/may-do-huyet-ap-bap-tay-tu-dong-microlife-b3-comfort-37091.html,trang-thiet-bi-y-te,100
184,00502056,PIN MAXELL LITHIUM CR2032 20X5,Pin Maxell Lithium CR2032 - 3V cung cấp điện năng ổn định cho thiết bị (20 vỉ x 5 viên),trang-thiet-bi-y-te/pin-maxell-lithium-cr-2032-20-x5.html,19000.0,Viên,đ,https://cdn.nhathuoclongchau.com.vn/unsafe/https://cms-prod.s3-sgn09.fptcloud.com/00502056_pin_maxell_lithium_cr2032_20x5_2585_6322_large_807b4cda47.jpg,Thành phần khác ,,Maxell,Hộp 20 Vỉ x 5 Viên,Thiết bị y tế,trang-thiet-bi-y-te,True,True,80,0,https://nhathuoclongchau.com.vn/trang-thiet-bi-y-te/pin-maxell-lithium-cr-2032-20-x5.html,trang-thiet-bi-y-te,100
185,00033694,KHẨU TRANG Y TẾ HAMITA ADVANCED 4D MASK MÀU ĐEN - GÓI 5 CÁI,"Khẩu trang y tế Hamita Advanced 4D Mask màu đen hỗ trợ ngăn khói, bụi, kháng khuẩn (5 cái)",trang-thiet-bi-y-te/khau-trang-y-te-hamita-advanced-4d-mask-mau-den-goi-5-cai-33788.html,35000.0,Gói,đ,https://cdn.nhathuoclongchau.com.vn/unsafe/https://cms-prod.s3-sgn09.fptcloud.com/00033694_khau_trang_y_te_hamita_advanced_4d_mask_mau_den_goi_5_cai_4325_638f_large_b209a84e8b.jpg,"Dây đeo có tính đàn hồi , Vải không dệt ",,Hamita,Hộp 10 Gói x 5 Cái,Thiết bị y tế | Khẩu trang | Khẩu trang y tế,trang-thiet-bi-y-te | trang-thiet-bi-y-te/khau-trang | trang-thiet-bi-y-te/khau-trang-y-te,True,True,80,0,https://nhathuoclongchau.com.vn/trang-thiet-bi-y-te/khau-trang-y-te-hamita-advanced-4d-mask-mau-den-goi-5-cai-33788.html,trang-thiet-bi-y-te,100
186,00016517,OMRON JPN600 - MÁY ĐO HUYẾT ÁP BẮP TAY TỰ ĐỘNG,"Máy đo huyết áp bắp tay tự động Omron JPN600 công nghệ IntelliWrap, hiển thị kết quả trung bình của 3 lần đo cuối",trang-thiet-bi-y-te/may-do-huyet-ap-tu-dong-omron-jpn600-14186.html,2150000.0,Hộp,đ,https://cdn.nhathuoclongchau.com.vn/unsafe/https://cms-prod.s3-sgn09.fptcloud.com/00016517_may_do_huyet_ap_tu_dong_omron_jpn600_7263_5c98_large_4c5b095b6a.JPG,Nhựa ,,OMRON,Hộp,Thiết bị y tế | Dụng cụ theo dõi | Máy đo huyết áp,trang-thiet-bi-y-te | trang-thiet-bi-y-te/dung-cu-theo-doi | trang-thiet-bi-y-te/may-do-huyet-ap,True,True,80,0,https://nhathuoclongchau.com.vn/trang-thiet-bi-y-te/may-do-huyet-ap-tu-dong-omron-jpn600-14186.html,trang-thiet-bi-y-te,100
187,00016627,MEDIUSA TP33 - MÁY ĐO HUYẾT ÁP BẮP TAY TỰ ĐỘNG,Máy đo huyết áp bắp tay tự động MediUSA TP-33 hỗ trợ đo huyết áp và nhịp tim,trang-thiet-bi-y-te/may-do-huyet-ap-bap-tay-tu-dong-mediusa-tp-33-17786.html,1079000.0,Hộp,đ,https://cdn.nhathuoclongchau.com.vn/unsafe/https://cms-prod.s3-sgn09.fptcloud.com/00016627_1_2a35957532.jpg,Nhựa ,,MediUSA,Hộp,Thiết bị y tế | Dụng cụ theo dõi | Máy đo huyết áp,trang-thiet-bi-y-te | trang-thiet-bi-y-te/dung-cu-theo-doi | trang-thiet-bi-y-te/may-do-huyet-ap,True,True,80,0,https://nhathuoclongchau.com.vn/trang-thiet-bi-y-te/may-do-huyet-ap-bap-tay-tu-dong-mediusa-tp-33-17786.html,trang-thiet-bi-y-te,100
188,00029202,VOLTOGEL SPRAY XỊT GIẢM ĐAU 100ML,"Bình xịt Voltogel Spray 100ml Aero Chemie đau cơ, đau vai, bầm tím, bong gân",trang-thiet-bi-y-te/voltogel-spray-xit-giam-dau-100ml-29468.html,89000.0,Chai,đ,https://cdn.nhathuoclongchau.com.vn/unsafe/https://cms-prod.s3-sgn09.fptcloud.com/00029202_voltogel_spray_xit_giam_dau_100ml_2509_62b5_large_781cc66afa.jpg,"Tam thất 3 , Ngải cứu 10 , Long não 10 , Bạc hà 13 , Khương hoạt 15 , Tinh dầu quế 0.5 , Địa liền 15 , Bạch cập 10 , Tế tân 10 , Độc hoạt 5 , Methyl salicylate 500mg, Panthenol 500mg",,Aero Chemie,Chai,"Thiết bị y tế | Dụng cụ sơ cứu | Xịt giảm đau, kháng viêm",trang-thiet-bi-y-te | trang-thiet-bi-y-te/dung-cu-so-cuu | trang-thiet-bi-y-te/xit-giam-dau,True,True,80,0,https://nhathuoclongchau.com.vn/trang-thiet-bi-y-te/voltogel-spray-xit-giam-dau-100ml-29468.html,trang-thiet-bi-y-te,100
189,00032333,MÁY ĐO HUYẾT ÁP BẮP TAY TỰ ĐỘNG AND UA-1020,Máy đo huyết áp bắp tay tự động AND UA-1020 hỗ trợ đo huyết áp và nhịp tim,trang-thiet-bi-y-te/may-do-huyet-ap-bap-tay-tu-dong-and-ua-1020-32458.html,1350000.0,Hộp,đ,https://cdn.nhathuoclongchau.com.vn/unsafe/https://cms-prod.s3-sgn09.fptcloud.com/00032333_may_do_huyet_ap_bap_tay_tu_dong_and_ua_1020_3066_614c_large_a7db5820a1.jpg,Nhựa  ,,AND,Hộp,Thiết bị y tế | Dụng cụ theo dõi | Máy đo huyết áp,trang-thiet-bi-y-te | trang-thiet-bi-y-te/dung-cu-theo-doi | trang-thiet-bi-y-te/may-do-huyet-ap,True,True,80,0,https://nhathuoclongchau.com.vn/trang-thiet-bi-y-te/may-do-huyet-ap-bap-tay-tu-dong-and-ua-1020-32458.html,trang-thiet-bi-y-te,100
190,00032484,MÁY ĐO HUYẾT ÁP CỔ TAY TỰ ĐỘNG AND UB-525,Máy đo huyết áp cổ tay tự động AND UB-525 hỗ trợ đo huyết áp và nhịp tim,trang-thiet-bi-y-te/may-do-huyet-ap-co-tay-tu-dong-and-ub-525-32604.html,900000.0,Hộp,đ,https://cdn.nhathuoclongchau.com.vn/unsafe/https://cms-prod.s3-sgn09.fptcloud.com/00032484_may_do_huyet_ap_co_tay_tu_dong_and_ub_525_2336_615f_large_7a1cdd8b93.jpg,Nhựa tổng hợp ,,AND,Hộp,Thiết bị y tế | Dụng cụ theo dõi | Máy đo huyết áp,trang-thiet-bi-y-te | trang-thiet-bi-y-te/dung-cu-theo-doi | trang-thiet-bi-y-te/may-do-huyet-ap,True,True,80,0,https://nhathuoclongchau.com.vn/trang-thiet-bi-y-te/may-do-huyet-ap-co-tay-tu-dong-and-ub-525-32604.html,trang-thiet-bi-y-te,100
191,00032539,KHẨU TRANG Y TẾ TRẺ EM HAMITA ADVANCED 4D MASK - GÓI 5 CÁI,"Khẩu trang y tế Hamita Advanced 4D Mask hỗ trợ ngăn khói, bụi, kháng khuẩn (5 cái)",trang-thiet-bi-y-te/khau-trang-y-te-tre-em-hamita-advanced-4d-mask-goi-5-cai-32663.html,35000.0,Gói,đ,https://cdn.nhathuoclongchau.com.vn/unsafe/https://cms-prod.s3-sgn09.fptcloud.com/00032539_khau_trang_y_te_tre_em_hamita_advanced_4d_mask_goi_5_cai_1665_6278_large_b45b1b9834.jpg,"Vải không dệt PP , giấy kháng khuẩn MELTBLOWN , Vải kháng khuẩn SMS ",,Hamita,Hộp 10 Gói,Thiết bị y tế | Khẩu trang | Khẩu trang y tế,trang-thiet-bi-y-te | trang-thiet-bi-y-te/khau-trang | trang-thiet-bi-y-te/khau-trang-y-te,True,True,80,8.6370558,https://nhathuoclongchau.com.vn/trang-thiet-bi-y-te/khau-trang-y-te-tre-em-hamita-advanced-4d-mask-goi-5-cai-32663.html,trang-thiet-bi-y-te,100
192,00049066,"KHẨU TRANG 9A UV MASK FAMAPRO NAM ANH -  10 CÁI (MÀU TRẮNG) - CHỐNG NẮNG, CHỐNG TIA UV, CHE PHỦ MẶT CAO","Khẩu trang 9A UV Mask Nam Anh chống nắng, chống tia uv, che phủ mặt cao (10 cái)",trang-thiet-bi-y-te/khau-trang-9-a-uv-mask-nam-anh-10-cai-chong-nang-chong-tia-uv-che-phu-mat-cao.html,12000.0,Gói,đ,https://cdn.nhathuoclongchau.com.vn/unsafe/https://cms-prod.s3-sgn09.fptcloud.com/DSC_08032_1_e43951e597.jpg,Cotton ,,Nam Anh,Gói 10 Cái,Thiết bị y tế | Khẩu trang | Khẩu trang y tế,trang-thiet-bi-y-te | trang-thiet-bi-y-te/khau-trang | trang-thiet-bi-y-te/khau-trang-y-te,True,True,70,0,https://nhathuoclongchau.com.vn/trang-thiet-bi-y-te/khau-trang-9-a-uv-mask-nam-anh-10-cai-chong-nang-chong-tia-uv-che-phu-mat-cao.html,trang-thiet-bi-y-te,100
193,00047334,"GĂNG TAY CAO SU Y TẾ CÓ BỘT, PHỦ LATEX POWDER DISPOSABLE BEST GLOVES - SIZE M HỘP 100 CÁI",Găng tay cao su y tế có bột phủ Latex Powder Disposable Best Gloves size M (100 cái),trang-thiet-bi-y-te/gang-tay-cao-su-y-te-co-bot-phu-latex-powder-disposable-best-gloves-size-m-hop-100-cai.html,89000.0,Hộp,đ,https://cdn.nhathuoclongchau.com.vn/unsafe/https://cms-prod.s3-sgn09.fptcloud.com/DSC_09762_8023805d95.jpg,Cao su thiên nhiên ,,BEST GLOVES,Hộp 100 Cái,Thiết bị y tế | Dụng cụ y tế | Găng tay,trang-thiet-bi-y-te | trang-thiet-bi-y-te/dung-cu-y-te | trang-thiet-bi-y-te/gang-tay,True,True,70,0,https://nhathuoclongchau.com.vn/trang-thiet-bi-y-te/gang-tay-cao-su-y-te-co-bot-phu-latex-powder-disposable-best-gloves-size-m-hop-100-cai.html,trang-thiet-bi-y-te,100
194,00047332,"GĂNG TAY CAO SU Y TẾ CÓ BỘT, PHỦ LATEX POWDER DISPOSABLE BEST GLOVES - SIZE S HỘP 100 CÁI",Găng tay cao su y tế có bột phủ Latex Powder Disposable Best Gloves size S (100 cái),trang-thiet-bi-y-te/gang-tay-cao-su-y-te-co-bot-phu-latex-powder-disposable-best-gloves-size-s-hop-100-cai-1.html,89000.0,Hộp,đ,https://cdn.nhathuoclongchau.com.vn/unsafe/https://cms-prod.s3-sgn09.fptcloud.com/DSC_09677_92bdd97acf.jpg,Cao su thiên nhiên ,,BEST GLOVES,Hộp 100 Cái,Thiết bị y tế | Dụng cụ y tế | Găng tay,trang-thiet-bi-y-te | trang-thiet-bi-y-te/dung-cu-y-te | trang-thiet-bi-y-te/gang-tay,True,True,70,0,https://nhathuoclongchau.com.vn/trang-thiet-bi-y-te/gang-tay-cao-su-y-te-co-bot-phu-latex-powder-disposable-best-gloves-size-s-hop-100-cai-1.html,trang-thiet-bi-y-te,100
195,00047308,DUNG DỊCH VỆ SINH TAI MŨI HỌNG LIVESPO NAVAX 10 ỐNG X 4ML - GIẢM NGUY CƠ VIÊM ĐƯỜNG HÔ HẤP,"Dung dịch vệ sinh tai, mũi, họng LiveSpo Navax 4ml giảm nguy cơ viêm đường hô hấp (10 ống)",trang-thiet-bi-y-te/dung-dich-ve-sinh-tai-mui-hong-livespo-navax-10-ong-x-4-ml.html,171000.0,Hộp,đ,https://cdn.nhathuoclongchau.com.vn/unsafe/https://cms-prod.s3-sgn09.fptcloud.com/DSC_09658_92a61bf17c.jpg,"Bacillus subtilis , Bacillus clausii , NaCl 0.9% w/v, Nước cất ",Dung dịch,Livespo,Hộp 10 Ống,Thiết bị y tế | Dụng cụ y tế,trang-thiet-bi-y-te | trang-thiet-bi-y-te/dung-cu-y-te,True,True,70,0,https://nhathuoclongchau.com.vn/trang-thiet-bi-y-te/dung-dich-ve-sinh-tai-mui-hong-livespo-navax-10-ong-x-4-ml.html,trang-thiet-bi-y-te,100
196,00046959,"DẦU NÓNG TRƯỜNG SƠN 10ML HỘP 10 CHAI  - HỖ TRỢ GIẢM ĐAU NHỨC, CHÓNG MẶT, NHỨC ĐẦU","Dầu nóng Trường Sơn 10ml hỗ trợ các trường hợp chóng mặt, đau bụng, ho, cảm cúm (10 chai)",trang-thiet-bi-y-te/dau-nong-truong-son-10-chai-x-10-ml.html,21000.0,Chai,đ,https://cdn.nhathuoclongchau.com.vn/unsafe/https://cms-prod.s3-sgn09.fptcloud.com/TUK_07084_0d5331219f.jpg,"Menthol , Camphor , Eucalyptol , Methyl salicylate , Peppermint oil , Dầu parafin ",Dạng dầu,Trường Sơn,Hộp 10 Chai,Thiết bị y tế | Dụng cụ y tế | Các dụng cụ và sản phẩm khác,trang-thiet-bi-y-te | trang-thiet-bi-y-te/dung-cu-y-te | trang-thiet-bi-y-te/dung-cu-khac,True,True,70,0,https://nhathuoclongchau.com.vn/trang-thiet-bi-y-te/dau-nong-truong-son-10-chai-x-10-ml.html,trang-thiet-bi-y-te,100
197,00046956,"DẦU PHẬT LINH TRƯỜNG SƠN 5ML HỘP 12 CHAI - HỖ TRỢ GIẢM CẢM CÚM, NGHẸT MŨI, CHÓNG MẶT, NHỨC ĐẦU","Dầu Phật Linh 5ml Trường Sơn dùng hỗ trợ trường hợp cảm cúm, cảm ho, nhức đầu, nghẹt mũi (12 chai)",trang-thiet-bi-y-te/dau-phat-linh-truong-son-12-chai-x-5-ml.html,16500.0,Chai,đ,https://cdn.nhathuoclongchau.com.vn/unsafe/https://cms-prod.s3-sgn09.fptcloud.com/TUK_07031_9b19647a79.jpg,"Menthol , Camphor , Eucalyptol , Dầu parafin , Peppermint oil , Eugenol ",Dạng dầu,Trường Sơn,Hộp 12 Chai,Thiết bị y tế | Dụng cụ y tế | Các dụng cụ và sản phẩm khác,trang-thiet-bi-y-te | trang-thiet-bi-y-te/dung-cu-y-te | trang-thiet-bi-y-te/dung-cu-khac,True,True,70,0,https://nhathuoclongchau.com.vn/trang-thiet-bi-y-te/dau-phat-linh-truong-son-12-chai-x-5-ml.html,trang-thiet-bi-y-te,100
198,00046953,"DẦU GIÓ XANH THIÊN THẢO TRƯỜNG SƠN 12ML HỘP 12 CHAI - HỖ TRỢ GIẢM CẢM CÚM, NGHẸT MŨI, CHÓNG MẶT, NHỨC ĐẦU","Dầu gió xanh Thiên Thảo 12ml Trường Sơn dùng hỗ trợ trong trường hợp cảm, ho, sổ mũi, nhức đầu (12 chai)",trang-thiet-bi-y-te/dau-gio-xanh-thien-thao-truong-son-12-chai-x-12-ml.html,22500.0,Chai,đ,https://cdn.nhathuoclongchau.com.vn/unsafe/https://cms-prod.s3-sgn09.fptcloud.com/TUK_07131_382b81640a.jpg,"Menthol , Camphor , Eucalyptol , Methyl salicylate , Peppermint oil , Eugenol , Dầu parafin ",Dạng dầu,Trường Sơn,Hộp 12 Chai,Thiết bị y tế | Dụng cụ y tế | Các dụng cụ và sản phẩm khác,trang-thiet-bi-y-te | trang-thiet-bi-y-te/dung-cu-y-te | trang-thiet-bi-y-te/dung-cu-khac,True,True,70,0,https://nhathuoclongchau.com.vn/trang-thiet-bi-y-te/dau-gio-xanh-thien-thao-truong-son-12-chai-x-12-ml.html,trang-thiet-bi-y-te,100
199,00046881,"GĂNG TAY CAO SU Y TẾ KHÔNG BỘT, PHỦ LATEX POWDER FREE DISPOSABLE BEST GLOVES - SIZE M HỘP 100 CÁI",Găng tay cao su y tế không bột phủ Latex Powder Free Disposable Best Gloves size M (100 cái),trang-thiet-bi-y-te/gang-tay-cao-su-y-te-khong-bot-phu-latex-powder-free-disposable-best-gloves-size-m-hop-100-cai.html,115000.0,Hộp,đ,https://cdn.nhathuoclongchau.com.vn/unsafe/https://cms-prod.s3-sgn09.fptcloud.com/TUK_04952_8e6110fcac.jpg,Cao su thiên nhiên ,,BEST GLOVES,Hộp 100 Cái,Thiết bị y tế | Dụng cụ y tế | Găng tay,trang-thiet-bi-y-te | trang-thiet-bi-y-te/dung-cu-y-te | trang-thiet-bi-y-te/gang-tay,True,True,70,0,https://nhathuoclongchau.com.vn/trang-thiet-bi-y-te/gang-tay-cao-su-y-te-khong-bot-phu-latex-powder-free-disposable-best-gloves-size-m-hop-100-cai.html,trang-thiet-bi-y-te,100
200,00046236,"NƯỚC SÚC MIỆNG T-B TRAPHACO 500ML - VỆ SINH RĂNG MIỆNG, KHỬ MÙI HÔI MIỆNG, NGỪA VIÊM HỌNG, VIÊM LỢI, SÂU RĂNG, CHẢY MÁU CHÂN RĂNG","Nước súc miệng T-B Traphaco 500ml vệ sinh răng miệng, họng, ngừa viêm họng, thơm miệng, sạch răng",trang-thiet-bi-y-te/nuoc-suc-mieng-t-b-traphaco-500-ml-ve-sinh-rang-mieng-ngua-viem-hong-thom-mieng-sach-rang.html,22000.0,Chai,đ,https://cdn.nhathuoclongchau.com.vn/unsafe/https://cms-prod.s3-sgn09.fptcloud.com/DSC_09145_63a0c8f3ce.jpg,"Acid Boric 3%, Tinh dầu quế , Tinh dầu bạc hà , Natri clorid , Natri saccharin , Menthol , Ethanol 96% ",Dung dịch,Traphaco,Chai,Thiết bị y tế | Dụng cụ y tế,trang-thiet-bi-y-te | trang-thiet-bi-y-te/dung-cu-y-te,True,True,70,0,https://nhathuoclongchau.com.vn/trang-thiet-bi-y-te/nuoc-suc-mieng-t-b-traphaco-500-ml-ve-sinh-rang-mieng-ngua-viem-hong-thom-mieng-sach-rang.html,trang-thiet-bi-y-te,100
201,00046235,"NƯỚC SÚC MIỆNG T-B FRESH TRAPHACO 500ML - VỆ SINH RĂNG MIỆNG, NGỪA VIÊM HỌNG, VIÊM LỢI, SÂU RĂNG, CHẢY MÁU CHÂN RĂNG","Nước súc miệng T-B Fresh 500ml Traphaco làm sạch răng, miệng, họng, hỗ trợ ngăn ngừa viêm họng, viêm lợi",trang-thiet-bi-y-te/nuoc-suc-mieng-t-b-fresh-traphaco-500-ml-ve-sinh-rang-mieng-ngua-viem-hong-thom-mieng-sach-rang.html,25000.0,Chai,đ,https://cdn.nhathuoclongchau.com.vn/unsafe/https://cms-prod.s3-sgn09.fptcloud.com/DSC_09149_80493a4aa5.jpg,"Acid Boric 3%, Natri clorid 0.6%, Xylitol , Natri flourid , Tinh dầu quế , Tinh dầu bạc hà , Menthol , Natri saccharin , Patent Blue , Ethanol 96% ",Dung dịch,Traphaco,Chai,Thiết bị y tế | Dụng cụ y tế,trang-thiet-bi-y-te | trang-thiet-bi-y-te/dung-cu-y-te,True,True,70,0,https://nhathuoclongchau.com.vn/trang-thiet-bi-y-te/nuoc-suc-mieng-t-b-fresh-traphaco-500-ml-ve-sinh-rang-mieng-ngua-viem-hong-thom-mieng-sach-rang.html,trang-thiet-bi-y-te,200
202,00044324,DUNG DỊCH NHỎ MẮT VISMED TRB CHEMEDICA DÙNG CHO KHÔ MẮT HOẶC TỔN THƯƠNG BỀ MẶT NHÃN CẦU 20 ỐNG X 0.3 ML,Dung dịch nhỏ mắt Vismed TRB Chemedica dùng cho khô mắt hoặc tổn thương bề mặt nhãn cầu (20 ống x 0.3 ml),trang-thiet-bi-y-te/dung-dich-nho-mat-vismed-trb-chemedica-dieu-tri-kho-mat-20-ong-x-0-3-ml.html,278000.0,Hộp,đ,https://cdn.nhathuoclongchau.com.vn/unsafe/https://cms-prod.s3-sgn09.fptcloud.com/DSC_04090_ee7c9042f2.jpg,Sodium hyaluronate 0.18%,Dung dịch nhỏ mắt,TRB Chemedica,Hộp 20 Ống,Thiết bị y tế | Dụng cụ y tế,trang-thiet-bi-y-te | trang-thiet-bi-y-te/dung-cu-y-te,True,True,70,0,https://nhathuoclongchau.com.vn/trang-thiet-bi-y-te/dung-dich-nho-mat-vismed-trb-chemedica-dieu-tri-kho-mat-20-ong-x-0-3-ml.html,trang-thiet-bi-y-te,200
203,00043216,QUE THỬ ĐƯỜNG HUYẾT MEDIUSA - TS3300 HỘP 50 QUE,Que thử đường huyết MediUSA TS3300 sử dụng cùng máy đo đường huyết MediUSA GM3300 (50 que),trang-thiet-bi-y-te/que-thu-duong-huyet-mediusa-ts-3300-50-cai-do.html,298000.0,Hộp,đ,https://cdn.nhathuoclongchau.com.vn/unsafe/https://cms-prod.s3-sgn09.fptcloud.com/DSC_09036_f2262b3a8d.jpg,Glucose Oxidase 20iu,,MediUSA,Hộp 50 Cái,"Thiết bị y tế | Dụng cụ theo dõi | Máy, que thử đường huyết",trang-thiet-bi-y-te | trang-thiet-bi-y-te/dung-cu-theo-doi | trang-thiet-bi-y-te/may-que-thu-duong-huyet,True,True,70,0,https://nhathuoclongchau.com.vn/trang-thiet-bi-y-te/que-thu-duong-huyet-mediusa-ts-3300-50-cai-do.html,trang-thiet-bi-y-te,200
204,00042269,PIN FUJITSU HEAVY DUTY R06/2300(BP4) SIZE AA MIGNON/1.5V HỘP 1 VỈ X 4 VIÊN - DÙNG CHO MỘT SỐ THIẾT BỊ ĐIỆN TỬ,"Pin FuJitsu R06/2300(BP4) AA bền, an toàn cho sức khỏe (4 cục)",trang-thiet-bi-y-te/pin-fujitsu-r06-2300-bp-4-aa-4-vien-vi.html,36000.0,Vỉ,đ,https://cdn.nhathuoclongchau.com.vn/unsafe/https://cms-prod.s3-sgn09.fptcloud.com/DSC_06928_927072a900.jpg,"Chất điện phân , Kiềm ",,FUJITSU,Vỉ 4 Cục,Thiết bị y tế | Dụng cụ y tế,trang-thiet-bi-y-te | trang-thiet-bi-y-te/dung-cu-y-te,True,True,70,0,https://nhathuoclongchau.com.vn/trang-thiet-bi-y-te/pin-fujitsu-r06-2300-bp-4-aa-4-vien-vi.html,trang-thiet-bi-y-te,200
205,D052300000481,"KHẨU TRANG FAMAPRO EXTRA NAM ANH 4 LỚP (MÀU TRẮNG) - 50 CÁI - NGĂN KHÓI BỤI, VI KHUẨN","Khẩu trang y tế Famapro Extra màu trắng 4 lớp hỗ trợ ngăn khói, bụi, kháng khuẩn (50 cái)",trang-thiet-bi-y-te/khau-trang-y-te-4-lop-trang-famapro-extra.html,40000.0,Hộp,đ,https://cdn.nhathuoclongchau.com.vn/unsafe/https://cms-prod.s3-sgn09.fptcloud.com/DSC_08159_6dcd5953f8.jpg,"Màng lọc kháng khuẩn , Quai thun ",,Nam Anh,Hộp 5 Gói x 10 Cái,Thiết bị y tế | Khẩu trang | Khẩu trang y tế,trang-thiet-bi-y-te | trang-thiet-bi-y-te/khau-trang | trang-thiet-bi-y-te/khau-trang-y-te,True,True,70,0,https://nhathuoclongchau.com.vn/trang-thiet-bi-y-te/khau-trang-y-te-4-lop-trang-famapro-extra.html,trang-thiet-bi-y-te,200
206,D052300000437,"KHẨU TRANG VTB 3 LỚP (MÀU TRẮNG) 50 CÁI - NGĂN KHÓI BỤI, VI KHUẨN","Khẩu trang y tế VTB màu trắng 3 lớp hỗ trợ ngăn khói, bụi, kháng khuẩn (50 cái)",trang-thiet-bi-y-te/khau-trang-y-te-3-lop-trang-vtb.html,30000.0,Hộp,đ,https://cdn.nhathuoclongchau.com.vn/unsafe/https://cms-prod.s3-sgn09.fptcloud.com/DSC_09965_056043382d.jpg,"Vải , Quai thun ",,VTB,Hộp 5 Gói x 10 Cái,Thiết bị y tế | Khẩu trang | Khẩu trang y tế,trang-thiet-bi-y-te | trang-thiet-bi-y-te/khau-trang | trang-thiet-bi-y-te/khau-trang-y-te,True,True,70,0,https://nhathuoclongchau.com.vn/trang-thiet-bi-y-te/khau-trang-y-te-3-lop-trang-vtb.html,trang-thiet-bi-y-te,200
207,00503529,"DUNG DỊCH XỊT MŨI BUONA NEBIANAX 3% 100ML - GIÚP LÀM SẠCH ĐƯỜNG MŨI, KHÁNG KHUẨN, GIẢM VIÊM",Dung dịch xịt mũi Nebianax 3% Spray Nasale 100ml Buona làm sạch đường mũi,trang-thiet-bi-y-te/dung-dich-xit-mui-buona-nebianax-3-100-ml.html,235000.0,Hộp,đ,https://cdn.nhathuoclongchau.com.vn/unsafe/https://cms-prod.s3-sgn09.fptcloud.com/DSC_03023_24bfce1b60.jpg,"Natri clorid 3g, Natri hyaluronat 0.02g, Potassium dihydrogen phosphate 0.05g, Dipotassium hydrogen phosphate 0.25g, Nước cất ",Dung dịch,Buona,Hộp 1 Bình x 100ml,Thiết bị y tế | Dụng cụ y tế | Dụng cụ vệ sinh mũi,trang-thiet-bi-y-te | trang-thiet-bi-y-te/dung-cu-y-te | trang-thiet-bi-y-te/dung-cu-ve-sinh-mui,True,True,70,0,https://nhathuoclongchau.com.vn/trang-thiet-bi-y-te/dung-dich-xit-mui-buona-nebianax-3-100-ml.html,trang-thiet-bi-y-te,200
208,00502891,"NƯỚC MUỐI NATRI CLORID 0.9 VĨNH PHÚC SMILES 600ML - LÀM SẠCH RĂNG, KHỬ MÙI HÔI MIỆNG","Nước muối Vĩnh Phúc Natriclorid 0.9% Smiles làm sạch răng, khử mùi hôi khoang miệng (600ml)",trang-thiet-bi-y-te/natri-clorid-09-vinh-phuc-smiles-600ml-nuoc-muoi-37198.html,10000.0,Chai,đ,https://cdn.nhathuoclongchau.com.vn/unsafe/https://cms-prod.s3-sgn09.fptcloud.com/DSC_09857_3ee9151942.png,"Aqua/ Water , Potassium Chloride , Magnesium chloride , Calcium Chloride , Sodium Chloride ",,Vĩnh Phúc,Chai x 600ml,Thiết bị y tế | Dụng cụ y tế | Các dụng cụ và sản phẩm khác,trang-thiet-bi-y-te | trang-thiet-bi-y-te/dung-cu-y-te | trang-thiet-bi-y-te/dung-cu-khac,True,True,70,0,https://nhathuoclongchau.com.vn/trang-thiet-bi-y-te/natri-clorid-09-vinh-phuc-smiles-600ml-nuoc-muoi-37198.html,trang-thiet-bi-y-te,200
209,00502674,"DUNG DỊCH NHỎ MẮT V.ROHTO DRYEYE 13ML - HỖ TRỢ BÔI TRƠN MẮT, BỔ SUNG NƯỚC MẮT NHÂN TẠO","Dung dịch nhỏ mắt V.Rohto Dryeye bôi trơn mắt, bổ sung nước mắt nhân tạo (13ml)",trang-thiet-bi-y-te/dung-dich-nho-mat-vrohto-dryeye-13ml-ho-tro-boi-tron-mat-bo-sung-nuoc-mat-nhan-tao-36979.html,64000.0,Hộp,đ,https://cdn.nhathuoclongchau.com.vn/unsafe/https://cms-prod.s3-sgn09.fptcloud.com/00502674_dung_dich_nho_mat_vrohto_dryeye_13ml_ho_tro_boi_tron_mat_bo_sung_nuoc_mat_nhan_tao_4281_6385_large_c924f65ebc.jpg,"hydroxyethylcellulose 78mg, Sodium Chondroitin Sulfate , Boric acid , Polysorbate 80 , Sodium Chloride , Potassium Chloride , Disodium edetase , Nước tinh khiết , Sodium borate ",Dung dịch,V.ROHTO,Hộp x 13ml,Thiết bị y tế | Dụng cụ y tế,trang-thiet-bi-y-te | trang-thiet-bi-y-te/dung-cu-y-te,True,True,70,0,https://nhathuoclongchau.com.vn/trang-thiet-bi-y-te/dung-dich-nho-mat-vrohto-dryeye-13ml-ho-tro-boi-tron-mat-bo-sung-nuoc-mat-nhan-tao-36979.html,trang-thiet-bi-y-te,200
210,00502559,"GẠC TIỆT TRÙNG VASELINE PETROLATUM GAUZE MILOVAS 10 MIẾNG ĐẮP VÀO VẾT THƯƠNG BỎNG, DA BỊ KHÔ NỨT","Gạc tiệt trùng Vaseline Petrolatum Gauze Milovas đắp vào vết thương bỏng, da bị khô nứt (10 miếng)",trang-thiet-bi-y-te/gac-tiet-trung-vaseline-petrolatum-gauze-milovas-milopha-10-mieng-36836.html,18000.0,Hộp,đ,https://cdn.nhathuoclongchau.com.vn/unsafe/https://cms-prod.s3-sgn09.fptcloud.com/00502559_gac_tiet_trung_vaseline_petrolatum_gauze_milovas_milopha_10_mieng_7671_63a1_large_d7aa5a5110.jpg,"Vaseline , Gạc hút nước ",,Milovas,Hộp 10 Miếng,Thiết bị y tế | Dụng cụ sơ cứu,trang-thiet-bi-y-te | trang-thiet-bi-y-te/dung-cu-so-cuu,True,True,70,0,https://nhathuoclongchau.com.vn/trang-thiet-bi-y-te/gac-tiet-trung-vaseline-petrolatum-gauze-milovas-milopha-10-mieng-36836.html,trang-thiet-bi-y-te,200
211,00502544,DUNG DỊCH MUỐI ƯU TRƯƠNG BUONA NEBIANAX 3% 20 ỐNG - HỖ TRỢ ĐIỀU TRỊ NHIỄM KHUẨN ĐƯỜNG HÔ HẤP,Dung dịch muối ưu trương nhỏ mũi Buona Nebianax 3% làm loãng dịch nhầy ở mũi (20 ống),trang-thiet-bi-y-te/nuoc-muoi-uu-truong-buona-nebianax-3-hop-20-ong-36809.html,230000.0,Hộp,đ,https://cdn.nhathuoclongchau.com.vn/unsafe/https://cms-prod.s3-sgn09.fptcloud.com/00502544_nuoc_muoi_uu_truong_buona_nebianax_3_hop_20_ong_7062_6373_large_03fe01a728.jpg,Flaconcini 3%,,Buona,Hộp 20 Ống,Thiết bị y tế | Dụng cụ y tế | Dụng cụ vệ sinh mũi,trang-thiet-bi-y-te | trang-thiet-bi-y-te/dung-cu-y-te | trang-thiet-bi-y-te/dung-cu-ve-sinh-mui,True,True,70,0,https://nhathuoclongchau.com.vn/trang-thiet-bi-y-te/nuoc-muoi-uu-truong-buona-nebianax-3-hop-20-ong-36809.html,trang-thiet-bi-y-te,200
212,00502450,"DUNG DỊCH NHỎ MẮT V.ROHTO MINERAL TEAR 13ML - DƯỠNG ẨM, BỔ SUNG KHOÁNG CHẤT",Dung dịch nhỏ mắt V.Rohto Mineral Tear giữ ẩm và bổ sung khoáng chất (13ml),trang-thiet-bi-y-te/dung-dich-nho-mat-vrohto-mineral-tear-13ml-duong-am-bo-sung-khoang-chat-36710.html,64000.0,Hộp,đ,https://cdn.nhathuoclongchau.com.vn/unsafe/https://cms-prod.s3-sgn09.fptcloud.com/00502450_dung_dich_nho_mat_vrohto_mineral_tear_13ml_duong_am_bo_sung_khoang_chat_2798_634e_large_55b6129951.jpg,"Nước tinh khiết , Polyhexamethylene biguanide , Disodium Edetate Hydrate , Polyoxyethylene Polyoxypropylene Glycol , Polysorbate 80 , Sodium hyaluronate , Sodium borate , Boric acid , Hypromellose 1.3mg, Sodium Chondroitin Sulfate 65mg, Calcium Chloride 0.65mg, Potassium Chloride 3.9mg, Sodium bicarbonate 6.5mg, Sodium Chloride 63.7mg",Dung dịch,V.ROHTO,Hộp x 13ml,Thiết bị y tế | Dụng cụ y tế,trang-thiet-bi-y-te | trang-thiet-bi-y-te/dung-cu-y-te,True,True,70,0,https://nhathuoclongchau.com.vn/trang-thiet-bi-y-te/dung-dich-nho-mat-vrohto-mineral-tear-13ml-duong-am-bo-sung-khoang-chat-36710.html,trang-thiet-bi-y-te,200
213,00501907,"KHẨU TRANG 5D MASK NAM ANH 3 LỚP - 10 CÁI (MÀU TRẮNG) - NGĂN KHÓI BỤI, VI KHUẨN","Khẩu trang 5D Mask Nam Anh lọc khuẩn, mùi và bụi trên 99% (10 cái)",trang-thiet-bi-y-te/khau-trang-5-d-mask-nam-anh-hop-10-cai.html,10000.0,Hộp,đ,https://cdn.nhathuoclongchau.com.vn/unsafe/https://cms-prod.s3-sgn09.fptcloud.com/DSC_00938_8bd3598208.jpg,Cotton ,,Nam Anh,Hộp 10 Cái,Thiết bị y tế | Khẩu trang | Khẩu trang y tế,trang-thiet-bi-y-te | trang-thiet-bi-y-te/khau-trang | trang-thiet-bi-y-te/khau-trang-y-te,True,True,70,0,https://nhathuoclongchau.com.vn/trang-thiet-bi-y-te/khau-trang-5-d-mask-nam-anh-hop-10-cai.html,trang-thiet-bi-y-te,200
214,00501110,"KHẨU TRANG TLR 3 LỚP (MÀU TRẮNG) 50 CÁI - NGĂN KHÓI BỤI, VI KHUẨN","Khẩu trang y tế TLR màu trắng 3 lớp hỗ trợ ngăn khói, bụi, kháng khuẩn (50 cái)",trang-thiet-bi-y-te/khau-trang-y-te-3-lop-tlr-mau-trang-35262.html,30000.0,Hộp,đ,https://cdn.nhathuoclongchau.com.vn/unsafe/https://cms-prod.s3-sgn09.fptcloud.com/00501110_khau_trang_y_te_3_lop_tlr_mau_trang_4053_62ce_large_2d1c66111b.jpg,"Thun đeo cấu tạo từ Polyester và Spandex , Polypropylene ",,TLR,Hộp 50 Cái,Thiết bị y tế | Khẩu trang | Khẩu trang y tế,trang-thiet-bi-y-te | trang-thiet-bi-y-te/khau-trang | trang-thiet-bi-y-te/khau-trang-y-te,True,True,70,0,https://nhathuoclongchau.com.vn/trang-thiet-bi-y-te/khau-trang-y-te-3-lop-tlr-mau-trang-35262.html,trang-thiet-bi-y-te,200
215,00500742,"BÔNG Y TẾ QUICK NURSE 25G - DÙNG CHO VẾT THƯƠNG NGOÀI DA, SÁT TRÙNG, VỆ SINH","Bông y tế Quick Nurse 25g dùng cho vết thương ngoài da, sát trùng, vệ sinh cho bé ",trang-thiet-bi-y-te/bong-y-te-quick-nurse-25g-34869.html,7000.0,Gói,đ,https://cdn.nhathuoclongchau.com.vn/unsafe/https://cms-prod.s3-sgn09.fptcloud.com/00500742_bong_y_te_quick_nurse_25g_2716_62b3_large_61ba07efb7.jpg,Cotton ,,Quick Nurse,Gói,Thiết bị y tế | Dụng cụ sơ cứu | Bông y tế,trang-thiet-bi-y-te | trang-thiet-bi-y-te/dung-cu-so-cuu | trang-thiet-bi-y-te/bong-y-te,True,True,70,0,https://nhathuoclongchau.com.vn/trang-thiet-bi-y-te/bong-y-te-quick-nurse-25g-34869.html,trang-thiet-bi-y-te,200
216,00500741,"BÔNG Y TẾ QUICK NURSE 50G - DÙNG CHO VẾT THƯƠNG NGOÀI DA, SÁT TRÙNG, VỆ SINH","Bông y tế Quick Nurse 50g dùng cho vết thương ngoài da, sát trùng, vệ sinh cho bé ",trang-thiet-bi-y-te/bong-y-te-quick-nurse-50g-34870.html,13000.0,Gói,đ,https://cdn.nhathuoclongchau.com.vn/unsafe/https://cms-prod.s3-sgn09.fptcloud.com/00500741_bong_y_te_quick_nurse_50g_8958_62b4_large_0931085f8b.jpg,Cotton ,,Quick Nurse,Gói,Thiết bị y tế | Dụng cụ sơ cứu | Bông y tế,trang-thiet-bi-y-te | trang-thiet-bi-y-te/dung-cu-so-cuu | trang-thiet-bi-y-te/bong-y-te,True,True,70,0,https://nhathuoclongchau.com.vn/trang-thiet-bi-y-te/bong-y-te-quick-nurse-50g-34870.html,trang-thiet-bi-y-te,200
217,00500740,"BÔNG Y TẾ CẮT MIẾNG QUICK NURSE 6X6 50G - DÙNG CHO VẾT THƯƠNG NGOÀI DA, SÁT TRÙNG, VỆ SINH","Bông y tế Quick Nurse 6cm x 6cm (50g) dùng cho vết thương ngoài da, sát trùng, vệ sinh cho bé",trang-thiet-bi-y-te/bong-y-te-cat-mieng-quick-nurse-6x6-50g-34871.html,16000.0,Gói,đ,https://cdn.nhathuoclongchau.com.vn/unsafe/https://cms-prod.s3-sgn09.fptcloud.com/00500740_bong_y_te_cat_mieng_quick_nurse_6x6_50g_8105_62b3_large_23ecb0ecfd.jpg,Cotton ,,Quick Nurse,Gói,Thiết bị y tế | Dụng cụ sơ cứu | Bông y tế,trang-thiet-bi-y-te | trang-thiet-bi-y-te/dung-cu-so-cuu | trang-thiet-bi-y-te/bong-y-te,True,True,70,0,https://nhathuoclongchau.com.vn/trang-thiet-bi-y-te/bong-y-te-cat-mieng-quick-nurse-6x6-50g-34871.html,trang-thiet-bi-y-te,200
218,00500738,"BÔNG Y TẾ QUICK NURSE 100G - DÙNG CHO VẾT THƯƠNG NGOÀI DA, SÁT TRÙNG, VỆ SINH","Bông y tế Quick Nurse (100g) dùng cho vết thương ngoài da, sát trùng, vệ sinh cho bé",trang-thiet-bi-y-te/bong-y-te-quick-nurse-100g-34873.html,23000.0,Gói,đ,https://cdn.nhathuoclongchau.com.vn/unsafe/https://cms-prod.s3-sgn09.fptcloud.com/00500738_bong_y_te_quick_nurse_100g_8236_62b3_large_d33677c7ee.jpg,Cotton ,,Quick Nurse,Gói,Thiết bị y tế | Dụng cụ sơ cứu | Bông y tế,trang-thiet-bi-y-te | trang-thiet-bi-y-te/dung-cu-so-cuu | trang-thiet-bi-y-te/bong-y-te,True,True,70,0,https://nhathuoclongchau.com.vn/trang-thiet-bi-y-te/bong-y-te-quick-nurse-100g-34873.html,trang-thiet-bi-y-te,200
219,00500728,"XỊT CHỐNG SÂU RĂNG MIDKID HƯƠNG NHO DKPHARMA 30ML - LÀM SẠCH KHOANG MIỆNG, BẢO VỆ MEN RĂNG",Xịt chống sâu răng Midkid 30ml DK Pharma hương nho chăm sóc và bảo vệ răng chắc khỏe,trang-thiet-bi-y-te/xit-chong-sau-rang-midkid-dkpharma-huong-nho-30-ml.html,165000.0,Hộp,đ,https://cdn.nhathuoclongchau.com.vn/unsafe/https://cms-prod.s3-sgn09.fptcloud.com/DSC_02965_8ad5cd031b.jpg,"Ovopron DC , Xylitol ",,DK Pharma,Hộp x 30ml,Thiết bị y tế | Dụng cụ sơ cứu,trang-thiet-bi-y-te | trang-thiet-bi-y-te/dung-cu-so-cuu,True,True,70,0,https://nhathuoclongchau.com.vn/trang-thiet-bi-y-te/xit-chong-sau-rang-midkid-dkpharma-huong-nho-30-ml.html,trang-thiet-bi-y-te,200
220,00500459,"KHẨU TRANG NATURECARE 3 LỚP (MÀU TRẮNG) 50 CÁI - NGĂN KHÓI BỤI, VI KHUẨN","Khẩu trang y tế Naturecare màu trắng 3 lớp hỗ trợ ngăn khói, bụi, kháng khuẩn (50 cái)",trang-thiet-bi-y-te/khau-trang-y-te-naturecare-3-lop-mau-trang-34582.html,40000.0,Hộp,đ,https://cdn.nhathuoclongchau.com.vn/unsafe/https://cms-prod.s3-sgn09.fptcloud.com/1_f98b81fed1.jpg,"Dây đeo có tính đàn hồi , Thanh nẹp mũi bằng nhựa , Màng lọc kháng khuẩn , Vải không dệt ",,Naturecare,Hộp 50 Cái,Thiết bị y tế | Khẩu trang | Khẩu trang y tế,trang-thiet-bi-y-te | trang-thiet-bi-y-te/khau-trang | trang-thiet-bi-y-te/khau-trang-y-te,True,True,70,0,https://nhathuoclongchau.com.vn/trang-thiet-bi-y-te/khau-trang-y-te-naturecare-3-lop-mau-trang-34582.html,trang-thiet-bi-y-te,200
221,00033585,BÔNG CUỘN THẤM NƯỚC Y TẾ BẠCH TUYẾT 25G - VỆ SINH CÁ NHÂN VÀ Y TẾ,Bông cuộn thấm nước y tế Bông Bạch Tuyết dùng trong y tế và chăm sóc cá nhân (25g),trang-thiet-bi-y-te/bong-tham-nuoc-y-te-bach-tuyet-25gr-33679.html,7000.0,Gói,đ,https://cdn.nhathuoclongchau.com.vn/unsafe/https://cms-prod.s3-sgn09.fptcloud.com/IMG_4832_4d663318ff.jpg,Bông tự nhiên 100%,,Bạch Tuyết,Gói,Thiết bị y tế | Dụng cụ sơ cứu | Bông y tế,trang-thiet-bi-y-te | trang-thiet-bi-y-te/dung-cu-so-cuu | trang-thiet-bi-y-te/bong-y-te,True,True,70,0,https://nhathuoclongchau.com.vn/trang-thiet-bi-y-te/bong-tham-nuoc-y-te-bach-tuyet-25gr-33679.html,trang-thiet-bi-y-te,200
222,00033426,"KHẨU TRANG SAFEFIT 4 LỚP (MÀU TRẮNG) 50 CÁI - NGĂN KHÓI BỤI, VI KHUẨN","Khẩu trang y tế Safefit màu trắng 4 lớp hỗ trợ ngăn khói, bụi, kháng khuẩn (50 cái)",trang-thiet-bi-y-te/khau-trang-y-te-safefit-4-lop-mau-trang-33533.html,50000.0,Hộp,đ,https://cdn.nhathuoclongchau.com.vn/unsafe/https://cms-prod.s3-sgn09.fptcloud.com/00033426_khau_trang_y_te_safefit_4_lop_mau_trang_4635_6215_large_89a1d8fb51.jpg,"Vải không dệt PP , Thanh nẹp mũi bằng nhựa , Lớp lọc , Dây đeo có tính đàn hồi ",,SAFEFIT,Hộp 50 Cái,Thiết bị y tế | Khẩu trang | Khẩu trang y tế,trang-thiet-bi-y-te | trang-thiet-bi-y-te/khau-trang | trang-thiet-bi-y-te/khau-trang-y-te,True,True,70,0,https://nhathuoclongchau.com.vn/trang-thiet-bi-y-te/khau-trang-y-te-safefit-4-lop-mau-trang-33533.html,trang-thiet-bi-y-te,200
223,00032941,DỤNG CỤ HÚT MŨI CHO TRẺ EM PA,Dụng cụ hút mũi PA cho bé một cách nhẹ nhàng và thoải mái (1 bộ),trang-thiet-bi-y-te/dung-cu-hut-mui-cho-tre-em-pa.html,12000.0,Hộp,đ,https://cdn.nhathuoclongchau.com.vn/unsafe/https://cms-prod.s3-sgn09.fptcloud.com/IMG_4916_3265fa8b59.jpg,Nhựa ,,PA,Hộp,Thiết bị y tế | Dụng cụ y tế | Dụng cụ vệ sinh mũi,trang-thiet-bi-y-te | trang-thiet-bi-y-te/dung-cu-y-te | trang-thiet-bi-y-te/dung-cu-ve-sinh-mui,True,True,70,0,https://nhathuoclongchau.com.vn/trang-thiet-bi-y-te/dung-cu-hut-mui-cho-tre-em-pa.html,trang-thiet-bi-y-te,200
224,00009947,DUNG DỊCH XỊT NACURGO NEWTECH TẠO MÀNG SINH HỌC BẢO VỆ DA TỔN THƯƠNG 30ML,Dung dịch xịt Nacurgo Newtech tạo màng sinh học bảo vệ da tổn thương (30ml),trang-thiet-bi-y-te/nacurgo-30ml-1440.html,220000.0,Chai,đ,https://cdn.nhathuoclongchau.com.vn/unsafe/https://cms-prod.s3-sgn09.fptcloud.com/00009947_nacurgo_30ml_5198_63aa_large_912a93e687.jpg,"Polyesteramide , Nano Curcumin , Ethanol , Chiết xuất trà xanh , phenoxyethenol , triethanolamine ",,NewTech,Chai,Thiết bị y tế | Dụng cụ sơ cứu,trang-thiet-bi-y-te | trang-thiet-bi-y-te/dung-cu-so-cuu,True,True,70,0,https://nhathuoclongchau.com.vn/trang-thiet-bi-y-te/nacurgo-30ml-1440.html,trang-thiet-bi-y-te,200
225,00009712,DUNG DỊCH XỊT MŨI XISAT NGƯỜI LỚN 75ML - NƯỚC BIỂN SÂU LÀM SẠCH THÔNG MŨI CHO NGƯỜI LỚN,Xịt mũi nước biển sâu Xisat 75ml xịt sạch thông mũi dùng cho người lớn,trang-thiet-bi-y-te/xisat-nguoi-lon-75ml-nuoc-bien-sau-sach-thong-mui-cho-nguoi-lon-1520.html,30000.0,Chai,đ,https://cdn.nhathuoclongchau.com.vn/unsafe/https://cms-prod.s3-sgn09.fptcloud.com/IMG_5021_f589bef948.jpg,"Nước biển sâu , Khoáng biển ",Dạng xịt,XISAT,Chai x 75ml,Thiết bị y tế | Dụng cụ y tế | Dụng cụ vệ sinh mũi,trang-thiet-bi-y-te | trang-thiet-bi-y-te/dung-cu-y-te | trang-thiet-bi-y-te/dung-cu-ve-sinh-mui,True,True,70,0,https://nhathuoclongchau.com.vn/trang-thiet-bi-y-te/xisat-nguoi-lon-75ml-nuoc-bien-sau-sach-thong-mui-cho-nguoi-lon-1520.html,trang-thiet-bi-y-te,200
226,00009680,"DUNG DỊCH XỊT MŨI XISAT VIÊM MŨI 75ML - NƯỚC BIỂN SÂU HỖ TRỢ GIẢM VIÊM MŨI, LÀM SẠCH THÔNG MŨI","Xịt mũi nước biển sâu Xisat 75ml thông mũi, dễ thở, hỗ trợ điều trị viêm mũi xoang",trang-thiet-bi-y-te/xisat-viem-mui-1533.html,31000.0,Chai,đ,https://cdn.nhathuoclongchau.com.vn/unsafe/https://cms-prod.s3-sgn09.fptcloud.com/00009680_xisat_viem_mui_1735_62b5_large_53e628a655.jpg,"Tinh dầu khuynh diệp , Tinh dầu bạc hà , Nước biển sâu ",Dạng xịt,XISAT,Chai,Thiết bị y tế | Dụng cụ y tế | Dụng cụ vệ sinh mũi,trang-thiet-bi-y-te | trang-thiet-bi-y-te/dung-cu-y-te | trang-thiet-bi-y-te/dung-cu-ve-sinh-mui,True,True,70,0,https://nhathuoclongchau.com.vn/trang-thiet-bi-y-te/xisat-viem-mui-1533.html,trang-thiet-bi-y-te,200
227,00009554,DUNG DỊCH XỊT MŨI STERIMAR HYGIENE AND COMFORT 50ML - XỊT VỆ SINH MŨI CHO TRẺ EM TỪ 3 TUỔI & NGƯỜI LỚN,Dung dịch xịt mũi Stérimar Nose Hygiene And Comfor 50ml loại bỏ bụi bẩn niêm mạc mũi cho trẻ từ 3 tuổi - người lớn,trang-thiet-bi-y-te/sterimar-trace-element-1567.html,112000.0,Chai,đ,https://cdn.nhathuoclongchau.com.vn/unsafe/https://cms-prod.s3-sgn09.fptcloud.com/00009554_sterimar_trace_element_5817_6033_large_5712724d7c.JPG,"Nước biển sâu 15.91ml, Nước tinh khiết ",Dung dịch xịt mũi,Hyphens,Chai x 50ml,Thiết bị y tế | Dụng cụ y tế | Dụng cụ vệ sinh mũi,trang-thiet-bi-y-te | trang-thiet-bi-y-te/dung-cu-y-te | trang-thiet-bi-y-te/dung-cu-ve-sinh-mui,True,True,70,0,https://nhathuoclongchau.com.vn/trang-thiet-bi-y-te/sterimar-trace-element-1567.html,trang-thiet-bi-y-te,200
228,00008158,"DUNG DỊCH XỊT MŨI XYPENAT 75ML - DÙNG TRONG NGHẸT MŨI, BỊ CẢM, VIÊM XOANG, VIÊM MŨI DỊ ỨNG","Dung dịch xịt mũi Xypenat 75ml dùng trong nghẹt mũi, bị cảm, viêm xoang, viêm mũi dị ứng",trang-thiet-bi-y-te/xypenat-75ml-1716.html,42000.0,Chai,đ,https://cdn.nhathuoclongchau.com.vn/unsafe/https://cms-prod.s3-sgn09.fptcloud.com/00008158_xypenat_75ml_9710_5b5e_large_27fbf9c1ba.JPG,"Nước biển sâu , Khoáng biển ",Dạng xịt,Merap,Chai x 75ml,Thiết bị y tế | Dụng cụ y tế | Dụng cụ vệ sinh mũi,trang-thiet-bi-y-te | trang-thiet-bi-y-te/dung-cu-y-te | trang-thiet-bi-y-te/dung-cu-ve-sinh-mui,True,True,70,0,https://nhathuoclongchau.com.vn/trang-thiet-bi-y-te/xypenat-75ml-1716.html,trang-thiet-bi-y-te,200
229,00008138,DUNG DỊCH XỊT MŨI XISAT TRẺ EM 75ML - NƯỚC BIỂN SÂU LÀM SẠCH THÔNG MŨI CHO BÉ,Xịt mũi nước biển sâu Xisat 75ml xịt sạch thông mũi dùng cho trẻ em,trang-thiet-bi-y-te/xisat-kid-75ml-1722.html,33000.0,Chai,đ,https://cdn.nhathuoclongchau.com.vn/unsafe/https://cms-prod.s3-sgn09.fptcloud.com/IMG_5011_12a8b6415d.jpg,"Nước biển sâu , Khoáng biển ",,XISAT,Chai x 75ml,Thiết bị y tế | Dụng cụ y tế | Dụng cụ vệ sinh mũi,trang-thiet-bi-y-te | trang-thiet-bi-y-te/dung-cu-y-te | trang-thiet-bi-y-te/dung-cu-ve-sinh-mui,True,True,70,0,https://nhathuoclongchau.com.vn/trang-thiet-bi-y-te/xisat-kid-75ml-1722.html,trang-thiet-bi-y-te,200
230,00006901,DUNG DỊCH XỊT MŨI TRẺ EM STERIMAR HYGIENE BABY 50ML - VỆ SINH MŨI CHO BÉ TỪ 0-3 TUỔI,Dung dịch xịt mũi Stérimar Nose Hygiene Baby 50ml loại bỏ bụi bẩn niêm mạc mũi cho trẻ từ 0 - 3 tuổi,trang-thiet-bi-y-te/sterimar-baby-50ml-2173.html,115000.0,Chai,đ,https://cdn.nhathuoclongchau.com.vn/unsafe/https://cms-prod.s3-sgn09.fptcloud.com/00006901_sterimar_baby_50ml_7979_6033_large_41d5616931.JPG,Nước biển sâu ,Dung dịch xịt mũi,Hyphens,Chai x 50ml,Thiết bị y tế | Dụng cụ y tế | Dụng cụ vệ sinh mũi,trang-thiet-bi-y-te | trang-thiet-bi-y-te/dung-cu-y-te | trang-thiet-bi-y-te/dung-cu-ve-sinh-mui,True,True,70,0,https://nhathuoclongchau.com.vn/trang-thiet-bi-y-te/sterimar-baby-50ml-2173.html,trang-thiet-bi-y-te,200
231,00002344,"GEL BÔI SẸO DERMATIX ULTRA 7G - HỖ TRỢ LÀM PHẲNG, MỀM VÀ MỜ SẸO",Gel Dermatix Ultra cải thiện hiệu quả sẹo lồi và sẹo phì đại (7g),trang-thiet-bi-y-te/dermatix-ultra-gel-7g-4042.html,210000.0,Tuýp,đ,https://cdn.nhathuoclongchau.com.vn/unsafe/https://cms-prod.s3-sgn09.fptcloud.com/00002344_dermatix_ultra_gel_7g_4040_63ab_large_32fb022305.jpg,"Cyclic , Polymeric siloxanes , Vitamin C ester ",Nhũ tương (Gel),Hanson,Tuýp,Thiết bị y tế | Dụng cụ y tế | Các dụng cụ và sản phẩm khác,trang-thiet-bi-y-te | trang-thiet-bi-y-te/dung-cu-y-te | trang-thiet-bi-y-te/dung-cu-khac,True,True,70,0,https://nhathuoclongchau.com.vn/trang-thiet-bi-y-te/dermatix-ultra-gel-7g-4042.html,trang-thiet-bi-y-te,200
232,00016410,MẶT NẠ XÔNG KHÍ DUNG GREETMED NEBULIZER MASK SIZE M,Mặt nạ xông khí dung Aerosol Mask Greetmed size M,trang-thiet-bi-y-te/mat-na-xong-khi-dung-aerrosol-mask-size-m-14291.html,21000.0,Cái,đ,https://cdn.nhathuoclongchau.com.vn/unsafe/https://cms-prod.s3-sgn09.fptcloud.com/00016410_mat_na_xong_khi_dung_aerrosol_mask_size_m_5233_62b9_large_8870a138d4.JPG,Nhựa PVC không mùi  ,,GREETMED,Cái,Thiết bị y tế | Dụng cụ y tế | Máy xông khí dung,trang-thiet-bi-y-te | trang-thiet-bi-y-te/dung-cu-y-te | trang-thiet-bi-y-te/may-xong-khi-dung,True,True,70,0,https://nhathuoclongchau.com.vn/trang-thiet-bi-y-te/mat-na-xong-khi-dung-aerrosol-mask-size-m-14291.html,trang-thiet-bi-y-te,200
233,00016390,BĂNG THUN Y TẾ BẢO THẠCH 0.1X3M 10 CUỘN - DÙNG ĐỂ BĂNG VIẾT THƯỜNG,"Băng thun y tế Bảo Thạch 0.1m x 3m dùng để băng nén ép cầm máu, cố định khớp (10 cuộn)",trang-thiet-bi-y-te/bang-thun-y-te-1x3m-bao-thach-14311.html,12500.0,Cuộn,đ,https://cdn.nhathuoclongchau.com.vn/unsafe/https://cms-prod.s3-sgn09.fptcloud.com/00016390_bang_thun_y_te_1x3m_bao_thach_8157_5f90_large_5ca253fff1.jpg,"Cao su thiên nhiên , Polyester ",,Bảo Thạch,Lốc 10 Cuộn,Thiết bị y tế | Dụng cụ sơ cứu | Băng y tế,trang-thiet-bi-y-te | trang-thiet-bi-y-te/dung-cu-so-cuu | trang-thiet-bi-y-te/bang-y-te,True,True,70,0,https://nhathuoclongchau.com.vn/trang-thiet-bi-y-te/bang-thun-y-te-1x3m-bao-thach-14311.html,trang-thiet-bi-y-te,200
234,00016148,QUE THỬ ĐƯỜNG HUYẾT OGCARE BIOCHEMICAL HỘP 25 QUE,Que thử đường huyết dùng cho máy đo đường huyết OgCare (25 Cái),trang-thiet-bi-y-te/que-thu-duong-huyet-ogcare-25-que-14548.html,200000.0,Hộp,đ,https://cdn.nhathuoclongchau.com.vn/unsafe/https://cms-prod.s3-sgn09.fptcloud.com/00016148_que_thu_duong_huyet_ogcare_25_que_8254_62ba_large_30c9ba5f2e.jpg,Nhựa ,,OGCare,Hộp 25 Cái,"Thiết bị y tế | Dụng cụ theo dõi | Máy, que thử đường huyết",trang-thiet-bi-y-te | trang-thiet-bi-y-te/dung-cu-theo-doi | trang-thiet-bi-y-te/may-que-thu-duong-huyet,True,True,70,0,https://nhathuoclongchau.com.vn/trang-thiet-bi-y-te/que-thu-duong-huyet-ogcare-25-que-14548.html,trang-thiet-bi-y-te,200
235,00015992,BĂNG CUỘN Y TẾ BẢO THẠCH 0.1X2M 5 CUỘN - DÙNG ĐỂ BĂNG VIẾT THƯƠNG,Băng cuộn y tế 0.1m x 2m Bảo Thạch dùng để băng vết thương (5 cuộn),trang-thiet-bi-y-te/bang-cuon-y-te-size-01x2m-bao-thach-14701.html,3400.0,Cuộn,đ,https://cdn.nhathuoclongchau.com.vn/unsafe/https://cms-prod.s3-sgn09.fptcloud.com/IMG_5153_8c6dc7d6b0.jpg,Cotton 100%,,Bảo Thạch,Gói 5 Cuộn,Thiết bị y tế | Dụng cụ sơ cứu | Băng y tế,trang-thiet-bi-y-te | trang-thiet-bi-y-te/dung-cu-so-cuu | trang-thiet-bi-y-te/bang-y-te,True,True,70,0,https://nhathuoclongchau.com.vn/trang-thiet-bi-y-te/bang-cuon-y-te-size-01x2m-bao-thach-14701.html,trang-thiet-bi-y-te,200
236,00015991,BĂNG CUỘN Y TẾ BẢO THẠCH 0.15X2M 5 CUỘN - DÙNG ĐỂ BĂNG VIẾT THƯƠNG,Băng cuộn y tế 0.15m x 2m Bảo Thạch dùng để băng vết thương (5 cuộn),trang-thiet-bi-y-te/bang-cuon-y-te-size-015x2m-bao-thach-14702.html,4400.0,Cuộn,đ,https://cdn.nhathuoclongchau.com.vn/unsafe/https://cms-prod.s3-sgn09.fptcloud.com/00015991_bang_cuon_y_te_size_015x2m_bao_thach_5446_618a_large_716f9d6e6b.jpg,Cotton 100%,,Bảo Thạch,Gói 5 Cuộn,Thiết bị y tế | Dụng cụ sơ cứu | Băng y tế,trang-thiet-bi-y-te | trang-thiet-bi-y-te/dung-cu-so-cuu | trang-thiet-bi-y-te/bang-y-te,True,True,70,0,https://nhathuoclongchau.com.vn/trang-thiet-bi-y-te/bang-cuon-y-te-size-015x2m-bao-thach-14702.html,trang-thiet-bi-y-te,200
237,00015990,BĂNG CUỘN Y TẾ BẢO THẠCH 0.05X2M 5 CUỘN - DÙNG ĐỂ BĂNG VIẾT THƯƠNG,Băng cuộn y tế (0.05m x 2m - 5 cuộn) Bảo Thạch dùng để băng vết thương,trang-thiet-bi-y-te/bang-cuon-y-te-size-005x2m-bao-thach-14703.html,2400.0,Cuộn,đ,https://cdn.nhathuoclongchau.com.vn/unsafe/https://cms-prod.s3-sgn09.fptcloud.com/00015990_bang_cuon_y_te_size_005x2m_bao_thach_9106_62bb_large_253de2ae73.jpg,Cotton 100%,,Bảo Thạch,Gói 5 Cuộn,Thiết bị y tế | Dụng cụ sơ cứu | Băng y tế,trang-thiet-bi-y-te | trang-thiet-bi-y-te/dung-cu-so-cuu | trang-thiet-bi-y-te/bang-y-te,True,True,70,0,https://nhathuoclongchau.com.vn/trang-thiet-bi-y-te/bang-cuon-y-te-size-005x2m-bao-thach-14703.html,trang-thiet-bi-y-te,200
238,00015850,KHẨU TRANG Y TẾ 3 LỚP XANH FAMAPRO NAM ANH HỘP 50 CÁI,"Khẩu trang kháng khuẩn 3 lớp Famapro Nam Anh chống nắng, chống bụi và bảo vệ hệ hô hấp (50 cái)",trang-thiet-bi-y-te/khau-trang-khang-khuan-3-lop-famapro-14841.html,30000.0,Hộp,đ,https://cdn.nhathuoclongchau.com.vn/unsafe/https://cms-prod.s3-sgn09.fptcloud.com/DSC_09392_0b0c8c608a.jpg,Vải không dệt PP ,,Nam Anh,Hộp 50 cái,Thiết bị y tế | Khẩu trang | Khẩu trang y tế,trang-thiet-bi-y-te | trang-thiet-bi-y-te/khau-trang | trang-thiet-bi-y-te/khau-trang-y-te,True,True,70,0,https://nhathuoclongchau.com.vn/trang-thiet-bi-y-te/khau-trang-khang-khuan-3-lop-famapro-14841.html,trang-thiet-bi-y-te,200
239,00015064,QUE THỬ ĐƯỜNG HUYẾT ON CALL PLUS HỘP 25 QUE,Que thử đường huyết On Call Plus (25 cái),trang-thiet-bi-y-te/que-thu-duong-huyet-one-call-plus-25-que-15126.html,149000.0,Hộp,đ,https://cdn.nhathuoclongchau.com.vn/unsafe/https://cms-prod.s3-sgn09.fptcloud.com/00015064_que_thu_duong_huyet_one_call_plus_25_que_6575_63ab_large_2d051607b6.jpg,Men glucose oxidase(GOD) ,,ACON,Hộp 25 Cái,"Thiết bị y tế | Dụng cụ theo dõi | Máy, que thử đường huyết",trang-thiet-bi-y-te | trang-thiet-bi-y-te/dung-cu-theo-doi | trang-thiet-bi-y-te/may-que-thu-duong-huyet,True,True,70,0,https://nhathuoclongchau.com.vn/trang-thiet-bi-y-te/que-thu-duong-huyet-one-call-plus-25-que-15126.html,trang-thiet-bi-y-te,200
240,00013747,"DUNG DỊCH XỊT MŨI TRẺ EM STERIMAR BLOCKED NOSE BABY 50ML -  GIÚP THÔNG MŨI, KHÁNG VIÊM CHO TRẺ EM TỪ 3 THÁNG - 3 TUỔI","Dung dịch xịt mũi Stérimar Blocked Nose Baby 50ml làm sạch, loại bỏ bụi bẩn niêm mạc mũi cho trẻ từ 3 tháng - 3 tuổi",trang-thiet-bi-y-te/sterimar-baby-block-nose-50ml-hypertonic-15869.html,115000.0,Chai,đ,https://cdn.nhathuoclongchau.com.vn/unsafe/https://cms-prod.s3-sgn09.fptcloud.com/00013747_sterimar_baby_block_nose_50ml_hypertonic_9917_62b9_large_3907d07572.JPG,Nước biển sâu  ,Dung dịch xịt mũi,Hyphens,Chai,Thiết bị y tế | Dụng cụ y tế | Dụng cụ vệ sinh mũi,trang-thiet-bi-y-te | trang-thiet-bi-y-te/dung-cu-y-te | trang-thiet-bi-y-te/dung-cu-ve-sinh-mui,True,True,70,0,https://nhathuoclongchau.com.vn/trang-thiet-bi-y-te/sterimar-baby-block-nose-50ml-hypertonic-15869.html,trang-thiet-bi-y-te,200
241,00013701,BÔNG CUỘN THẤM NƯỚC Y TẾ BẠCH TUYẾT 45G - VỆ SINH CÁ NHÂN VÀ Y TẾ,Bông y tế thấm nước Bạch Tuyết dùng trong chăm sóc cá nhân và y tế (45g) ,trang-thiet-bi-y-te/gon-bach-tuyet-45gr-15887.html,12000.0,Gói,đ,https://cdn.nhathuoclongchau.com.vn/unsafe/https://cms-prod.s3-sgn09.fptcloud.com/IMG_5127_32b3bd99ac.jpg,Bông tự nhiên 100%,,Bạch Tuyết,Gói,Thiết bị y tế | Dụng cụ sơ cứu | Bông y tế,trang-thiet-bi-y-te | trang-thiet-bi-y-te/dung-cu-so-cuu | trang-thiet-bi-y-te/bong-y-te,True,True,70,0,https://nhathuoclongchau.com.vn/trang-thiet-bi-y-te/gon-bach-tuyet-45gr-15887.html,trang-thiet-bi-y-te,200
242,00011132,BĂNG KEO GIẤY URGOPORE 1.25CM X 5M - GIÚP CỐ ĐỊNH BĂNG GẠC VÀ DỤNG CỤ Y TẾ,"Băng keo giấy y tế Urgopore 1.25cm x 5m thông thoáng cho da nhạy cảm, giúp kềm giữ nhanh, chắc chắn",trang-thiet-bi-y-te/urgopore-125cmx5m-16152.html,13000.0,Hộp,đ,https://cdn.nhathuoclongchau.com.vn/unsafe/https://cms-prod.s3-sgn09.fptcloud.com/00011132_urgopore_125cmx5m_5251_5caa_large_738a46b3df.JPG,"Acrylic  , Polyester  ",,Urgo,Hộp 1 Cuộn,Thiết bị y tế | Dụng cụ sơ cứu | Băng y tế,trang-thiet-bi-y-te | trang-thiet-bi-y-te/dung-cu-so-cuu | trang-thiet-bi-y-te/bang-y-te,True,True,70,0,https://nhathuoclongchau.com.vn/trang-thiet-bi-y-te/urgopore-125cmx5m-16152.html,trang-thiet-bi-y-te,200
243,00010701,"TÚI CHƯỜM LẠNH GREETMED - CHƯỜM LẠNH, GIẢM ĐAU VÙNG CHẤN THƯƠNG",Túi chườm lạnh y tế Greetmed hỗ trợ chườm lạnh giảm đau vùng chấn thương (1 cái),trang-thiet-bi-y-te/tui-chuom-lanh-16361.html,25500.0,Cái,đ,https://cdn.nhathuoclongchau.com.vn/unsafe/https://cms-prod.s3-sgn09.fptcloud.com/00010701_tui_chuom_lanh_1979_62ad_large_a73f39b5d8.jpg,Cotton ,,GREETMED,Hộp 1 Cái,Thiết bị y tế | Dụng cụ y tế | Túi chườm,trang-thiet-bi-y-te | trang-thiet-bi-y-te/dung-cu-y-te | trang-thiet-bi-y-te/tui-chuom,True,True,70,0,https://nhathuoclongchau.com.vn/trang-thiet-bi-y-te/tui-chuom-lanh-16361.html,trang-thiet-bi-y-te,200
244,00010665,BÔNG CẮT SẴN Y TẾ ZIGZAG BẠCH TUYẾT 100G - VỆ SINH CÁ NHÂN VÀ Y TẾ,Bông Zigzag y tế thấm nước Bạch Tuyết dùng trong chăm sóc cá nhân và y tế (100g) ,trang-thiet-bi-y-te/gon-bach-tuyet-cat-san-zigzag-16372.html,24000.0,Gói,đ,https://cdn.nhathuoclongchau.com.vn/unsafe/https://cms-prod.s3-sgn09.fptcloud.com/00010665_gon_bach_tuyet_cat_san_zigzag_3563_62ae_large_719d6e78b4.jpg,Bông tự nhiên 100%,,Bạch Tuyết,Gói,Thiết bị y tế | Dụng cụ sơ cứu | Bông y tế,trang-thiet-bi-y-te | trang-thiet-bi-y-te/dung-cu-so-cuu | trang-thiet-bi-y-te/bong-y-te,True,True,70,0,https://nhathuoclongchau.com.vn/trang-thiet-bi-y-te/gon-bach-tuyet-cat-san-zigzag-16372.html,trang-thiet-bi-y-te,200
245,00010405,"GẠC TIỆT TRÙNG BẢO THẠCH NHỎ 5CMX6.5CMX12LỚP GÓI 10 MIẾNG - SƠ CỨU VẾT THƯƠNG, THẤM MÁU VÀ DỊCH TIẾT","Gạc y tế tiệt trùng 5cm x 6.5cm x 12 lớp Bảo Thạch sơ cứu vết thương, thấm máu và dịch tiết (100 gói)",trang-thiet-bi-y-te/gac-bao-thach-nho-5cmx65cmx12-lop-16445.html,6400.0,Gói,đ,https://cdn.nhathuoclongchau.com.vn/unsafe/https://cms-prod.s3-sgn09.fptcloud.com/00010405_gac_bao_thach_nho_5cmx65cmx12_lop_7337_62be_large_e5c6d8a39c.jpg,Cotton 100%,,Bảo Thạch,Thùng 100 Gói,Thiết bị y tế | Dụng cụ sơ cứu | Băng y tế,trang-thiet-bi-y-te | trang-thiet-bi-y-te/dung-cu-so-cuu | trang-thiet-bi-y-te/bang-y-te,True,True,70,0,https://nhathuoclongchau.com.vn/trang-thiet-bi-y-te/gac-bao-thach-nho-5cmx65cmx12-lop-16445.html,trang-thiet-bi-y-te,200
246,00010367,BĂNG CÁ NHÂN VẢI ĐỘ DÍNH CAO URGO DURABLE 102 MIẾNG - BẢO VỆ VẾT THƯƠNG,"Băng cá nhân vải độ dính cao Urgo Durable size 2cm x 6cm bảo vệ các vết thương nhỏ, vết trầy xước, rách da (102 miếng)",trang-thiet-bi-y-te/bcn-urgo-durable-102m-16456.html,77000.0,Hộp,đ,https://cdn.nhathuoclongchau.com.vn/unsafe/https://cms-prod.s3-sgn09.fptcloud.com/00010367_bcn_urgo_durable_102m_5250_62b5_large_c16c5a052e.jpg,"Polyethylene , Vải ",,Urgo,Hộp 102 Miếng,Thiết bị y tế | Dụng cụ sơ cứu | Băng y tế,trang-thiet-bi-y-te | trang-thiet-bi-y-te/dung-cu-so-cuu | trang-thiet-bi-y-te/bang-y-te,True,True,70,0,https://nhathuoclongchau.com.vn/trang-thiet-bi-y-te/bcn-urgo-durable-102m-16456.html,trang-thiet-bi-y-te,200
247,00010293,BĂNG CÁ NHÂN ÍT THẤM NƯỚC URGO WASHPROOF 30 MIẾNG - BẢO VỆ VẾT THƯƠNG,Băng cá nhân ít thấm nước Urgo Washproof Large bảo vệ vết thương khỏi nước (30 miếng),trang-thiet-bi-y-te/urgo-washproof-30s-16480.html,57000.0,Hộp,đ,https://cdn.nhathuoclongchau.com.vn/unsafe/https://cms-prod.s3-sgn09.fptcloud.com/00010293_urgo_washproof_30s_5375_62ad_large_0659926ecc.jpg,Polyethylene ,,Urgo,Hộp 30 miếng,Thiết bị y tế | Dụng cụ sơ cứu | Băng y tế,trang-thiet-bi-y-te | trang-thiet-bi-y-te/dung-cu-so-cuu | trang-thiet-bi-y-te/bang-y-te,True,True,70,0,https://nhathuoclongchau.com.vn/trang-thiet-bi-y-te/urgo-washproof-30s-16480.html,trang-thiet-bi-y-te,200
248,00010218,BƠM TIÊM SỬ DỤNG MỘT LẦN 1ML/CC 26G VINAHANKOOK HỘP 100 CÁI,Bơm tiêm sử dụng một lần Vinahankook 1ml/cc được khử trùng bằng khí E.O (100 chiếc),trang-thiet-bi-y-te/bom-tiem-1-vinahankook-100-cai-16490.html,750.0,Cái,đ,https://cdn.nhathuoclongchau.com.vn/unsafe/https://cms-prod.s3-sgn09.fptcloud.com/00010218_bom_tiem_1_7970_62ae_large_88df769997.jpg,"Nhựa PP , Thép không gỉ ",,VINAHANKOOK,Hộp 100 Cái,Thiết bị y tế | Dụng cụ y tế | Kim các loại,trang-thiet-bi-y-te | trang-thiet-bi-y-te/dung-cu-y-te | trang-thiet-bi-y-te/kim-cac-loai,True,True,70,0,https://nhathuoclongchau.com.vn/trang-thiet-bi-y-te/bom-tiem-1-vinahankook-100-cai-16490.html,trang-thiet-bi-y-te,200
249,00010215,BƠM TIÊM SỬ DỤNG MỘT LẦN 5ML/CC 25G VINAHANKOOK HỘP 100 CÁI,Bơm tiêm sử dụng một lần Vinahankook 5ml/cc được khử trùng bằng khí E.O (100 cái),trang-thiet-bi-y-te/bom-tiem-5-16493.html,750.0,Cái,đ,https://cdn.nhathuoclongchau.com.vn/unsafe/https://cms-prod.s3-sgn09.fptcloud.com/00010215_bom_tiem_5_8589_62ae_large_901bd7e255.jpg,"Nhựa PP , Thép không gỉ ",,VINAHANKOOK,Hộp 100 Cái,Thiết bị y tế | Dụng cụ y tế | Kim các loại,trang-thiet-bi-y-te | trang-thiet-bi-y-te/dung-cu-y-te | trang-thiet-bi-y-te/kim-cac-loai,True,True,70,0,https://nhathuoclongchau.com.vn/trang-thiet-bi-y-te/bom-tiem-5-16493.html,trang-thiet-bi-y-te,200
250,00010192,TÚI CHƯỜM NÓNG VGLOVE - GIÚP CHƯỜM NÓNG LÊN CÁC VÙNG ĐAU TRÊN CƠ THỂ,Túi chườm nóng y tế VGlove giúp chườm nóng lên các vùng đau trên cơ thể (1 cái),trang-thiet-bi-y-te/tui-chuom-nong-16498.html,32000.0,Cái,đ,https://cdn.nhathuoclongchau.com.vn/unsafe/https://cms-prod.s3-sgn09.fptcloud.com/00010192_tui_chuom_nong_6787_62ae_large_c8bd4dff41.jpg,Nhựa PVC không mùi  ,,VGLOVE,Hộp 1 cái,Thiết bị y tế | Dụng cụ y tế | Túi chườm,trang-thiet-bi-y-te | trang-thiet-bi-y-te/dung-cu-y-te | trang-thiet-bi-y-te/tui-chuom,True,True,70,0,https://nhathuoclongchau.com.vn/trang-thiet-bi-y-te/tui-chuom-nong-16498.html,trang-thiet-bi-y-te,200
251,00009784,BĂNG CÁ NHÂN VẢI ĐỘ DÍNH CAO URGO DURABLE 20 MIẾNG - BẢO VỆ VẾT THƯƠNG,"Băng cá nhân vải độ dính cao Urgo Durable size 2cm x 6cm bảo vệ các vết thương nhỏ, vết trầy xước, rách da (20 miếng)  ",trang-thiet-bi-y-te/urgo-durable-20s-16593.html,26000.0,Hộp,đ,https://cdn.nhathuoclongchau.com.vn/unsafe/https://cms-prod.s3-sgn09.fptcloud.com/00009784_urgo_durable_20s_7252_62ad_large_5577ab0954.jpg,"Vải lụa , Kẽm oxyd ",,Urgo,Hộp 20 cái,Thiết bị y tế | Dụng cụ sơ cứu | Băng y tế,trang-thiet-bi-y-te | trang-thiet-bi-y-te/dung-cu-so-cuu | trang-thiet-bi-y-te/bang-y-te,True,True,70,0,https://nhathuoclongchau.com.vn/trang-thiet-bi-y-te/urgo-durable-20s-16593.html,trang-thiet-bi-y-te,200
252,00008484,BĂNG CÁ NHÂN TRONG SUỐT 4 KÍCH CỠ URGO TRANSPARENT 20 MIẾNG - BẢO VỆ VẾT THƯƠNG,"Băng cá nhân trong suốt Urgo Transparent Assorted bảo vệ các vết thương nhỏ, vết trầy xước, rách da (20 miếng)",trang-thiet-bi-y-te/urgo-transparent-assorted-4-kich-co-16676.html,26000.0,Hộp,đ,https://cdn.nhathuoclongchau.com.vn/unsafe/https://cms-prod.s3-sgn09.fptcloud.com/00008484_urgo_transparent_assorted_4_kich_co_7439_62b5_large_a7184a4e2f.JPG,"Polyethylene  , Acrylic  ",,Urgo,Hộp 20 Cái,Thiết bị y tế | Dụng cụ sơ cứu | Băng y tế,trang-thiet-bi-y-te | trang-thiet-bi-y-te/dung-cu-so-cuu | trang-thiet-bi-y-te/bang-y-te,True,True,70,0,https://nhathuoclongchau.com.vn/trang-thiet-bi-y-te/urgo-transparent-assorted-4-kich-co-16676.html,trang-thiet-bi-y-te,200
253,00007698,BĂNG KEO LỤA URGOSYVAL 1.25CM X 5M (STRONG ADHESIVE TAPE) - BĂNG VẾT THƯƠNG TRONG PHẪU THUẬT VÀ CỐ ĐỊNH THIẾT BỊ Y TẾ,Băng keo lụa có độ dính cao Urgosyval Strong Adhessive size 1.25cm x 5m cố định băng gạc (1 cuộn),trang-thiet-bi-y-te/urgosyval-125cm-x-5m-16778.html,21000.0,Hộp,đ,https://cdn.nhathuoclongchau.com.vn/unsafe/https://cms-prod.s3-sgn09.fptcloud.com/00007698_urgosyval_125cm_x_5m_2955_62ad_large_4547c291c8.jpg,"Vải lụa , Kẽm oxyd ",,Urgo,Hộp 1 cuộn,Thiết bị y tế | Dụng cụ sơ cứu | Băng y tế,trang-thiet-bi-y-te | trang-thiet-bi-y-te/dung-cu-so-cuu | trang-thiet-bi-y-te/bang-y-te,True,True,70,0,https://nhathuoclongchau.com.vn/trang-thiet-bi-y-te/urgosyval-125cm-x-5m-16778.html,trang-thiet-bi-y-te,200
254,00007697,BĂNG KEO LỤA URGOSYVAL 2.5CM X 5M (STRONG ADHESIVE TAPE) - BĂNG VẾT THƯƠNG TRONG PHẪU THUẬT VÀ CỐ ĐỊNH THIẾT BỊ Y TẾ,Băng keo lụa có độ dính cao Urgosyval Strong Adhessive size 2.5cm x 5m cố định băng gạc (1 cuộn),trang-thiet-bi-y-te/urgosyval-25cm-x-5m-16779.html,31000.0,Hộp,đ,https://cdn.nhathuoclongchau.com.vn/unsafe/https://cms-prod.s3-sgn09.fptcloud.com/00007697_urgosyval_25cm_x_5m_4083_5c8f_large_f6370cd4fb.JPG,"Vải lụa , Kẽm oxyd ",,Urgo,Hộp 1 Cuộn,Thiết bị y tế | Dụng cụ sơ cứu | Băng y tế,trang-thiet-bi-y-te | trang-thiet-bi-y-te/dung-cu-so-cuu | trang-thiet-bi-y-te/bang-y-te,True,True,70,0,https://nhathuoclongchau.com.vn/trang-thiet-bi-y-te/urgosyval-25cm-x-5m-16779.html,trang-thiet-bi-y-te,200
255,00007690,BĂNG KEO GIẤY URGOPORE 2.5CM X 5M - GIÚP CỐ ĐỊNH BĂNG GẠC VÀ DỤNG CỤ Y TẾ,"Băng keo giấy y tế Urgopore size 2.5cm x 5m thông thoáng cho da nhạy cảm, giúp kềm giữ nhanh, chắc chắn",trang-thiet-bi-y-te/urgopore-25cm-x-5m-bang-keo-giay-16785.html,20000.0,Hộp,đ,https://cdn.nhathuoclongchau.com.vn/unsafe/https://cms-prod.s3-sgn09.fptcloud.com/00007690_urgopore_25cmx5m_2588_62bd_large_d8cc85f014.jpg,"Acrylic , Polyester ",,Urgo,Hộp 1 Cuộn,Thiết bị y tế | Dụng cụ sơ cứu | Băng y tế,trang-thiet-bi-y-te | trang-thiet-bi-y-te/dung-cu-so-cuu | trang-thiet-bi-y-te/bang-y-te,True,True,70,0,https://nhathuoclongchau.com.vn/trang-thiet-bi-y-te/urgopore-25cm-x-5m-bang-keo-giay-16785.html,trang-thiet-bi-y-te,200
256,00007684,BĂNG KEO LỤA URGOSYVAL 5CM X 5M (STRONG ADHESIVE TAPE) - BĂNG VẾT THƯƠNG TRONG PHẪU THUẬT VÀ CỐ ĐỊNH THIẾT BỊ Y TẾ,"Băng keo lụa Urgosyval size 5cm x 5m băng các vết thương trong phẫu thuật, cố định thiết bị y tế",trang-thiet-bi-y-te/urgosyval-5cm-x-5m-16787.html,43000.0,Hộp,đ,https://cdn.nhathuoclongchau.com.vn/unsafe/https://cms-prod.s3-sgn09.fptcloud.com/00007684_urgosyval_5cm_x_5m_8310_62b9_large_c98e9451fb.JPG,"Vải lụa , Kẽm oxyd ",,Urgo,Hộp 1 Cuộn,Thiết bị y tế | Dụng cụ sơ cứu | Băng y tế,trang-thiet-bi-y-te | trang-thiet-bi-y-te/dung-cu-so-cuu | trang-thiet-bi-y-te/bang-y-te,True,True,70,0,https://nhathuoclongchau.com.vn/trang-thiet-bi-y-te/urgosyval-5cm-x-5m-16787.html,trang-thiet-bi-y-te,200
257,00003500,"BÔNG VIÊN BẢO THẠCH 50G - LÀM SẠCH VẾT THƯƠNG, THẤM MÁU VÀ DỊCH TIẾT","Bông gòn viên y tế thấm nước Bảo Thạch dùng để làm sạch vết thương, thấm máu và dịch tiết (50g) ",trang-thiet-bi-y-te/gon-bao-thach-bong-vien-50g-17244.html,19000.0,Gói,đ,https://cdn.nhathuoclongchau.com.vn/unsafe/https://cms-prod.s3-sgn09.fptcloud.com/IMG_5145_7788a7384a.jpg,Bông tự nhiên 100%,,Bảo Thạch,Gói,Thiết bị y tế | Dụng cụ sơ cứu | Bông y tế,trang-thiet-bi-y-te | trang-thiet-bi-y-te/dung-cu-so-cuu | trang-thiet-bi-y-te/bong-y-te,True,True,70,0,https://nhathuoclongchau.com.vn/trang-thiet-bi-y-te/gon-bao-thach-bong-vien-50g-17244.html,trang-thiet-bi-y-te,200
258,00003250,GĂNG TAY CAO SU Y TẾ TRƠN CÓ BỘT VGLOVE SIZE M - 100 CÁI,Găng tay cao su y tế trơn có bột VGlove Size M (10 hộp x 100 chiếc),trang-thiet-bi-y-te/gang-tay-vglove-m-17268.html,82000.0,Hộp,đ,https://cdn.nhathuoclongchau.com.vn/unsafe/https://cms-prod.s3-sgn09.fptcloud.com/00003250_gang_tay_vglove_m_3091_6198_large_af6a2dde32.jpg,Cao su thiên nhiên 100%,,VGLOVE,Thùng 10 Hộp x 100 Chiếc,Thiết bị y tế | Dụng cụ y tế | Găng tay,trang-thiet-bi-y-te | trang-thiet-bi-y-te/dung-cu-y-te | trang-thiet-bi-y-te/gang-tay,True,True,70,0,https://nhathuoclongchau.com.vn/trang-thiet-bi-y-te/gang-tay-vglove-m-17268.html,trang-thiet-bi-y-te,200
259,00003227,"GẠC TIỆT TRÙNG ĐÔNG PHA LỚN 8X9X8CM GÓI 10 MIẾNG - THẤM HÚT ,SƠ CỨU VẾT THƯƠNG, THẤM MÁU VÀ DỊCH TIẾT","Gạc y tế tiệt trùng 3 Con Nai Đông Pha thấm hút cao, sơ cứu vết thương nhỏ, thấm máu và dịch tiết (10 miếng)",trang-thiet-bi-y-te/gac-tiet-trung-dong-pha-17274.html,6500.0,Gói,đ,https://cdn.nhathuoclongchau.com.vn/unsafe/https://cms-prod.s3-sgn09.fptcloud.com/00003227_gac_tiet_trung_dong_pha_6126_5c8f_large_96fed320a0.JPG,Cotton 100%,,Đông Pha,Thùng 50 Gói,Thiết bị y tế | Dụng cụ sơ cứu | Băng y tế,trang-thiet-bi-y-te | trang-thiet-bi-y-te/dung-cu-so-cuu | trang-thiet-bi-y-te/bang-y-te,True,True,70,0,https://nhathuoclongchau.com.vn/trang-thiet-bi-y-te/gac-tiet-trung-dong-pha-17274.html,trang-thiet-bi-y-te,200
260,00003226,"GẠC TIỆT TRÙNG ĐÔNG PHA NHỎ 5X6X8CM GÓI 10 MIẾNG - THẤM HÚT ,SƠ CỨU VẾT THƯƠNG, THẤM MÁU VÀ DỊCH TIẾT","Gạc y tế tiệt trùng 3 Con Nai Đông Pha thấm hút cao, sơ cứu vết thương nhỏ, thấm máu và dịch tiết (100 gói)",trang-thiet-bi-y-te/gac-tiet-trung-dong-pha-17275.html,3300.0,Gói,đ,https://cdn.nhathuoclongchau.com.vn/unsafe/https://cms-prod.s3-sgn09.fptcloud.com/00003226_gac_tiet_trung_dong_pha_7460_62ae_large_2eaaf9a250.jpg,Cotton 100%,,Đông Pha,Thùng 100 gói,Thiết bị y tế | Dụng cụ sơ cứu | Băng y tế,trang-thiet-bi-y-te | trang-thiet-bi-y-te/dung-cu-so-cuu | trang-thiet-bi-y-te/bang-y-te,True,True,70,0,https://nhathuoclongchau.com.vn/trang-thiet-bi-y-te/gac-tiet-trung-dong-pha-17275.html,trang-thiet-bi-y-te,200
261,00003224,"GẠC RƠ LƯỠI ĐÔNG PHA - VỆ SINH, LÀM SẠCH LƯỠI, RĂNG MIỆNG CHO BÉ HỘP 5 CÁI","Gạc rơ lưỡi Đông Fa 3 Con Nai vệ sinh, làm sạch lưỡi, răng miệng cho bé (250 hộp)",trang-thiet-bi-y-te/gac-ro-luoi-dong-pha-17277.html,2000.0,Hộp,đ,https://cdn.nhathuoclongchau.com.vn/unsafe/https://cms-prod.s3-sgn09.fptcloud.com/00003224_gac_ro_luoi_dong_pha_4540_62ae_large_a635144025.jpg,Cotton 100%,,Đông Pha,Thùng 250 hộp,Thiết bị y tế | Dụng cụ y tế | Các dụng cụ và sản phẩm khác,trang-thiet-bi-y-te | trang-thiet-bi-y-te/dung-cu-y-te | trang-thiet-bi-y-te/dung-cu-khac,True,True,70,0,https://nhathuoclongchau.com.vn/trang-thiet-bi-y-te/gac-ro-luoi-dong-pha-17277.html,trang-thiet-bi-y-te,200
262,00002343,"GEL BÔI SẸO DERMATIX ULTRA 15G - HỖ TRỢ LÀM PHẲNG, MỀM VÀ MỜ SẸO",Gel Dermatix Ultra cải thiện hiệu quả sẹo lồi và sẹo phì đại (15g),trang-thiet-bi-y-te/dermatix-ultra-15g-gel-tri-seo-17388.html,295000.0,Tuýp,đ,https://cdn.nhathuoclongchau.com.vn/unsafe/https://cms-prod.s3-sgn09.fptcloud.com/00002343_dermatix_15g_6038_6327_large_d3c2e9b839.jpg,"Cyclic , Polymeric siloxanes , Vitamin C ester ",Nhũ tương (Gel),Hanson,Tuýp,Thiết bị y tế | Dụng cụ y tế | Các dụng cụ và sản phẩm khác,trang-thiet-bi-y-te | trang-thiet-bi-y-te/dung-cu-y-te | trang-thiet-bi-y-te/dung-cu-khac,True,True,70,0,https://nhathuoclongchau.com.vn/trang-thiet-bi-y-te/dermatix-ultra-15g-gel-tri-seo-17388.html,trang-thiet-bi-y-te,200
263,00001126,BĂNG THUN 3 MÓC QUANG MẬU 12 CUỘN,"Băng thun 3 móc Quang Mậu dùng để băng nén ép cầm máu, cố định khớp (12 cuộn)",trang-thiet-bi-y-te/bang-thun-3-moc-17519.html,14167.0,Cuộn,đ,https://cdn.nhathuoclongchau.com.vn/unsafe/https://cms-prod.s3-sgn09.fptcloud.com/00001126_bang_thun_3_moc_7646_62ae_large_02adf01d16.jpg,"Cotton  , Cao su thiên nhiên  , Polyester ",,QUANG MẬU,Lốc 12 Cuộn,Thiết bị y tế | Dụng cụ sơ cứu | Băng y tế,trang-thiet-bi-y-te | trang-thiet-bi-y-te/dung-cu-so-cuu | trang-thiet-bi-y-te/bang-y-te,True,True,70,0,https://nhathuoclongchau.com.vn/trang-thiet-bi-y-te/bang-thun-3-moc-17519.html,trang-thiet-bi-y-te,200
264,00001125,BĂNG THUN 2 MÓC QUANG MẬU 12 CUỘN,"Băng thun 2 móc Minh Quang dùng để băng nén ép cầm máu, cố định khớp (12 cuộn)",trang-thiet-bi-y-te/bang-thun-2-moc-17520.html,11500.0,Cuộn,đ,https://cdn.nhathuoclongchau.com.vn/unsafe/https://cms-prod.s3-sgn09.fptcloud.com/DSC_08234_Recovered_10afc95e8b.jpg,"Cotton , Cao su thiên nhiên , Polyester ",,QUANG MẬU,Lốc 12 Cuộn,Thiết bị y tế | Dụng cụ sơ cứu | Băng y tế,trang-thiet-bi-y-te | trang-thiet-bi-y-te/dung-cu-so-cuu | trang-thiet-bi-y-te/bang-y-te,True,True,70,0,https://nhathuoclongchau.com.vn/trang-thiet-bi-y-te/bang-thun-2-moc-17520.html,trang-thiet-bi-y-te,200
265,00016756,CỒN 90 ĐỘ VP (ETHANOL) VĨNH PHÚC 1000ML - DÙNG TIỆT TRÙNG DỤNG CỤ Y TẾ,Cồn 90 độ Vĩnh Phúc tiệt trùng các dụng cụ y tế (1000ml),trang-thiet-bi-y-te/con-90-do-vp-1000ml-18090.html,52000.0,Chai,đ,https://cdn.nhathuoclongchau.com.vn/unsafe/https://cms-prod.s3-sgn09.fptcloud.com/con_90_do_vinh_phuc_1000ml_76366470ae.jpg,Ethanol ,,Vĩnh Phúc,Chai x 1l,"Thiết bị y tế | Dụng cụ sơ cứu | Cồn, nước sát trùng, nước muối",trang-thiet-bi-y-te | trang-thiet-bi-y-te/dung-cu-so-cuu | trang-thiet-bi-y-te/con-va-nuoc-sat-trung,True,True,70,0,https://nhathuoclongchau.com.vn/trang-thiet-bi-y-te/con-90-do-vp-1000ml-18090.html,trang-thiet-bi-y-te,200
266,00016772,CỒN 90 ĐỘ VP (ETHANOL) VĨNH PHÚC 500ML - DÙNG TIỆT TRÙNG DỤNG CỤ Y TẾ,Cồn 90 độ Vĩnh Phúc tiệt trùng các dụng cụ y tế (500ml),trang-thiet-bi-y-te/con-90-do-vp-500ml-18093.html,31000.0,Chai,đ,https://cdn.nhathuoclongchau.com.vn/unsafe/https://cms-prod.s3-sgn09.fptcloud.com/con_90_0810c707e9.png,Ethanol ,,Vĩnh Phúc,Chai,"Thiết bị y tế | Dụng cụ sơ cứu | Cồn, nước sát trùng, nước muối",trang-thiet-bi-y-te | trang-thiet-bi-y-te/dung-cu-so-cuu | trang-thiet-bi-y-te/con-va-nuoc-sat-trung,True,True,70,0,https://nhathuoclongchau.com.vn/trang-thiet-bi-y-te/con-90-do-vp-500ml-18093.html,trang-thiet-bi-y-te,200
267,00017018,KÍNH BẢO HỘ TOÀN ĐỨC GB 25 - BẢO VỆ MẮT,Kính bảo hộ Toàn Đức GB 25K bảo vệ mắt,trang-thiet-bi-y-te/kinh-bao-ho-toan-duc-gb-25k-18331.html,39000.0,Cái,đ,https://cdn.nhathuoclongchau.com.vn/unsafe/https://cms-prod.s3-sgn09.fptcloud.com/00017018_kinh_bao_ho_toan_duc_gb_25k_1469_62ae_large_fcdd3e1f41.jpg,Nhựa ,,TOÀN ĐỨC,Cái,Thiết bị y tế | Dụng cụ y tế | Các dụng cụ và sản phẩm khác,trang-thiet-bi-y-te | trang-thiet-bi-y-te/dung-cu-y-te | trang-thiet-bi-y-te/dung-cu-khac,True,True,70,0,https://nhathuoclongchau.com.vn/trang-thiet-bi-y-te/kinh-bao-ho-toan-duc-gb-25k-18331.html,trang-thiet-bi-y-te,200
268,00017253,"KHẨU TRANG THIÊN THỦY 4 LỚP CAO CẤP (MÀU XANH) 50 CÁI - NGĂN KHÓI BỤI, VI KHUẨN","Khẩu trang y tế Thiên Thủy 4 lớp hỗ trợ ngăn khói, bụi, kháng khuẩn (50 cái)",trang-thiet-bi-y-te/khau-trang-thien-thuy-4-lop-hop-50-cai-18607.html,39000.0,Hộp,đ,https://cdn.nhathuoclongchau.com.vn/unsafe/https://cms-prod.s3-sgn09.fptcloud.com/00017253_khau_trang_thien_thuy_4_lop_hop_50_cai_5580_6307_large_6de90db483.jpg,"Vải không dệt PP , Lớp vi lọc thấu khí PP , Thanh nẹp mũi bằng nhựa , Dây đeo có tính đàn hồi ",,Thiên Thủy,Hộp 50 Cái,Thiết bị y tế | Khẩu trang | Khẩu trang y tế,trang-thiet-bi-y-te | trang-thiet-bi-y-te/khau-trang | trang-thiet-bi-y-te/khau-trang-y-te,True,True,70,0,https://nhathuoclongchau.com.vn/trang-thiet-bi-y-te/khau-trang-thien-thuy-4-lop-hop-50-cai-18607.html,trang-thiet-bi-y-te,200
269,00017314,"QUE GÒN BẢO THẠCH 20 QUE - DÙNG RỬA VẾT THƯƠNG, LẤY MẪU BỆNH PHẨM, LÀM SẠCH VÀ BÔI THUỐC",Que gòn Bảo Thạch dùng để rửa vết thương (20 que),trang-thiet-bi-y-te/que-gon-20-que-bao-thach-18665.html,13000.0,Gói,đ,https://cdn.nhathuoclongchau.com.vn/unsafe/https://cms-prod.s3-sgn09.fptcloud.com/00017314_que_gon_20_que_bao_thach_6796_62ae_large_f2bc7d45d7.jpg,Bông tự nhiên 100%,,Bảo Thạch,Gói,Thiết bị y tế | Dụng cụ sơ cứu | Bông y tế,trang-thiet-bi-y-te | trang-thiet-bi-y-te/dung-cu-so-cuu | trang-thiet-bi-y-te/bong-y-te,True,True,70,0,https://nhathuoclongchau.com.vn/trang-thiet-bi-y-te/que-gon-20-que-bao-thach-18665.html,trang-thiet-bi-y-te,200
270,00017407,"BĂNG THUN 3 MÓC URGOBAND 10CM X 4.5M HỖ TRỢ CẦM MÁU, CỐ ĐỊNH KHỚP XƯƠNG","Băng thun 3 móc Urgoband hỗ trợ cầm máu, cố định khớp (10cm x 4.5m)",trang-thiet-bi-y-te/urgoband-10cm-x-45m-bang-thun-3-moc-18759.html,29000.0,Gói,đ,https://cdn.nhathuoclongchau.com.vn/unsafe/https://cms-prod.s3-sgn09.fptcloud.com/00017407_urgoband_10cm_x_45m_bang_thun_3_moc_8847_60c8_large_da659ccf23.jpg,Cotton 100%,,Urgo,Gói,Thiết bị y tế | Dụng cụ sơ cứu | Băng y tế,trang-thiet-bi-y-te | trang-thiet-bi-y-te/dung-cu-so-cuu | trang-thiet-bi-y-te/bang-y-te,True,True,70,0,https://nhathuoclongchau.com.vn/trang-thiet-bi-y-te/urgoband-10cm-x-45m-bang-thun-3-moc-18759.html,trang-thiet-bi-y-te,200
271,00017419,CỒN 70 ĐỘ VP (ETHANOL) VĨNH PHÚC 500ML - DÙNG TIỆT TRÙNG DỤNG CỤ Y TẾ,"Cồn 70 độ Vĩnh Phúc dùng để diệt khuẩn dụng cụ y tế, bề mặt trong y tế (500ml)",trang-thiet-bi-y-te/con-70-do-vp-500ml-18778.html,30000.0,Chai,đ,https://cdn.nhathuoclongchau.com.vn/unsafe/https://cms-prod.s3-sgn09.fptcloud.com/70_500_vp_857d290903.png,Ethanol ,,Vĩnh Phúc,Chai x 500ml,"Thiết bị y tế | Dụng cụ sơ cứu | Cồn, nước sát trùng, nước muối",trang-thiet-bi-y-te | trang-thiet-bi-y-te/dung-cu-so-cuu | trang-thiet-bi-y-te/con-va-nuoc-sat-trung,True,True,70,0,https://nhathuoclongchau.com.vn/trang-thiet-bi-y-te/con-70-do-vp-500ml-18778.html,trang-thiet-bi-y-te,200
272,00017537,"GĂNG TAY PHẪU THUẬT 7 VGLOVE SỬ DỤNG TRONG QUÁ TRÌNH KHÁM, CHẨN ĐOÁN ĐIỀU TRỊ VÀ PHẪU THUẬT",Găng tay phẫu thuật Surgical Gloves 7 VGlove tránh lây truyền bệnh trong quá trình khám (1 đôi),trang-thiet-bi-y-te/gang-tay-phau-thuat-7-vglove-18898.html,6000.0,Gói,đ,https://cdn.nhathuoclongchau.com.vn/unsafe/https://cms-prod.s3-sgn09.fptcloud.com/00017537_gang_tay_phau_thuat_7_vglove_8699_6123_large_3ee5b1d632.jpg,Cao su thiên nhiên ,,VGLOVE,Gói 1 Đôi,Thiết bị y tế | Dụng cụ y tế | Găng tay,trang-thiet-bi-y-te | trang-thiet-bi-y-te/dung-cu-y-te | trang-thiet-bi-y-te/gang-tay,True,True,70,0,https://nhathuoclongchau.com.vn/trang-thiet-bi-y-te/gang-tay-phau-thuat-7-vglove-18898.html,trang-thiet-bi-y-te,200
273,00017823,CỒN 70 ĐỘ VP (ETHANOL) VĨNH PHÚC 1000ML - DÙNG TIỆT TRÙNG DỤNG CỤ Y TẾ,"Cồn 70 độ Vĩnh Phúc dùng để diệt khuẩn dụng cụ y tế, bề mặt trong y tế (1000ml)",trang-thiet-bi-y-te/con-70-do-vp-1000ml-19181.html,49000.0,Chai,đ,https://cdn.nhathuoclongchau.com.vn/unsafe/https://cms-prod.s3-sgn09.fptcloud.com/con_70_do_vinh_phuc_1000ml_9808d946a6.jpg,Ethanol ,,Vĩnh Phúc,Chai,"Thiết bị y tế | Dụng cụ sơ cứu | Cồn, nước sát trùng, nước muối",trang-thiet-bi-y-te | trang-thiet-bi-y-te/dung-cu-so-cuu | trang-thiet-bi-y-te/con-va-nuoc-sat-trung,True,True,70,0,https://nhathuoclongchau.com.vn/trang-thiet-bi-y-te/con-70-do-vp-1000ml-19181.html,trang-thiet-bi-y-te,200
274,00017885,BÔNG GẠC ĐẮP VẾT THƯƠNG BẢO THẠCH 8CM X 12CM,Bông gạc đắp vết thương Bảo Thạch (8cm x 12cm),trang-thiet-bi-y-te/bong-gac-dap-vet-thuong-bao-thach-8cm-x-12cm-19235.html,23000.0,Gói,đ,https://cdn.nhathuoclongchau.com.vn/unsafe/https://cms-prod.s3-sgn09.fptcloud.com/00017885_bong_gac_dap_vet_thuong_bao_thach_8cm_x_12cm_6790_62ae_large_192c80b520.jpg,Cotton 100%,,Bảo Thạch,Gói,Thiết bị y tế | Dụng cụ sơ cứu | Bông y tế,trang-thiet-bi-y-te | trang-thiet-bi-y-te/dung-cu-so-cuu | trang-thiet-bi-y-te/bong-y-te,True,True,70,0,https://nhathuoclongchau.com.vn/trang-thiet-bi-y-te/bong-gac-dap-vet-thuong-bao-thach-8cm-x-12cm-19235.html,trang-thiet-bi-y-te,200
275,00018309,GẠC PHẪU THUẬT 10X10CMX 8 LỚP AN LÀNH 10 MIẾNG - DÙNG THẤM MÁU TRONG PHẪU THUẬT,Gạc phẫu thuật TMC 10cm x 10cm x 8 lớp An Lành dùng thấm máu trong phẫu thuật (10 miếng),trang-thiet-bi-y-te/gac-phau-thuat-tmc-10cm-x-10cm-x-8-lop-an-lanh-10-mieng-19630.html,75000.0,Gói,đ,https://cdn.nhathuoclongchau.com.vn/unsafe/https://cms-prod.s3-sgn09.fptcloud.com/DSC_09693_979e1f8e16.jpg,Cotton 100%,,ALAMECO,Gói 10 Gói lẻ,Thiết bị y tế | Dụng cụ sơ cứu | Băng y tế,trang-thiet-bi-y-te | trang-thiet-bi-y-te/dung-cu-so-cuu | trang-thiet-bi-y-te/bang-y-te,True,True,70,0,https://nhathuoclongchau.com.vn/trang-thiet-bi-y-te/gac-phau-thuat-tmc-10cm-x-10cm-x-8-lop-an-lanh-10-mieng-19630.html,trang-thiet-bi-y-te,200
276,00018413,DUNG DỊCH NƯỚC MUỐI SINH LÝ FYSOLINE ISOTONIQUE 40 ỐNG X 5ML - VỆ SINH MẮT MŨI,"Dung dịch nước muối sinh lý không chất bảo quản Fysoline Gifrer làm sạch mắt, mũi (40 ống)",trang-thiet-bi-y-te/fysoline-dang-truong-gifrer-40-ong-dung-dich-lam-sach-mat-mui-19734.html,166000.0,Hộp,đ,https://cdn.nhathuoclongchau.com.vn/unsafe/https://cms-prod.s3-sgn09.fptcloud.com/DSC_09895_dac9a658d8.jpg,"Natri chloride 0.9, Nước cất ",,Fysoline,Hộp 40 ống,Thiết bị y tế | Dụng cụ y tế | Dụng cụ vệ sinh mũi,trang-thiet-bi-y-te | trang-thiet-bi-y-te/dung-cu-y-te | trang-thiet-bi-y-te/dung-cu-ve-sinh-mui,True,True,70,0,https://nhathuoclongchau.com.vn/trang-thiet-bi-y-te/fysoline-dang-truong-gifrer-40-ong-dung-dich-lam-sach-mat-mui-19734.html,trang-thiet-bi-y-te,200
277,00018832,"GẠC TIỆT TRÙNG BẢO THẠCH LỚN 8X10CMX12LỚP GÓI 10 MIẾNG - SƠ CỨU VẾT THƯƠNG, THẤM MÁU VÀ DỊCH TIẾT","Gạc y tế 8cm x 10cm x 12 lớp tiệt trùng Bảo Thạch làm sạch các vết thương nhỏ, thấm máu và dịch tiết (10 miếng)",trang-thiet-bi-y-te/gac-y-te-tiet-trung-bao-thach-8cmx10cmx12lop-bich-10-mieng-20138.html,14000.0,Gói,đ,https://cdn.nhathuoclongchau.com.vn/unsafe/https://cms-prod.s3-sgn09.fptcloud.com/00018832_gac_y_te_tiet_trung_bao_thach_8cmx10cmx12lop_bich_10_mieng_8916_60b9_large_206da5c582.jpg,Cotton 100%,,Bảo Thạch,Gói,Thiết bị y tế | Dụng cụ sơ cứu | Băng y tế,trang-thiet-bi-y-te | trang-thiet-bi-y-te/dung-cu-so-cuu | trang-thiet-bi-y-te/bang-y-te,True,True,70,0,https://nhathuoclongchau.com.vn/trang-thiet-bi-y-te/gac-y-te-tiet-trung-bao-thach-8cmx10cmx12lop-bich-10-mieng-20138.html,trang-thiet-bi-y-te,200
278,00020149,BÔNG GẠC ĐẮP VẾT THƯƠNG BẢO THẠCH 8CMX17CM,Bông gạc đắp vết thương Bảo Thạch (8cm x 17cm) ,trang-thiet-bi-y-te/bong-gac-dap-vet-thuong-bao-thach-8-cmx-17-cm.html,26000.0,Gói,đ,https://cdn.nhathuoclongchau.com.vn/unsafe/https://cms-prod.s3-sgn09.fptcloud.com/IMG_5167_7a28a400a2.jpg,Cotton 100%,,Bảo Thạch,Gói,Thiết bị y tế | Dụng cụ sơ cứu | Bông y tế,trang-thiet-bi-y-te | trang-thiet-bi-y-te/dung-cu-so-cuu | trang-thiet-bi-y-te/bong-y-te,True,True,70,0,https://nhathuoclongchau.com.vn/trang-thiet-bi-y-te/bong-gac-dap-vet-thuong-bao-thach-8-cmx-17-cm.html,trang-thiet-bi-y-te,200
279,00020467,"VIÊN ĐẶT HẬU MÔN, TRỰC TRÀNG HEALIT RECTAN 10 VIÊN - THÚC ĐẨY NHANH QUÁ TRÌNH LÀNH VẾT THƯƠNG","Viên đạn đặt hậu môn, trực tràng Healit Rectan VHPharma thúc đẩy nhanh quá trình lành vết thương (10 viên)",trang-thiet-bi-y-te/healit-rectan-10-vien-vien-dat-hau-mon-truc-trang-20626.html,358000.0,Hộp,đ,https://cdn.nhathuoclongchau.com.vn/unsafe/https://cms-prod.s3-sgn09.fptcloud.com/00020467_healit_rectan_10_vien_vien_dat_hau_mon_truc_trang_7762_6327_large_59c0439aaa.jpg,"Copolymer of 2 - hydroxyethylmethacrylate , Witepsol W25 ",,VH PHARMA,Hộp 10 Viên,Thiết bị y tế | Dụng cụ y tế,trang-thiet-bi-y-te | trang-thiet-bi-y-te/dung-cu-y-te,True,True,70,0,https://nhathuoclongchau.com.vn/trang-thiet-bi-y-te/healit-rectan-10-vien-vien-dat-hau-mon-truc-trang-20626.html,trang-thiet-bi-y-te,200
280,00020512,QUE THỬ ĐƯỜNG HUYẾT SAFE ACCU SINOCARE HỘP 50 QUE,Que Thử Đường Huyết Safe - Accu Sinocare (50 que),trang-thiet-bi-y-te/safe-accu-sinocare-50-que-que-thu-duong-huyet-20759.html,160000.0,Hộp,đ,https://cdn.nhathuoclongchau.com.vn/unsafe/https://cms-prod.s3-sgn09.fptcloud.com/00020512_safe_accu_sinocare_50_que_que_thu_duong_huyet_6725_5d31_large_0a05a2348d.png,Que thử đường huyết ,,Sinocare,Hộp 50 Cái,"Thiết bị y tế | Dụng cụ theo dõi | Máy, que thử đường huyết",trang-thiet-bi-y-te | trang-thiet-bi-y-te/dung-cu-theo-doi | trang-thiet-bi-y-te/may-que-thu-duong-huyet,True,True,70,0,https://nhathuoclongchau.com.vn/trang-thiet-bi-y-te/safe-accu-sinocare-50-que-que-thu-duong-huyet-20759.html,trang-thiet-bi-y-te,200
281,00020744,MIẾNG DÁN GIỮ NHIỆT SALONPAS JIKABARI HISAMITSU 8.4CMX13CM - 8 MIẾNG - LÀM ẤM DỄ CHỊU NƠI ĐAU VÀ TÊ CỨNG,Miếng dán giữ nhiệt Salonpas Jikabari Hisamitsu làm ấm dễ chịu nơi đau và tê cứng kéo dài đến 6 giờ (8 miếng) ,trang-thiet-bi-y-te/salonpas-jikabari-hisamitsu-84cmx13cm-8-mieng-mieng-dan-giu-nhiet-21103.html,140000.0,Hộp,đ,https://cdn.nhathuoclongchau.com.vn/unsafe/https://cms-prod.s3-sgn09.fptcloud.com/00020744_salonpas_jikabari_hisamitsu_84cmx13cm_8_mieng_mieng_dan_giu_nhiet_3708_60ae_large_0b543235f9.jpg,Keo dán ,,Hisamitsu,Hộp 8 Miếng,"Thiết bị y tế | Dụng cụ sơ cứu | Miếng dán giảm đau, hạ sốt",trang-thiet-bi-y-te | trang-thiet-bi-y-te/dung-cu-so-cuu | trang-thiet-bi-y-te/mieng-dan-giam-dau,True,True,70,0,https://nhathuoclongchau.com.vn/trang-thiet-bi-y-te/salonpas-jikabari-hisamitsu-84cmx13cm-8-mieng-mieng-dan-giu-nhiet-21103.html,trang-thiet-bi-y-te,200
282,00021179,"GEL BÔI DA THẢO DƯỢC BAIFEM K HERBAPOL 15G -  GIẢM NGỨA, KÍCH ỨNG, MẨN ĐỎ DA","Gel thảo dược Baifem K Herbapol làm dịu nhẹ, giảm cảm giác khó chịu do ngứa, kích ứng, mẩn đỏ da (15g)",trang-thiet-bi-y-te/baifem-k-herbapol-15g-gel-hoang-cam-bao-ve-diu-nhe-21513.html,169000.0,Tuýp,đ,https://cdn.nhathuoclongchau.com.vn/unsafe/https://cms-prod.s3-sgn09.fptcloud.com/00021179_baifem_k_herbapol_15g_gel_hoang_cam_bao_ve_diu_nhe_2204_63bb_large_c9d3aa3360.jpg,"Hoàng cầm , Acid lactic , Tá dược vừa đủ ",Nhũ tương (Gel),Baifem,Tuýp x 15g,Thiết bị y tế | Dụng cụ y tế | Các dụng cụ và sản phẩm khác,trang-thiet-bi-y-te | trang-thiet-bi-y-te/dung-cu-y-te | trang-thiet-bi-y-te/dung-cu-khac,True,True,70,0,https://nhathuoclongchau.com.vn/trang-thiet-bi-y-te/baifem-k-herbapol-15g-gel-hoang-cam-bao-ve-diu-nhe-21513.html,trang-thiet-bi-y-te,200
283,00021312,BÔNG TẨM CỒN ALCOHOL SWABS LIWORLDCO 100 MIẾNG - LÀM SẠCH VÀ KHỬ TRÙNG DA TRƯỚC KHI TIÊM,Bông tẩm cồn Alcohol Swabs Liworldco làm sạch và khử trùng da trước khi tiêm (100 miếng),trang-thiet-bi-y-te/alcohol-pad-liworldco-21666.html,20000.0,Hộp,đ,https://cdn.nhathuoclongchau.com.vn/unsafe/https://cms-prod.s3-sgn09.fptcloud.com/00021312_alcohol_pad_liworldco_3967_5f81_large_5680311120.JPG,"Isopropyl Alcohol 70%, Bông tự nhiên  ",,Liworldco,Hộp,"Thiết bị y tế | Dụng cụ sơ cứu | Cồn, nước sát trùng, nước muối",trang-thiet-bi-y-te | trang-thiet-bi-y-te/dung-cu-so-cuu | trang-thiet-bi-y-te/con-va-nuoc-sat-trung,True,True,70,0,https://nhathuoclongchau.com.vn/trang-thiet-bi-y-te/alcohol-pad-liworldco-21666.html,trang-thiet-bi-y-te,200
284,00021308,BĂNG KEO CUỘN GIẤY YOUNG PLASTER-PAPER 2.5CM X 5M - GIÚP CỐ ĐỊNH BĂNG GẠC VÀ DỤNG CỤ Y TẾ,"Băng keo cuộn giấy Young Plaster-Paper 2.5cm x 5m Young Chemical cố định ống truyền dẫn, dán lên gạc cố định vết thương (1 cuộn)",trang-thiet-bi-y-te/bang-keo-cuon-giay-young-plaster-paper-25cm-x-5m-21670.html,19000.0,Hộp,đ,https://cdn.nhathuoclongchau.com.vn/unsafe/https://cms-prod.s3-sgn09.fptcloud.com/IMG_5310_5629f7da7b.jpg,"Acyline , Giấy không dệt (Non-woven paper) ",,YOUNG CHEMICAL,Hộp,Thiết bị y tế | Dụng cụ sơ cứu | Băng y tế,trang-thiet-bi-y-te | trang-thiet-bi-y-te/dung-cu-so-cuu | trang-thiet-bi-y-te/bang-y-te,True,True,70,0,https://nhathuoclongchau.com.vn/trang-thiet-bi-y-te/bang-keo-cuon-giay-young-plaster-paper-25cm-x-5m-21670.html,trang-thiet-bi-y-te,200
285,00021307,BĂNG KEO CUỘN LỤA YOUNG PLASTER-SILK 2.5CM X 5M - GIÚP CỐ ĐỊNH BĂNG GẠC VÀ DỤNG CỤ Y TẾ,"Băng keo cuộn lụa Young Plaster-Silk 2.5cm x 5m Young Chemical cố định ống truyền dẫn, dán lên gạc cố định vết thương (1 cuộn)",trang-thiet-bi-y-te/bang-keo-cuon-lua-young-plaster-silk-25cm-x-5m-21671.html,25000.0,Hộp,đ,https://cdn.nhathuoclongchau.com.vn/unsafe/https://cms-prod.s3-sgn09.fptcloud.com/IMG_5321_ce6d3cc013.jpg,"Vải lụa , Acrylic ",,YOUNG CHEMICAL,Hộp,Thiết bị y tế | Dụng cụ sơ cứu | Băng y tế,trang-thiet-bi-y-te | trang-thiet-bi-y-te/dung-cu-so-cuu | trang-thiet-bi-y-te/bang-y-te,True,True,70,0,https://nhathuoclongchau.com.vn/trang-thiet-bi-y-te/bang-keo-cuon-lua-young-plaster-silk-25cm-x-5m-21671.html,trang-thiet-bi-y-te,200
286,00021306,BĂNG KEO CUỘN LỤA YOUNG PLASTER-SILK 1.25CM X 5M - GIÚP CỐ ĐỊNH BĂNG GẠC VÀ DỤNG CỤ Y TẾ,"Băng keo cuộn lụa Young Plaster-Silk 1.25cm x 5m Young Chemical cố định ống truyền dẫn, dán lên gạc cố định vết thương (1 cuộn)",trang-thiet-bi-y-te/bang-keo-cuon-lua-young-plaster-silk-125cm-x-5m-21672.html,19000.0,Hộp,đ,https://cdn.nhathuoclongchau.com.vn/unsafe/https://cms-prod.s3-sgn09.fptcloud.com/IMG_5345_9967a4eec2.jpg,"Vải lụa , Acrylic ",,YOUNG CHEMICAL,Hộp,Thiết bị y tế | Dụng cụ sơ cứu | Băng y tế,trang-thiet-bi-y-te | trang-thiet-bi-y-te/dung-cu-so-cuu | trang-thiet-bi-y-te/bang-y-te,True,True,70,0,https://nhathuoclongchau.com.vn/trang-thiet-bi-y-te/bang-keo-cuon-lua-young-plaster-silk-125cm-x-5m-21672.html,trang-thiet-bi-y-te,200
287,00021529,NHIỆT KẾ ĐIỆN TỬ ĐO THÂN NHIỆT MICROLIFE MT500,"Nhiệt kế điện tử Microlife MT500 đo nhiệt độ nhanh trong 30 giây, chống thấm nước",trang-thiet-bi-y-te/nhiet-ke-dien-tu-microlife-mt500-21895.html,125000.0,Hộp,đ,https://cdn.nhathuoclongchau.com.vn/unsafe/https://cms-prod.s3-sgn09.fptcloud.com/00021529_nhiet_ke_dien_tu_microlife_mt500_9788_62b4_large_0364e21838.JPG,Thành phần khác ,,Microlife,Hộp,Thiết bị y tế | Dụng cụ theo dõi | Nhiệt kế,trang-thiet-bi-y-te | trang-thiet-bi-y-te/dung-cu-theo-doi | trang-thiet-bi-y-te/nhiet-ke,True,True,70,0,https://nhathuoclongchau.com.vn/trang-thiet-bi-y-te/nhiet-ke-dien-tu-microlife-mt500-21895.html,trang-thiet-bi-y-te,200
288,00021989,BĂNG KEO CUỘN GIẤY YOUNG PLASTER-PAPER 1.25CMX 5M - GIÚP CỐ ĐỊNH BĂNG GẠC VÀ DỤNG CỤ Y TẾ,"Băng keo cuộn giấy Young Plaster-Paper 1.25cm x 5m Young Chemical cố định ống truyền dẫn, dán lên gạc cố định vết thương (1 cuộn)",trang-thiet-bi-y-te/bang-keo-cuon-giay-young-plaster-paper-125cmx-5m-22333.html,12000.0,Hộp,đ,https://cdn.nhathuoclongchau.com.vn/unsafe/https://cms-prod.s3-sgn09.fptcloud.com/IMG_5334_bd44756cfe.jpg,"Acyline  , Giấy không dệt (Non-woven paper)  ",,YOUNG CHEMICAL,Hộp,Thiết bị y tế | Dụng cụ sơ cứu | Băng y tế,trang-thiet-bi-y-te | trang-thiet-bi-y-te/dung-cu-so-cuu | trang-thiet-bi-y-te/bang-y-te,True,True,70,0,https://nhathuoclongchau.com.vn/trang-thiet-bi-y-te/bang-keo-cuon-giay-young-plaster-paper-125cmx-5m-22333.html,trang-thiet-bi-y-te,200
289,00022024,"NƯỚC OXY GIÀ VP 3% VĨNH PHÚC 60ML - DÙNG RỬA VẾT THƯƠNG, KHÁNG KHUẨN",Nước oxy già VP 3% Vĩnh Phúc sát khuẩn vết thương (60ml),trang-thiet-bi-y-te/nuoc-oxy-gia-vp-3-60ml-22367.html,3000.0,Chai,đ,https://cdn.nhathuoclongchau.com.vn/unsafe/https://cms-prod.s3-sgn09.fptcloud.com/IMG_4858_78f502d8fc.jpg,Hydrogen peroxide 3%,Dung dịch,Vĩnh Phúc,Chai x 60ml,"Thiết bị y tế | Dụng cụ sơ cứu | Cồn, nước sát trùng, nước muối",trang-thiet-bi-y-te | trang-thiet-bi-y-te/dung-cu-so-cuu | trang-thiet-bi-y-te/con-va-nuoc-sat-trung,True,True,70,0,https://nhathuoclongchau.com.vn/trang-thiet-bi-y-te/nuoc-oxy-gia-vp-3-60ml-22367.html,trang-thiet-bi-y-te,200
290,00022025,CỒN 90 ĐỘ VP (ETHANOL) VĨNH PHÚC 60ML - DÙNG SÁT TRÙNG VẾT THƯƠNG VÀ TIỆT TRÙNG DỤNG CỤ Y TẾ,Cồn trắng 90 độ Vĩnh Phúc hỗ trợ sát trùng vết thương ngoài (60ml),trang-thiet-bi-y-te/con-90-do-vp-60ml-trang-22368.html,4000.0,Chai,đ,https://cdn.nhathuoclongchau.com.vn/unsafe/https://cms-prod.s3-sgn09.fptcloud.com/IMG_4879_ba8f3471f0.jpg,"Ethanol 56.25ml, Nước tinh khiết ",Dung dịch,Vĩnh Phúc,Chai,"Thiết bị y tế | Dụng cụ sơ cứu | Cồn, nước sát trùng, nước muối",trang-thiet-bi-y-te | trang-thiet-bi-y-te/dung-cu-so-cuu | trang-thiet-bi-y-te/con-va-nuoc-sat-trung,True,True,70,0,https://nhathuoclongchau.com.vn/trang-thiet-bi-y-te/con-90-do-vp-60ml-trang-22368.html,trang-thiet-bi-y-te,200
291,00022026,CỒN 90 ĐỘ VP (XANH) VĨNH PHÚC 60ML - DÙNG SÁT TRÙNG VẾT THƯƠNG VÀ TIỆT TRÙNG DỤNG CỤ Y TẾ,Cồn Xanh 90 độ Vĩnh Phúc hỗ trợ sát trùng vết thương ngoài (60ml),trang-thiet-bi-y-te/con-90-do-vp-60ml-xanh-22369.html,4000.0,Chai,đ,https://cdn.nhathuoclongchau.com.vn/unsafe/https://cms-prod.s3-sgn09.fptcloud.com/IMG_4847_963d60dd36.jpg,Ethanol 90%,,Vĩnh Phúc,Chai,"Thiết bị y tế | Dụng cụ sơ cứu | Cồn, nước sát trùng, nước muối",trang-thiet-bi-y-te | trang-thiet-bi-y-te/dung-cu-so-cuu | trang-thiet-bi-y-te/con-va-nuoc-sat-trung,True,True,70,0,https://nhathuoclongchau.com.vn/trang-thiet-bi-y-te/con-90-do-vp-60ml-xanh-22369.html,trang-thiet-bi-y-te,200
292,00022027,CỒN 70 ĐỘ VP (ETHANOL) VĨNH PHÚC 60ML - DÙNG SÁT TRÙNG VẾT THƯƠNG VÀ TIỆT TRÙNG DỤNG CỤ Y TẾ,Cồn trắng 70 độ Vĩnh Phúc trắng hỗ trợ sát trùng vết thương (60ml),trang-thiet-bi-y-te/con-70-do-vp-60ml-trang-22370.html,4000.0,Chai,đ,https://cdn.nhathuoclongchau.com.vn/unsafe/https://cms-prod.s3-sgn09.fptcloud.com/IMG_4869_902ec2e514.jpg,Ethanol 70%,Dung dịch,Vĩnh Phúc,Chai x 60ml,"Thiết bị y tế | Dụng cụ sơ cứu | Cồn, nước sát trùng, nước muối",trang-thiet-bi-y-te | trang-thiet-bi-y-te/dung-cu-so-cuu | trang-thiet-bi-y-te/con-va-nuoc-sat-trung,True,True,70,0,https://nhathuoclongchau.com.vn/trang-thiet-bi-y-te/con-70-do-vp-60ml-trang-22370.html,trang-thiet-bi-y-te,200
293,00022624,"DUNG DỊCH NƯỚC MUỐI KHÁNG VIÊM FYSOLINE SEPTINASAL 20 ỐNG X 5ML - GIẢM VIÊM MŨI, KHÁNG KHUẨN",Dung dịch nước muối Fysoline 5ml không chất bảo quản kháng khuẩn (20 ống),trang-thiet-bi-y-te/fysoline-khang-khuan-gifrer-20-ong-x-5ml-new-hop-vang-22949.html,193000.0,Hộp,đ,https://cdn.nhathuoclongchau.com.vn/unsafe/https://cms-prod.s3-sgn09.fptcloud.com/DSC_09757_76bf71dab2.png,"NaCl 0.9, Polysorbate 80 , Thyme , Glycerol , Nước tinh khiết , Đồng sulfat pentahydrate ",,Fysoline,Hộp 20 Ống x 5ml,Thiết bị y tế | Dụng cụ y tế | Dụng cụ vệ sinh mũi,trang-thiet-bi-y-te | trang-thiet-bi-y-te/dung-cu-y-te | trang-thiet-bi-y-te/dung-cu-ve-sinh-mui,True,True,70,0,https://nhathuoclongchau.com.vn/trang-thiet-bi-y-te/fysoline-khang-khuan-gifrer-20-ong-x-5ml-new-hop-vang-22949.html,trang-thiet-bi-y-te,200
294,00022764,KHẨU TRANG TRẺ EM MAYAN 3D MASK KIDS 4 LỚP 5 CÁI - NGĂN NGỪA BỤI MỊN PM2.5,Khẩu trang Mayan 3D Mask Kids PM2.5 chống bụi PM2.5 và ngăn virus (5 cái),trang-thiet-bi-y-te/khau-trang-mayan-3d-mask-kids-pm25-goi-5-cai-23083.html,25000.0,Gói,đ,https://cdn.nhathuoclongchau.com.vn/unsafe/https://cms-prod.s3-sgn09.fptcloud.com/00022764_khau_trang_mayan_3d_mask_kids_pm25_goi_5_cai_4702_62ae_large_58b09d2792.jpg,"Vải không dệt PP , màng lọc thô vải không dệt , màng lọc Micro Filter, N95 ",,VPC,Gói 5 Cái,Thiết bị y tế | Khẩu trang | Khẩu trang y tế,trang-thiet-bi-y-te | trang-thiet-bi-y-te/khau-trang | trang-thiet-bi-y-te/khau-trang-y-te,True,True,70,0,https://nhathuoclongchau.com.vn/trang-thiet-bi-y-te/khau-trang-mayan-3d-mask-kids-pm25-goi-5-cai-23083.html,trang-thiet-bi-y-te,200
295,00028399,"KHẨU TRANG UNICHARM 3D MASK SUPER FIT ĐA LỚP (MÀU TRẮNG) SIZE M 5 CÁI - ÔM VỪA VẶN, KHÔNG BÍ THỞ","Khẩu trang Unicharm 3D Mask Super Fit  size M hỗ trợ ngăn khói, bụi, kháng khuẩn (5 cái)",trang-thiet-bi-y-te/khau-trang-3d-mask-super-fit-unicharm-size-m-5-cai-28704.html,18000.0,Gói,đ,https://cdn.nhathuoclongchau.com.vn/unsafe/https://cms-prod.s3-sgn09.fptcloud.com/IMG_5360_7d47306ed1.jpg,"Polyester , Polyolefin , Lớp lọc ",,Unicharm,Gói 5 Cái,Thiết bị y tế | Khẩu trang | Khẩu trang y tế,trang-thiet-bi-y-te | trang-thiet-bi-y-te/khau-trang | trang-thiet-bi-y-te/khau-trang-y-te,True,True,70,0,https://nhathuoclongchau.com.vn/trang-thiet-bi-y-te/khau-trang-3d-mask-super-fit-unicharm-size-m-5-cai-28704.html,trang-thiet-bi-y-te,200
296,00028536,"ỐNG HÍT THÔNG MŨI STARBALM SPORTS INHALER NOVUM 1.1G - THÔNG MŨI, GIẢM NGHẸT MŨI",Chai hít Starbalm Sports Inhaler Novum thông mũi,trang-thiet-bi-y-te/chai-hit-starbalm-sports-inhaler-novum-11g-28837.html,35000.0,Chai,đ,https://cdn.nhathuoclongchau.com.vn/unsafe/https://cms-prod.s3-sgn09.fptcloud.com/IMG_4936_6ae43e4d3c.jpg,"Menthol , Eucalyptus oil , Liquid Paraffin , Dementholised Mint Oil , Essential Oils ",,Starbalm,Chai,Thiết bị y tế | Dụng cụ y tế | Các dụng cụ và sản phẩm khác,trang-thiet-bi-y-te | trang-thiet-bi-y-te/dung-cu-y-te | trang-thiet-bi-y-te/dung-cu-khac,True,True,70,0,https://nhathuoclongchau.com.vn/trang-thiet-bi-y-te/chai-hit-starbalm-sports-inhaler-novum-11g-28837.html,trang-thiet-bi-y-te,200
297,00028634,KIM LẤY MÁU MEDIUSA MM3300 25 CÁI,Kim lấy máu MediUSA MM3300 dùng cho máy đo đường huyết (25 cái),trang-thiet-bi-y-te/kim-lay-mau-mediusa-mm3300-25-cai-28939.html,1200.0,Cái,đ,https://cdn.nhathuoclongchau.com.vn/unsafe/https://cms-prod.s3-sgn09.fptcloud.com/00028634_kim_lay_mau_mediusa_mm3300_25_cai_3128_62ad_large_925736e990.jpg,"Nhựa , Thép không gỉ ",,MediUSA,Hộp 25 Cái,Thiết bị y tế | Dụng cụ y tế | Kim các loại,trang-thiet-bi-y-te | trang-thiet-bi-y-te/dung-cu-y-te | trang-thiet-bi-y-te/kim-cac-loai,True,True,70,0,https://nhathuoclongchau.com.vn/trang-thiet-bi-y-te/kim-lay-mau-mediusa-mm3300-25-cai-28939.html,trang-thiet-bi-y-te,200
298,00028874,"GEL BÔI GIẢM ĐAU NOCICEPTOL GEL ANTI-DOULEUR POLIDIS 120ML - GIẢM ĐAU NHỨC XƯƠNG KHỚP, MỎI CƠ, CHẤN THƯƠNG","Gel bôi ngoài da Nociceptol Gel Anti-Douleur Polidis giảm đau, nhức, mỏi cơ (120ml)",trang-thiet-bi-y-te/nociceptol-gel-anti-douleur-polidis-120ml-29168.html,359000.0,Hộp,đ,https://cdn.nhathuoclongchau.com.vn/unsafe/https://cms-prod.s3-sgn09.fptcloud.com/DSC_00674_d8c0904027.jpg,"Tinh chất chiết xuất từ lá Đuôi Ngựa , Tinh chất chiết xuất từ cây Vuốt Quý , Tinh chất Đất Sét xanh , Tinh dầu Húng Tây , Tinh dầu tràm gió , Tình dầu Hương Thảo , Tinh dầu bạc hà , Tinh dầu long não ",,Laboratoire Polidis,Hộp x 120ml,Thiết bị y tế | Dụng cụ y tế | Các dụng cụ và sản phẩm khác,trang-thiet-bi-y-te | trang-thiet-bi-y-te/dung-cu-y-te | trang-thiet-bi-y-te/dung-cu-khac,True,True,70,0,https://nhathuoclongchau.com.vn/trang-thiet-bi-y-te/nociceptol-gel-anti-douleur-polidis-120ml-29168.html,trang-thiet-bi-y-te,200
299,00029008,"KHẨU TRANG THAN HOẠT TÍNH HAMITA H80+ 4 LỚP (MÀU XÁM) 50 CÁI - NGĂN KHÓI BỤI, VI KHUẨN VÀ GIỌT BẮN","Khẩu trang than hoạt tính Hamita H80+ 4 lớp hỗ trợ ngăn khói, bụi, kháng khuẩn (50 cái)",trang-thiet-bi-y-te/khau-trang-than-hoat-tinh-hamita-h80-hop-50-cai-29300.html,69000.0,Hộp,đ,https://cdn.nhathuoclongchau.com.vn/unsafe/https://cms-prod.s3-sgn09.fptcloud.com/00029008_khau_trang_than_hoat_tinh_hamita_h80_hop_50_cai_6822_5fcd_large_c4f20a5741.JPG,"vải không dệt trắng , vải không dệt than hoạt tính , giấy kháng khuẩn MELTBLOWN , Thun đeo cấu tạo từ Polyester và Spandex , Nẹp định hình bằng nhựa ",,Hamita,Hộp,Thiết bị y tế | Khẩu trang | Khẩu trang y tế,trang-thiet-bi-y-te | trang-thiet-bi-y-te/khau-trang | trang-thiet-bi-y-te/khau-trang-y-te,True,True,70,0,https://nhathuoclongchau.com.vn/trang-thiet-bi-y-te/khau-trang-than-hoat-tinh-hamita-h80-hop-50-cai-29300.html,trang-thiet-bi-y-te,200
300,00029014,"KHẨU TRANG SAFEFIT 4 LỚP (MÀU XANH) 50 CÁI - NGĂN KHÓI BỤI, VI KHUẨN","Khẩu trang y tế Safefit màu xanh 4 lớp hỗ trợ ngăn khói, bụi, kháng khuẩn (50 cái)",trang-thiet-bi-y-te/khau-trang-y-te-safefit-4-lop-50-cai-29306.html,50000.0,Hộp,đ,https://cdn.nhathuoclongchau.com.vn/unsafe/https://cms-prod.s3-sgn09.fptcloud.com/00029014_khau_trang_y_te_safefit_4_lop_50_cai_1941_5fec_large_4891ebda6c.JPG,"Vải không dệt PP , Thanh nẹp mũi bằng nhựa , Lớp lọc , Dây đeo có tính đàn hồi ",,SAFEFIT,Hộp 50 Cái,Thiết bị y tế | Khẩu trang | Khẩu trang y tế,trang-thiet-bi-y-te | trang-thiet-bi-y-te/khau-trang | trang-thiet-bi-y-te/khau-trang-y-te,True,True,70,0,https://nhathuoclongchau.com.vn/trang-thiet-bi-y-te/khau-trang-y-te-safefit-4-lop-50-cai-29306.html,trang-thiet-bi-y-te,200
301,00029204,VOLTOGEL MASS GEL BÔI GIẢM ĐAU 30G,"Gel bôi giảm đau VoltogelMass 30g Aero Chemie đau cơ, đau vai, bầm tím, bong gân",trang-thiet-bi-y-te/voltogel-mass-gel-boi-giam-dau-30g-29470.html,75000.0,Tuýp,đ,https://cdn.nhathuoclongchau.com.vn/unsafe/https://cms-prod.s3-sgn09.fptcloud.com/00029204_voltogel_mass_gel_boi_giam_dau_30g_4010_62b5_large_f2346ce2fe.jpg,"D-panthenol 100mg, Methyl salicylate 500mg, Quế 0.16g, Tinh dầu tràm 1.5g, Tam thất 1g, Độc hoạt 1.6g, Bạc hà 2.4g, Ngải cứu 3.3g, Tế tân 3.3g, Bạch cập 3.3g, Địa liền 5g, Khương hoạt 5g, Long não 6g",,Aero Chemie,Tuýp,"Thiết bị y tế | Dụng cụ sơ cứu | Xịt giảm đau, kháng viêm",trang-thiet-bi-y-te | trang-thiet-bi-y-te/dung-cu-so-cuu | trang-thiet-bi-y-te/xit-giam-dau,True,True,70,0,https://nhathuoclongchau.com.vn/trang-thiet-bi-y-te/voltogel-mass-gel-boi-giam-dau-30g-29470.html,trang-thiet-bi-y-te,300
302,00029759,"KEM BÔI DA SODERMIX CREAM 15G - GIẢM NGỨA, BONG TRÓC, VIÊM DA CƠ ĐỊA, CHÀM, VẢY NẾN, TỔ ĐỈA, VIÊM DA DO XẠ TRỊ","Kem bôi Sodermix giảm nhanh các triệu chứng ngứa, mẩn đỏ, mụn nước (15g)",trang-thiet-bi-y-te/sodermix-cream-15g-30024.html,310000.0,Tuýp,đ,https://cdn.nhathuoclongchau.com.vn/unsafe/https://cms-prod.s3-sgn09.fptcloud.com/00029759_sodermix_cream_15g_6286_6328_large_979ab486a1.jpg,"Xanthan gum  , avocado oil  , Mineral oil  , triethanolamine  , Propylene glycol  , Cellulose gum  , Disodium EDTA, anhydrous  , Petrolatum  , Magnesium Aluminum Silicate  , Stearic acid  , Methylparaben  , Aqua  , Cetyl palmitate  , Tomato (Solanum Lycopersicum) Extract  , Sorbic Acid  , Propylene Glycol Dipelargonate  , Glycol Stearate  , Glyceryl stearate  , PEG – 75 Stearate  ",,Sodermix,Tuýp,Thiết bị y tế | Dụng cụ y tế | Các dụng cụ và sản phẩm khác,trang-thiet-bi-y-te | trang-thiet-bi-y-te/dung-cu-y-te | trang-thiet-bi-y-te/dung-cu-khac,True,True,70,0,https://nhathuoclongchau.com.vn/trang-thiet-bi-y-te/sodermix-cream-15g-30024.html,trang-thiet-bi-y-te,300
303,00029878,BỘT NHUẬN TRÀNG BUONA PEGINPOL 20 GÓI X 5G - CẢI THIỆN TÌNH TRẠNG TÁO BÓN CHO TRẺ TỪ 6 THÁNG TUỔI,Bột pha hỗn dịch nhuận tràng PEGinpol 5g Buona cải thiện tình trạng táo bón cho trẻ (20 gói),trang-thiet-bi-y-te/buona-peginpol-san-pham-cai-thien-tinh-trang-tao-bon-cho-tre-30145.html,265000.0,Hộp,đ,https://cdn.nhathuoclongchau.com.vn/unsafe/https://cms-prod.s3-sgn09.fptcloud.com/DSC_03402_4677875871.jpg,polyethylene glycol 3350 98658g,Dạng bọt,Buona,Hộp 20 Gói,Thiết bị y tế | Dụng cụ y tế,trang-thiet-bi-y-te | trang-thiet-bi-y-te/dung-cu-y-te,True,True,70,0,https://nhathuoclongchau.com.vn/trang-thiet-bi-y-te/buona-peginpol-san-pham-cai-thien-tinh-trang-tao-bon-cho-tre-30145.html,trang-thiet-bi-y-te,300
304,00030423,"KHẨU TRANG NATURECARE 3 LỚP (MÀU XANH) 50 CÁI - NGĂN KHÓI BỤI, VI KHUẨN","Khẩu trang y tế Naturecare màu xanh 3 lớp hỗ trợ ngăn khói, bụi, kháng khuẩn (50 cái)",trang-thiet-bi-y-te/khau-trang-y-te-naturecare-3-lop-hop-50-cai-30572.html,40000.0,Hộp,đ,https://cdn.nhathuoclongchau.com.vn/unsafe/https://cms-prod.s3-sgn09.fptcloud.com/00030423_khau_trang_y_te_naturecare_3_lop_hop_50_cai_2088_6075_large_df8277a88d.jpg,"Vải không dệt PP , Lớp lọc ",,Naturecare,Hộp 50 Cái,Thiết bị y tế | Khẩu trang | Khẩu trang y tế,trang-thiet-bi-y-te | trang-thiet-bi-y-te/khau-trang | trang-thiet-bi-y-te/khau-trang-y-te,True,True,70,0,https://nhathuoclongchau.com.vn/trang-thiet-bi-y-te/khau-trang-y-te-naturecare-3-lop-hop-50-cai-30572.html,trang-thiet-bi-y-te,300
305,00030662,BỘ DÂY TRUYỀN DỊCH AM (AN PHÚ),Bộ dây truyền dịch AM An Phú,trang-thiet-bi-y-te/bo-day-truyen-dich-am-an-phu-30810.html,5000.0,Bộ,đ,https://cdn.nhathuoclongchau.com.vn/unsafe/https://cms-prod.s3-sgn09.fptcloud.com/bttt_84f24d0e54.jpg,Nhựa ,,An Phú,Bộ,Thiết bị y tế,trang-thiet-bi-y-te,True,True,70,0,https://nhathuoclongchau.com.vn/trang-thiet-bi-y-te/bo-day-truyen-dich-am-an-phu-30810.html,trang-thiet-bi-y-te,300
306,00032044,"GẠC CẦU ĐA KHOA FI 30 X 1 LỚP 10 MIẾNG - DÙNG TRONG ĐIỀU TRỊ PHẪU THUẬT, CẦM MÁU, PHÁ MỦ, RỬA VẾT THƯƠNG","Gạc cầu đa khoa Alameco dùng trong điều trị phẫu thuật, cầm máu, phá mủ, rửa vết thương (10 miếng)",trang-thiet-bi-y-te/gac-cau-da-khoa-fi-30-x-1-lop-bich-10-mieng-32176.html,5000.0,Bịch,đ,https://cdn.nhathuoclongchau.com.vn/unsafe/https://cms-prod.s3-sgn09.fptcloud.com/7798b13a52d5212367c38f6ec05801bb_6959750f80.jpeg,Cotton ,,ALAMECO,Bịch 10 Miếng,Thiết bị y tế | Dụng cụ sơ cứu,trang-thiet-bi-y-te | trang-thiet-bi-y-te/dung-cu-so-cuu,True,True,70,0,https://nhathuoclongchau.com.vn/trang-thiet-bi-y-te/gac-cau-da-khoa-fi-30-x-1-lop-bich-10-mieng-32176.html,trang-thiet-bi-y-te,300
307,00032248,CỒN 70 ĐỘ VP (ETHANOL) VĨNH PHÚC 1000ML (CÓ VÒI XỊT) - DÙNG TIỆT TRÙNG DỤNG CỤ Y TẾ,"Cồn 70 độ Vĩnh Phúc có vòi xịt diệt khuẩn dụng cụ y tế, bề mặt trong y tế (1000ml)",trang-thiet-bi-y-te/con-70-do-vinh-phuc-co-voi-xit-1000ml-32308.html,50500.0,Chai,đ,https://cdn.nhathuoclongchau.com.vn/unsafe/https://cms-prod.s3-sgn09.fptcloud.com/00032248_con_70_do_vinh_phuc_co_voi_xit_1000ml_3197_6144_large_1309da9485.jpg,Ethanol 90%,,Vĩnh Phúc,Thùng 12 Chai,"Thiết bị y tế | Dụng cụ sơ cứu | Cồn, nước sát trùng, nước muối",trang-thiet-bi-y-te | trang-thiet-bi-y-te/dung-cu-so-cuu | trang-thiet-bi-y-te/con-va-nuoc-sat-trung,True,True,70,0,https://nhathuoclongchau.com.vn/trang-thiet-bi-y-te/con-70-do-vinh-phuc-co-voi-xit-1000ml-32308.html,trang-thiet-bi-y-te,300
308,00032475,"GĂNG TAY CAO SU Y TẾ KHÔNG BỘT, PHỦ POLYMER LATEX ASAP POWDER FREE EXAMINATION GLOVES - SIZE M HỘP 100 CÁI",Găng tay cao su y tế không bột Size M Polymer Latex Asap Powder Free Examination Gloves (100 cái),trang-thiet-bi-y-te/gang-tay-cao-su-y-te-khong-bot-phu-polymer-latex-asap-powder-free-examination-gloves-size-m-hop-10-32594.html,120000.0,Hộp,đ,https://cdn.nhathuoclongchau.com.vn/unsafe/https://cms-prod.s3-sgn09.fptcloud.com/00032475_gang_tay_cao_su_y_te_khong_bot_phu_polymer_latex_asap_powder_free_examination_gloves_size_m_hop_10_9123_6198_large_383bc135b1.jpg,Cao su thiên nhiên ,,Asap,Hộp 100 Cái,Thiết bị y tế | Dụng cụ y tế | Găng tay,trang-thiet-bi-y-te | trang-thiet-bi-y-te/dung-cu-y-te | trang-thiet-bi-y-te/gang-tay,True,True,70,0,https://nhathuoclongchau.com.vn/trang-thiet-bi-y-te/gang-tay-cao-su-y-te-khong-bot-phu-polymer-latex-asap-powder-free-examination-gloves-size-m-hop-10-32594.html,trang-thiet-bi-y-te,300
309,00032474,"GĂNG TAY CAO SU Y TẾ KHÔNG BỘT, PHỦ POLYMER LATEX ASAP POWDER FREE EXAMINATION GLOVES - SIZE S HỘP 100 CÁI",Găng tay cao su y tế không bột Size S Polymer Latex Asap Powder Free Examination Gloves (100 cái),trang-thiet-bi-y-te/gang-tay-cao-su-y-te-khong-bot-phu-polymer-latex-asap-powder-free-examination-gloves-size-s-hop-10-32602.html,120000.0,Hộp,đ,https://cdn.nhathuoclongchau.com.vn/unsafe/https://cms-prod.s3-sgn09.fptcloud.com/00032474_gang_tay_cao_su_y_te_khong_bot_phu_polymer_latex_asap_powder_free_examination_gloves_size_s_hop_10_9730_6198_large_1caea48b24.jpg,Cao su thiên nhiên ,,Asap,Hộp 100 Cái,Thiết bị y tế | Dụng cụ y tế | Găng tay,trang-thiet-bi-y-te | trang-thiet-bi-y-te/dung-cu-y-te | trang-thiet-bi-y-te/gang-tay,True,True,70,0,https://nhathuoclongchau.com.vn/trang-thiet-bi-y-te/gang-tay-cao-su-y-te-khong-bot-phu-polymer-latex-asap-powder-free-examination-gloves-size-s-hop-10-32602.html,trang-thiet-bi-y-te,300
310,00032492,"MUỐI Y TẾ ÍCH NHÂN 50 VIÊN X 4.5G - DÙNG PHA NƯỚC SÚC MIỆNG, HỌNG, RỬA MŨI","Muối Y Tế Ích Nhân dùng pha nước súc miệng họng, rửa mũi (50 viên x 4.5g)",trang-thiet-bi-y-te/muoi-y-te-ich-nhan-50v-45g-32614.html,42000.0,Hộp,đ,https://cdn.nhathuoclongchau.com.vn/unsafe/https://cms-prod.s3-sgn09.fptcloud.com/IMG_4929_5feca4c0c6.jpg,Natri 0.9%,,Ích nhân,Hộp,Thiết bị y tế | Dụng cụ y tế | Dụng cụ vệ sinh mũi,trang-thiet-bi-y-te | trang-thiet-bi-y-te/dung-cu-y-te | trang-thiet-bi-y-te/dung-cu-ve-sinh-mui,True,True,70,0,https://nhathuoclongchau.com.vn/trang-thiet-bi-y-te/muoi-y-te-ich-nhan-50v-45g-32614.html,trang-thiet-bi-y-te,300
311,00049270,"NƯỚC SÚC MIỆNG SHIKAI TOKYO PHARMA 250ML - PHÒNG NGỪA VIRUS, VI KHUẨN, HỖ TRỢ ĐIỀU TRỊ VIÊM NƯỚU, VIÊM LỢI, NHA CHU","Nước súc miệng Shikai Tokyo Pharma phòng ngừa virus, vi khuẩn, hỗ trợ trị viêm nướu, viêm lợi, nha chu (250ml)",trang-thiet-bi-y-te/nuoc-suc-mieng-shikai-tokyo-pharma-250-ml-phong-ngua-virus-vi-khuan-ho-tro-dieu-tri-viem-nuou-viem-loi-nha-chu.html,95000.0,Hộp,đ,https://cdn.nhathuoclongchau.com.vn/unsafe/https://cms-prod.s3-sgn09.fptcloud.com/DSC_00276_63c1cb2f15.png,"Chlorhexidine digluconate , Sodium fluoride , Sorbitol , Glycerin , Keo ong xanh , Ethanol 96% ",Dung dịch,TOKYO PHARMA,Hộp,Thiết bị y tế | Dụng cụ y tế,trang-thiet-bi-y-te | trang-thiet-bi-y-te/dung-cu-y-te,True,True,60,0,https://nhathuoclongchau.com.vn/trang-thiet-bi-y-te/nuoc-suc-mieng-shikai-tokyo-pharma-250-ml-phong-ngua-virus-vi-khuan-ho-tro-dieu-tri-viem-nuou-viem-loi-nha-chu.html,trang-thiet-bi-y-te,300
312,00046958,"DẦU GIÓ TRƯỜNG SƠN 6ML HỘP 12 CHAI - HỖ TRỢ GIẢM CẢM CÚM, NGHẸT MŨI, CHÓNG MẶT, NHỨC ĐẦU","Dầu gió Trường Sơn 6ml dùng hỗ trợ trường hợp cảm, ho, sổ mũi, nhức đầu (12 chai)",trang-thiet-bi-y-te/dau-gio-truong-son-12-chai-x-6-ml.html,13000.0,Chai,đ,https://cdn.nhathuoclongchau.com.vn/unsafe/https://cms-prod.s3-sgn09.fptcloud.com/TUK_07144_3eef7c00b5.jpg,"Menthol , Camphor , Eucalyptol , Methyl salicylate , Peppermint oil , Eugenol , Dầu parafin ",Dạng dầu,Trường Sơn,Hộp 12 Chai,Thiết bị y tế | Dụng cụ y tế | Các dụng cụ và sản phẩm khác,trang-thiet-bi-y-te | trang-thiet-bi-y-te/dung-cu-y-te | trang-thiet-bi-y-te/dung-cu-khac,True,True,60,0,https://nhathuoclongchau.com.vn/trang-thiet-bi-y-te/dau-gio-truong-son-12-chai-x-6-ml.html,trang-thiet-bi-y-te,300
313,00046880,"GĂNG TAY CAO SU Y TẾ KHÔNG BỘT, PHỦ LATEX POWDER FREE DISPOSABLE BEST GLOVES - SIZE S HỘP 100 CÁI",Găng tay cao su y tế không bột phủ Latex Powder Free Disposable Best Gloves size S (100 cái),trang-thiet-bi-y-te/gang-tay-cao-su-y-te-khong-bot-phu-latex-powder-free-disposable-best-gloves-size-s-hop-100-cai.html,115000.0,Hộp,đ,https://cdn.nhathuoclongchau.com.vn/unsafe/https://cms-prod.s3-sgn09.fptcloud.com/TUK_04943_dc05e4b34f.jpg,Cao su thiên nhiên ,,BEST GLOVES,Hộp 100 Cái,Thiết bị y tế | Dụng cụ y tế | Găng tay,trang-thiet-bi-y-te | trang-thiet-bi-y-te/dung-cu-y-te | trang-thiet-bi-y-te/gang-tay,True,True,60,0,https://nhathuoclongchau.com.vn/trang-thiet-bi-y-te/gang-tay-cao-su-y-te-khong-bot-phu-latex-powder-free-disposable-best-gloves-size-s-hop-100-cai.html,trang-thiet-bi-y-te,300
314,00040797,"XỊT CHỐNG SÂU RĂNG MIDKID HƯƠNG TÁO DKPHARMA 20ML - LÀM SẠCH KHOANG MIỆNG, BẢO VỆ MEN RĂNG","Xịt chống sâu răng Midkid 20ml DK Pharma hương táo - làm sạch khoang miệng, bảo vệ men răng",trang-thiet-bi-y-te/xit-chong-sau-rang-midkid-huong-tao-dkpharma-20-ml.html,154000.0,Hộp,đ,https://cdn.nhathuoclongchau.com.vn/unsafe/https://cms-prod.s3-sgn09.fptcloud.com/DSC_03173_995641ade9.jpg,"Ovopron DC , Chiết xuất trà xanh , Xylitol , Tinh dầu hương nhu , Acid hydrochloric , Natri florua , Sorbitol , PG , Tween 80 , Kali sorbat , Natri benzoat , Natri saccharin , Acid citric , Hương liệu , Nước tinh khiết ",Dạng xịt,DK Pharma,Hộp,Thiết bị y tế | Dụng cụ sơ cứu,trang-thiet-bi-y-te | trang-thiet-bi-y-te/dung-cu-so-cuu,True,True,60,0,https://nhathuoclongchau.com.vn/trang-thiet-bi-y-te/xit-chong-sau-rang-midkid-huong-tao-dkpharma-20-ml.html,trang-thiet-bi-y-te,300
315,00040148,NHIỆT KẾ Y KHOA ĐO THÂN NHIỆT CƠ THỂ AURORA CRW-23 12 CÁI,Nhiệt kế y khoa Aurora CRW-23 đo nhiệt độ cơ thể (12 cái),trang-thiet-bi-y-te/nhiet-ke-y-khoa-do-than-nhiet-aurora-crw-23.html,29000.0,Cái,đ,https://cdn.nhathuoclongchau.com.vn/unsafe/https://cms-prod.s3-sgn09.fptcloud.com/DSC_09615_ec5af525fd.jpg,Kim loại ,,Aurora,Hộp 12 Cái,Thiết bị y tế | Dụng cụ theo dõi | Nhiệt kế,trang-thiet-bi-y-te | trang-thiet-bi-y-te/dung-cu-theo-doi | trang-thiet-bi-y-te/nhiet-ke,True,True,60,0,https://nhathuoclongchau.com.vn/trang-thiet-bi-y-te/nhiet-ke-y-khoa-do-than-nhiet-aurora-crw-23.html,trang-thiet-bi-y-te,300
316,00038413,"BÔNG Y TẾ BẢO THẠCH 10G THẤM HÚT CAO VÀ NHANH, MỊN MÀNG, MỀM MẠI, KHÔNG GÂY KÍCH ỨNG DA","Bông y tế Bảo Thạch 10g thấm hút cao và nhanh, mịn màng, mềm mại, không gây kích ứng da",trang-thiet-bi-y-te/bong-y-te-bao-thach-10-g.html,4500.0,Gói,đ,https://cdn.nhathuoclongchau.com.vn/unsafe/https://cms-prod.s3-sgn09.fptcloud.com/00038413_fe1ec124fb.jpg,bông cellulose ,,Bảo Thạch,Gói x 10g,Thiết bị y tế | Dụng cụ sơ cứu | Bông y tế,trang-thiet-bi-y-te | trang-thiet-bi-y-te/dung-cu-so-cuu | trang-thiet-bi-y-te/bong-y-te,True,True,60,0,https://nhathuoclongchau.com.vn/trang-thiet-bi-y-te/bong-y-te-bao-thach-10-g.html,trang-thiet-bi-y-te,300
317,00503071,MIẾNG DÁN HẠ SỐT LION HIEPITA FOR BABY 6 GÓI X 2 MIẾNG - DÙNG CHO TRẺ TỪ 0-2 TUỔI,"Miếng dán Lion Hiepita For Baby giảm cơn sốt khó chịu, làm mát đến 8 giờ (6 gói x 2 miếng)",trang-thiet-bi-y-te/mieng-dan-ha-sot-lion-hiepita-for-baby-6-goi-x-2-mieng-0-2-tuoi.html,126000.0,Hộp,đ,https://cdn.nhathuoclongchau.com.vn/unsafe/https://cms-prod.s3-sgn09.fptcloud.com/00503071_mieng_dan_ha_sot_lion_hiepita_for_baby_6_goi_x_2_mieng_0_2_tuoi_7733_63b6_large_595674260b.jpg,Miếng dán ,,Lion,Hộp 6 Gói x 2 Miếng,"Thiết bị y tế | Dụng cụ sơ cứu | Miếng dán giảm đau, hạ sốt",trang-thiet-bi-y-te | trang-thiet-bi-y-te/dung-cu-so-cuu | trang-thiet-bi-y-te/mieng-dan-giam-dau,True,True,60,0,https://nhathuoclongchau.com.vn/trang-thiet-bi-y-te/mieng-dan-ha-sot-lion-hiepita-for-baby-6-goi-x-2-mieng-0-2-tuoi.html,trang-thiet-bi-y-te,300
318,00501170,"KHẨU TRANG JOMI 4D N95 5 LỚP (MÀU TRẮNG) - 5 CÁI - NGĂN BỤI MỊN PM 2.5, NGĂN NGỪA 99% VI KHUẨN","Khẩu trang Jomi 4D N95 lọc hơn 95% bụi PM2.5, chặn 99% vi khuẩn (5 cái)",trang-thiet-bi-y-te/khau-trang-jomi-n95-4d-goi-5-cai-35330.html,25000.0,Gói,đ,https://cdn.nhathuoclongchau.com.vn/unsafe/https://cms-prod.s3-sgn09.fptcloud.com/00501170_khau_trang_jomi_n95_4d_goi_5_cai_3750_62d8_large_8d63315443.jpg,"màng lọc Micro filter , Vải không dệt ",,Jomi,Gói 5 Cái,Thiết bị y tế | Khẩu trang | Khẩu trang y tế,trang-thiet-bi-y-te | trang-thiet-bi-y-te/khau-trang | trang-thiet-bi-y-te/khau-trang-y-te,True,True,60,0,https://nhathuoclongchau.com.vn/trang-thiet-bi-y-te/khau-trang-jomi-n95-4d-goi-5-cai-35330.html,trang-thiet-bi-y-te,300
319,00501146,QUE THỬ ĐƯỜNG HUYẾT ONETOUCH ULTRA PLUS HỘP 25 QUE,Que thử đường huyết Onetouch Ultra Plus Test Strips dùng để đo chỉ số đường huyết người bệnh tiểu đường (25 cây),trang-thiet-bi-y-te/que-thu-duong-huyet-onetouch-ultra-plus-hop-25-que-35294.html,250000.0,Hộp,đ,https://cdn.nhathuoclongchau.com.vn/unsafe/https://cms-prod.s3-sgn09.fptcloud.com/DSC_09712_dae19432db.png,Đầu kim bằng kim loại tiệt trùng ,,LifeScan,Hộp 25 Cây,"Thiết bị y tế | Dụng cụ theo dõi | Máy, que thử đường huyết",trang-thiet-bi-y-te | trang-thiet-bi-y-te/dung-cu-theo-doi | trang-thiet-bi-y-te/may-que-thu-duong-huyet,True,True,60,0,https://nhathuoclongchau.com.vn/trang-thiet-bi-y-te/que-thu-duong-huyet-onetouch-ultra-plus-hop-25-que-35294.html,trang-thiet-bi-y-te,300
320,00500938,GEL PHỤ KHOA PAPILOCARE PROCARE HEALTH 7 TUÝP - PHÒNG NGỪA VÀ HỖ TRỢ ĐIỀU TRỊ TỔN THƯƠNG DO HPV,Gel đặt âm đạo Papilocare Gel Vaginal 5ml hỗ trợ đào thải HPV (7 tuýp),trang-thiet-bi-y-te/papilocare-gel-vaginal-gel-dat-am-dao-35038.html,700000.0,Hộp,đ,https://cdn.nhathuoclongchau.com.vn/unsafe/https://cms-prod.s3-sgn09.fptcloud.com/00500938_papilocare_gel_vaginal_gel_dat_am_dao_9239_6424_large_c3b35794d7.jpg,"Aloe vera , BioEcolia-alpha-oligoglucan , Chiết xuất lá neem , Coriolus Versicolor (Mushroom) Extract , Centella asiatica , Beta Glucan , Hyaluronic acid niosomes ",Gel dùng đường âm đạo,PROCARE,Hộp x 5ml,Thiết bị y tế | Dụng cụ y tế | Các dụng cụ và sản phẩm khác,trang-thiet-bi-y-te | trang-thiet-bi-y-te/dung-cu-y-te | trang-thiet-bi-y-te/dung-cu-khac,True,True,60,0,https://nhathuoclongchau.com.vn/trang-thiet-bi-y-te/papilocare-gel-vaginal-gel-dat-am-dao-35038.html,trang-thiet-bi-y-te,300
321,00010556,"DUNG DỊCH XỊT RỬA MŨI NEILMED NASAMIST SALINE SPRAY 75ML - VỆ SINH MŨI XOANG, LÀM ẨM VÀ LÀM TRƠN MŨI KHÔ",Dung dịch xịt rửa mũi NeilMed Nasa Mist làm ẩm và làm trơn mũi bị khô (75ml),trang-thiet-bi-y-te/neilmed-nasamist-75-ml-dung-dich-xit-rua-va-ve-sinh-mui-1247.html,127000.0,Chai,đ,https://cdn.nhathuoclongchau.com.vn/unsafe/https://cms-prod.s3-sgn09.fptcloud.com/00010556_neilmed_nasamist_5193_62b5_large_fa9a91799e.jpg,"Sodium bicarbonate , Sodium Chloride ",,NEILMED,Chai,Thiết bị y tế | Dụng cụ y tế | Dụng cụ vệ sinh mũi,trang-thiet-bi-y-te | trang-thiet-bi-y-te/dung-cu-y-te | trang-thiet-bi-y-te/dung-cu-ve-sinh-mui,True,True,60,0,https://nhathuoclongchau.com.vn/trang-thiet-bi-y-te/neilmed-nasamist-75-ml-dung-dich-xit-rua-va-ve-sinh-mui-1247.html,trang-thiet-bi-y-te,300
322,00006538,DUNG DỊCH XỊT VẾT THƯƠNG SANYRENE URGO 20ML - NGĂN NGỪA LOÉT DO TÌ ĐÈ,Dung dịch xịt Sanyrène Urgo ngăn ngừa loét do tì đè và điều trị vùng da bị đỏ do hăm tã (20ml),trang-thiet-bi-y-te/dung-dich-xit-vet-thuong-sanyrene-urgo-20-ml-ngan-ngua-loet-do-ti-de.html,196000.0,Chai,đ,https://cdn.nhathuoclongchau.com.vn/unsafe/https://cms-prod.s3-sgn09.fptcloud.com/00006538_sanyrene_20ml_9804_5e13_large_abb5b3a901.JPG,"Axit linoleic , Vitamin E , Nước hoa hồi , Tocopherol ",Dạng xịt,Urgo,Chai x 20ml,Thiết bị y tế | Dụng cụ sơ cứu | Chăm sóc vết thương,trang-thiet-bi-y-te | trang-thiet-bi-y-te/dung-cu-so-cuu | trang-thiet-bi-y-te/cham-soc-vet-thuong,True,True,60,0,https://nhathuoclongchau.com.vn/trang-thiet-bi-y-te/dung-dich-xit-vet-thuong-sanyrene-urgo-20-ml-ngan-ngua-loet-do-ti-de.html,trang-thiet-bi-y-te,300
323,00005042,"BỘT MULTIDEX POWDER DEROYAL 45G - HỖ TRỢ ĐIỀU TRỊ VIÊM NHIỄM DA, LÀM LÀNH CÁC VẾT LOÉT MÃN TÍNH","Bột Multidex 45g DeRoyal hỗ trợ điều trị viêm nhiễm da, làm lành các vết loét mãn tính",trang-thiet-bi-y-te/multidex-45g-2961.html,380000.0,Tuýp,đ,https://cdn.nhathuoclongchau.com.vn/unsafe/https://cms-prod.s3-sgn09.fptcloud.com/00005042_MULTIDEX_BO_u_e_T_DEROYAL_45_G_EIE_e_CU_TRI_u_VIE_e_M_NHIE_e_a_M_DA_c96f06dea9.jpg,"Maltodextrin , Acid Ascorbic ",,Deroyal,Tuýp x 45g,Thiết bị y tế | Dụng cụ sơ cứu | Chăm sóc vết thương,trang-thiet-bi-y-te | trang-thiet-bi-y-te/dung-cu-so-cuu | trang-thiet-bi-y-te/cham-soc-vet-thuong,True,True,60,0,https://nhathuoclongchau.com.vn/trang-thiet-bi-y-te/multidex-45g-2961.html,trang-thiet-bi-y-te,300
324,00016470,"DUNG DỊCH SÁT KHUẨN PRONTOSAN SOLUTION ROUND BRAUN 350ML - SÁT KHUẨN, LÀM MỀM VẾT LOÉT","Dung dịch Prontosan Wound Solution B.Braun sát khuẩn, làm mềm vết loét (350ml) ",trang-thiet-bi-y-te/prontosan-solution-round-350ml-braun-14233.html,400000.0,Chai,đ,https://cdn.nhathuoclongchau.com.vn/unsafe/https://cms-prod.s3-sgn09.fptcloud.com/00016470_prontosan_solution_round_350ml_braun_7740_6331_large_e004e85854.jpg,"Nước cất , Betadine 01.%, Polyhexanide 0.1%",,B.Braun,Chai,Thiết bị y tế | Dụng cụ sơ cứu,trang-thiet-bi-y-te | trang-thiet-bi-y-te/dung-cu-so-cuu,True,True,60,0,https://nhathuoclongchau.com.vn/trang-thiet-bi-y-te/prontosan-solution-round-350ml-braun-14233.html,trang-thiet-bi-y-te,300
325,00016235,"GĂNG TAY PHẪU THUẬT 7.5 VGLOVE SỬ DỤNG TRONG QUÁ TRÌNH KHÁM, CHẨN ĐOÁN ĐIỀU TRỊ VÀ PHẪU THUẬT",Găng tay phẫu thuật Surgical Gloves 7.5 VGlove tránh lây truyền bệnh trong quá trình khám (1 đôi),trang-thiet-bi-y-te/gang-tay-phau-thuat-75-vglove-14461.html,6000.0,Gói,đ,https://cdn.nhathuoclongchau.com.vn/unsafe/https://cms-prod.s3-sgn09.fptcloud.com/00016235_gang_tay_phau_thuat_75_vglove_2827_60c8_large_e2d7d2adef.jpg,Cao su thiên nhiên ,,Merufa,Gói 1 Đôi,Thiết bị y tế | Dụng cụ y tế | Găng tay,trang-thiet-bi-y-te | trang-thiet-bi-y-te/dung-cu-y-te | trang-thiet-bi-y-te/gang-tay,True,True,60,0,https://nhathuoclongchau.com.vn/trang-thiet-bi-y-te/gang-tay-phau-thuat-75-vglove-14461.html,trang-thiet-bi-y-te,300
326,00016007,"KIM LUỒN TĨNH MẠCH BRAUN 22 HỖ TRỢ TRUYỀN DỊCH, NƯỚC VÀO CƠ THỂ","Kim luồn Braun 22 hỗ trợ truyền dịch, nước vào cơ thể (1 cái)",trang-thiet-bi-y-te/kim-luon-22-braun-14686.html,19000.0,Cái,đ,https://cdn.nhathuoclongchau.com.vn/unsafe/https://cms-prod.s3-sgn09.fptcloud.com/00016007_9a0b3bae72.jpg,"Nhựa PP , FEP-Teflon ",,B.Braun,Cái,Thiết bị y tế | Dụng cụ y tế | Kim các loại,trang-thiet-bi-y-te | trang-thiet-bi-y-te/dung-cu-y-te | trang-thiet-bi-y-te/kim-cac-loai,True,True,60,0,https://nhathuoclongchau.com.vn/trang-thiet-bi-y-te/kim-luon-22-braun-14686.html,trang-thiet-bi-y-te,300
327,00014772,BƠM TIÊM SỬ DỤNG MỘT LẦN CHO ĂN 50ML/CC VINAHANKOOK HỘP 25 CÁI,Bơm tiêm sử dụng một lần Vinahankook 50ml/cc phù hợp cho việc bơm thức ăn (25 cái),trang-thiet-bi-y-te/bom-tiem-cho-an-50cc-15402.html,5300.0,Cái,đ,https://cdn.nhathuoclongchau.com.vn/unsafe/https://cms-prod.s3-sgn09.fptcloud.com/00014772_bom_tiem_cho_an_50cc_6194_6267_large_d0a4a12a51.jpg,Nhựa tiệt trùng ,,VINAHANKOOK,Hộp 25 Cái,Thiết bị y tế | Dụng cụ y tế | Kim các loại,trang-thiet-bi-y-te | trang-thiet-bi-y-te/dung-cu-y-te | trang-thiet-bi-y-te/kim-cac-loai,True,True,60,0,https://nhathuoclongchau.com.vn/trang-thiet-bi-y-te/bom-tiem-cho-an-50cc-15402.html,trang-thiet-bi-y-te,300
328,00014370,BĂNG CÁ NHÂN KHÔNG THẤM NƯỚC URGO WATERPROOF 50 MIẾNG - BẢO VỆ VẾT THƯƠNG,Băng cá nhân không thấm nước Urgo Waterproof bảo vệ vết thương khỏi nước và vi khuẩn (50 miếng),trang-thiet-bi-y-te/urgo-waterproof-50-mieng-15674.html,69000.0,Hộp,đ,https://cdn.nhathuoclongchau.com.vn/unsafe/https://cms-prod.s3-sgn09.fptcloud.com/00014370_urgo_waterproof_50_mieng_6953_62ad_large_ef87b82b1f.jpg,"Polyethylene  , Acrylic  , Polymer  ",,Urgo,Hộp 50 Miếng,Thiết bị y tế | Dụng cụ sơ cứu | Băng y tế,trang-thiet-bi-y-te | trang-thiet-bi-y-te/dung-cu-so-cuu | trang-thiet-bi-y-te/bang-y-te,True,True,60,0,https://nhathuoclongchau.com.vn/trang-thiet-bi-y-te/urgo-waterproof-50-mieng-15674.html,trang-thiet-bi-y-te,300
329,00011383,BƠM TIÊM SỬ DỤNG MỘT LẦN 10ML/CC 25G VINAHANKOOK HỘP 100 CÁI,Bơm tiêm sử dụng một lần Vinahankook 10ml/cc được khử trùng bằng khí E.O (100 cái),trang-thiet-bi-y-te/bom-tiem-10-16049.html,1170.0,Cái,đ,https://cdn.nhathuoclongchau.com.vn/unsafe/https://cms-prod.s3-sgn09.fptcloud.com/00011383_bom_tiem_10_6340_6123_large_115a5fe007.jpg,"Nhựa PP , Thép không gỉ ",,VINAHANKOOK,Hộp 100 Cái,Thiết bị y tế | Dụng cụ y tế | Kim các loại,trang-thiet-bi-y-te | trang-thiet-bi-y-te/dung-cu-y-te | trang-thiet-bi-y-te/kim-cac-loai,True,True,60,0,https://nhathuoclongchau.com.vn/trang-thiet-bi-y-te/bom-tiem-10-16049.html,trang-thiet-bi-y-te,300
330,00010548,"PEN GẮP THẲNG KHÔNG MẤU SIZE 16CM - KẸP BÔNG BĂNG, BĂNG GẠC RỬA VẾT THƯƠNG","Pen gắp thẳng không mấu Electro Bismed dùng kẹp bông băng, băng gạc rửa vết thương (1 cái x 16cm)",trang-thiet-bi-y-te/pen-gap-vet-thuong-thang-16415.html,23000.0,Cái,đ,https://cdn.nhathuoclongchau.com.vn/unsafe/https://cms-prod.s3-sgn09.fptcloud.com/00010548_pen_gap_vet_thuong_thang_5458_62d4_large_939b8a9154.jpg,Thép không gỉ ,,Electro Bismed,Cái,Thiết bị y tế | Dụng cụ y tế | Các dụng cụ và sản phẩm khác,trang-thiet-bi-y-te | trang-thiet-bi-y-te/dung-cu-y-te | trang-thiet-bi-y-te/dung-cu-khac,True,True,60,0,https://nhathuoclongchau.com.vn/trang-thiet-bi-y-te/pen-gap-vet-thuong-thang-16415.html,trang-thiet-bi-y-te,300
331,00009781,BĂNG CÁ NHÂN ÍT THẤM NƯỚC URGO WASHPROOF ASSORTED 20 MIẾNG - BẢO VỆ VẾT THƯƠNG,Băng cá nhân ít thấm nước Urgo Washproof Assorted bảo vệ vết thương khỏi nước (20 miếng),trang-thiet-bi-y-te/urgo-washproof-assorted-20s-16596.html,24000.0,Hộp,đ,https://cdn.nhathuoclongchau.com.vn/unsafe/https://cms-prod.s3-sgn09.fptcloud.com/00009781_urgo_washproof_assorted_20s_8582_62b9_large_1d7b115863.JPG,"Polyethylene  , Acrylic  ",,Urgo,Hộp 20 Miếng,Thiết bị y tế | Dụng cụ sơ cứu | Băng y tế,trang-thiet-bi-y-te | trang-thiet-bi-y-te/dung-cu-so-cuu | trang-thiet-bi-y-te/bang-y-te,True,True,60,0,https://nhathuoclongchau.com.vn/trang-thiet-bi-y-te/urgo-washproof-assorted-20s-16596.html,trang-thiet-bi-y-te,300
332,00008483,BĂNG CÁ NHÂN TRONG SUỐT URGO TRANSPARENT 100 MIẾNG - BẢO VỆ VẾT THƯƠNG,"Băng cá nhân trong suốt Urgo Transparent 2cm x 7.2cm bảo vệ vết thương nhỏ, vết trầy xước (100 miếng)",trang-thiet-bi-y-te/urgo-transparent-100s-16677.html,77000.0,Hộp,đ,https://cdn.nhathuoclongchau.com.vn/unsafe/https://cms-prod.s3-sgn09.fptcloud.com/00008483_urgo_transparent_100s_6901_62b5_large_e18589b5dc.jpg,"Acrylic  , Polyethylene  ",,Urgo,Hộp 100 Miếng,Thiết bị y tế | Dụng cụ sơ cứu | Băng y tế,trang-thiet-bi-y-te | trang-thiet-bi-y-te/dung-cu-so-cuu | trang-thiet-bi-y-te/bang-y-te,True,True,60,0,https://nhathuoclongchau.com.vn/trang-thiet-bi-y-te/urgo-transparent-100s-16677.html,trang-thiet-bi-y-te,300
333,00007701,"GẠC LƯỚI VÔ TRÙNG CHỐNG DÍNH URGOTUL 10CM X 10CM 10 MIẾNG -  HỖ TRỢ BĂNG CÁC VẾT THƯƠNG CẤP TÍNH, MÃN TÍNH","Gạc lưới vô trùng chống dính UrgoTul size 10cm x 10cm băng các vết thương cấp tính, mãn tính (10 miếng)",trang-thiet-bi-y-te/urgotul-10cmx10cm-16777.html,49000.0,Cái,đ,https://cdn.nhathuoclongchau.com.vn/unsafe/https://cms-prod.s3-sgn09.fptcloud.com/00007701_urgotul_10cmx10cm_1601_62ba_large_b52078a2c7.jpg,"Polyester  , Hydrocolloid  , Vaseline  , Carboxymethyl cellulose  , Parafin  , Polymer  ",,Urgo,Hộp 10 Cái,Thiết bị y tế | Dụng cụ sơ cứu,trang-thiet-bi-y-te | trang-thiet-bi-y-te/dung-cu-so-cuu,True,True,60,0,https://nhathuoclongchau.com.vn/trang-thiet-bi-y-te/urgotul-10cmx10cm-16777.html,trang-thiet-bi-y-te,300
334,00006217,DỤNG CỤ ĐÈ LƯỠI GỖ LẠC VIỆT BALAC WOOD STICKS HỘP 100 QUE,Que đè lưỡi gỗ Lạc Việt Balac Wood Sticks dùng để khám khoang miệng và cổ họng (100 cây),trang-thiet-bi-y-te/que-de-luoi-16923.html,29000.0,Hộp,đ,https://cdn.nhathuoclongchau.com.vn/unsafe/https://cms-prod.s3-sgn09.fptcloud.com/00006217_que_de_luoi_9114_62ad_large_4aeb8daece.jpg,Gỗ 100%,,Lạc Việt,Hộp 100 Cây,Thiết bị y tế | Dụng cụ y tế | Các dụng cụ và sản phẩm khác,trang-thiet-bi-y-te | trang-thiet-bi-y-te/dung-cu-y-te | trang-thiet-bi-y-te/dung-cu-khac,True,True,60,0,https://nhathuoclongchau.com.vn/trang-thiet-bi-y-te/que-de-luoi-16923.html,trang-thiet-bi-y-te,300
335,00005281,NHIỆT KẾ ĐIỆN TỬ ĐO THÂN NHIỆT OMRON MC-246,Nhiệt kế điện tử Omron MC-246 đo nhiệt độ cho trẻ khi sốt,trang-thiet-bi-y-te/nhiet-ke-dt-omron-mc246-17032.html,125000.0,Hộp,đ,https://cdn.nhathuoclongchau.com.vn/unsafe/https://cms-prod.s3-sgn09.fptcloud.com/6_cf69dcb7ae.jpg,Nhựa ,,OMRON,Hộp,Thiết bị y tế | Dụng cụ theo dõi | Nhiệt kế,trang-thiet-bi-y-te | trang-thiet-bi-y-te/dung-cu-theo-doi | trang-thiet-bi-y-te/nhiet-ke,True,True,60,0,https://nhathuoclongchau.com.vn/trang-thiet-bi-y-te/nhiet-ke-dt-omron-mc246-17032.html,trang-thiet-bi-y-te,300
336,00002291,BỘ DÂY TRUYỀN DỊCH (AF/C) GREAT WORLD GÓI 10 DÂY,Bộ dây truyền dịch AF/C Great World sử dụng một lần (10 dây),trang-thiet-bi-y-te/day-truyen-long-an-17395.html,5800.0,Dây,đ,https://cdn.nhathuoclongchau.com.vn/unsafe/https://cms-prod.s3-sgn09.fptcloud.com/00002291_day_truyen_long_an_4525_62b9_large_d7c8d2f660.JPG,Nhựa PVC không mùi  ,,Great World,Gói 10 Dây,Thiết bị y tế | Dụng cụ y tế | Các dụng cụ và sản phẩm khác,trang-thiet-bi-y-te | trang-thiet-bi-y-te/dung-cu-y-te | trang-thiet-bi-y-te/dung-cu-khac,True,True,60,0,https://nhathuoclongchau.com.vn/trang-thiet-bi-y-te/day-truyen-long-an-17395.html,trang-thiet-bi-y-te,300
337,00017249,NHIỆT KẾ HỒNG NGOẠI ĐO TRÁN MICROLIFE FR1MF1,"Nhiệt kế hồng ngoại Microlife FR1MF1 đo không chạm, nhanh, an toàn và chính xác",trang-thiet-bi-y-te/nhiet-ke-hong-ngoai-do-tran-fr1mf1-18606.html,990000.0,Hộp,đ,https://cdn.nhathuoclongchau.com.vn/unsafe/https://cms-prod.s3-sgn09.fptcloud.com/00017249_nhiet_ke_hong_ngoai_do_tran_fr1mf1_7252_62b9_large_bbfff144f2.JPG,Nhiệt kế ,,Microlife,Hộp,Thiết bị y tế | Dụng cụ theo dõi | Nhiệt kế,trang-thiet-bi-y-te | trang-thiet-bi-y-te/dung-cu-theo-doi | trang-thiet-bi-y-te/nhiet-ke,True,True,60,0,https://nhathuoclongchau.com.vn/trang-thiet-bi-y-te/nhiet-ke-hong-ngoai-do-tran-fr1mf1-18606.html,trang-thiet-bi-y-te,300
338,00017447,"GĂNG TAY PHẪU THUẬT 6.5 VGLOVE SỬ DỤNG TRONG QUÁ TRÌNH KHÁM, CHẨN ĐOÁN ĐIỀU TRỊ VÀ PHẪU THUẬT",Găng tay phẫu thuật Surgical Gloves 6.5 VGlove tránh lây truyền bệnh trong quá trình khám (1 đôi),trang-thiet-bi-y-te/gang-phau-thuat-65-vglove-18813.html,6000.0,Gói,đ,https://cdn.nhathuoclongchau.com.vn/unsafe/https://cms-prod.s3-sgn09.fptcloud.com/00017447_gang_phau_thuat_65_vglove_2293_60c8_large_541b982a01.jpg,Mủ kem (latex) ly tâm tự nhiên ,,VGLOVE,Gói 1 Đôi,Thiết bị y tế | Dụng cụ y tế | Găng tay,trang-thiet-bi-y-te | trang-thiet-bi-y-te/dung-cu-y-te | trang-thiet-bi-y-te/gang-tay,True,True,60,0,https://nhathuoclongchau.com.vn/trang-thiet-bi-y-te/gang-phau-thuat-65-vglove-18813.html,trang-thiet-bi-y-te,300
339,00017497,QUE THỬ ĐƯỜNG HUYẾT ACCU CHEK INSTANT HỘP 25 QUE,Que thử đường huyết AccuChek Instant sử dụng cho các máy đo Roul-Chek Instant và Accu-Chek Instant S (25 cái),trang-thiet-bi-y-te/accu-chek-instant-07819374020-25-que-thu-dung-tren-may-do-duong-huyet-18857.html,249000.0,Hộp,đ,https://cdn.nhathuoclongchau.com.vn/unsafe/https://cms-prod.s3-sgn09.fptcloud.com/00017497_accu_chek_instant_07819374020_25_que_thu_dung_tren_may_do_duong_huyet_1828_63d7_large_8c3bbe1f4e.jpg,"Nhựa PP , Silicon ",,Accu-Check,Hộp 25 Cái,"Thiết bị y tế | Dụng cụ theo dõi | Máy, que thử đường huyết",trang-thiet-bi-y-te | trang-thiet-bi-y-te/dung-cu-theo-doi | trang-thiet-bi-y-te/may-que-thu-duong-huyet,True,True,60,0,https://nhathuoclongchau.com.vn/trang-thiet-bi-y-te/accu-chek-instant-07819374020-25-que-thu-dung-tren-may-do-duong-huyet-18857.html,trang-thiet-bi-y-te,300
340,00017836,"ĐAI THẮT LƯNG OLUMBA ORBE SIZE L MÀU GHI HỖ TRỢ GIẢM ĐAU, CỐ ĐỊNH CỘT SỐNG",Đai thắt lưng Olumba Orbe Size L màu ghi dự phòng tổn thương cột sống,trang-thiet-bi-y-te/dai-that-lung-olumba-orbe-size-l-mau-ghi-19183.html,300000.0,Hộp,đ,https://cdn.nhathuoclongchau.com.vn/unsafe/https://cms-prod.s3-sgn09.fptcloud.com/00017836_dai_that_lung_olumba_orbe_size_l_mau_ghi_2589_614a_large_5dfaac1c73.jpg,"Vải cotton , Hợp kim nhôm ",,ORBE,Hộp,Thiết bị y tế | Dụng cụ y tế | Các dụng cụ và sản phẩm khác,trang-thiet-bi-y-te | trang-thiet-bi-y-te/dung-cu-y-te | trang-thiet-bi-y-te/dung-cu-khac,True,True,60,0,https://nhathuoclongchau.com.vn/trang-thiet-bi-y-te/dai-that-lung-olumba-orbe-size-l-mau-ghi-19183.html,trang-thiet-bi-y-te,300
341,00018203,BƠM TIÊM SỬ DỤNG MỘT LẦN VINAHANKOOK 3ML/CC 23G  HỘP 100 CÁI,Bơm tiêm sử dụng một lần Vinahankook 3ml/cc được khử trùng bằng khí E.O (23g - 100 cái),trang-thiet-bi-y-te/bom-tiem-3-23g-vinahankook-100-cai-19529.html,760.0,Cái,đ,https://cdn.nhathuoclongchau.com.vn/unsafe/https://cms-prod.s3-sgn09.fptcloud.com/00018203_bom_tiem_3_23g_vinahankook_100_cai_4206_60c8_large_d1a7d6e333.jpg,"Nhựa PP , Thép không gỉ ",,VINAHANKOOK,Hộp 100 Cái,Thiết bị y tế | Dụng cụ y tế | Kim các loại,trang-thiet-bi-y-te | trang-thiet-bi-y-te/dung-cu-y-te | trang-thiet-bi-y-te/kim-cac-loai,True,True,60,0,https://nhathuoclongchau.com.vn/trang-thiet-bi-y-te/bom-tiem-3-23g-vinahankook-100-cai-19529.html,trang-thiet-bi-y-te,300
342,00020624,GEL BÔI DA HEALIT VHPHARMA 5G -  HỖ TRỢ ĐIỀU TRỊ CÁC VẾT THƯƠNG HỞ CẤP TÍNH VÀ MÃN TÍNH,Gel Healit VHPharma thúc đẩy nhanh quá trình lành vết thương hở (5g),trang-thiet-bi-y-te/healit-vhpharma-5g-gel-tri-vet-thuong-ho-20867.html,315000.0,Tuýp,đ,https://cdn.nhathuoclongchau.com.vn/unsafe/https://cms-prod.s3-sgn09.fptcloud.com/00020624_healit_vhpharma_5g_gel_tri_vet_thuong_ho_3311_6327_large_dc5013bf96.jpg,"Nước cất 44%, Copolymer of 2 - hydroxyethylmethacrylate 10%, Macrogol 300 46%",,VH PHARMA,Tuýp,Thiết bị y tế | Dụng cụ sơ cứu | Chăm sóc vết thương,trang-thiet-bi-y-te | trang-thiet-bi-y-te/dung-cu-so-cuu | trang-thiet-bi-y-te/cham-soc-vet-thuong,True,True,60,0,https://nhathuoclongchau.com.vn/trang-thiet-bi-y-te/healit-vhpharma-5g-gel-tri-vet-thuong-ho-20867.html,trang-thiet-bi-y-te,300
343,00021727,DÂY TRUYỀN DỊCH KIM CÁNH BƯỚM GREETMED 22G DÙNG ĐỂ TRUYỀN DỊCH CHO BỆNH NHÂN,Dây truyền dịch kim cánh bướm Greetmed 22g dùng để truyền dịch cho bệnh nhân,trang-thiet-bi-y-te/day-truyen-dich-kim-canh-buom-22079.html,5000.0,Cái,đ,https://cdn.nhathuoclongchau.com.vn/unsafe/https://cms-prod.s3-sgn09.fptcloud.com/DSC_00922_4ce4f9e4bd.jpg,Nhựa ,,GREETMED,Cái,Thiết bị y tế | Dụng cụ y tế | Kim các loại,trang-thiet-bi-y-te | trang-thiet-bi-y-te/dung-cu-y-te | trang-thiet-bi-y-te/kim-cac-loai,True,True,60,0,https://nhathuoclongchau.com.vn/trang-thiet-bi-y-te/day-truyen-dich-kim-canh-buom-22079.html,trang-thiet-bi-y-te,300
344,00028095,"KÉO THẲNG 2 ĐẦU NHỌN SIZE 16CM - DÙNG ĐỂ THAY BĂNG CHO BỆNH NHÂN, CẮT GÒN","Kéo thẳng 2 đầu nhọn Electro Bismed dùng để thay băng cho bệnh nhân, cắt gòn (16cm)",trang-thiet-bi-y-te/keo-thang-nho-28236.html,22000.0,Cái,đ,https://cdn.nhathuoclongchau.com.vn/unsafe/https://cms-prod.s3-sgn09.fptcloud.com/00028095_keo_thang_nho_5500_62d4_large_5c30431305.jpg,Kim loại ,,Electro Bismed,Cái,Thiết bị y tế | Dụng cụ y tế | Các dụng cụ và sản phẩm khác,trang-thiet-bi-y-te | trang-thiet-bi-y-te/dung-cu-y-te | trang-thiet-bi-y-te/dung-cu-khac,True,True,60,0,https://nhathuoclongchau.com.vn/trang-thiet-bi-y-te/keo-thang-nho-28236.html,trang-thiet-bi-y-te,300
345,00029785,"KHẨU TRANG TRẺ EM HAMITA 3 LỚP (HÌNH THÚ) 50 CÁI - NGĂN KHÓI BỤI, VI KHUẨN VÀ GIỌT BẮN","Khẩu trang y tế trẻ em Hamita ngăn bụi, kháng khuẩn (50 cái)",trang-thiet-bi-y-te/khau-trang-hamita-tre-em-meo-kitty-hop-50-cai-30050.html,59000.0,Hộp,đ,https://cdn.nhathuoclongchau.com.vn/unsafe/https://cms-prod.s3-sgn09.fptcloud.com/00029785_khau_trang_hamita_tre_em_meo_kitty_hop_50_cai_2955_62ae_large_1af149a8ca.jpg,"vải không dệt trắng , giấy kháng khuẩn MELTBLOWN , Thun đeo cấu tạo từ Polyester và Spandex , Nẹp định hình bằng nhựa ",,Hamita,Hộp 50 Cái,Thiết bị y tế | Khẩu trang | Khẩu trang y tế,trang-thiet-bi-y-te | trang-thiet-bi-y-te/khau-trang | trang-thiet-bi-y-te/khau-trang-y-te,True,True,60,0,https://nhathuoclongchau.com.vn/trang-thiet-bi-y-te/khau-trang-hamita-tre-em-meo-kitty-hop-50-cai-30050.html,trang-thiet-bi-y-te,300
346,00031688,MUỐI TINH 4.5 GAM AN PHÚ 50 VIÊN - NƯỚC MUỐI SINH LÝ GIA ĐÌNH TỰ PHA DÙNG RỬA MŨI,Muối tinh 4.5g An Phú - nước muối sinh lý gia đình tự pha dùng rửa mũi (50 viên),trang-thiet-bi-y-te/muoi-tinh-4-5-gam-an-phu-50-vien-nuoc-muoi-sinh-ly-gia-dinh-tu-pha.html,35000.0,Hộp,đ,https://cdn.nhathuoclongchau.com.vn/unsafe/https://cms-prod.s3-sgn09.fptcloud.com/DSC_03322_a07a6d0203.jpg,"Muối tinh 0,9% ",,An Phú,Hộp 50 Viên,Thiết bị y tế | Dụng cụ y tế | Dụng cụ vệ sinh mũi,trang-thiet-bi-y-te | trang-thiet-bi-y-te/dung-cu-y-te | trang-thiet-bi-y-te/dung-cu-ve-sinh-mui,True,True,60,0,https://nhathuoclongchau.com.vn/trang-thiet-bi-y-te/muoi-tinh-4-5-gam-an-phu-50-vien-nuoc-muoi-sinh-ly-gia-dinh-tu-pha.html,trang-thiet-bi-y-te,300
347,00032247,CỒN 70 ĐỘ VP (ETHANOL) VĨNH PHÚC 500ML (CÓ VÒI XỊT) - DÙNG TIỆT TRÙNG DỤNG CỤ Y TẾ,"Cồn 70 độ Vĩnh Phúc có vòi xịt diệt khuẩn dụng cụ y tế, bề mặt trong y tế (500ml)",trang-thiet-bi-y-te/con-70-do-vinh-phuc-co-voi-xit-500ml-32341.html,32950.0,Chai,đ,https://cdn.nhathuoclongchau.com.vn/unsafe/https://cms-prod.s3-sgn09.fptcloud.com/00032247_con_70_do_vinh_phuc_co_voi_xit_500ml_7644_62ae_large_8d48c297b3.jpg,Ethanol 70%,Dạng xịt,Vĩnh Phúc,Thùng 20 chai,"Thiết bị y tế | Dụng cụ sơ cứu | Cồn, nước sát trùng, nước muối",trang-thiet-bi-y-te | trang-thiet-bi-y-te/dung-cu-so-cuu | trang-thiet-bi-y-te/con-va-nuoc-sat-trung,True,True,60,0,https://nhathuoclongchau.com.vn/trang-thiet-bi-y-te/con-70-do-vinh-phuc-co-voi-xit-500ml-32341.html,trang-thiet-bi-y-te,300
348,00049525,PIN KIỀM MAXELL SUPER ALKALINE AAA LR3(GD) 4+2 VIÊN,Pin kiềm Maxell Super Alkaline AAA LR3(GD) dùng cho các thiết bị điện tử thông dụng (4+2 viên),trang-thiet-bi-y-te/pin-kiem-maxell-super-alkaline-aaa-lr-3-gd-4-2-vien.html,62000.0,Vỉ,đ,https://cdn.nhathuoclongchau.com.vn/unsafe/https://cms-prod.s3-sgn09.fptcloud.com/DSC_099859_03ddeabcda.png,Chất điện phân ,,Maxell,Vỉ 6 Viên,Thiết bị y tế | Dụng cụ y tế | Các dụng cụ và sản phẩm khác,trang-thiet-bi-y-te | trang-thiet-bi-y-te/dung-cu-y-te | trang-thiet-bi-y-te/dung-cu-khac,True,True,50,0,https://nhathuoclongchau.com.vn/trang-thiet-bi-y-te/pin-kiem-maxell-super-alkaline-aaa-lr-3-gd-4-2-vien.html,trang-thiet-bi-y-te,300
349,00049523,PIN KIỀM MAXELL SUPER ALKALINE AA LR6(GD) 4+2 VIÊN,Pin kiềm Maxell Super Alkaline AA LR6(GD) dùng cho các thiết bị điện tử thông dụng (4+2 viên),trang-thiet-bi-y-te/pin-kiem-maxell-super-alkaline-aa-lr-6-gd-4-2-vien.html,62000.0,Vỉ,đ,https://cdn.nhathuoclongchau.com.vn/unsafe/https://cms-prod.s3-sgn09.fptcloud.com/DSC_099856_495192fcd5.png,Chất điện phân ,,Maxell,Vỉ 6 Viên,Thiết bị y tế | Dụng cụ y tế | Các dụng cụ và sản phẩm khác,trang-thiet-bi-y-te | trang-thiet-bi-y-te/dung-cu-y-te | trang-thiet-bi-y-te/dung-cu-khac,True,True,50,0,https://nhathuoclongchau.com.vn/trang-thiet-bi-y-te/pin-kiem-maxell-super-alkaline-aa-lr-6-gd-4-2-vien.html,trang-thiet-bi-y-te,300
350,00049269,"GEL BÔI SẸO REBAC BIOPHARM 15G - HỖ TRỢ LÀM PHẲNG, MỀM VÀ MỜ SẸO","Gel bôi sẹo Rebac Biopharm hỗ trợ làm phẳng, mềm và mờ sẹo (15g)",trang-thiet-bi-y-te/gel-boi-seo-rebac-biopharm-15-g-ho-tro-lam-phang-mem-va-mo-seo-1.html,450000.0,Hộp,đ,https://cdn.nhathuoclongchau.com.vn/unsafe/https://cms-prod.s3-sgn09.fptcloud.com/DSC_09127_063e729250.png,"Dimethicone , Dimethicone Crosspolymer , Cydopentasiloxane , Tocopheryl acetate , Isodecyl Neopentanoate , Peg-10 dimethicone , Hydrogenated Polydencene , Sodium hyaluronate , sh-oligopeptide-1 , Allium Cepa Bulb Extract , Centella Asiatica Extract , Polyurethane-35 , Glyceryl Cappylate ",Gel,Biopharm,Hộp,Thiết bị y tế,trang-thiet-bi-y-te,True,True,50,0,https://nhathuoclongchau.com.vn/trang-thiet-bi-y-te/gel-boi-seo-rebac-biopharm-15-g-ho-tro-lam-phang-mem-va-mo-seo-1.html,trang-thiet-bi-y-te,300
351,00049099,GEL TIÊU HOÁ SILICEA 30 GÓI X 15ML,Gel tiêu hoá Silicea hỗ trợ điều trị các triệu chứng về đường tiêu hóa (30 gói x 15ml),trang-thiet-bi-y-te/gel-tieu-hoa-silicea-30-goi-x-15-ml.html,450000.0,Hộp,đ,https://cdn.nhathuoclongchau.com.vn/unsafe/https://cms-prod.s3-sgn09.fptcloud.com/DSC_09098_a42c24a904.png,Silicon dioxide 3.5g,Gel uống,HUBNER,Hộp 30 Gói,Thiết bị y tế,trang-thiet-bi-y-te,True,True,50,0,https://nhathuoclongchau.com.vn/trang-thiet-bi-y-te/gel-tieu-hoa-silicea-30-goi-x-15-ml.html,trang-thiet-bi-y-te,300
352,00047568,"GEL BÔI SẸO REBAC BIOPHARM 5G - HỖ TRỢ LÀM PHẲNG, MỀM VÀ MỜ SẸO","Gel bôi sẹo Rebac Biopharm hỗ trợ làm phẳng, mềm và mờ sẹo (5g)",trang-thiet-bi-y-te/gel-boi-seo-rebac-biopharm-5-g-ho-tro-lam-phang-mem-va-mo-seo.html,239000.0,Hộp,đ,https://cdn.nhathuoclongchau.com.vn/unsafe/https://cms-prod.s3-sgn09.fptcloud.com/DSC_09137_0febe6f7f2.png,"Dimethicone , Dimethicone Crosspolymer , Cydopentasiloxane , Tocopheryl acetate , Isodecyl Neopentanoate , Peg-10 dimethicone , Hydrogenated Polydencene , Sodium hyaluronate , sh-oligopeptide-1 , Allium Cepa Bulb Extract , Centella Asiatica Extract , Polyurethane-35 , Glyceryl Cappylate ",Gel,Biopharm,Hộp,Thiết bị y tế,trang-thiet-bi-y-te,True,True,50,0,https://nhathuoclongchau.com.vn/trang-thiet-bi-y-te/gel-boi-seo-rebac-biopharm-5-g-ho-tro-lam-phang-mem-va-mo-seo.html,trang-thiet-bi-y-te,300
353,00047559,"TÚI CHƯỜM ĐA NĂNG THIÊN THANH LỚN SIZE L - CHƯỜM NÓNG, CHƯỜM LẠNH, GIỮ ẤM 4 - 6 TIẾNG",Túi chườm đa năng Thiên Thanh lớn size L,trang-thiet-bi-y-te/tui-chuom-da-nang-thien-thanh-lon-size-l.html,130000.0,Cái,đ,https://cdn.nhathuoclongchau.com.vn/unsafe/https://cms-prod.s3-sgn09.fptcloud.com/tui_chuom_da_nang_l_484d1ac3f4.jpg,Vải ,,Thiên Thanh,Cái,Thiết bị y tế | Dụng cụ y tế | Túi chườm,trang-thiet-bi-y-te | trang-thiet-bi-y-te/dung-cu-y-te | trang-thiet-bi-y-te/tui-chuom,True,True,50,0,https://nhathuoclongchau.com.vn/trang-thiet-bi-y-te/tui-chuom-da-nang-thien-thanh-lon-size-l.html,trang-thiet-bi-y-te,300
354,00046957,"DẦU PHẬT LINH TRƯỜNG SƠN 1.5ML HỘP 10 CHAI - HỖ TRỢ GIẢM CẢM CÚM, NGHẸT MŨI, CHÓNG MẶT, NHỨC ĐẦU","Dầu Phật Linh 1.5ml Trường Sơn dùng hỗ trợ trường hợp cảm cúm, cảm ho, nhức đầu, nghẹt mũi (10 chai)",trang-thiet-bi-y-te/dau-phat-linh-truong-son-10-chai-x-1-5-ml.html,7500.0,Chai,đ,https://cdn.nhathuoclongchau.com.vn/unsafe/https://cms-prod.s3-sgn09.fptcloud.com/TUK_07059_b5e09d00be.jpg,"Menthol , Camphor , Eucalyptol , Dầu parafin , Peppermint oil , Eugenol ",Dạng dầu,Trường Sơn,Hộp 10 Chai,Thiết bị y tế | Dụng cụ y tế | Các dụng cụ và sản phẩm khác,trang-thiet-bi-y-te | trang-thiet-bi-y-te/dung-cu-y-te | trang-thiet-bi-y-te/dung-cu-khac,True,True,50,0,https://nhathuoclongchau.com.vn/trang-thiet-bi-y-te/dau-phat-linh-truong-son-10-chai-x-1-5-ml.html,trang-thiet-bi-y-te,300
355,00046954,"DẦU GIÓ TRƯỜNG SƠN 2.5ML HỘP 20 CHAI - HỖ TRỢ GIẢM CẢM CÚM, NGHẸT MŨI, CHÓNG MẶT, NHỨC ĐẦU","Dầu gió Trường Sơn 2.5ml dùng hỗ trợ trong trường hợp cảm, ho, sổ mũi, nhức đầu (20 chai)",trang-thiet-bi-y-te/dau-gio-truong-son-20-chai-x-2-5-ml.html,7500.0,Chai,đ,https://cdn.nhathuoclongchau.com.vn/unsafe/https://cms-prod.s3-sgn09.fptcloud.com/TUK_07178_da1cdaa5f7.jpg,"Menthol , Camphor , Eucalyptol , Methyl salicylate , Peppermint oil , Eugenol , Dầu parafin ",Dạng dầu,Trường Sơn,Hộp 20 Chai,Thiết bị y tế | Dụng cụ y tế | Các dụng cụ và sản phẩm khác,trang-thiet-bi-y-te | trang-thiet-bi-y-te/dung-cu-y-te | trang-thiet-bi-y-te/dung-cu-khac,True,True,50,0,https://nhathuoclongchau.com.vn/trang-thiet-bi-y-te/dau-gio-truong-son-20-chai-x-2-5-ml.html,trang-thiet-bi-y-te,300
356,00046951,DẦU CÙ LÀ PHONG THẤP CHỈ THỐNG CAO THIÊN THẢO 12 LỌ X 30G,"Dầu Cù Là Phong Thấp Chỉ Thống Cao Thiên Thảo 30g Trường Sơn giảm đau thần kinh tọa, phong thấp, đau khớp (12 lọ)",trang-thiet-bi-y-te/cao-xoa-thien-thao-truong-son-12-lo-x-30-g.html,29000.0,Lọ,đ,https://cdn.nhathuoclongchau.com.vn/unsafe/https://cms-prod.s3-sgn09.fptcloud.com/TUK_07190_5eea62b5f8.jpg,"Menthol , Camphor , Eucalyptol , Methyl Salicylat , Peppermint oil , Eugenol , Cinnamic aldehyde , Vaselin , Parafin ",,Trường Sơn,Hộp 12 Lọ,Thiết bị y tế | Dụng cụ y tế | Các dụng cụ và sản phẩm khác,trang-thiet-bi-y-te | trang-thiet-bi-y-te/dung-cu-y-te | trang-thiet-bi-y-te/dung-cu-khac,True,True,50,0,https://nhathuoclongchau.com.vn/trang-thiet-bi-y-te/cao-xoa-thien-thao-truong-son-12-lo-x-30-g.html,trang-thiet-bi-y-te,300
357,00046238,"DUNG DỊCH BÔI DA MYCOPHAR NAM VIỆT 12ML ĐIỀU TRỊ LÁC, LANG BEN, NẤM DA","Dung dịch bôi da Mycophar 12ml Nam Việt dùng cho nấm da, lác, lang ben",trang-thiet-bi-y-te/dung-dich-boi-da-mycophar-nam-viet-12-ml-dieu-tri-lac-lang-ben-nam-da.html,9000.0,Chai,đ,https://cdn.nhathuoclongchau.com.vn/unsafe/https://cms-prod.s3-sgn09.fptcloud.com/DSC_09153_32636b20ba.jpg,"Acid benzoic 0.396, Acid Salicylic 0.396, Ethanol 70% ",Dung dịch,Nam Việt,Chai,Thiết bị y tế | Dụng cụ y tế,trang-thiet-bi-y-te | trang-thiet-bi-y-te/dung-cu-y-te,True,True,50,0,https://nhathuoclongchau.com.vn/trang-thiet-bi-y-te/dung-dich-boi-da-mycophar-nam-viet-12-ml-dieu-tri-lac-lang-ben-nam-da.html,trang-thiet-bi-y-te,300
358,00045505,GEL SÁT KHUẨN TAY CLINHANDS GEL 500ML,"Gel Sát Khuẩn Tay Clinhands Gel 500ml Opodis Pharma chống lại các vi khuẩn, vi nấm gây bệnh lây nhiễm",trang-thiet-bi-y-te/gel-sat-khuan-tay-clinhands-gel-500-ml.html,95000.0,Chai,đ,https://cdn.nhathuoclongchau.com.vn/unsafe/https://cms-prod.s3-sgn09.fptcloud.com/DSC_03305_6e7efb585b.jpg,"Alpha-Terpineol 0.3% w/v, Ethanol 70%",,Opodis Pharma,Chai,Thiết bị y tế | Dụng cụ y tế,trang-thiet-bi-y-te | trang-thiet-bi-y-te/dung-cu-y-te,True,True,50,0,https://nhathuoclongchau.com.vn/trang-thiet-bi-y-te/gel-sat-khuan-tay-clinhands-gel-500-ml.html,trang-thiet-bi-y-te,300
359,00044502,TẤM TRẢI NYLON VÔ TRÙNG 40*60 BẢO THẠCH,"Tấm trải Nylon vô trùng Bảo Thạch dùng trong phẫu thuật, phụ sản, nhi, nha khoa",trang-thiet-bi-y-te/tam-trai-nylon-vo-trung-40-60-bao-thach.html,8000.0,Cái,đ,https://cdn.nhathuoclongchau.com.vn/unsafe/https://cms-prod.s3-sgn09.fptcloud.com/DSC_09684_720d3ab89a.jpg,PE ,,CHÂU NGỌC THẠCH,Cái,Thiết bị y tế | Dụng cụ y tế,trang-thiet-bi-y-te | trang-thiet-bi-y-te/dung-cu-y-te,True,True,50,0,https://nhathuoclongchau.com.vn/trang-thiet-bi-y-te/tam-trai-nylon-vo-trung-40-60-bao-thach.html,trang-thiet-bi-y-te,300
360,00043555,"DUNG DỊCH XỊT NGOÀI DA SEBOSAN ĐỨC PHÚC 150ML - VỆ SINH, LÀM SẠCH KÝ SINH TRÙNG KHỎI DA","Dung dịch xịt ngoài da Sebosan 150ml Đức Phúc dùng để vệ sinh, làm sạch các loại ký sinh trùng khỏi da",trang-thiet-bi-y-te/dung-dich-xit-ngoai-da-sebosan-duc-phuc-150-ml.html,220000.0,Lọ,đ,https://cdn.nhathuoclongchau.com.vn/unsafe/https://cms-prod.s3-sgn09.fptcloud.com/vn_11134207_7qukw_lh61esb8ynn657_db319697db.webp,"Permethrin 5%, Natri laureth sulfat , Menthol , Eucaliptol , Polyethylene , Polysorbat 80 , Nước tinh khiết ",Dung dịch xịt,ĐỨC PHÚC,Lọ,Thiết bị y tế | Dụng cụ sơ cứu | Chăm sóc vết thương,trang-thiet-bi-y-te | trang-thiet-bi-y-te/dung-cu-so-cuu | trang-thiet-bi-y-te/cham-soc-vet-thuong,True,True,50,0,https://nhathuoclongchau.com.vn/trang-thiet-bi-y-te/dung-dich-xit-ngoai-da-sebosan-duc-phuc-150-ml.html,trang-thiet-bi-y-te,300
361,00042715,"DUNG DỊCH XỊT MŨI NANO BẠC VISALINE SOFT SONG THÀNH 100ML - LÀM SẠCH, LÀM ẨM VÀ PHỤC HỒI NIÊM MẠC MŨI, PHÒNG NGỪA CÁC BỆNH LÝ TAI MŨI HỌNG","Dung dịch vệ sinh mũi Visaline Soft 100ml làm sạch niêm mạc mũi và loại bỏ các bụi bẩn, gỉ mũi",trang-thiet-bi-y-te/dung-dich-ve-sinh-mui-visaline-soft-song-thanh-100-ml.html,120000.0,Hộp,đ,https://cdn.nhathuoclongchau.com.vn/unsafe/https://cms-prod.s3-sgn09.fptcloud.com/DSC_03018_9186cebf3f.jpg,"Muối biển tinh khiết , Nano Bạc , Acid Boric , Benzalkonium clorid , Natri tetraborat decahydrat , Dinatri Edetate , HPMC E6 , propylen glycol , Nipagin , Glycerin , Glucose ",,VISALINE SOFT,Hộp,Thiết bị y tế | Dụng cụ y tế | Dụng cụ vệ sinh mũi,trang-thiet-bi-y-te | trang-thiet-bi-y-te/dung-cu-y-te | trang-thiet-bi-y-te/dung-cu-ve-sinh-mui,True,True,50,0,https://nhathuoclongchau.com.vn/trang-thiet-bi-y-te/dung-dich-ve-sinh-mui-visaline-soft-song-thanh-100-ml.html,trang-thiet-bi-y-te,300
362,00042470,DUNG DỊCH XỊT MŨI MUỐI ƯU TRƯƠNG INGALIPT 3% FORTE 100ML CHO NGƯỜI LỚN VÀ TRẺ EM TỪ 3 THÁNG TUỔI SONG THÀNH,"Dung dịch xịt mũi Ingalipt 3% Forte chống nghẹt mũi, sung huyết mũi, vệ sinh khoang mũi (100ml)",trang-thiet-bi-y-te/dung-dich-xit-mui-muoi-uu-truong-ingalipt-3-forte-100-ml-cho-nguoi-lon-va-tre-em-tu-3-thang-tuoi-song-thanh.html,179000.0,Hộp,đ,https://cdn.nhathuoclongchau.com.vn/unsafe/https://cms-prod.s3-sgn09.fptcloud.com/00042470_cdb5ef1387.png,"Muối biển tinh khiết 3%, Nano Bạc , Natri hyaluronat ",Dung dịch xịt mũi,SONG THÀNH,Hộp,Thiết bị y tế | Dụng cụ y tế | Dụng cụ vệ sinh mũi,trang-thiet-bi-y-te | trang-thiet-bi-y-te/dung-cu-y-te | trang-thiet-bi-y-te/dung-cu-ve-sinh-mui,True,True,50,0,https://nhathuoclongchau.com.vn/trang-thiet-bi-y-te/dung-dich-xit-mui-muoi-uu-truong-ingalipt-3-forte-100-ml-cho-nguoi-lon-va-tre-em-tu-3-thang-tuoi-song-thanh.html,trang-thiet-bi-y-te,300
363,00042356,"DUNG DỊCH XỊT NGOÀI DA SEBOSAN ĐỨC PHÚC 100ML - VỆ SINH, LÀM SẠCH KÝ SINH TRÙNG KHỎI DA","Dung dịch xịt ngoài da Sebosan 100ml Đức Phúc vệ sinh, làm sạch các loại ký sinh trùng khỏi da",trang-thiet-bi-y-te/dung-dich-xit-ngoai-da-sebosan-duc-phuc-100-ml.html,160000.0,Lọ,đ,https://cdn.nhathuoclongchau.com.vn/unsafe/https://cms-prod.s3-sgn09.fptcloud.com/DSC_02884_2421f1607b.jpg,"Permethrin 5%, Natri laureth sulfat , Menthol , Eucaliptol , Polyethylene , Polysorbat 80 , Nước tinh khiết ",Dung dịch xịt,ĐỨC PHÚC,Lọ,Thiết bị y tế | Dụng cụ sơ cứu,trang-thiet-bi-y-te | trang-thiet-bi-y-te/dung-cu-so-cuu,True,True,50,0,https://nhathuoclongchau.com.vn/trang-thiet-bi-y-te/dung-dich-xit-ngoai-da-sebosan-duc-phuc-100-ml.html,trang-thiet-bi-y-te,300
364,00042270,PIN FUJITSU R03/2400(BP4) AAA 4 VIÊN/VỈ,"Pin Fujitsu R03/2400(BP4) AAA dùng được cho đồng hồ, remote, đèn pin (Vỉ 4 cục)",trang-thiet-bi-y-te/pin-fujitsu-r03-2400-bp-4-aaa-4-vien-vi.html,36000.0,Vỉ,đ,https://cdn.nhathuoclongchau.com.vn/unsafe/https://cms-prod.s3-sgn09.fptcloud.com/DSC_06932_2b886391d0.jpg,"Chất điện phân , Kiềm ",,FUJITSU,Vỉ 4 Cục,Thiết bị y tế | Dụng cụ y tế | Các dụng cụ và sản phẩm khác,trang-thiet-bi-y-te | trang-thiet-bi-y-te/dung-cu-y-te | trang-thiet-bi-y-te/dung-cu-khac,True,True,50,0,https://nhathuoclongchau.com.vn/trang-thiet-bi-y-te/pin-fujitsu-r03-2400-bp-4-aaa-4-vien-vi.html,trang-thiet-bi-y-te,300
365,00040875,"VIÊN ĐẶT PHỤ KHOA LADYBALANCE 1 VỈ X 12 VIÊN - GIẢM KHÍ HƯ, MÙI HÔI, KHÔ NGỨA, RÁT DO VIÊM NHIỄM ÂM ĐẠO",Viên đặt âm đạo LadyBalance giảm khí hư và mùi hôi âm đạo do nhiễm khuẩn âm đạo (1 vỉ x 12 viên),trang-thiet-bi-y-te/vien-dat-am-dao-ladybalance-1-x12.html,24250.0,Viên,đ,https://cdn.nhathuoclongchau.com.vn/unsafe/https://cms-prod.s3-sgn09.fptcloud.com/DSC_03223_afde94369b.jpg,"Lactose monohydrate , Magnesium stearate , Silicon dioxide ",Viên đặt,LadyBalance APS,Hộp 1 Vỉ x 12 Viên,Thiết bị y tế | Dụng cụ y tế,trang-thiet-bi-y-te | trang-thiet-bi-y-te/dung-cu-y-te,True,True,50,0,https://nhathuoclongchau.com.vn/trang-thiet-bi-y-te/vien-dat-am-dao-ladybalance-1-x12.html,trang-thiet-bi-y-te,300
366,00040324,"DỤNG CỤ NGHIỀN THUỐC GREETMED GIÚP NGHIỀN THUỐC ĐƠN GIẢN, NHANH CHÓNG","Dụng cụ nghiền thuốc Pill Crusher Greetmed giúp nghiền thuốc đơn giản, nhanh chóng (1 cái)",trang-thiet-bi-y-te/dung-cu-nghien-thuoc-greetmed.html,26000.0,Cái,đ,https://cdn.nhathuoclongchau.com.vn/unsafe/https://cms-prod.s3-sgn09.fptcloud.com/DSC_09909_f46218ad08.jpg,Nhựa ,,GREETMED,Cái,Thiết bị y tế | Dụng cụ y tế,trang-thiet-bi-y-te | trang-thiet-bi-y-te/dung-cu-y-te,True,True,50,0,https://nhathuoclongchau.com.vn/trang-thiet-bi-y-te/dung-cu-nghien-thuoc-greetmed.html,trang-thiet-bi-y-te,300
367,00040127,GEL PHỤ KHOA PAPILOCARE PROCARE HEALTH 21 TUÝP - PHÒNG NGỪA VÀ HỖ TRỢ ĐIỀU TRỊ TỔN THƯƠNG DO HPV,Gel đặt âm đạo Papilocare Procare Health phòng ngừa và điều trị tổn thương do HPV (21 tuýp) ,trang-thiet-bi-y-te/gel-dat-am-dao-papilocare-ho-tro-dieu-tri-hpv-procare-health-21-tuyp.html,2100000.0,Hộp,đ,https://cdn.nhathuoclongchau.com.vn/unsafe/https://cms-prod.s3-sgn09.fptcloud.com/DSC_08359_4cc62481e1.jpg,"Coriolus Versicolor , Hyaluronic acid niosomes , Beta Glucan , Centella asiatica , Chiết xuất lá neem , BioEcolia-alpha-oligoglucan , Aloe vera ",Gel,PROCARE,Hộp 21 Tuýp,Thiết bị y tế | Dụng cụ y tế,trang-thiet-bi-y-te | trang-thiet-bi-y-te/dung-cu-y-te,True,True,50,0,https://nhathuoclongchau.com.vn/trang-thiet-bi-y-te/gel-dat-am-dao-papilocare-ho-tro-dieu-tri-hpv-procare-health-21-tuyp.html,trang-thiet-bi-y-te,300
368,00039946,"XỊT MŨI SALTMAX+++ HÓA DƯỢC VN VỆ SINH MŨI, LÀM SẠCH CHẤT NHẦY 100ML","Dung dịch xịt mũi Saltmax+++ 100ml Hóa Dược dùng vệ sinh mũi, loại bỏ gỉ mũi, chất nhầy, bụi bẩn",trang-thiet-bi-y-te/xit-mui-saltmax-hoa-duoc-vn-ve-sinh-mui-lam-sach-chat-nhay-100-ml.html,110000.0,Chai,đ,https://cdn.nhathuoclongchau.com.vn/unsafe/https://cms-prod.s3-sgn09.fptcloud.com/saltmax_818e89e2a8.jpg,"Sodium Chloride , Sodium bicarbonate , Glycerin , Khoáng vi lượng ",,Hóa Dược,Chai,Thiết bị y tế | Dụng cụ y tế | Dụng cụ vệ sinh mũi,trang-thiet-bi-y-te | trang-thiet-bi-y-te/dung-cu-y-te | trang-thiet-bi-y-te/dung-cu-ve-sinh-mui,True,True,50,0,https://nhathuoclongchau.com.vn/trang-thiet-bi-y-te/xit-mui-saltmax-hoa-duoc-vn-ve-sinh-mui-lam-sach-chat-nhay-100-ml.html,trang-thiet-bi-y-te,300
369,00039565,BỘT PHA UỐNG PEG GOLD MEDVIE ARMEPHACO 30 GÓI - BỔ TRỢ NHUẬN TRÀNG,Bột pha uống Peg Gold Medvie Armephaco bổ trợ nhuận tràng (30 gói),trang-thiet-bi-y-te/peg-gold-medvie-30-goi.html,490000.0,Hộp,đ,https://cdn.nhathuoclongchau.com.vn/unsafe/https://cms-prod.s3-sgn09.fptcloud.com/DSC_02822_068d4fdb17.jpg,PEG 3350 665g,Dạng bột,Armephaco,Hộp 30 Gói,Thiết bị y tế | Dụng cụ y tế,trang-thiet-bi-y-te | trang-thiet-bi-y-te/dung-cu-y-te,True,True,50,0,https://nhathuoclongchau.com.vn/trang-thiet-bi-y-te/peg-gold-medvie-30-goi.html,trang-thiet-bi-y-te,300
370,00039192,"NƯỚC SÚC MIỆNG SMC CHLOHEXIDIN 0.12 VIỆT SINH PHARMA PHÒNG NGỪA VÀ ĐIỀU TRỊ VIÊM NƯỚU, VIÊM NHA CHU","Nước súc miệng SMC Chlohexidin 0.12 Việt Sinh Pharma phòng ngừa và điều trị viêm nướu, viêm nha chu (350ml)",trang-thiet-bi-y-te/nuoc-suc-mieng-smc-chlohexidin-0-12-viet-sinh-pharma-350-ml.html,132000.0,Hộp,đ,https://cdn.nhathuoclongchau.com.vn/unsafe/https://cms-prod.s3-sgn09.fptcloud.com/DSC_02880_67363ce088.jpg,"Purified water , Sorbitol , glycerine , Xylitol , Chlorhexidine Gluconate , Potassium sorbate , Sucralose , PEG-40 hydrogenate castor oil ",,VIỆT SINH PHARMA,Hộp x 350ml,Thiết bị y tế | Dụng cụ y tế,trang-thiet-bi-y-te | trang-thiet-bi-y-te/dung-cu-y-te,True,True,50,0,https://nhathuoclongchau.com.vn/trang-thiet-bi-y-te/nuoc-suc-mieng-smc-chlohexidin-0-12-viet-sinh-pharma-350-ml.html,trang-thiet-bi-y-te,300
371,00038470,GREETMED AEROSOL MASK SIZE XL - MẶT NẠ XÔNG KHÍ DUNG,Mặt Nạ Xông Khí Dung Greetmed Aerosol Mask Size XL hấp thu được lượng lớn dung dịch xông ,trang-thiet-bi-y-te/greetmed-aerosol-mask-size-xl-mat-na-xong-khi-dung.html,23000.0,Cái,đ,https://cdn.nhathuoclongchau.com.vn/unsafe/https://cms-prod.s3-sgn09.fptcloud.com/00038470_d7cdc780d7.jpg,Nhựa PVC không mùi ,,GREETMED,Cái,Thiết bị y tế | Dụng cụ y tế,trang-thiet-bi-y-te | trang-thiet-bi-y-te/dung-cu-y-te,True,True,50,0,https://nhathuoclongchau.com.vn/trang-thiet-bi-y-te/greetmed-aerosol-mask-size-xl-mat-na-xong-khi-dung.html,trang-thiet-bi-y-te,300
372,00038458,DÂY OXY 2 NGÃ (CHILD) GREETMED,Dây Oxy 2 Ngã (S) Greetmed truyền oxy từ bình dưỡng khí cho bệnh nhân ,trang-thiet-bi-y-te/day-oxy-2-nga-s-greetmed-1.html,8000.0,Dây,đ,https://cdn.nhathuoclongchau.com.vn/unsafe/https://cms-prod.s3-sgn09.fptcloud.com/00038458_c8e6d3cc6b.jpg,Nhựa ,,GREETMED,Dây,Thiết bị y tế | Dụng cụ y tế,trang-thiet-bi-y-te | trang-thiet-bi-y-te/dung-cu-y-te,True,True,50,0,https://nhathuoclongchau.com.vn/trang-thiet-bi-y-te/day-oxy-2-nga-s-greetmed-1.html,trang-thiet-bi-y-te,300
373,00038457,DÂY HÚT ĐÀM NHỚT (6) GREETMED,"Dây Hút Đàm Nhớt Greetmed hút dịch đờm trong khoang mũi, miệng, họng",trang-thiet-bi-y-te/day-hut-dam-nhot-6-greetmed.html,2500.0,Dây,đ,https://cdn.nhathuoclongchau.com.vn/unsafe/https://cms-prod.s3-sgn09.fptcloud.com/00038457_ef994b9a74.jpg,Nhựa ,,GREETMED,Dây,Thiết bị y tế | Dụng cụ y tế,trang-thiet-bi-y-te | trang-thiet-bi-y-te/dung-cu-y-te,True,True,50,0,https://nhathuoclongchau.com.vn/trang-thiet-bi-y-te/day-hut-dam-nhot-6-greetmed.html,trang-thiet-bi-y-te,300
374,00038441,ĐAI THẮT LƯNG CAO CẤP OLUMBA SIZE XXL,Đai Thắt Lưng Cao Cấp Olumba Size XXL dự phòng tổn thương cột sống thắt lưng,trang-thiet-bi-y-te/dai-that-lung-cao-cap-olumba-size-xxl.html,300000.0,Cái,đ,https://cdn.nhathuoclongchau.com.vn/unsafe/https://cms-prod.s3-sgn09.fptcloud.com/00038441_a04de20d0a.jpg,Vải ,,Olumba,,Thiết bị y tế | Dụng cụ y tế | Đai nẹp,trang-thiet-bi-y-te | trang-thiet-bi-y-te/dung-cu-y-te | trang-thiet-bi-y-te/dai-nep,True,True,50,0,https://nhathuoclongchau.com.vn/trang-thiet-bi-y-te/dai-that-lung-cao-cap-olumba-size-xxl.html,trang-thiet-bi-y-te,300
375,00038416,BĂNG CUỘN BẢO THẠCH (NHỎ) 0.07 X 1.5M 5 CUỘN,"Băng Cuộn Bảo Thạch 0.07 x 1.5m thấm hút cao và nhanh, không gây kích ứng da (5 cuộn nhỏ)",trang-thiet-bi-y-te/bang-cuon-bao-thach-nho-0-07-x-1-5-m-5-cuon.html,12500.0,Gói,đ,https://cdn.nhathuoclongchau.com.vn/unsafe/https://cms-prod.s3-sgn09.fptcloud.com/00038416_8672e043b8.jpg,Cotton 100%,,Bảo Thạch,Gói 5 Cuộn,Thiết bị y tế | Dụng cụ sơ cứu | Băng y tế,trang-thiet-bi-y-te | trang-thiet-bi-y-te/dung-cu-so-cuu | trang-thiet-bi-y-te/bang-y-te,True,True,50,0,https://nhathuoclongchau.com.vn/trang-thiet-bi-y-te/bang-cuon-bao-thach-nho-0-07-x-1-5-m-5-cuon.html,trang-thiet-bi-y-te,300
376,00038415,BĂNG CUỘN BẢO THẠCH (LỚN) 0.09 X 2M 5 CUỘN THẤM HÚT CAO VÀ NHANH,"Băng Cuộn Bảo Thạch 0.09 x 2m thấm hút cao và nhanh, không gây kích ứng da (5 cuộn lớn)",trang-thiet-bi-y-te/bang-cuon-bao-thach-lon-0-09-x-2-m-5-cuon.html,17500.0,Gói,đ,https://cdn.nhathuoclongchau.com.vn/unsafe/https://cms-prod.s3-sgn09.fptcloud.com/00038415_81dd0b272b.jpg,Cotton 100%,,Bảo Thạch,Gói 5 Cuộn,Thiết bị y tế | Dụng cụ sơ cứu | Băng y tế,trang-thiet-bi-y-te | trang-thiet-bi-y-te/dung-cu-so-cuu | trang-thiet-bi-y-te/bang-y-te,True,True,50,0,https://nhathuoclongchau.com.vn/trang-thiet-bi-y-te/bang-cuon-bao-thach-lon-0-09-x-2-m-5-cuon.html,trang-thiet-bi-y-te,300
377,00038414,"BÔNG Y TẾ BẢO THẠCH 5G THẤM HÚT CAO VÀ NHANH, MỊN MÀNG, MỀM MẠI, KHÔNG GÂY KÍCH ỨNG DA","Bông Y Tế Bảo Thạch 5g thấm hút cao và nhanh, mịn màng, mềm mại, không gây kích ứng da",trang-thiet-bi-y-te/bong-y-te-bao-thach-5-g.html,2500.0,Gói,đ,https://cdn.nhathuoclongchau.com.vn/unsafe/https://cms-prod.s3-sgn09.fptcloud.com/00038414_caaef59fa9.jpg,bông cellulose ,,Bảo Thạch,Gói x 5g,Thiết bị y tế | Dụng cụ sơ cứu | Bông y tế,trang-thiet-bi-y-te | trang-thiet-bi-y-te/dung-cu-so-cuu | trang-thiet-bi-y-te/bong-y-te,True,True,50,0,https://nhathuoclongchau.com.vn/trang-thiet-bi-y-te/bong-y-te-bao-thach-5-g.html,trang-thiet-bi-y-te,300
378,00038374,"NƯỚC SÚC MIỆNG, HỌNG SMH PRO AG+++ VIỆT SINH 300ML - VỆ SINH RĂNG, MIỆNG, NGĂN NGỪA HÔI MIỆNG","Nước súc miệng, họng SMH Pro Ag+++ 300ml Việt Sinh vệ sinh răng, miệng, ngăn ngừa hôi miệng",trang-thiet-bi-y-te/nuoc-suc-mieng-smh-pro-ag-viet-sinh-300-ml.html,135000.0,Hộp,đ,https://cdn.nhathuoclongchau.com.vn/unsafe/https://cms-prod.s3-sgn09.fptcloud.com/DSC_02960_dbda4e2ce6.jpg,"Purified water , Sodium bicarbonate , Sodium borate , Sodium benzoate , Nano Silver , Poly ethylene glycol 40 ",,VIỆT SINH PHARMA,Hộp x 300ml,Thiết bị y tế | Dụng cụ y tế,trang-thiet-bi-y-te | trang-thiet-bi-y-te/dung-cu-y-te,True,True,50,0,https://nhathuoclongchau.com.vn/trang-thiet-bi-y-te/nuoc-suc-mieng-smh-pro-ag-viet-sinh-300-ml.html,trang-thiet-bi-y-te,300
379,00503752,BUỒNG ĐỆM KHÍ DUNG BH05 BIOHEALTH,Buồng đệm khí dung BH05 Biohealth,thuoc/buong-dem-khi-dung-bh05-biohealth-38099.html,199000.0,Hộp,đ,https://cdn.nhathuoclongchau.com.vn/unsafe/https://cms-prod.s3-sgn09.fptcloud.com/00503752_BUONG_DEM_KHI_DUNG_BH_05_BIOHEALTH_7f1eb46ae9.jpg,Buồng đệm ,,Biohealth,Hộp,Thiết bị y tế | Dụng cụ y tế | Máy xông khí dung,trang-thiet-bi-y-te | trang-thiet-bi-y-te/dung-cu-y-te | trang-thiet-bi-y-te/may-xong-khi-dung,True,True,50,0,https://nhathuoclongchau.com.vn/thuoc/buong-dem-khi-dung-bh05-biohealth-38099.html,trang-thiet-bi-y-te,300
380,00503354,GẠC PHẪU THUẬT AN LÀNH 10CM X 10CM X 6 LỚP 100 MIẾNG,Gạc phẫu thuật An Lành 10cm x 10cm x 6 lớp Alameco dùng thấm máu trong phẫu thuật (100 miếng),trang-thiet-bi-y-te/gac-phau-thuat-an-lanh-10-cm-x-10-cm-x-6-lop-100-mieng.html,60000.0,Gói,đ,https://cdn.nhathuoclongchau.com.vn/unsafe/https://cms-prod.s3-sgn09.fptcloud.com/DSC_02635_867723707a.jpg,Cotton 100%,,ALAMECO,Gói 100 Miếng,Thiết bị y tế | Dụng cụ sơ cứu,trang-thiet-bi-y-te | trang-thiet-bi-y-te/dung-cu-so-cuu,True,True,50,0,https://nhathuoclongchau.com.vn/trang-thiet-bi-y-te/gac-phau-thuat-an-lanh-10-cm-x-10-cm-x-6-lop-100-mieng.html,trang-thiet-bi-y-te,300
381,00503282,SRK SALTMAX VS PHARMA 30 GÓI,Muối rửa mũi SRK Saltmax Việt Sinh Pharma giảm dị ứng mũi và khô mũi (30 gói),trang-thiet-bi-y-te/srk-saltmax-vs-pharma-30-goi.html,143000.0,Hộp,đ,https://cdn.nhathuoclongchau.com.vn/unsafe/https://cms-prod.s3-sgn09.fptcloud.com/00503282_fbdff12843.png,"Sodium Chloride 2.144g, Sodium bicarbonate 1mg",,VIỆT SINH PHARMA,Hộp 30 Gói,Thiết bị y tế | Dụng cụ y tế | Dụng cụ vệ sinh mũi,trang-thiet-bi-y-te | trang-thiet-bi-y-te/dung-cu-y-te | trang-thiet-bi-y-te/dung-cu-ve-sinh-mui,True,True,50,0,https://nhathuoclongchau.com.vn/trang-thiet-bi-y-te/srk-saltmax-vs-pharma-30-goi.html,trang-thiet-bi-y-te,300
382,00503101,URGOSTERILE 10CM X 20CM 20 MIẾNG - BĂNG GẠC,"Băng gạc tiệt trùng Urgosterile 10cm x 20cm bảo vệ vết trầy xước, vết cắt, vết thương (20 miếng)",trang-thiet-bi-y-te/urgosterile-10cm-x-20cm-20-mieng-bang-gac-37389.html,200000.0,Hộp,đ,https://cdn.nhathuoclongchau.com.vn/unsafe/https://cms-prod.s3-sgn09.fptcloud.com/00503101_urgosterile_10cm_x_20cm_20_mieng_bang_gac_9415_63b6_large_788ea2a3f8.jpg,Băng gạc ,,Urgo,Hộp 20 Miếng,Thiết bị y tế | Dụng cụ sơ cứu | Băng y tế,trang-thiet-bi-y-te | trang-thiet-bi-y-te/dung-cu-so-cuu | trang-thiet-bi-y-te/bang-y-te,True,True,50,0,https://nhathuoclongchau.com.vn/trang-thiet-bi-y-te/urgosterile-10cm-x-20cm-20-mieng-bang-gac-37389.html,trang-thiet-bi-y-te,300
383,00503100,URGOSTERILE 5CM X 7CM 50 MIẾNG - BĂNG GẠC,"Băng dán có gạc Urgosterile size 5cm x 7cm băng các vết thương do phẫu thuật, khâu, chấn thương (50 miếng)",trang-thiet-bi-y-te/urgosterile-5cm-x-7cm-50-mieng-bang-gac-37390.html,215000.0,Hộp,đ,https://cdn.nhathuoclongchau.com.vn/unsafe/https://cms-prod.s3-sgn09.fptcloud.com/00503100_urgosterile_5cm_x_7cm_50_mieng_bang_gac_5280_63b6_large_fc68001348.jpg,Băng gạc ,,Urgo,Hộp 50 Miếng,Thiết bị y tế | Dụng cụ sơ cứu | Băng y tế,trang-thiet-bi-y-te | trang-thiet-bi-y-te/dung-cu-so-cuu | trang-thiet-bi-y-te/bang-y-te,True,True,50,0,https://nhathuoclongchau.com.vn/trang-thiet-bi-y-te/urgosterile-5cm-x-7cm-50-mieng-bang-gac-37390.html,trang-thiet-bi-y-te,300
384,00502201,"GAMUCID ACM CHỐNG TRÀO NGƯỢC DẠ DÀY, THỰC QUẢN OFI 20 GÓI X 15ML",Hỗn dịch uống Gamucid ACM điều trị trào ngược dạ dày thực quản (20 gói x 15ml),trang-thiet-bi-y-te/gamucid-acm-chong-trao-nguoc-da-day-thuc-quan-ofi-20-goi-x-15-ml.html,451000.0,Hộp,đ,https://cdn.nhathuoclongchau.com.vn/unsafe/https://cms-prod.s3-sgn09.fptcloud.com/3_711ee61168.png,Natri Alginate ,,OFI,Hộp 20 Gói,Thiết bị y tế,trang-thiet-bi-y-te,True,True,50,0,https://nhathuoclongchau.com.vn/trang-thiet-bi-y-te/gamucid-acm-chong-trao-nguoc-da-day-thuc-quan-ofi-20-goi-x-15-ml.html,trang-thiet-bi-y-te,300
385,00502021,"DUNG DỊCH XỊT MŨI SALTMAX SPAY 100ML VIỆT SINH VỆ SINH MŨI, GIỮ ẨM NIÊM MẠC MŨI",Dung dịch vệ sinh mũi Saltmax Spay 100ml Việt Sinh giữ ẩm niêm mạc mũi,trang-thiet-bi-y-te/dung-dich-rua-mui-saltmax-spay-viet-sinh-100-ml.html,98000.0,Chai,đ,https://cdn.nhathuoclongchau.com.vn/unsafe/https://cms-prod.s3-sgn09.fptcloud.com/DSC_02922_1948338690.jpg,"Sodium bicarbonate , NaCl ",,VIỆT SINH PHARMA,Chai,Thiết bị y tế | Dụng cụ y tế | Dụng cụ vệ sinh mũi,trang-thiet-bi-y-te | trang-thiet-bi-y-te/dung-cu-y-te | trang-thiet-bi-y-te/dung-cu-ve-sinh-mui,True,True,50,0,https://nhathuoclongchau.com.vn/trang-thiet-bi-y-te/dung-dich-rua-mui-saltmax-spay-viet-sinh-100-ml.html,trang-thiet-bi-y-te,300
386,00501789,QUE THỬ ACID URIC FC-M168 FACARE 10 QUE,Que thử Axit Uric (Gout) FaCare FCM168 dùng để lấy máu (10 cái),trang-thiet-bi-y-te/que-thu-acid-uric-gut-facare-model-fcm-168-hop-10-que.html,125000.0,Hộp,đ,https://cdn.nhathuoclongchau.com.vn/unsafe/https://cms-prod.s3-sgn09.fptcloud.com/00501789_que_thu_acid_uric_gut_facare_model_fcm168_hop_10_que_2907_630e_large_558f9428d8.jpg,Kim loại ,,FACARE,Hộp 10 Cái,Thiết bị y tế | Dụng cụ theo dõi,trang-thiet-bi-y-te | trang-thiet-bi-y-te/dung-cu-theo-doi,True,True,50,0,https://nhathuoclongchau.com.vn/trang-thiet-bi-y-te/que-thu-acid-uric-gut-facare-model-fcm-168-hop-10-que.html,trang-thiet-bi-y-te,300
387,00501787,QUE THỬ ĐƯỜNG HUYẾT FACARE (MODEL: FCM168) - HỘP 25 QUE,Que thử đường huyết FaCare FC-M168 (TD-4216) kiểm tra nồng độ đường huyết trong máu (25 cái),trang-thiet-bi-y-te/que-thu-duong-huyet-facare-model-fcm-168-hop-25-que.html,260000.0,Hộp,đ,https://cdn.nhathuoclongchau.com.vn/unsafe/https://cms-prod.s3-sgn09.fptcloud.com/1_017d165752.jpg,Kim loại ,,URIGHT & FACARE,Hộp 25 Cái,"Thiết bị y tế | Dụng cụ theo dõi | Máy, que thử đường huyết",trang-thiet-bi-y-te | trang-thiet-bi-y-te/dung-cu-theo-doi | trang-thiet-bi-y-te/may-que-thu-duong-huyet,True,True,50,0,https://nhathuoclongchau.com.vn/trang-thiet-bi-y-te/que-thu-duong-huyet-facare-model-fcm-168-hop-25-que.html,trang-thiet-bi-y-te,300
388,00501786,MÁY ĐO 5 IN 1 FACARE FC-M168 (BLUETOOTH),"Máy đo 5 in 1 FaCare+ FC-M168 (TD-4216) Bluetooth hỗ trợ đo Cholesterol, Acid Uric, Glucose ",trang-thiet-bi-y-te/may-do-5-in-1-facare-td-4216-and-fc-m168-bluetooth.html,850000.0,Hộp,đ,https://cdn.nhathuoclongchau.com.vn/unsafe/https://cms-prod.s3-sgn09.fptcloud.com/IMG_0376_8f5121a188.jpg,Nhựa ,,FACARE,Hộp,"Thiết bị y tế | Dụng cụ theo dõi | Máy, que thử đường huyết",trang-thiet-bi-y-te | trang-thiet-bi-y-te/dung-cu-theo-doi | trang-thiet-bi-y-te/may-que-thu-duong-huyet,True,True,50,0,https://nhathuoclongchau.com.vn/trang-thiet-bi-y-te/may-do-5-in-1-facare-td-4216-and-fc-m168-bluetooth.html,trang-thiet-bi-y-te,300
389,00501317,DÂY THỞ OXY AN PHÚ,Dây thở oxy An Phú dùng để truyền oxy cho người bệnh,trang-thiet-bi-y-te/day-tho-oxy-an-phu.html,5500.0,Cái,đ,https://cdn.nhathuoclongchau.com.vn/unsafe/https://cms-prod.s3-sgn09.fptcloud.com/DSC_09691_c418e647fd.jpg,Nhựa PVC không mùi ,,An Phú,Cái,Thiết bị y tế | Dụng cụ y tế,trang-thiet-bi-y-te | trang-thiet-bi-y-te/dung-cu-y-te,True,True,50,0,https://nhathuoclongchau.com.vn/trang-thiet-bi-y-te/day-tho-oxy-an-phu.html,trang-thiet-bi-y-te,300
390,00501122,PEN GẮP VẾT THƯƠNG CONG KHÔNG MẤU SIZE 18CM,"Pen gắp cong không mấu Electro Bismed  dùng kẹp bông băng, băng gạc rửa vết thương (1 cái x 18cm)",trang-thiet-bi-y-te/pen-gap-vet-thuong-cong-khong-mau-size-18cm-35277.html,30000.0,Cái,đ,https://cdn.nhathuoclongchau.com.vn/unsafe/https://cms-prod.s3-sgn09.fptcloud.com/00501122_pen_gap_vet_thuong_cong_khong_mau_size_18cm_5077_62d4_large_44458ac76f.jpg,Kim loại ,,Electro Bismed,Cái,Thiết bị y tế | Dụng cụ y tế | Các dụng cụ và sản phẩm khác,trang-thiet-bi-y-te | trang-thiet-bi-y-te/dung-cu-y-te | trang-thiet-bi-y-te/dung-cu-khac,True,True,50,0,https://nhathuoclongchau.com.vn/trang-thiet-bi-y-te/pen-gap-vet-thuong-cong-khong-mau-size-18cm-35277.html,trang-thiet-bi-y-te,300
391,00501121,"PEN GẮP THẲNG CÓ MẤU SIZE 16CM - KẸP BÔNG BĂNG, BĂNG GẠC RỬA VẾT THƯƠNG","Pen gắp thẳng có mấu Electro Bismed dùng kẹp bông băng, băng gạc rửa vết thương (1 cái x 16cm)",trang-thiet-bi-y-te/pen-gap-thang-co-mau-size-16cm-35278.html,24000.0,Cái,đ,https://cdn.nhathuoclongchau.com.vn/unsafe/https://cms-prod.s3-sgn09.fptcloud.com/00501121_pen_gap_thang_co_mau_size_16cm_9113_62d4_large_c8ae504edb.jpg,Kim loại ,,Electro Bismed,Cái,Thiết bị y tế | Dụng cụ y tế | Các dụng cụ và sản phẩm khác,trang-thiet-bi-y-te | trang-thiet-bi-y-te/dung-cu-y-te | trang-thiet-bi-y-te/dung-cu-khac,True,True,50,0,https://nhathuoclongchau.com.vn/trang-thiet-bi-y-te/pen-gap-thang-co-mau-size-16cm-35278.html,trang-thiet-bi-y-te,300
392,00501118,"KÉO THẲNG 1 TÙ 1 NHỌN SIZE 16CM - DÙNG ĐỂ THAY BĂNG CHO BỆNH NHÂN, CẮT GÒN","Kéo thẳng 1 tù 1 nhọn Electro Bismed dùng để thay băng cho bệnh nhân, cắt gòn (16cm)",trang-thiet-bi-y-te/keo-thang-1-tu-1-nhon-size-16cm-35279.html,22000.0,Cái,đ,https://cdn.nhathuoclongchau.com.vn/unsafe/https://cms-prod.s3-sgn09.fptcloud.com/00501118_keo_thang_1_tu_1_nhon_size_16cm_5890_62d4_large_842ab90dd6.jpg,Kim loại ,,Electro Bismed,Cái,Thiết bị y tế | Dụng cụ y tế | Các dụng cụ và sản phẩm khác,trang-thiet-bi-y-te | trang-thiet-bi-y-te/dung-cu-y-te | trang-thiet-bi-y-te/dung-cu-khac,True,True,50,0,https://nhathuoclongchau.com.vn/trang-thiet-bi-y-te/keo-thang-1-tu-1-nhon-size-16cm-35279.html,trang-thiet-bi-y-te,300
393,00500757,BUỒNG ĐỆM KHÍ DUNG BH01 BIOHEALTH,Buồng đệm khí dung Inhalation Chamber BH01 220ml Biohealth đưa thuốc vào bằng đường hô hấp,trang-thiet-bi-y-te/buong-dem-khi-dung-bh-01-biohealth.html,165000.0,Hộp,đ,https://cdn.nhathuoclongchau.com.vn/unsafe/https://cms-prod.s3-sgn09.fptcloud.com/DSC_03390_49f30893cc.jpg,Nhựa ,,Biohealth,Hộp x 220ml,Thiết bị y tế | Dụng cụ y tế | Các dụng cụ và sản phẩm khác,trang-thiet-bi-y-te | trang-thiet-bi-y-te/dung-cu-y-te | trang-thiet-bi-y-te/dung-cu-khac,True,True,50,0,https://nhathuoclongchau.com.vn/trang-thiet-bi-y-te/buong-dem-khi-dung-bh-01-biohealth.html,trang-thiet-bi-y-te,300
394,00500674,PIN FUJITSU UNIVERSAL POWER ALKALINE LR03 (2B) SIZE AAA FU-W-FI - DÙNG CHO MỘT SỐ THIẾT BỊ ĐIỆN TỬ,Pin Fujitsu Alkaline LR03 (2B) FU-W-FI - AAA (Vỉ 2 cục),trang-thiet-bi-y-te/pin-fujitsu-universal-power-alkaline-lr-03-2-b-size-aaa-fu-w-fi-dung-cho-mot-so-thiet-bi-dien-tu.html,28000.0,Vỉ,đ,https://cdn.nhathuoclongchau.com.vn/unsafe/https://cms-prod.s3-sgn09.fptcloud.com/00500674_pin_fujitsu_alkaline_lr03_2b_fu_w_fi_aaa_2772_62b2_large_360d9907ea.jpg,"Chất điện phân , Kiềm ",,FUJITSU,Vỉ 2 Cục,Thiết bị y tế,trang-thiet-bi-y-te,True,True,50,0,https://nhathuoclongchau.com.vn/trang-thiet-bi-y-te/pin-fujitsu-universal-power-alkaline-lr-03-2-b-size-aaa-fu-w-fi-dung-cho-mot-so-thiet-bi-dien-tu.html,trang-thiet-bi-y-te,300
395,00500524,"NƯỚC SÚC MIỆNG DR.XIDINZ CHAI 250ML - TRỊ VIÊM HỌNG, VIÊM LỢI","Nước súc miệng Dr.Xidinz 250ml DK Pharma loại bỏ và ngăn ngừa mảng bám, làm trắng răng",trang-thiet-bi-y-te/dr-xidinz-250-ml.html,109000.0,Chai,đ,https://cdn.nhathuoclongchau.com.vn/unsafe/https://cms-prod.s3-sgn09.fptcloud.com/DSC_03008_2139d57ca9.jpg,"Chlorhexidine digluconate 0.12%, Sodium fluoride 0.05%, Manitol , propylen glycol , Glycerin , Acid acetic , Sucralose , Sodium hydroxide , Saccharin sodium , Cremophor RH40 , Riboflavin sodium phosphate , Menthol , Tinh dầu bạc hà , Fragrance , Nước tinh khiết ",Dung dịch,DK Pharma,Chai,"Thiết bị y tế | Dụng cụ sơ cứu | Cồn, nước sát trùng, nước muối",trang-thiet-bi-y-te | trang-thiet-bi-y-te/dung-cu-so-cuu | trang-thiet-bi-y-te/con-va-nuoc-sat-trung,True,True,50,0,https://nhathuoclongchau.com.vn/trang-thiet-bi-y-te/dr-xidinz-250-ml.html,trang-thiet-bi-y-te,300
396,00500437,"DUNG DỊCH RỬA VẾT THƯƠNG SUPORAN 190ML - LÀM SẠCH VẾT THƯƠNG NGOÀI DA, HỖ TRỢ PHÒNG NGỪA VIÊM, LOÉT",Dung dịch rửa vết thương Suporan 190ml CZ Pharma rửa sạch vết thương bên ngoài da,trang-thiet-bi-y-te/dung-dich-rua-vet-thuong-suporan-190-ml.html,105000.0,Hộp,đ,https://cdn.nhathuoclongchau.com.vn/unsafe/https://cms-prod.s3-sgn09.fptcloud.com/00500437_1_83e474c360.jpg,Acid Hypochlorous ,,CZ PHARMA,Hộp 1 Chai,Thiết bị y tế | Dụng cụ sơ cứu | Chăm sóc vết thương,trang-thiet-bi-y-te | trang-thiet-bi-y-te/dung-cu-so-cuu | trang-thiet-bi-y-te/cham-soc-vet-thuong,True,True,50,0,https://nhathuoclongchau.com.vn/trang-thiet-bi-y-te/dung-dich-rua-vet-thuong-suporan-190-ml.html,trang-thiet-bi-y-te,300
397,00500343,BỘT NHUẬN TRÀNG BUONA PEGINPOL 100G - CẢI THIỆN TÌNH TRẠNG TÁO BÓN CHO TRẺ TỪ 6 THÁNG TUỔI,Bột nhuận tràng PEGinpol Buona cải thiện tình trạng táo bón cho trẻ (100g),trang-thiet-bi-y-te/bot-nhuan-trang-peginpol-buona-100-g.html,265000.0,Hộp,đ,https://cdn.nhathuoclongchau.com.vn/unsafe/https://cms-prod.s3-sgn09.fptcloud.com/pegimpol_1_0a9ea101eb.png,Polyethylenglycol 3350 ,,Buona,Hộp 1 Lọ,Thiết bị y tế,trang-thiet-bi-y-te,True,True,50,0,https://nhathuoclongchau.com.vn/trang-thiet-bi-y-te/bot-nhuan-trang-peginpol-buona-100-g.html,trang-thiet-bi-y-te,300
398,00500253,"ĐAI THẮT LƯNG CAO CẤP OLUMBA SIZE XL HỖ TRỢ GIẢM ĐAU, CỐ ĐỊNH CỘT SỐNG",Đai thắt lưng cao cấp Olumba Size XL dự phòng tổn thương cột sống thắt lưng,trang-thiet-bi-y-te/dai-that-lung-cao-cap-olumba-size-xl-1.html,300000.0,Hộp,đ,https://cdn.nhathuoclongchau.com.vn/unsafe/https://cms-prod.s3-sgn09.fptcloud.com/DSC_03276_a166133c91.jpg,Vải ,,Olumba,Hộp,Thiết bị y tế | Dụng cụ y tế | Đai lưng,trang-thiet-bi-y-te | trang-thiet-bi-y-te/dung-cu-y-te | trang-thiet-bi-y-te/dai-lung,True,True,50,0,https://nhathuoclongchau.com.vn/trang-thiet-bi-y-te/dai-that-lung-cao-cap-olumba-size-xl-1.html,trang-thiet-bi-y-te,300
399,00500231,QUE THỬ ĐƯỜNG HUYẾT ACCU CHEK GUIDE 50 QUE,Que thử dùng cho máy đo đường huyết Accu-Chek Guide (50 que),trang-thiet-bi-y-te/que-thu-duong-huyet-accu-chek-guide-50-que.html,550000.0,Hộp,đ,https://cdn.nhathuoclongchau.com.vn/unsafe/https://cms-prod.s3-sgn09.fptcloud.com/DSC_02827_198cbd7863.jpg,Que thử đường huyết ,,Accu-Chek,Hộp 50 Cái,"Thiết bị y tế | Dụng cụ theo dõi | Máy, que thử đường huyết",trang-thiet-bi-y-te | trang-thiet-bi-y-te/dung-cu-theo-doi | trang-thiet-bi-y-te/may-que-thu-duong-huyet,True,True,50,0,https://nhathuoclongchau.com.vn/trang-thiet-bi-y-te/que-thu-duong-huyet-accu-chek-guide-50-que.html,trang-thiet-bi-y-te,300
400,00500152,MUỐI RỬA MŨI BAO GỒM BÌNH SRK SALTMAX 10 GÓI + 1 BÌNH,Muối rửa mũi SRK Saltmax kèm bình được sử dụng để vệ sinh mũi (10 gói + 1 bình),trang-thiet-bi-y-te/muoi-rua-mui-bao-gom-binh-srk-saltmax-10-goi-1-binh.html,160000.0,Hộp,đ,https://cdn.nhathuoclongchau.com.vn/unsafe/https://cms-prod.s3-sgn09.fptcloud.com/srk_56e6cbc1f9.jpg,"Sodium Chloride 2.144g, Sodium bicarbonate 1mg",,VIỆT SINH PHARMA,Hộp 10 Gói,Thiết bị y tế | Dụng cụ y tế | Dụng cụ vệ sinh mũi,trang-thiet-bi-y-te | trang-thiet-bi-y-te/dung-cu-y-te | trang-thiet-bi-y-te/dung-cu-ve-sinh-mui,True,True,50,0,https://nhathuoclongchau.com.vn/trang-thiet-bi-y-te/muoi-rua-mui-bao-gom-binh-srk-saltmax-10-goi-1-binh.html,trang-thiet-bi-y-te,300
401,00500050,QUE THỬ ĐƯỜNG HUYẾT ON CALL EXTRA 25 CÁI,Que thử đường huyết On Call Extra (25 cái),trang-thiet-bi-y-te/que-thu-duong-huyet-on-call-extra-25-cai.html,231000.0,Hộp,đ,https://cdn.nhathuoclongchau.com.vn/unsafe/https://cms-prod.s3-sgn09.fptcloud.com/00500050_e301c373e7.png,Que thử đường huyết ,,ACON,Hộp 25 Cái,"Thiết bị y tế | Dụng cụ theo dõi | Máy, que thử đường huyết",trang-thiet-bi-y-te | trang-thiet-bi-y-te/dung-cu-theo-doi | trang-thiet-bi-y-te/may-que-thu-duong-huyet,True,True,50,0,https://nhathuoclongchau.com.vn/trang-thiet-bi-y-te/que-thu-duong-huyet-on-call-extra-25-cai.html,trang-thiet-bi-y-te,400
402,00033683,KEM GIẢM ĐAU THẦN KINH NGOẠI BIÊN ALGONERV CREMA HOÀNG SƠN 75ML,"Kem bôi Algonerv Crema 75ml giảm đau thần kinh Zona, hiệu quả trong 3 - 5 ngày ",trang-thiet-bi-y-te/kem-giam-dau-than-kinh-ngoai-bien-algonerv-crema-hoang-son-75-ml.html,550000.0,Tuýp,đ,https://cdn.nhathuoclongchau.com.vn/unsafe/https://cms-prod.s3-sgn09.fptcloud.com/00033683_d097a5d162.jpg,"Aqua , cthoxydiglycol , Peg-5 rapeseed sterol , Stearic acid , Cetearyl Alcohol , Adelmidrol , Glyceryl stearate , Sodium PCA , capsicum fruttescens extract , Carbomer , triethanolamine , Dichlorobenzyl alcohol , 2-Bromo-2-nitropropane-1,3-diol ",,Epitech Group S.p.A,Tuýp,Thiết bị y tế | Dụng cụ y tế,trang-thiet-bi-y-te | trang-thiet-bi-y-te/dung-cu-y-te,True,True,50,0,https://nhathuoclongchau.com.vn/trang-thiet-bi-y-te/kem-giam-dau-than-kinh-ngoai-bien-algonerv-crema-hoang-son-75-ml.html,trang-thiet-bi-y-te,400
403,00033565,MÁY ĐO NỒNG ĐỘ OXY TRONG MÁU SPO2 METECH - PC - 60A,Máy đo nồng độ oxy trong máu SpO2 Metech - PC - 60A hỗ trợ đo nhanh chóng và chính xác,trang-thiet-bi-y-te/may-do-nong-do-oxy-trong-mau-spo2-metech-pc-60a-33657.html,399000.0,Hộp,đ,https://cdn.nhathuoclongchau.com.vn/unsafe/https://cms-prod.s3-sgn09.fptcloud.com/00033565_may_do_nong_do_oxy_trong_mau_spo2_metech_pc_60a_8247_622e_large_5c80f1de14.jpg,Nhựa ,,Creative Medical,Hộp,Thiết bị y tế | Dụng cụ theo dõi | Máy đo SpO2,trang-thiet-bi-y-te | trang-thiet-bi-y-te/dung-cu-theo-doi | trang-thiet-bi-y-te/may-do-sp-o2,True,True,50,0,https://nhathuoclongchau.com.vn/trang-thiet-bi-y-te/may-do-nong-do-oxy-trong-mau-spo2-metech-pc-60a-33657.html,trang-thiet-bi-y-te,400
404,00033526,MÁY ĐO NỒNG ĐỘ OXY TRONG MÁU SPO2 JUMPER JPD 500E LED,Máy đo nồng độ oxy trong máu Jumper JPD 500E Led thiết kế nhỏ gọn và sử dụng dễ dàng,trang-thiet-bi-y-te/may-do-nong-do-oxy-trong-mau-spo2-jumper-jpd-500e-led-33631.html,490000.0,Cái,đ,https://cdn.nhathuoclongchau.com.vn/unsafe/https://cms-prod.s3-sgn09.fptcloud.com/00033526_may_do_nong_do_oxy_trong_mau_spo2_jumper_jpd_500e_led_4383_6228_large_f1ce5b9570.jpg,Nhựa ,,Jumper,Cái,Thiết bị y tế | Dụng cụ theo dõi | Máy đo SpO2,trang-thiet-bi-y-te | trang-thiet-bi-y-te/dung-cu-theo-doi | trang-thiet-bi-y-te/may-do-sp-o2,True,True,50,0,https://nhathuoclongchau.com.vn/trang-thiet-bi-y-te/may-do-nong-do-oxy-trong-mau-spo2-jumper-jpd-500e-led-33631.html,trang-thiet-bi-y-te,400
405,00033321,COMBO TEST ĐƯỜNG HUYẾT EASY MAX,"Combo đo đường huyết Easy Max cho kết quả nồng độ glucose trong máu nhanh, chính xác",trang-thiet-bi-y-te/combo-do-duong-huyet-easy-max-33432.html,5000.0,Kít,đ,https://cdn.nhathuoclongchau.com.vn/unsafe/https://cms-prod.s3-sgn09.fptcloud.com/6_5cb1239d32.png,,,Easymax,Kít,"Thiết bị y tế | Dụng cụ theo dõi | Máy, que thử đường huyết",trang-thiet-bi-y-te | trang-thiet-bi-y-te/dung-cu-theo-doi | trang-thiet-bi-y-te/may-que-thu-duong-huyet,True,True,50,0,https://nhathuoclongchau.com.vn/trang-thiet-bi-y-te/combo-do-duong-huyet-easy-max-33432.html,trang-thiet-bi-y-te,400
406,00033350,"DUNG DỊCH VÔ TRÙNG DÙNG CHO MẮT HYCOB COC FARMACEUTICI 10ML - GIÚP BÔI TRƠN, TẠO ĐỘ ẨM CHO MẮT","Dung dịch nhãn khoa Hycob 10ml Sun Medical bôi trơn, tạo độ ẩm cho mắt",trang-thiet-bi-y-te/hycob-10-ml-sun-medical.html,240000.0,Hộp,đ,https://cdn.nhathuoclongchau.com.vn/unsafe/https://cms-prod.s3-sgn09.fptcloud.com/DSC_00164_6426a1f90c.png,"Natri Hyaluronate , Rosmarinic Acid , Allantoin , hydroxypropyl methylcellulose , Glycerin thực vật , Vitamin B12 , Natri chloride , Natri phosphate dibasic dodecahydrate ",Dung dịch nhỏ mắt,COC Farmaceutici,Hộp 1 Chai,Thiết bị y tế | Dụng cụ y tế,trang-thiet-bi-y-te | trang-thiet-bi-y-te/dung-cu-y-te,True,True,50,0,https://nhathuoclongchau.com.vn/trang-thiet-bi-y-te/hycob-10-ml-sun-medical.html,trang-thiet-bi-y-te,400
407,00033220,BÌNH XỊT MŨI KHÁNG VIRUS VIRALEZE 10ML,Bình xịt mũi Viraleze kháng virus gây bệnh đường hô hấp (10ml),trang-thiet-bi-y-te/binh-xit-mui-khang-virus-viraleze-10ml-33337.html,265000.0,Hộp,đ,https://cdn.nhathuoclongchau.com.vn/unsafe/https://cms-prod.s3-sgn09.fptcloud.com/00033220_binh_xit_mui_khang_virus_viraleze_10ml_8693_61df_large_1f01cb9ee6.jpg,"Purified water , Astodrimer , Glycerol , Natri hydroxide , Propylene glycol , carbomer homopolymer type b ",,Viraleze,Hộp x 10ml,Thiết bị y tế | Dụng cụ y tế | Dụng cụ vệ sinh mũi,trang-thiet-bi-y-te | trang-thiet-bi-y-te/dung-cu-y-te | trang-thiet-bi-y-te/dung-cu-ve-sinh-mui,True,True,50,0,https://nhathuoclongchau.com.vn/trang-thiet-bi-y-te/binh-xit-mui-khang-virus-viraleze-10ml-33337.html,trang-thiet-bi-y-te,400
408,00033219,MÁY ĐO NỒNG ĐỘ OXY TRONG MÁU SPO2 JUMPER JPD 500D OLED,Máy đo nồng độ oxy trong máu Jumper JPD 500D Oled thiết kế nhỏ gọn và sử dụng dễ dàng,trang-thiet-bi-y-te/may-do-nong-do-oxy-trong-mau-spo2-jumper-jpd-500d-oled-33335.html,525000.0,Cái,đ,https://cdn.nhathuoclongchau.com.vn/unsafe/https://cms-prod.s3-sgn09.fptcloud.com/00033219_may_do_nong_do_oxy_trong_mau_spo2_jumper_jpd_500d_oled_6496_61df_large_7c408421ee.jpg,Nhựa ,,Jumper,Cái,Thiết bị y tế | Dụng cụ theo dõi | Máy đo SpO2,trang-thiet-bi-y-te | trang-thiet-bi-y-te/dung-cu-theo-doi | trang-thiet-bi-y-te/may-do-sp-o2,True,True,50,0,https://nhathuoclongchau.com.vn/trang-thiet-bi-y-te/may-do-nong-do-oxy-trong-mau-spo2-jumper-jpd-500d-oled-33335.html,trang-thiet-bi-y-te,400
409,00033022,MŨ TRÙM ĐẦU Y TẾ 100 CHIẾC,"Mũ Trùm Đầu Y Tế ngăn ngừa lây nhiễm chéo vi khuẩn, virus (100 chiếc)",trang-thiet-bi-y-te/mu-trum-dau-y-te-100-chiec-33141.html,55000.0,Bịch,đ,https://cdn.nhathuoclongchau.com.vn/unsafe/https://cms-prod.s3-sgn09.fptcloud.com/00033022_mu_trum_dau_y_te_100_chiec_3560_61b6_large_9d1cbaf10f.jpg,Nilon ,,SINTRUE PT,Bịch 100 Chiếc,Thiết bị y tế | Dụng cụ y tế,trang-thiet-bi-y-te | trang-thiet-bi-y-te/dung-cu-y-te,True,True,50,0,https://nhathuoclongchau.com.vn/trang-thiet-bi-y-te/mu-trum-dau-y-te-100-chiec-33141.html,trang-thiet-bi-y-te,400
410,00032926,KHẨU TRANG TRẺ EM UNICHARM 3D MASK KIDS ĐA LỚP (MÀU TRẮNG) 5 CÁI - NGĂN NGỪA BỤI MỊN PM 2.5 (DÙNG CHO TRẺ TỪ 3 - 9 TUỔI),"Khẩu trang trẻ em 3D mask Kids Unicharm ngăn khói bụi, bụi mịn PM 2.5 (5 cái)",trang-thiet-bi-y-te/khau-trang-3d-mask-kids-unicharm-goi-5-cai-33038.html,25000.0,Gói,đ,https://cdn.nhathuoclongchau.com.vn/unsafe/https://cms-prod.s3-sgn09.fptcloud.com/00032926_khau_trang_3d_mask_kids_unicharm_goi_5_cai_5276_62b4_large_a3f64ee9bf.jpg,"Quai thun , Lớp lọc ",,Unicharm,Gói,Thiết bị y tế | Khẩu trang | Khẩu trang y tế,trang-thiet-bi-y-te | trang-thiet-bi-y-te/khau-trang | trang-thiet-bi-y-te/khau-trang-y-te,True,True,50,0,https://nhathuoclongchau.com.vn/trang-thiet-bi-y-te/khau-trang-3d-mask-kids-unicharm-goi-5-cai-33038.html,trang-thiet-bi-y-te,400
411,00032851,ONETOUCH SELECT PLUS 25 QUE - QUE THỬ ĐƯỜNG HUYẾT,Que thử đường huyết Onetouch Select Plus (25 que),trang-thiet-bi-y-te/onetouch-select-plus-25-que-que-thu-duong-huyet-32971.html,240000.0,Hộp,đ,https://cdn.nhathuoclongchau.com.vn/unsafe/https://cms-prod.s3-sgn09.fptcloud.com/00032851_onetouch_select_plus_25_que_que_thu_duong_huyet_5719_619b_large_3fd7e3feb5.jpg,Nhựa ,,Onetouch,Hộp 25 Cái,"Thiết bị y tế | Dụng cụ theo dõi | Máy, que thử đường huyết",trang-thiet-bi-y-te | trang-thiet-bi-y-te/dung-cu-theo-doi | trang-thiet-bi-y-te/may-que-thu-duong-huyet,True,True,50,0,https://nhathuoclongchau.com.vn/trang-thiet-bi-y-te/onetouch-select-plus-25-que-que-thu-duong-huyet-32971.html,trang-thiet-bi-y-te,400
412,00009800,"DUNG DỊCH XỊT MŨI XYPENAT 30ML - DÙNG TRONG NGHẸT MŨI, BỊ CẢM, VIÊM XOANG, VIÊM MŨI DỊ ỨNG","Dung dịch xịt mũi Xypenat 30ml dùng trong nghẹt mũi, bị cảm, viêm xoang, viêm mũi dị ứng",trang-thiet-bi-y-te/xypenat-30ml-1485.html,38000.0,Chai,đ,https://cdn.nhathuoclongchau.com.vn/unsafe/https://cms-prod.s3-sgn09.fptcloud.com/00009800_xypenat_30ml_2211_5b69_large_71fd27258a.JPG,Nước biển sâu ,,Merap,Chai x 30ml,Thiết bị y tế | Dụng cụ y tế | Dụng cụ vệ sinh mũi,trang-thiet-bi-y-te | trang-thiet-bi-y-te/dung-cu-y-te | trang-thiet-bi-y-te/dung-cu-ve-sinh-mui,True,True,50,0,https://nhathuoclongchau.com.vn/trang-thiet-bi-y-te/xypenat-30ml-1485.html,trang-thiet-bi-y-te,400
413,00009733,"HỖN HỢP PHA DD RỬA MŨI NEILMED SINUS RINSE ALL NATURAL SINUS RELIEF 120 GÓI - LÀM SẠCH VÀ NGĂNG NGỪA VIÊM XOANG, VIÊM MŨI DỊ ỨNG",Gói hỗn hợp pha dung dịch rửa mũi NeilMed Sinus Rinse giảm và ngăn ngừa các chứng viêm mũi dị ứng (120 gói),trang-thiet-bi-y-te/neilmed-sinus-rinse-all-natural-relief-120-goi-muoi-rua-mui-xoang-cho-tre-tu-10-tuoi-1510.html,681000.0,Hộp,đ,https://cdn.nhathuoclongchau.com.vn/unsafe/https://cms-prod.s3-sgn09.fptcloud.com/00009733_hon_hop_rua_mui_neilmed120_sachets_3964_62b5_large_62f6144e5f.jpg,"Sodium bicarbonate , Sodium Chloride ",,NEILMED,Hộp 120 gói,Thiết bị y tế | Dụng cụ y tế | Dụng cụ vệ sinh mũi,trang-thiet-bi-y-te | trang-thiet-bi-y-te/dung-cu-y-te | trang-thiet-bi-y-te/dung-cu-ve-sinh-mui,True,True,50,0,https://nhathuoclongchau.com.vn/trang-thiet-bi-y-te/neilmed-sinus-rinse-all-natural-relief-120-goi-muoi-rua-mui-xoang-cho-tre-tu-10-tuoi-1510.html,trang-thiet-bi-y-te,400
414,00009732,NEILMED PEDIATRIC STARTER KIT 1 BÌNH +30 GÓI - BỘ RỬA MŨI XOANG CHO TRẺ 4-10 TUỔI,Bộ vệ sinh mũi 1 bình + 30 gói NeilMed Sinus Rinse Kids vệ sinh mũi xoang cho trẻ ,trang-thiet-bi-y-te/neilmed-pediatric-starter-kit-1-binh-30-goi-bo-rua-mui-xoang-cho-tre-4-10-tuoi-1511.html,437000.0,Hộp,đ,https://cdn.nhathuoclongchau.com.vn/unsafe/https://cms-prod.s3-sgn09.fptcloud.com/DSC_02549_ea1cdcebc0.jpg,"Sodium bicarbonate , Sodium Chloride ",,NEILMED,Hộp,Thiết bị y tế | Dụng cụ y tế | Dụng cụ vệ sinh mũi,trang-thiet-bi-y-te | trang-thiet-bi-y-te/dung-cu-y-te | trang-thiet-bi-y-te/dung-cu-ve-sinh-mui,True,True,50,0,https://nhathuoclongchau.com.vn/trang-thiet-bi-y-te/neilmed-pediatric-starter-kit-1-binh-30-goi-bo-rua-mui-xoang-cho-tre-4-10-tuoi-1511.html,trang-thiet-bi-y-te,400
415,00009555,DUNG DỊCH XỊT MŨI STERIMAR BLOCKED NOSE 50ML - HỖ TRỢ ĐIỀU TRỊ NGHẸT MŨI CHO TRẺ EM TỪ 3 TUỔI - NGƯỜI LỚN,"Dung dịch xịt mũi Stérimar Nez Bouché Blocked Nose 50ml làm sạch, loại bỏ bụi bẩn dành cho trẻ từ 3 tuổi - người lớn",trang-thiet-bi-y-te/sterimar-cuivre-1566.html,115000.0,Chai,đ,https://cdn.nhathuoclongchau.com.vn/unsafe/https://cms-prod.s3-sgn09.fptcloud.com/00009555_sterimar_cuivre_5011_5fff_large_90bb62f3e1.JPG,"Nước biển sâu 75ml, Nước tinh khiết , Muối Đồng Pentahydrate , Muối Mangan Monohydrate ",,Hyphens,Chai x 50ml,Thiết bị y tế | Dụng cụ y tế | Dụng cụ vệ sinh mũi,trang-thiet-bi-y-te | trang-thiet-bi-y-te/dung-cu-y-te | trang-thiet-bi-y-te/dung-cu-ve-sinh-mui,True,True,50,0,https://nhathuoclongchau.com.vn/trang-thiet-bi-y-te/sterimar-cuivre-1566.html,trang-thiet-bi-y-te,400
416,00009553,DUNG DỊCH XỊT MŨI STERIMAR ALLERGIC NOSE 50ML - HỖ TRỢ ĐIỀU TRỊ  VIÊM MŨI DỊ ỨNG CHO TRẺ EM TỪ 6 THÁNG - NGƯỜI LỚN,Dung dịch xịt mũi Stérimar Allergic Nose 50ml hỗ trợ điều trị viêm mũi dị ứng cho trẻ từ 6 tháng - người lớn,trang-thiet-bi-y-te/sterimar-mn-1568.html,120000.0,Chai,đ,https://cdn.nhathuoclongchau.com.vn/unsafe/https://cms-prod.s3-sgn09.fptcloud.com/00009553_sterimar_mn_9819_5fff_large_540b6eee88.JPG,"Nước biển 31.82ml, Nước tinh khiết , Muối Mangan Monohydrate ",,Hyphens,Chai x 50ml,Thiết bị y tế | Dụng cụ y tế | Dụng cụ vệ sinh mũi,trang-thiet-bi-y-te | trang-thiet-bi-y-te/dung-cu-y-te | trang-thiet-bi-y-te/dung-cu-ve-sinh-mui,True,True,50,0,https://nhathuoclongchau.com.vn/trang-thiet-bi-y-te/sterimar-mn-1568.html,trang-thiet-bi-y-te,400
417,00009552,"DUNG DỊCH XỊT MŨI STERIMAR NOSE PRONE TO COLDS 50ML - HỖ TRỢ ĐIỀU TRỊ VIÊM MŨI NHIỄM KHUẨN, CẢM LẠNH CHO TRẺ TỪ 6 THÁNG - NGƯỜI LỚN","Dung dịch xịt mũi Stérimar Nose Prone To Colds 50ml làm sạch, loại bỏ bụi bẩn niêm mạc mũi cho trẻ từ 6 tháng - người lớn",trang-thiet-bi-y-te/sterimar-blocked-nose-cu-1569.html,115000.0,Chai,đ,https://cdn.nhathuoclongchau.com.vn/unsafe/https://cms-prod.s3-sgn09.fptcloud.com/00009552_sterimar_blocked_nose_cu_8675_6033_large_6972b24e58.JPG,"Nước biển sâu 15.92ml, Nước tinh khiết , Muối Đồng Pentahydrate , Muối Mangan Monohydrate ",,Hyphens,Chai x 50ml,Thiết bị y tế | Dụng cụ y tế | Dụng cụ vệ sinh mũi,trang-thiet-bi-y-te | trang-thiet-bi-y-te/dung-cu-y-te | trang-thiet-bi-y-te/dung-cu-ve-sinh-mui,True,True,50,0,https://nhathuoclongchau.com.vn/trang-thiet-bi-y-te/sterimar-blocked-nose-cu-1569.html,trang-thiet-bi-y-te,400
418,00009510,NEILMED SINUS RINSE KIDS 120 GÓI - MUỐI RỬA MŨI XOANG CHO TRẺ 4-10 TUỔI,Muối rửa mũi Neilmed Sinus Rinse Kids giảm và ngăn ngừa các chứng viêm mũi dị ứng cho trẻ (120 gói),trang-thiet-bi-y-te/nellmed-sinus-rinse-kids-120-goi-1579.html,5675.0,Gói,đ,https://cdn.nhathuoclongchau.com.vn/unsafe/https://cms-prod.s3-sgn09.fptcloud.com/DSC_09307_00c30b04db.jpg,"Sodium bicarbonate , Sodium Chloride ",,NEILMED,Hộp 120 Gói,Thiết bị y tế | Dụng cụ y tế | Dụng cụ vệ sinh mũi,trang-thiet-bi-y-te | trang-thiet-bi-y-te/dung-cu-y-te | trang-thiet-bi-y-te/dung-cu-ve-sinh-mui,True,True,50,0,https://nhathuoclongchau.com.vn/trang-thiet-bi-y-te/nellmed-sinus-rinse-kids-120-goi-1579.html,trang-thiet-bi-y-te,400
419,00009509,"BỘ RỬA MŨI NEILMED SINUS RINSE ALL NATURAL SINUS RELIEF 1 BÌNH + 10 GÓI - LÀM SẠCH VÀ NGĂN NGỪA VIÊM XOANG, VIÊM MŨI DỊ ỨNG",Bộ dụng cụ 1 bình + 10 gói bột rửa mũi NeilMed Sinus Rinse làm sạch và ngăn ngừa chứng viêm mũi dị ứng,trang-thiet-bi-y-te/dung-cu-rua-mui-neilmed-kid10-1580.html,336000.0,Hộp,đ,https://cdn.nhathuoclongchau.com.vn/unsafe/https://cms-prod.s3-sgn09.fptcloud.com/00009509_dung_cu_rua_mui_neilmed_kid10_5553_6327_large_4f837a11c4.jpg,"Sodium bicarbonate , Sodium Chloride ",,NEILMED,Hộp,Thiết bị y tế | Dụng cụ y tế | Dụng cụ vệ sinh mũi,trang-thiet-bi-y-te | trang-thiet-bi-y-te/dung-cu-y-te | trang-thiet-bi-y-te/dung-cu-ve-sinh-mui,True,True,50,0,https://nhathuoclongchau.com.vn/trang-thiet-bi-y-te/dung-cu-rua-mui-neilmed-kid10-1580.html,trang-thiet-bi-y-te,400
420,00008407,GEL BÔI HẬU MÔN HEMOCLIN TRIMB HEALTHCARE 37G - PHÒNG NGỪA BỆNH TRĨ VÀ NỨT HẬU MÔN,Gel bôi trĩ Hemoclin điều trị và phòng ngừa các khó chịu ở hậu môn (37g),trang-thiet-bi-y-te/hemoclin-1611.html,357000.0,Tuýp,đ,https://cdn.nhathuoclongchau.com.vn/unsafe/https://cms-prod.s3-sgn09.fptcloud.com/00008407_hemoclin_2438_6327_large_70a32df1af.jpg,"Sodium hydroxide , Betaine , Laureth-9 , Phenoxyethanol , Potassium phosphate , Nước (aqua) , Xanthan gum , Peg-8 , Bio-active 2QR (Aloe Barbadensis gel) , Ethyl-hexylglycerin , Crospolymer , Galactoarabinan Polyglucoronic Acid , Barbadensis ",,Hemoclin,Tuýp x 37g,Thiết bị y tế | Dụng cụ y tế | Các dụng cụ và sản phẩm khác,trang-thiet-bi-y-te | trang-thiet-bi-y-te/dung-cu-y-te | trang-thiet-bi-y-te/dung-cu-khac,True,True,50,0,https://nhathuoclongchau.com.vn/trang-thiet-bi-y-te/hemoclin-1611.html,trang-thiet-bi-y-te,400
421,00003830,DUNG DỊCH XỊT MŨI HUMER 150 NASAL HYGIENE ADULTE 150ML - DÙNG CHO NGƯỜI LỚN TRÊN 15 TUỔI,Dung dịch xịt mũi Humer 150 Nose Hygiene Urgo dùng để vệ sinh khoang mũi,trang-thiet-bi-y-te/humer-adulte-150ml-3454.html,160000.0,Chai,đ,https://cdn.nhathuoclongchau.com.vn/unsafe/https://cms-prod.s3-sgn09.fptcloud.com/DSC_00059_5918248779.jpg,Nước biển sâu 100%,Dạng xịt,Urgo,Chai x 150ml,Thiết bị y tế | Dụng cụ y tế | Dụng cụ vệ sinh mũi,trang-thiet-bi-y-te | trang-thiet-bi-y-te/dung-cu-y-te | trang-thiet-bi-y-te/dung-cu-ve-sinh-mui,True,True,50,0,https://nhathuoclongchau.com.vn/trang-thiet-bi-y-te/humer-adulte-150ml-3454.html,trang-thiet-bi-y-te,400
422,00016389,BĂNG THUN Y TẾ BẢO THẠCH 0.075X3M - 10 CUỘN,"Băng thun y tế 0.075m x 3m Bảo Thạch dùng để băng nén ép cầm máu, cố định khớp (10 cuộn)",trang-thiet-bi-y-te/bang-thun-y-te-bao-thach-0075x3m-10-cuon-14312.html,10500.0,Cuộn,đ,https://cdn.nhathuoclongchau.com.vn/unsafe/https://cms-prod.s3-sgn09.fptcloud.com/00016389_bang_thun_y_te_0075x3m_bao_thach_6935_60b9_large_69db9cf79b.jpg,"Cao su thiên nhiên , Polyester ",,Bảo Thạch,Lốc 10 Cuộn,Thiết bị y tế | Dụng cụ sơ cứu | Băng y tế,trang-thiet-bi-y-te | trang-thiet-bi-y-te/dung-cu-so-cuu | trang-thiet-bi-y-te/bang-y-te,True,True,50,0,https://nhathuoclongchau.com.vn/trang-thiet-bi-y-te/bang-thun-y-te-bao-thach-0075x3m-10-cuon-14312.html,trang-thiet-bi-y-te,400
423,00016363,BÓ GỐI KNEE SUPPORT 916 HỖ TRỢ BẢO VỆ VÙNG ĐẦU GỐI,Bó gối Knee support 916 Vantelin hỗ trợ bảo vệ vùng đầu gối,trang-thiet-bi-y-te/bo-goi-knee-support-size-m-14337.html,66000.0,Hộp,đ,https://cdn.nhathuoclongchau.com.vn/unsafe/https://cms-prod.s3-sgn09.fptcloud.com/knee_e17feb8a81.jpg,Vải ,,PT Medical,Hộp,Thiết bị y tế | Dụng cụ y tế,trang-thiet-bi-y-te | trang-thiet-bi-y-te/dung-cu-y-te,True,True,50,0,https://nhathuoclongchau.com.vn/trang-thiet-bi-y-te/bo-goi-knee-support-size-m-14337.html,trang-thiet-bi-y-te,400
424,00016346,BĂNG THUN GỐI H1 MÀU ĐEN SIZE S/M ORBE HỖ TRỢ VẬN ĐỘNG KHI CHƠI THỂ THAO,Băng thun gối H1 màu đen size S/M Orbe hỗ trợ vận động khi chơi thể thao,trang-thiet-bi-y-te/bang-thun-goi-h1-mau-den-size-sm-orbe-14354.html,157000.0,Hộp,đ,https://cdn.nhathuoclongchau.com.vn/unsafe/https://cms-prod.s3-sgn09.fptcloud.com/DSC_03232_e8569fa007.jpg,Vải ,,ORBE,Hộp,Thiết bị y tế | Dụng cụ sơ cứu | Băng y tế,trang-thiet-bi-y-te | trang-thiet-bi-y-te/dung-cu-so-cuu | trang-thiet-bi-y-te/bang-y-te,True,True,50,0,https://nhathuoclongchau.com.vn/trang-thiet-bi-y-te/bang-thun-goi-h1-mau-den-size-sm-orbe-14354.html,trang-thiet-bi-y-te,400
425,00016264,"HỖN HỢP PHA DD RỬA MŨI RINORIN CARE & PROTECT THE RHINOSINUS 2.4G X 30 GÓI - CHĂM SÓC VÀ BẢO VỆ MŨI XOANG, VIÊM MŨI DỊ ỨNG",Hỗn hợp rửa mũi Rinorin chăm sóc và bảo vệ mũi xoang (30 gói),trang-thiet-bi-y-te/rinorin-30-goi-14432.html,4500.0,Gói,đ,https://cdn.nhathuoclongchau.com.vn/unsafe/https://cms-prod.s3-sgn09.fptcloud.com/00016264_rinorin_30_goi_7968_62ad_large_3e88d8567a.jpg,"Sodium Chloride  , Sodium Citrate  , Sodium bicarbonate  , Citric Acid  ",,Rinorin,Hộp 30 gói,Thiết bị y tế | Dụng cụ y tế | Dụng cụ vệ sinh mũi,trang-thiet-bi-y-te | trang-thiet-bi-y-te/dung-cu-y-te | trang-thiet-bi-y-te/dung-cu-ve-sinh-mui,True,True,50,0,https://nhathuoclongchau.com.vn/trang-thiet-bi-y-te/rinorin-30-goi-14432.html,trang-thiet-bi-y-te,400
426,00016077,KIM LUỒN 18G PRIMAFLON LAMED DỄ DÀNG TIÊM XUYÊN QUA DA VÀ THÀNH MẠCH,Kim luồn 18g Primaflon Lamed dễ dàng tiêm xuyên qua da và thành mạch (1 cây),trang-thiet-bi-y-te/kim-luon-18-14619.html,3000.0,Cây,đ,https://cdn.nhathuoclongchau.com.vn/unsafe/https://cms-prod.s3-sgn09.fptcloud.com/DSC_00553_97151d8f1f.jpg,Kim loại ,,Lamed,Cây,Thiết bị y tế | Dụng cụ y tế | Kim các loại,trang-thiet-bi-y-te | trang-thiet-bi-y-te/dung-cu-y-te | trang-thiet-bi-y-te/kim-cac-loai,True,True,50,0,https://nhathuoclongchau.com.vn/trang-thiet-bi-y-te/kim-luon-18-14619.html,trang-thiet-bi-y-te,400
427,00016076,KIM LUỒN TĨNH MẠCH 20,"Kim luồn tĩnh mạch 20 truyền dịch, nước hoặc thuốc vào tĩnh mạch",trang-thiet-bi-y-te/kim-luon-20-14620.html,3000.0,Cây,đ,https://cdn.nhathuoclongchau.com.vn/unsafe/https://cms-prod.s3-sgn09.fptcloud.com/b_braun_281373196b.jpg,"Nhựa PP , FEP-Teflon ",,B.Braun,Cây,Thiết bị y tế | Dụng cụ y tế | Kim các loại,trang-thiet-bi-y-te | trang-thiet-bi-y-te/dung-cu-y-te | trang-thiet-bi-y-te/kim-cac-loai,True,True,50,0,https://nhathuoclongchau.com.vn/trang-thiet-bi-y-te/kim-luon-20-14620.html,trang-thiet-bi-y-te,400
428,00015989,BĂNG TAM GIÁC BẢO THẠCH 80X80CM/2 - CỐ ĐỊNH VÙNG CHẤN THƯƠNG,Băng tam giác (80cm x 80cm)/2 Bảo Thạch cố định vùng chấn thương (1 cái),trang-thiet-bi-y-te/bang-tam-giac-bao-thach-size-80x80cm2-14704.html,6000.0,Cái,đ,https://cdn.nhathuoclongchau.com.vn/unsafe/https://cms-prod.s3-sgn09.fptcloud.com/00015989_bang_tam_giac_bao_thach_size_80x80cm2_6470_62b9_large_1b3b532950.jpg,bông cellulose ,,Bảo Thạch,Cái,Thiết bị y tế | Dụng cụ sơ cứu | Băng y tế,trang-thiet-bi-y-te | trang-thiet-bi-y-te/dung-cu-so-cuu | trang-thiet-bi-y-te/bang-y-te,True,True,50,0,https://nhathuoclongchau.com.vn/trang-thiet-bi-y-te/bang-tam-giac-bao-thach-size-80x80cm2-14704.html,trang-thiet-bi-y-te,400
429,00015875,LINKFAR BLOOD LANCETS 100 CÁI 28G - KIM LẤY MÁU,Kim lấy máu Linkfar Lancets 28g hỗ trợ lấy máu (100 cái),trang-thiet-bi-y-te/bloob-lancets-100pcs-30g-14816.html,30000.0,Hộp,đ,https://cdn.nhathuoclongchau.com.vn/unsafe/https://cms-prod.s3-sgn09.fptcloud.com/00015875_bloob_lancets_100pcs_30g_9842_5f73_large_77b6f63da0.JPG,Thép không gỉ ,,Linkfar,Hộp 100 Cây x 28g,Thiết bị y tế | Dụng cụ y tế | Kim các loại,trang-thiet-bi-y-te | trang-thiet-bi-y-te/dung-cu-y-te | trang-thiet-bi-y-te/kim-cac-loai,True,True,50,0,https://nhathuoclongchau.com.vn/trang-thiet-bi-y-te/bloob-lancets-100pcs-30g-14816.html,trang-thiet-bi-y-te,400
430,00015295,"BỘ RỬA MŨI NEILMED SINUS RINSE ALL NATURAL SINUS RELIEF 1 BÌNH + 60 GÓI - LÀM SẠCH VÀ NGĂN NGỪA VIÊM XOANG, VIÊM MŨI DỊ ỨNG",Bộ dụng cụ 1 bình + 60 gói bột rửa mũi NeilMed Sinus Rinse làm sạch và ngăn ngừa chứng viêm mũi dị ứng,trang-thiet-bi-y-te/neilmed-nguoi-lon-1-binh-60-goi-14903.html,544000.0,Hộp,đ,https://cdn.nhathuoclongchau.com.vn/unsafe/https://cms-prod.s3-sgn09.fptcloud.com/00015295_neilmed_nguoi_lon_1_binh_60_goi_5626_62ad_large_3e1e456d56.jpg,Sodium Chloride ,,NEILMED,Hộp 60 Gói,Thiết bị y tế | Dụng cụ y tế | Dụng cụ vệ sinh mũi,trang-thiet-bi-y-te | trang-thiet-bi-y-te/dung-cu-y-te | trang-thiet-bi-y-te/dung-cu-ve-sinh-mui,True,True,50,0,https://nhathuoclongchau.com.vn/trang-thiet-bi-y-te/neilmed-nguoi-lon-1-binh-60-goi-14903.html,trang-thiet-bi-y-te,400
431,00015051,KÉO CONG 2 ĐẦU NHỌN SIZE 16CM,"Kéo cong 2 đầu nhọn Electro Bismed dùng để thay băng cho bệnh nhân, cắt gòn (16cm)",trang-thiet-bi-y-te/keo-cong-15139.html,22000.0,Cái,đ,https://cdn.nhathuoclongchau.com.vn/unsafe/https://cms-prod.s3-sgn09.fptcloud.com/00015051_keo_cong_1813_62d4_large_04b9904fd1.jpg,Kim loại ,,Electro Bismed,Cái,Thiết bị y tế | Dụng cụ y tế | Các dụng cụ và sản phẩm khác,trang-thiet-bi-y-te | trang-thiet-bi-y-te/dung-cu-y-te | trang-thiet-bi-y-te/dung-cu-khac,True,True,50,0,https://nhathuoclongchau.com.vn/trang-thiet-bi-y-te/keo-cong-15139.html,trang-thiet-bi-y-te,400
432,00014865,"KHẨU TRANG UNICHARM 3D MASK VIRUS BLOCK ĐA LỚP (MÀU TRẮNG) SIZE M 5 CÁI - SIÊU VỪA VẶN, NGĂN VIRUS","Khẩu trang y tế Mask Virus Block Unicharm 3 lớp hỗ trợ ngăn khói, bụi, kháng khuẩn (5 cái)",trang-thiet-bi-y-te/khau-trang-3d-mask-virus-block-5-mieng-unicharm-15319.html,27000.0,Gói,đ,https://cdn.nhathuoclongchau.com.vn/unsafe/https://cms-prod.s3-sgn09.fptcloud.com/00014865_khau_trang_3d_mask_virus_block_5_mieng_unicharm_3277_5c90_large_1bfb48f866.JPG,"Polyester , Polyolefin , Lớp lọc ",,Unicharm,Gói 5 Miếng,Thiết bị y tế | Khẩu trang | Khẩu trang y tế,trang-thiet-bi-y-te | trang-thiet-bi-y-te/khau-trang | trang-thiet-bi-y-te/khau-trang-y-te,True,True,50,0,https://nhathuoclongchau.com.vn/trang-thiet-bi-y-te/khau-trang-3d-mask-virus-block-5-mieng-unicharm-15319.html,trang-thiet-bi-y-te,400
433,00014769,"ĐAI THẮT LƯNG OLUMBA ORBE SIZE M MÀU GHI HỖ TRỢ GIẢM ĐAU, CỐ ĐỊNH CỘT SỐNG",Đai Thắt Lưng Olumba Orbe Size M màu Ghi,trang-thiet-bi-y-te/dai-that-lung-olumba-orbe-size-m-15405.html,300000.0,Hộp,đ,https://cdn.nhathuoclongchau.com.vn/unsafe/https://cms-prod.s3-sgn09.fptcloud.com/vn_11134207_7r98o_lz1bgpqxpbv174_b1428fcb96.webp,Vải ,,ORBE,Hộp,Thiết bị y tế | Dụng cụ y tế | Đai lưng,trang-thiet-bi-y-te | trang-thiet-bi-y-te/dung-cu-y-te | trang-thiet-bi-y-te/dai-lung,True,True,50,0,https://nhathuoclongchau.com.vn/trang-thiet-bi-y-te/dai-that-lung-olumba-orbe-size-m-15405.html,trang-thiet-bi-y-te,400
434,00014414,BÔNG BĂNG MẮT BẢO THẠCH 5CM X 7CM (10 MIẾNG) GIÚP BẢO VỆ VẾT THƯƠNG Ở MẮT,"Bông băng mắt Bảo Thạch (5cm x 7cm) thấm hút cao, không gây kích ứng da (10 miếng)",trang-thiet-bi-y-te/bong-bang-mat-10-mieng5cmx7cm-15649.html,13000.0,Gói,đ,https://cdn.nhathuoclongchau.com.vn/unsafe/https://cms-prod.s3-sgn09.fptcloud.com/00014414_bong_bang_mat_10_mieng5cmx7cm_3212_618a_large_25b0bbeab9.jpg,"Bông tự nhiên , Vải không dệt đã tiệt trùng ",,Bảo Thạch,Gói,Thiết bị y tế | Dụng cụ sơ cứu | Bông y tế,trang-thiet-bi-y-te | trang-thiet-bi-y-te/dung-cu-so-cuu | trang-thiet-bi-y-te/bong-y-te,True,True,50,0,https://nhathuoclongchau.com.vn/trang-thiet-bi-y-te/bong-bang-mat-10-mieng5cmx7cm-15649.html,trang-thiet-bi-y-te,400
435,00014178,"GEL BÔI MIỆNG URGO MOUTH ULCERS 6ML - HỖ TRỢ TRỊ NHIỆT MIỆNG, LOÉT MIỆNG","Gel Urgo Mouth Ulcers vị trái cây hỗ trợ điều trị vết loét, vết thương nhỏ trong miệng (6ml)",trang-thiet-bi-y-te/gel-boi-mieng-urgo-mouth-ulcers-6-ml-ho-tro-tri-nhiet-mieng-loet-mieng.html,130000.0,Chai,đ,https://cdn.nhathuoclongchau.com.vn/unsafe/https://cms-prod.s3-sgn09.fptcloud.com/DSC_00137_1fa1bf0fcb.jpg,"Cellulose  , Cồn  , Nước cất  , Acid Mineral  , Acid Carboxylics  , Sucralose  ",,Urgo,Chai,Thiết bị y tế | Dụng cụ sơ cứu | Chăm sóc vết thương,trang-thiet-bi-y-te | trang-thiet-bi-y-te/dung-cu-so-cuu | trang-thiet-bi-y-te/cham-soc-vet-thuong,True,True,50,0,https://nhathuoclongchau.com.vn/trang-thiet-bi-y-te/gel-boi-mieng-urgo-mouth-ulcers-6-ml-ho-tro-tri-nhiet-mieng-loet-mieng.html,trang-thiet-bi-y-te,400
436,00013748,KIM LUỒN 24G 100 CÁI,Kim luồn 24g Primaflon Lamed giúp hạn chế lệch vỡ vein khi dẫn truyền dịch (100 cái),trang-thiet-bi-y-te/kim-luon-24-15868.html,3000.0,Cây,đ,https://cdn.nhathuoclongchau.com.vn/unsafe/https://cms-prod.s3-sgn09.fptcloud.com/00013748_kim_luon_24_2125_6322_large_e5d86dd4a7.jpg,Kim loại ,,Lamed,Hộp 100 Cây,Thiết bị y tế | Dụng cụ y tế | Kim các loại,trang-thiet-bi-y-te | trang-thiet-bi-y-te/dung-cu-y-te | trang-thiet-bi-y-te/kim-cac-loai,True,True,50,0,https://nhathuoclongchau.com.vn/trang-thiet-bi-y-te/kim-luon-24-15868.html,trang-thiet-bi-y-te,400
437,00013703,ĐẦU KIM VINAHANKOOK 23G 100 CÁI,"Đầu kim 23g Vinahankook sử dụng một lần dùng để tiêm chích, lấy máu, pha thuốc (100 cái)",trang-thiet-bi-y-te/dau-kim-23-15886.html,35500.0,Hộp,đ,https://cdn.nhathuoclongchau.com.vn/unsafe/https://cms-prod.s3-sgn09.fptcloud.com/00013703_dau_kim_23_2528_60c8_large_60cf0cd44e.jpg,Thép không gỉ ,,VINAHANKOOK,Hộp 100 Cây,Thiết bị y tế | Dụng cụ y tế | Kim các loại,trang-thiet-bi-y-te | trang-thiet-bi-y-te/dung-cu-y-te | trang-thiet-bi-y-te/kim-cac-loai,True,True,50,0,https://nhathuoclongchau.com.vn/trang-thiet-bi-y-te/dau-kim-23-15886.html,trang-thiet-bi-y-te,400
438,00013677,DUNG DỊCH XỊT MŨI NEILMED NASOGEL FOR DRY NOSES 30ML - LÀM ẨM VÀ DỊU MŨI KHÔ,"Dung dịch xịt mũi Neilmed NasoGel For Dry Noses chống khô mũi, làm ẩm và làm dịu (30ml)",trang-thiet-bi-y-te/neilmed-nasogel-for-dry-noses-30ml-15902.html,307000.0,Hộp,đ,https://cdn.nhathuoclongchau.com.vn/unsafe/https://cms-prod.s3-sgn09.fptcloud.com/00013677_neilmed_nasogel_for_dry_noses_30ml_5430_6123_large_991fae1732.jpg,"Glycerin , Sodium hyaluronate , Sodium Chloride ",Nhũ tương (Gel),NEILMED,Hộp x 30ml,Thiết bị y tế | Dụng cụ y tế | Dụng cụ vệ sinh mũi,trang-thiet-bi-y-te | trang-thiet-bi-y-te/dung-cu-y-te | trang-thiet-bi-y-te/dung-cu-ve-sinh-mui,True,True,50,0,https://nhathuoclongchau.com.vn/trang-thiet-bi-y-te/neilmed-nasogel-for-dry-noses-30ml-15902.html,trang-thiet-bi-y-te,400
439,00013523,DỤNG CỤ CẮT THUỐC GREETMED MEDICINE CUTTER,"Dụng cụ cắt thuốc Medicine Cutter chia nhỏ những viên thuốc có kích thước lớn dễ dàng, nhanh gọn, hợp vệ sinh",trang-thiet-bi-y-te/dung-cu-cat-thuoc-15993.html,20500.0,Hộp,đ,https://cdn.nhathuoclongchau.com.vn/unsafe/https://cms-prod.s3-sgn09.fptcloud.com/DSC_01194_d95775868f.jpg,"DAO , Nhựa APS-HI ",,Công ty CP trang thiết bị Kỹ thuật y tế TP.HCM,Hộp 1 cái,Thiết bị y tế | Dụng cụ y tế | Các dụng cụ và sản phẩm khác,trang-thiet-bi-y-te | trang-thiet-bi-y-te/dung-cu-y-te | trang-thiet-bi-y-te/dung-cu-khac,True,True,50,0,https://nhathuoclongchau.com.vn/trang-thiet-bi-y-te/dung-cu-cat-thuoc-15993.html,trang-thiet-bi-y-te,400
440,00011384,BƠM TIÊM SỬ DỤNG MỘT LẦN VINAHANKOOK 3ML/CC 25G HỘP 100 CÁI,Bơm tiêm sử dụng một lần Vinahankook 3ml/cc được khử trùng bằng khí E.O (25g - 100 cái),trang-thiet-bi-y-te/bom-tiem-3-16048.html,750.0,Cái,đ,https://cdn.nhathuoclongchau.com.vn/unsafe/https://cms-prod.s3-sgn09.fptcloud.com/00011384_bom_tiem_3_3057_60bd_large_2ad5c4252d.jpg,"Nhựa PP , Thép không gỉ ",,VINAHANKOOK,Hộp 100 Cái,Thiết bị y tế | Dụng cụ y tế | Kim các loại,trang-thiet-bi-y-te | trang-thiet-bi-y-te/dung-cu-y-te | trang-thiet-bi-y-te/kim-cac-loai,True,True,50,0,https://nhathuoclongchau.com.vn/trang-thiet-bi-y-te/bom-tiem-3-16048.html,trang-thiet-bi-y-te,400
441,00010699,ỐNG THÔNG TIỂU 16 GREETMED 10 CÁI,Ống thông tiểu 16 Greetmed (10 dây),trang-thiet-bi-y-te/ong-thong-tieu-16-16363.html,100000.0,Hộp,đ,https://cdn.nhathuoclongchau.com.vn/unsafe/https://cms-prod.s3-sgn09.fptcloud.com/00010699_ong_thong_tieu_16_2077_62d4_large_bc75712f91.jpg,Cao su thiên nhiên ,,GREETMED,Hộp 10 Dây,Thiết bị y tế | Dụng cụ y tế | Các dụng cụ và sản phẩm khác,trang-thiet-bi-y-te | trang-thiet-bi-y-te/dung-cu-y-te | trang-thiet-bi-y-te/dung-cu-khac,True,True,50,1.73197,https://nhathuoclongchau.com.vn/trang-thiet-bi-y-te/ong-thong-tieu-16-16363.html,trang-thiet-bi-y-te,400
442,00010652,URGOCREPE 6CM X 4.5M - BĂNG THUN,"Băng keo thun co giãn Urgo Crepe size 6cm x 4.5m cố định phẫu thuật chỉnh hình, dự phòng chấn thương cơ khớp",trang-thiet-bi-y-te/urgocrepe-6x45-16374.html,107000.0,Hộp,đ,https://cdn.nhathuoclongchau.com.vn/unsafe/https://cms-prod.s3-sgn09.fptcloud.com/00010652_urgocrepe_6x45_4207_5caa_large_d2eb5c7478.JPG,Cao su nhân tạo ,,Urgo,Hộp 1 Cuộn,Thiết bị y tế | Dụng cụ sơ cứu | Băng y tế,trang-thiet-bi-y-te | trang-thiet-bi-y-te/dung-cu-so-cuu | trang-thiet-bi-y-te/bang-y-te,True,True,50,0,https://nhathuoclongchau.com.vn/trang-thiet-bi-y-te/urgocrepe-6x45-16374.html,trang-thiet-bi-y-te,400
443,00010651,KIM LẤY MÁU ACCU CHEK FASTCLIK HỘP 24 KIM - DÙNG CHO MÁY ACCU CHEK GUIDE,Kim lấy máu thử đường huyết Accu-Chek FastClik (24 kim),trang-thiet-bi-y-te/accucheck-fastclik-24-16375.html,81000.0,Hộp,đ,https://cdn.nhathuoclongchau.com.vn/unsafe/https://cms-prod.s3-sgn09.fptcloud.com/00010651_accucheck_fastclik_24_5908_62b9_large_3cec30c0b9.JPG,Thép không gỉ  ,,Accu-Chek,Hộp,Thiết bị y tế | Dụng cụ y tế | Kim các loại,trang-thiet-bi-y-te | trang-thiet-bi-y-te/dung-cu-y-te | trang-thiet-bi-y-te/kim-cac-loai,True,True,50,0,https://nhathuoclongchau.com.vn/trang-thiet-bi-y-te/accucheck-fastclik-24-16375.html,trang-thiet-bi-y-te,400
444,00010534,"KEM BÔI SẸO STRATAMED 5G - DÀNH CHO VẾT THƯƠNG HỞ, VẾT BỎNG, PHẨU THUẬT",Gel Stratamed điều trị vết thương hở (5g),trang-thiet-bi-y-te/stratamed-5g-16417.html,540000.0,Tuýp,đ,https://cdn.nhathuoclongchau.com.vn/unsafe/https://cms-prod.s3-sgn09.fptcloud.com/00010534_stratamed_5g_1239_5c9d_large_f3ee48b11c.JPG,"Polysiloxane  , Siloxanes  , Silicone gel  ",,Stratpharma,Tuýp,Thiết bị y tế | Dụng cụ sơ cứu | Chăm sóc vết thương,trang-thiet-bi-y-te | trang-thiet-bi-y-te/dung-cu-so-cuu | trang-thiet-bi-y-te/cham-soc-vet-thuong,True,True,50,0,https://nhathuoclongchau.com.vn/trang-thiet-bi-y-te/stratamed-5g-16417.html,trang-thiet-bi-y-te,400
445,00010259,"BỘ DỤNG CỤ GIÁC HƠI KHÔNG DÙNG LỬA DUY THÀNH YGH02 - HỖ TRỢ ĐIỀU TRỊ CÁC TRIỆU CHỨNG ĐAU LƯNG, ĐAU ĐẦU, CẢM CÚM, NHỨC MỎI","Bộ giác hơi không dùng lửa Duy Thành chữa trị các chứng đau lưng, đau ở vai",trang-thiet-bi-y-te/giac-hoi-khong-dung-lua-16484.html,377500.0,Hộp,đ,https://cdn.nhathuoclongchau.com.vn/unsafe/https://cms-prod.s3-sgn09.fptcloud.com/00010259_giac_hoi_khong_dung_lua_6710_6328_large_f250b35dce.jpg,Nhựa ,,Duy Thành,Hộp,Thiết bị y tế | Dụng cụ y tế,trang-thiet-bi-y-te | trang-thiet-bi-y-te/dung-cu-y-te,True,True,50,0,https://nhathuoclongchau.com.vn/trang-thiet-bi-y-te/giac-hoi-khong-dung-lua-16484.html,trang-thiet-bi-y-te,400
446,00010217,BƠM TIÊM 50 VINAHANKOOK 25 CÁI,Bơm tiêm sử dụng một lần Vinahankook 50ml/cc được khử trùng bằng khí E.O (25 cái),trang-thiet-bi-y-te/bom-tiem-50-16491.html,5620.0,Cái,đ,https://cdn.nhathuoclongchau.com.vn/unsafe/https://cms-prod.s3-sgn09.fptcloud.com/00010217_bom_tiem_50_9767_6358_large_3d4ab992aa.jpg,"Nhựa PP , Thép không gỉ ",,VINAHANKOOK,Hộp 25 Cái,Thiết bị y tế | Dụng cụ y tế | Kim các loại,trang-thiet-bi-y-te | trang-thiet-bi-y-te/dung-cu-y-te | trang-thiet-bi-y-te/kim-cac-loai,True,True,50,1.7458732,https://nhathuoclongchau.com.vn/trang-thiet-bi-y-te/bom-tiem-50-16491.html,trang-thiet-bi-y-te,400
447,00010216,BƠM TIÊM SỬ DỤNG MỘT LẦN VINAHANKOOK 20ML/CC HỘP 50 CÁI,Bơm tiêm sử dụng một lần Vinahankook 20ml/cc được khử trùng bằng khí E.O (50 cái),trang-thiet-bi-y-te/bom-tiem-20-16492.html,2700.0,Cái,đ,https://cdn.nhathuoclongchau.com.vn/unsafe/https://cms-prod.s3-sgn09.fptcloud.com/00010216_bom_tiem_20_5619_60c8_large_902c4be894.jpg,"Nhựa PP , Thép không gỉ ",,VINAHANKOOK,Hộp 50 Cái,Thiết bị y tế | Dụng cụ y tế | Kim các loại,trang-thiet-bi-y-te | trang-thiet-bi-y-te/dung-cu-y-te | trang-thiet-bi-y-te/kim-cac-loai,True,True,50,0,https://nhathuoclongchau.com.vn/trang-thiet-bi-y-te/bom-tiem-20-16492.html,trang-thiet-bi-y-te,400
448,00010182,HỘP PHÂN LIỀU THUỐC 4 NGĂN VUÔNG LỚN GIÚP PHÂN CHIA LIỀU LƯỢNG THUỐC TRONG NGÀY,Hộp phân liều thuốc 4 ngăn vuông lớn giúp phân chia liều lượng thuốc trong 1 ngày (1 cái),trang-thiet-bi-y-te/chia-lieu-ngay-4-vuong-ngan-lon-16502.html,16000.0,Cái,đ,https://cdn.nhathuoclongchau.com.vn/unsafe/https://cms-prod.s3-sgn09.fptcloud.com/00010182_chia_lieu_ngay_4_vuong_ngan_lon_3631_5f71_large_621aa9cd02.JPG,Nhựa PP ,,Công ty CP trang thiết bị Kỹ thuật y tế TP.HCM,Cái,Thiết bị y tế | Dụng cụ y tế | Các dụng cụ và sản phẩm khác,trang-thiet-bi-y-te | trang-thiet-bi-y-te/dung-cu-y-te | trang-thiet-bi-y-te/dung-cu-khac,True,True,50,0,https://nhathuoclongchau.com.vn/trang-thiet-bi-y-te/chia-lieu-ngay-4-vuong-ngan-lon-16502.html,trang-thiet-bi-y-te,400
449,00010163,MÁY ĐO HUYẾT ÁP BẮP TAY OMRON HEM 8712,"Máy đo huyết áp bắp tay tự động Omron HEM-8712 công nghệ IntelliWrap, lưu kết quả đo lần cuối",trang-thiet-bi-y-te/may-do-ha-td-omron-hem8712-16505.html,940000.0,Hộp,đ,https://cdn.nhathuoclongchau.com.vn/unsafe/https://cms-prod.s3-sgn09.fptcloud.com/z5508927726486_e549da0c0c6130b1c2505915e3f15c41_8d9c671ac5.jpg,Nhựa ,,OMRON,Hộp 1 Cái,Thiết bị y tế | Dụng cụ theo dõi | Máy đo huyết áp,trang-thiet-bi-y-te | trang-thiet-bi-y-te/dung-cu-theo-doi | trang-thiet-bi-y-te/may-do-huyet-ap,True,True,50,0,https://nhathuoclongchau.com.vn/trang-thiet-bi-y-te/may-do-ha-td-omron-hem8712-16505.html,trang-thiet-bi-y-te,400
450,00010158,BD ULTRA FINE II 1ML BECTON 100 CÁI - BƠM TIÊM TIỂU ĐƯỜNG,Kim BD Ultra-Fine II 1ml Becton tiêm Insulin cho người bệnh tiểu đường (100 cây),trang-thiet-bi-y-te/kim-bd-ultra-fine-ii-1ml-16507.html,3060.0,Cây,đ,https://cdn.nhathuoclongchau.com.vn/unsafe/https://cms-prod.s3-sgn09.fptcloud.com/00010158_kim_bd_ultra_fine_ii_1ml_8230_60c9_large_b6d1c38163.jpg,"Nhựa , Thép không gỉ ",,Becton,Hộp 100 Cây x 100ml,Thiết bị y tế | Dụng cụ y tế | Kim các loại,trang-thiet-bi-y-te | trang-thiet-bi-y-te/dung-cu-y-te | trang-thiet-bi-y-te/kim-cac-loai,True,True,50,0,https://nhathuoclongchau.com.vn/trang-thiet-bi-y-te/kim-bd-ultra-fine-ii-1ml-16507.html,trang-thiet-bi-y-te,400
451,00010156,BƠM TIÊM TIỂU ĐƯỜNG BD ULTRA FINE II 0.3ML BECTON 100 CÁI,Bơm tiêm tiểu đường BD Ultra -Fine II 3/10cc Becton (100 cây),trang-thiet-bi-y-te/kim-bd-ultrafine-ii-03ml-16508.html,306000.0,Hộp,đ,https://cdn.nhathuoclongchau.com.vn/unsafe/https://cms-prod.s3-sgn09.fptcloud.com/00010156_kim_bd_ultrafine_ii_03ml_6726_60c9_large_56e1ff2385.jpg,"Nhựa , Thép không gỉ ",,Becton,Hộp 100 Cây,Thiết bị y tế | Dụng cụ y tế | Kim các loại,trang-thiet-bi-y-te | trang-thiet-bi-y-te/dung-cu-y-te | trang-thiet-bi-y-te/kim-cac-loai,True,True,50,0,https://nhathuoclongchau.com.vn/trang-thiet-bi-y-te/kim-bd-ultrafine-ii-03ml-16508.html,trang-thiet-bi-y-te,400
452,00010135,GẠC RỐN ĐÔNG PHA,Gạc rốn Đông Fa 3 Con Nai bảo vệ vùng rốn và giữ ấm cho bé (100 hộp),trang-thiet-bi-y-te/gac-ron-dong-pha-16514.html,4000.0,Hộp,đ,https://cdn.nhathuoclongchau.com.vn/unsafe/https://cms-prod.s3-sgn09.fptcloud.com/00010135_gac_ron_dong_pha_8842_62d4_large_0ef484e5f2.jpg,"Polyester , Cotton ",,Đông Pha,Thùng 100 Hộp,Thiết bị y tế | Dụng cụ sơ cứu | Băng y tế,trang-thiet-bi-y-te | trang-thiet-bi-y-te/dung-cu-so-cuu | trang-thiet-bi-y-te/bang-y-te,True,True,50,0,https://nhathuoclongchau.com.vn/trang-thiet-bi-y-te/gac-ron-dong-pha-16514.html,trang-thiet-bi-y-te,400
453,00009994,ĐẦU KIM VINAHANKOOK 26G 100 CÁI,"Đầu kim 26g Vinahankook sử dụng một lần dùng để tiêm chích, lấy máu, pha thuốc (100 cái)",trang-thiet-bi-y-te/dau-kim-26-16547.html,35500.0,Hộp,đ,https://cdn.nhathuoclongchau.com.vn/unsafe/https://cms-prod.s3-sgn09.fptcloud.com/00009994_dau_kim_26_1076_6123_large_f8aff44c40.jpg,Thép không gỉ ,,VINAHANKOOK,Hộp 100 Cây,Thiết bị y tế | Dụng cụ y tế | Kim các loại,trang-thiet-bi-y-te | trang-thiet-bi-y-te/dung-cu-y-te | trang-thiet-bi-y-te/kim-cac-loai,True,True,50,1.6979562000000001,https://nhathuoclongchau.com.vn/trang-thiet-bi-y-te/dau-kim-26-16547.html,trang-thiet-bi-y-te,400
454,00009991,ĐẦU KIM VINAHANKOOK 18G 100 CÁI,"Đầu kim 18g Vinahankook sử dụng một lần dùng để tiêm chích, lấy máu, pha thuốc (100 cái)",trang-thiet-bi-y-te/dau-kim-18-16550.html,45000.0,Hộp,đ,https://cdn.nhathuoclongchau.com.vn/unsafe/https://cms-prod.s3-sgn09.fptcloud.com/00009991_dau_kim_18_2889_62d6_large_d48da16083.jpg,Thép không gỉ ,,VINAHANKOOK,Hộp 100 Cái x 18g,Thiết bị y tế | Dụng cụ y tế | Kim các loại,trang-thiet-bi-y-te | trang-thiet-bi-y-te/dung-cu-y-te | trang-thiet-bi-y-te/kim-cac-loai,True,True,50,1.7625939,https://nhathuoclongchau.com.vn/trang-thiet-bi-y-te/dau-kim-18-16550.html,trang-thiet-bi-y-te,400
455,00009857,KIM TIÊM TIỂU ĐƯỜNG OMNICAN 1ML/100IU BRAUN MÀU CAM - DÙNG CHO NGƯỜI TIỂU ĐƯỜNG HỘP 100 CÁI,Kim tiêm tiểu đường B.Braun Omnican 1ml/100 I.U màu cam dùng cho người tiểu đường (100 cái),trang-thiet-bi-y-te/kim-omnican-100iu1ml-vang-16576.html,349000.0,Hộp,đ,https://cdn.nhathuoclongchau.com.vn/unsafe/https://cms-prod.s3-sgn09.fptcloud.com/00009857_kim_omnican_100iu1ml_vang_6305_5f30_large_358dd6d92b.JPG,Thép không gỉ ,,B.Braun,Hộp 100 Cây x 1ml,Thiết bị y tế | Dụng cụ y tế | Kim các loại,trang-thiet-bi-y-te | trang-thiet-bi-y-te/dung-cu-y-te | trang-thiet-bi-y-te/kim-cac-loai,True,True,50,0,https://nhathuoclongchau.com.vn/trang-thiet-bi-y-te/kim-omnican-100iu1ml-vang-16576.html,trang-thiet-bi-y-te,400
456,00009856,KIM TIỂU ĐƯỜNG OMNICAN 1ML/40IU BRAUN 100 CÁI - ĐỎ,Kim tiêm tiểu đường B.Braun Omnican 1ml/40 I.U màu đỏ dùng cho người tiểu đường (100 cái),trang-thiet-bi-y-te/kim-omnican-1ml40iu-do-16577.html,349000.0,Hộp,đ,https://cdn.nhathuoclongchau.com.vn/unsafe/https://cms-prod.s3-sgn09.fptcloud.com/00009856_kim_omnican_1ml40iu_do_8906_5f30_large_3f95fcf7d1.JPG,"Nhựa , Thép không gỉ ",,B.Braun,Hộp 100 Cái x 1ml,Thiết bị y tế | Dụng cụ y tế | Kim các loại,trang-thiet-bi-y-te | trang-thiet-bi-y-te/dung-cu-y-te | trang-thiet-bi-y-te/kim-cac-loai,True,True,50,0,https://nhathuoclongchau.com.vn/trang-thiet-bi-y-te/kim-omnican-1ml40iu-do-16577.html,trang-thiet-bi-y-te,400
457,00009782,"BĂNG THUN CO GIÃN URGOCREPE 8CM X 4.5M - GIÚP CỐ ĐỊNH PHẪU THUẬT CHỈNH HÌNH, DỰ PHÒNG CHẤN THƯƠNG CƠ KHỚP","Băng keo thun co giãn Urgo Crepe size 8cm x 4.5m cố định phẫu thuật chỉnh hình, dự phòng chấn thương cơ khớp",trang-thiet-bi-y-te/urgocrepe-8x45-16595.html,123000.0,Hộp,đ,https://cdn.nhathuoclongchau.com.vn/unsafe/https://cms-prod.s3-sgn09.fptcloud.com/00009782_urgocrepe_8x45_8167_5c98_large_d300ce7315.JPG,"Cotton , Kẽm oxyd , Giấy ",,Urgo,Hộp 1 Cuộn,Thiết bị y tế | Dụng cụ sơ cứu | Băng y tế,trang-thiet-bi-y-te | trang-thiet-bi-y-te/dung-cu-so-cuu | trang-thiet-bi-y-te/bang-y-te,True,True,50,0,https://nhathuoclongchau.com.vn/trang-thiet-bi-y-te/urgocrepe-8x45-16595.html,trang-thiet-bi-y-te,400
458,00009614,QUE THỬ ĐƯỜNG HUYẾT ACCU CHEK ACTIVE HỘP 50 QUE,Que thử đường huyết Accu-Chek Active dùng cho máy Accu-Chek Active (50 cái),trang-thiet-bi-y-te/accu-chek-active-50-cai-que-thu-duong-huyet-16636.html,345000.0,Hộp,đ,https://cdn.nhathuoclongchau.com.vn/unsafe/https://cms-prod.s3-sgn09.fptcloud.com/00009614_que_thu_duong_accuchek_active_50s_2940_62b9_large_da1d03066d.JPG,,,Accu-Chek,Hộp 50 Cái,"Thiết bị y tế | Dụng cụ theo dõi | Máy, que thử đường huyết",trang-thiet-bi-y-te | trang-thiet-bi-y-te/dung-cu-theo-doi | trang-thiet-bi-y-te/may-que-thu-duong-huyet,True,True,50,0,https://nhathuoclongchau.com.vn/trang-thiet-bi-y-te/accu-chek-active-50-cai-que-thu-duong-huyet-16636.html,trang-thiet-bi-y-te,400
459,00009559,DUOMED VỚ ĐÙI SIZE L,"Vớ đùi y khoa Medi Duomed size L hỗ trợ điều trị giãn tĩnh mạch, phù chân, đau nhức chân (1 đôi)",trang-thiet-bi-y-te/duomed-vo-dui-l-16647.html,1150000.0,Hộp,đ,https://cdn.nhathuoclongchau.com.vn/unsafe/https://cms-prod.s3-sgn09.fptcloud.com/DSC_09957_2a14713b50.jpg,Sợi vải 2,,Duomed,Hộp 1 Đôi,Thiết bị y tế | Dụng cụ y tế | Vớ ngăn tĩnh mạch,trang-thiet-bi-y-te | trang-thiet-bi-y-te/dung-cu-y-te | trang-thiet-bi-y-te/vo-ngan-tinh-mach,True,True,50,0,https://nhathuoclongchau.com.vn/trang-thiet-bi-y-te/duomed-vo-dui-l-16647.html,trang-thiet-bi-y-te,400
460,00009558,"VỚ ĐÙI Y KHOA MEDI DUOMED SIZE S - HỖ TRỢ ĐIỀU TRỊ GIÃN TĨNH MẠCH, PHÙ CHÂN, ĐAU NHỨC CHÂN","Vớ đùi y khoa Medi Duomed size S hỗ trợ điều trị giãn tĩnh mạch, phù chân, đau nhức chân (1 đôi)",trang-thiet-bi-y-te/duomed-vo-dui-s-16648.html,1150000.0,Hộp,đ,https://cdn.nhathuoclongchau.com.vn/unsafe/https://cms-prod.s3-sgn09.fptcloud.com/DSC_09950_bccf1f3354.jpg,Sợi vải 2 ,,Duomed,Hộp 1 Cái,Thiết bị y tế | Dụng cụ y tế | Vớ ngăn tĩnh mạch,trang-thiet-bi-y-te | trang-thiet-bi-y-te/dung-cu-y-te | trang-thiet-bi-y-te/vo-ngan-tinh-mach,True,True,50,0,https://nhathuoclongchau.com.vn/trang-thiet-bi-y-te/duomed-vo-dui-s-16648.html,trang-thiet-bi-y-te,400
461,00009557,"VỚ GỐI Y KHOA MEDI DUOMED SIZE M - HỖ TRỢ ĐIỀU TRỊ GIÃN TĨNH MẠCH, PHÙ CHÂN, ĐAU NHỨC CHÂN","Vớ gối y khoa Duomed size M hỗ trợ điều trị suy tĩnh mạch, phù chân, đau nhức chân",trang-thiet-bi-y-te/duomed-vo-goi-m-16649.html,750000.0,Hộp,đ,https://cdn.nhathuoclongchau.com.vn/unsafe/https://cms-prod.s3-sgn09.fptcloud.com/DSC_09913_549f23486a.jpg,Sợi vải 2 ,,Duomed,Hộp,Thiết bị y tế | Dụng cụ y tế | Vớ ngăn tĩnh mạch,trang-thiet-bi-y-te | trang-thiet-bi-y-te/dung-cu-y-te | trang-thiet-bi-y-te/vo-ngan-tinh-mach,True,True,50,0,https://nhathuoclongchau.com.vn/trang-thiet-bi-y-te/duomed-vo-goi-m-16649.html,trang-thiet-bi-y-te,400
462,00008499,BĂNG KEO CUỘN CO GIÃN URGODERM 10CM X 10M - GIÚP CỐ ĐỊNH BĂNG GẠC VÀ DỤNG CỤ Y TẾ,Băng cuộn co giãn không đan dệt Urgoderm size 10cm x 10m đảm bảo cố định chắc chắn bông gạc và các y cụ,trang-thiet-bi-y-te/urgoderm-10x10-16672.html,215000.0,Hộp,đ,https://cdn.nhathuoclongchau.com.vn/unsafe/https://cms-prod.s3-sgn09.fptcloud.com/00008499_urgoderm_10x10_4708_6409_large_33aa73b9eb.jpg,"Polyester , Acrylic ",,Urgo,Hộp 1 Cuộn,Thiết bị y tế | Dụng cụ sơ cứu,trang-thiet-bi-y-te | trang-thiet-bi-y-te/dung-cu-so-cuu,True,True,50,0,https://nhathuoclongchau.com.vn/trang-thiet-bi-y-te/urgoderm-10x10-16672.html,trang-thiet-bi-y-te,400
463,00008063,"VỚ GỐI Y KHOA MEDI DUOMED SIZE S - HỖ TRỢ ĐIỀU TRỊ GIÃN TĨNH MẠCH, PHÙ CHÂN, ĐAU NHỨC CHÂN","Vớ gối y khoa Duomed size S hỗ trợ điều trị suy tĩnh mạch, phù chân, đau nhức chân",trang-thiet-bi-y-te/duomed-vo-goi-s-16736.html,750000.0,Hộp,đ,https://cdn.nhathuoclongchau.com.vn/unsafe/https://cms-prod.s3-sgn09.fptcloud.com/DSC_09940_8d77dd7f3a.jpg,"polyamide  , Elastane  ",,Duomed,Hộp,Thiết bị y tế | Dụng cụ y tế | Vớ ngăn tĩnh mạch,trang-thiet-bi-y-te | trang-thiet-bi-y-te/dung-cu-y-te | trang-thiet-bi-y-te/vo-ngan-tinh-mach,True,True,50,0,https://nhathuoclongchau.com.vn/trang-thiet-bi-y-te/duomed-vo-goi-s-16736.html,trang-thiet-bi-y-te,400
464,00008062,DUOMED VỚ GỐI SIZE L,"Vớ gối y khoa Duomed size L hỗ trợ điều trị suy tĩnh mạch, phù chân, đau nhức chân",trang-thiet-bi-y-te/duomed-vo-goi-l-16737.html,750000.0,Hộp,đ,https://cdn.nhathuoclongchau.com.vn/unsafe/https://cms-prod.s3-sgn09.fptcloud.com/DSC_09933_8c3322fdf8.jpg,"polyamide  , Elastane  ",,Duomed,Hộp,Thiết bị y tế | Dụng cụ y tế | Vớ ngăn tĩnh mạch,trang-thiet-bi-y-te | trang-thiet-bi-y-te/dung-cu-y-te | trang-thiet-bi-y-te/vo-ngan-tinh-mach,True,True,50,0,https://nhathuoclongchau.com.vn/trang-thiet-bi-y-te/duomed-vo-goi-l-16737.html,trang-thiet-bi-y-te,400
465,00008059,"VỚ ĐÙI Y KHOA MEDI DUOMED SIZE M - HỖ TRỢ ĐIỀU TRỊ GIÃN TĨNH MẠCH, PHÙ CHÂN, ĐAU NHỨC CHÂN","Vớ đùi y khoa Medi Duomed size M hỗ trợ điều trị giãn tĩnh mạch, phù chân, đau nhức chân (1 đôi)",trang-thiet-bi-y-te/duomed-vo-dui-m-16740.html,1150000.0,Hộp,đ,https://cdn.nhathuoclongchau.com.vn/unsafe/https://cms-prod.s3-sgn09.fptcloud.com/DSC_09906_e3e08e124c.jpg,"polyamide  , Elastane  ",,Duomed,Hộp 1 Đôi,Thiết bị y tế | Dụng cụ y tế | Vớ ngăn tĩnh mạch,trang-thiet-bi-y-te | trang-thiet-bi-y-te/dung-cu-y-te | trang-thiet-bi-y-te/vo-ngan-tinh-mach,True,True,50,0,https://nhathuoclongchau.com.vn/trang-thiet-bi-y-te/duomed-vo-dui-m-16740.html,trang-thiet-bi-y-te,400
466,00007703,"GẠC LƯỚI VÔ TRÙNG CHỐNG DÍNH URGOTUL 5CM X 5CM 10 MIẾNG - HỖ TRỢ BĂNG CÁC VẾT THƯƠNG CẤP TÍNH, MÃN TÍNH","Gạc lưới vô trùng chống dính UrgoTul size 5cm x 5cm băng các vết thương cấp tính, mãn tính (10 miếng)",trang-thiet-bi-y-te/urgotul-5cmx5cm-16775.html,22000.0,Cái,đ,https://cdn.nhathuoclongchau.com.vn/unsafe/https://cms-prod.s3-sgn09.fptcloud.com/00007703_urgotul_5cmx5cm_1597_6425_large_821409cec3.jpg,"Polyester , Hydrocolloid , Vaseline , Polymer , Carboxymethyl cellulose , Parafin ",,Urgo,Hộp 10 Cái,Thiết bị y tế | Dụng cụ sơ cứu | Băng y tế,trang-thiet-bi-y-te | trang-thiet-bi-y-te/dung-cu-so-cuu | trang-thiet-bi-y-te/bang-y-te,True,True,50,0,https://nhathuoclongchau.com.vn/trang-thiet-bi-y-te/urgotul-5cmx5cm-16775.html,trang-thiet-bi-y-te,400
467,00007702,"GẠC LƯỚI VÔ TRÙNG CHỐNG DÍNH URGOTUL 15CM X 20CM 10 MIẾNG - HỖ TRỢ BĂNG CÁC VẾT THƯƠNG CẤP TÍNH, MÃN TÍNH","Gạc lưới vô trùng chống dính UrgoTul size 15cm x 20cm băng các vết thương cấp tính, mãn tính (10 miếng)",trang-thiet-bi-y-te/urgotul-15cm-x-20cm-16776.html,87000.0,Cái,đ,https://cdn.nhathuoclongchau.com.vn/unsafe/https://cms-prod.s3-sgn09.fptcloud.com/00007702_urgotul_15cm_x_20cm_5991_5c8f_large_cdb65d3a60.JPG,"Polyester , Hydrocolloid , Vaseline , Carboxymethyl cellulose , Parafin , Polymer ",,Urgo,Hộp 10 Cái,Thiết bị y tế | Dụng cụ sơ cứu | Băng y tế,trang-thiet-bi-y-te | trang-thiet-bi-y-te/dung-cu-so-cuu | trang-thiet-bi-y-te/bang-y-te,True,True,50,0,https://nhathuoclongchau.com.vn/trang-thiet-bi-y-te/urgotul-15cm-x-20cm-16776.html,trang-thiet-bi-y-te,400
468,00007685,"BĂNG THUN CO GIÃN URGOCREPE 10CM X 4.5M - GIÚP CỐ ĐỊNH PHẪU THUẬT CHỈNH HÌNH, DỰ PHÒNG CHẤN THƯƠNG CƠ KHỚP","Băng keo thun co giãn Urgo Crepe size 10cm x 4.5m cố định phẫu thuật chỉnh hình, dự phòng chấn thương cơ khớp",trang-thiet-bi-y-te/urgo-crepe-10x45-16786.html,152000.0,Hộp,đ,https://cdn.nhathuoclongchau.com.vn/unsafe/https://cms-prod.s3-sgn09.fptcloud.com/00007685_urgo_crepe_10x45_8421_5caa_large_15cf7799a5.JPG,"Cotton , Kẽm oxyd , Giấy ",,Urgo,Hộp 1 Cuộn,Thiết bị y tế | Dụng cụ sơ cứu | Băng y tế,trang-thiet-bi-y-te | trang-thiet-bi-y-te/dung-cu-so-cuu | trang-thiet-bi-y-te/bang-y-te,True,True,50,0,https://nhathuoclongchau.com.vn/trang-thiet-bi-y-te/urgo-crepe-10x45-16786.html,trang-thiet-bi-y-te,400
469,00007572,TÚI ĐỰNG NƯỚC TIỂU AN PHÚ 10 CÁI,Túi đựng nước tiểu Urine Bag An Phú có van khoá (10 cái),trang-thiet-bi-y-te/tui-dung-nuoc-tieu-16800.html,7000.0,Cái,đ,https://cdn.nhathuoclongchau.com.vn/unsafe/https://cms-prod.s3-sgn09.fptcloud.com/00007572_tui_dung_nuoc_tieu_5382_5f73_large_4baeb55c4e.JPG,Nhựa ,,An Phú,Gói 10 Cái,Thiết bị y tế | Dụng cụ y tế | Các dụng cụ và sản phẩm khác,trang-thiet-bi-y-te | trang-thiet-bi-y-te/dung-cu-y-te | trang-thiet-bi-y-te/dung-cu-khac,True,True,50,1.7392854,https://nhathuoclongchau.com.vn/trang-thiet-bi-y-te/tui-dung-nuoc-tieu-16800.html,trang-thiet-bi-y-te,400
470,00006742,"SINOMARIN ADULTS NOSE CARE 125ML - XỊT ĐIỀU TRỊ VIÊM MŨI, NGHẸT MŨI","Xịt mũi Sinomarin Adults Nose Care rửa xoang mũi, nghẹt mũi, sung huyết mũi (125ml)",trang-thiet-bi-y-te/sinomarin-125ml-16874.html,148000.0,Chai,đ,https://cdn.nhathuoclongchau.com.vn/unsafe/https://cms-prod.s3-sgn09.fptcloud.com/00006742_sinomarin_125ml_3785_5b0f_large_24232ae6d5.JPG,"Nước biển sâu 70%, Nước tinh khiết 30%",,sinomarin,Chai x 125ml,Thiết bị y tế | Dụng cụ y tế | Dụng cụ vệ sinh mũi,trang-thiet-bi-y-te | trang-thiet-bi-y-te/dung-cu-y-te | trang-thiet-bi-y-te/dung-cu-ve-sinh-mui,True,True,50,0,https://nhathuoclongchau.com.vn/trang-thiet-bi-y-te/sinomarin-125ml-16874.html,trang-thiet-bi-y-te,400
471,00006218,QUE THỬ ĐƯỜNG HUYẾT ACCU CHEK ACTIVE HỘP 25 QUE,Que thử đường huyết Accu-Chek Active dùng cho máy Accu-Chek Active (25 cái),trang-thiet-bi-y-te/accu-chek-active-25s-que-thu-duong-huyet-16922.html,232000.0,Hộp,đ,https://cdn.nhathuoclongchau.com.vn/unsafe/https://cms-prod.s3-sgn09.fptcloud.com/00006218_accu_chek_active_25s_que_thu_duong_huyet_8840_62b9_large_8e2a2b5ec8.JPG,"Nhựa PP , Silicon ",,Accu-Chek,Hộp 25 Cái,"Thiết bị y tế | Dụng cụ theo dõi | Máy, que thử đường huyết",trang-thiet-bi-y-te | trang-thiet-bi-y-te/dung-cu-theo-doi | trang-thiet-bi-y-te/may-que-thu-duong-huyet,True,True,50,0,https://nhathuoclongchau.com.vn/trang-thiet-bi-y-te/accu-chek-active-25s-que-thu-duong-huyet-16922.html,trang-thiet-bi-y-te,400
472,00005041,MULTIDEX BỘT DEROYAL 25G - ĐIỀU TRỊ VIÊM NHIỄM DA,"Bột Multidex 25g DeRoyal hỗ trợ điều trị viêm nhiễm da, làm lành các vết loét mãn tính",trang-thiet-bi-y-te/multidex-bot-25g-17062.html,325000.0,Tuýp,đ,https://cdn.nhathuoclongchau.com.vn/unsafe/https://cms-prod.s3-sgn09.fptcloud.com/00005041_MULTIDEX_BO_u_e_T_DEROYAL_25_G_EIE_e_CU_TRI_u_VIE_e_M_NHIE_e_a_M_DA_78cb07abee.jpg,"Acid Ascorbic , Maltodextrin ",,Deroyal,Tuýp,Thiết bị y tế | Dụng cụ sơ cứu | Chăm sóc vết thương,trang-thiet-bi-y-te | trang-thiet-bi-y-te/dung-cu-so-cuu | trang-thiet-bi-y-te/cham-soc-vet-thuong,True,True,50,0,https://nhathuoclongchau.com.vn/trang-thiet-bi-y-te/multidex-bot-25g-17062.html,trang-thiet-bi-y-te,400
473,00004162,KIM BƯỚM 23 VINAHANKOOK 50 CÁI - GIÚP CHO KIM KHÔNG BỊ DỊCH CHUYỂN,Kim truyền tĩnh mạch cánh bướm 23 Vinahankook giúp cho kim không bị dịch chuyển (50 cây),trang-thiet-bi-y-te/kim-buom-23-17178.html,70300.0,Hộp,đ,https://cdn.nhathuoclongchau.com.vn/unsafe/https://cms-prod.s3-sgn09.fptcloud.com/00004162_kim_buom_23_1475_60c8_large_a484420e10.jpg,"Silicon , Nhựa PVC không mùi ",,VINAHANKOOK,Hộp 50 Cây,Thiết bị y tế | Dụng cụ y tế | Kim các loại,trang-thiet-bi-y-te | trang-thiet-bi-y-te/dung-cu-y-te | trang-thiet-bi-y-te/kim-cac-loai,True,True,50,0,https://nhathuoclongchau.com.vn/trang-thiet-bi-y-te/kim-buom-23-17178.html,trang-thiet-bi-y-te,400
474,00004160,KIM LẤY MÁU ACCU CHEK SOFTCLIX 25 KIM - DÙNG CHO MÁY ACCU CHEK INSTANT / ACTIVE,Kim lấy máu tiệt trùng Accu-Chek Softclix sử dụng cho thiết bị lấy máu Accu-Chek Softclix (25 cái),trang-thiet-bi-y-te/accu-chek-softclix-25-lancets-kim-lay-mau-17179.html,71000.0,Hộp,đ,https://cdn.nhathuoclongchau.com.vn/unsafe/https://cms-prod.s3-sgn09.fptcloud.com/00004160_accu_chek_softclix_25_lancets_kim_lay_mau_9276_62b9_large_3d9133bcd2.JPG,"Nhựa  , Thép không gỉ  ",,Accu-Chek,Hộp 25 Cái,Thiết bị y tế | Dụng cụ y tế | Kim các loại,trang-thiet-bi-y-te | trang-thiet-bi-y-te/dung-cu-y-te | trang-thiet-bi-y-te/kim-cac-loai,True,True,50,0,https://nhathuoclongchau.com.vn/trang-thiet-bi-y-te/accu-chek-softclix-25-lancets-kim-lay-mau-17179.html,trang-thiet-bi-y-te,400
475,00004096,"KÉO THẲNG 2 ĐẦU NHỌN SIZE 18CM - DÙNG ĐỂ THAY BĂNG CHO BỆNH NHÂN, CẮT GÒN","Kéo thẳng 2 đầu nhọn Electro Bismed dùng để thay băng cho bệnh nhân, cắt gòn (18cm)",trang-thiet-bi-y-te/keo-thang-17191.html,27000.0,Cái,đ,https://cdn.nhathuoclongchau.com.vn/unsafe/https://cms-prod.s3-sgn09.fptcloud.com/00004096_keo_thang_9901_60b0_large_a20ef7986f.jpg,Kim loại ,,Electro Bismed,Cái,Thiết bị y tế | Dụng cụ y tế | Các dụng cụ và sản phẩm khác,trang-thiet-bi-y-te | trang-thiet-bi-y-te/dung-cu-y-te | trang-thiet-bi-y-te/dung-cu-khac,True,True,50,0,https://nhathuoclongchau.com.vn/trang-thiet-bi-y-te/keo-thang-17191.html,trang-thiet-bi-y-te,400
476,00003494,GÒN BẠCH TUYẾT 100GR,Bông y tế thấm nước Bạch Tuyết 100g dùng trong chăm sóc cá nhân và y tế (50 gói),trang-thiet-bi-y-te/gon-bach-tuyet-100gr-17249.html,21500.0,Gói,đ,https://cdn.nhathuoclongchau.com.vn/unsafe/https://cms-prod.s3-sgn09.fptcloud.com/00003494_gon_bach_tuyet_100gr_2294_5c8f_large_c0736503cf.JPG,Bông tự nhiên 100%,,Bạch Tuyết,Thùng 50 Gói,Thiết bị y tế | Dụng cụ sơ cứu | Bông y tế,trang-thiet-bi-y-te | trang-thiet-bi-y-te/dung-cu-so-cuu | trang-thiet-bi-y-te/bong-y-te,True,True,50,0,https://nhathuoclongchau.com.vn/trang-thiet-bi-y-te/gon-bach-tuyet-100gr-17249.html,trang-thiet-bi-y-te,400
477,00003493,GÒN BẠCH TUYẾT 0.5KG,Bông y tế thấm nước Bạch Tuyết 500g dùng trong chăm sóc cá nhân và y tế (24 gói),trang-thiet-bi-y-te/gon-bach-tuyet-05kg-17250.html,98000.0,Gói,đ,https://cdn.nhathuoclongchau.com.vn/unsafe/https://cms-prod.s3-sgn09.fptcloud.com/00003493_gon_bach_tuyet_05kg_5820_5c8f_large_218dd2ab6c.JPG,Bông tự nhiên 100,,Bạch Tuyết,Thùng 24 Gói,Thiết bị y tế | Dụng cụ sơ cứu | Bông y tế,trang-thiet-bi-y-te | trang-thiet-bi-y-te/dung-cu-so-cuu | trang-thiet-bi-y-te/bong-y-te,True,True,50,0,https://nhathuoclongchau.com.vn/trang-thiet-bi-y-te/gon-bach-tuyet-05kg-17250.html,trang-thiet-bi-y-te,400
478,00002290,DÂY TRUYỀN BRAUN - 10 DÂY,"Dây truyền dịch Braun dùng để truyền dịch, truyền thuốc cho người bệnh (10 dây)",trang-thiet-bi-y-te/day-truyen-braun-17396.html,13500.0,Dây,đ,https://cdn.nhathuoclongchau.com.vn/unsafe/https://cms-prod.s3-sgn09.fptcloud.com/00002290_day_truyen_braun_2113_6128_large_912aa81b72.jpg,Nhựa PVC không mùi ,,B.Braun,Gói 10 dây,Thiết bị y tế | Dụng cụ y tế | Các dụng cụ và sản phẩm khác,trang-thiet-bi-y-te | trang-thiet-bi-y-te/dung-cu-y-te | trang-thiet-bi-y-te/dung-cu-khac,True,True,50,0,https://nhathuoclongchau.com.vn/trang-thiet-bi-y-te/day-truyen-braun-17396.html,trang-thiet-bi-y-te,400
479,00001837,HỘP PHÂN LIỀU THUỐC UỐNG DÙNG TRONG 1 TUẦN (7 HỘP DÀI),Hộp phân liều thuốc uống dùng trong 1 tuần (7 hộp dài),trang-thiet-bi-y-te/chia-lieu-tuan-17445.html,38000.0,Hộp,đ,https://cdn.nhathuoclongchau.com.vn/unsafe/https://cms-prod.s3-sgn09.fptcloud.com/00001837_chia_lieu_tuan_6646_5f71_large_35ea4e9fce.JPG,Nhựa PP ,,Công ty CP trang thiết bị Kỹ thuật y tế TP.HCM,Hộp 1 Cái,Thiết bị y tế | Dụng cụ y tế | Các dụng cụ và sản phẩm khác,trang-thiet-bi-y-te | trang-thiet-bi-y-te/dung-cu-y-te | trang-thiet-bi-y-te/dung-cu-khac,True,True,50,0,https://nhathuoclongchau.com.vn/trang-thiet-bi-y-te/chia-lieu-tuan-17445.html,trang-thiet-bi-y-te,400
480,00001836,"HỘP PHÂN LIỀU NGÀY 4 NGĂN DÀI, NHỎ GỌN, TIỆN DỤNG","Hộp phân liều thuốc 4-Hole Pillbox PT Medical 4 ngăn dài, nhỏ gọn, tiện dụng (1 cái)",trang-thiet-bi-y-te/chia-lieu-ngay-4-ngan-dai-nho-17446.html,10000.0,Cái,đ,https://cdn.nhathuoclongchau.com.vn/unsafe/https://cms-prod.s3-sgn09.fptcloud.com/DSC_00069_ad680ba58c.jpg,Nhựa PP ,,PT Medical,Hộp 1 cái,Thiết bị y tế | Dụng cụ y tế | Các dụng cụ và sản phẩm khác,trang-thiet-bi-y-te | trang-thiet-bi-y-te/dung-cu-y-te | trang-thiet-bi-y-te/dung-cu-khac,True,True,50,0,https://nhathuoclongchau.com.vn/trang-thiet-bi-y-te/chia-lieu-ngay-4-ngan-dai-nho-17446.html,trang-thiet-bi-y-te,400
481,00001124,BĂNG THUN Y TẾ QM 0801 2 IN (1 MÓC) QUANG MẬU 12 CUỘN,Băng thun 1 móc QM 0801 Quang Mậu hỗ trợ băng bó (12 cuộn),trang-thiet-bi-y-te/bang-thun-1-moc-17521.html,8000.0,Cuộn,đ,https://cdn.nhathuoclongchau.com.vn/unsafe/https://cms-prod.s3-sgn09.fptcloud.com/00001124_bang_thun_1_moc_1315_6128_large_78f7f3b4cc.jpg,"Cotton , Cao su thiên nhiên , Polyester ",,QUANG MẬU,Lốc 12 Cuộn,Thiết bị y tế | Dụng cụ sơ cứu | Băng y tế,trang-thiet-bi-y-te | trang-thiet-bi-y-te/dung-cu-so-cuu | trang-thiet-bi-y-te/bang-y-te,True,True,50,0,https://nhathuoclongchau.com.vn/trang-thiet-bi-y-te/bang-thun-1-moc-17521.html,trang-thiet-bi-y-te,400
482,00016666,"BỘ RỬA MŨI RINORIN CARE & PROTECT THE RHINOSINUS 1 BÌNH + 2.4G X 30 GÓI - CHĂM SÓC VÀ BẢO VỆ MŨI XOANG, VIÊM MŨI DỊ ỨNG","Bộ rửa mũi xoang Rinorin giảm viêm mũi dị ứng, viêm xoang mạn, cảm cúm (1 bình + 30 gói)",trang-thiet-bi-y-te/bo-rua-mui-xoang-rinorin-1-binh-30-goi-17848.html,198000.0,Hộp,đ,https://cdn.nhathuoclongchau.com.vn/unsafe/https://cms-prod.s3-sgn09.fptcloud.com/00016666_bo_rua_mui_xoang_rinorin_1_binh_30_goi_9939_62b9_large_bd7e7e0ab0.JPG,Sodium Chloride  ,,Rinorin,Hộp,Thiết bị y tế | Dụng cụ y tế | Dụng cụ vệ sinh mũi,trang-thiet-bi-y-te | trang-thiet-bi-y-te/dung-cu-y-te | trang-thiet-bi-y-te/dung-cu-ve-sinh-mui,True,True,50,0,https://nhathuoclongchau.com.vn/trang-thiet-bi-y-te/bo-rua-mui-xoang-rinorin-1-binh-30-goi-17848.html,trang-thiet-bi-y-te,400
483,00016719,"GEL PHỤ KHOA REGELLE HỘP 6 TUÝP - GIÚP GIỮ ẨM, GIẢM NHANH CÁC TRIỆU CHỨNG KHÔ, NGỨA RÁT, KHÓ CHỊU CỦA ÂM ĐẠO","Gel đặt giữ ẩm âm đạo Regelle Kora Healthcare 6.5g cải thiện khô, đau âm đạo (6 tuýp)",trang-thiet-bi-y-te/gel-dat-giu-am-am-dao-regelle-hop-6-tuyp-17976.html,419000.0,Hộp,đ,https://cdn.nhathuoclongchau.com.vn/unsafe/https://cms-prod.s3-sgn09.fptcloud.com/00016719_gel_dat_giu_am_am_dao_regelle_hop_6_tuyp_5966_6327_large_2ffaeb6cea.jpg,"Polycarbophil , Purified water ",,Kora Healthcare,Hộp 6 Tuýp,Thiết bị y tế | Dụng cụ y tế | Các dụng cụ và sản phẩm khác,trang-thiet-bi-y-te | trang-thiet-bi-y-te/dung-cu-y-te | trang-thiet-bi-y-te/dung-cu-khac,True,True,50,0,https://nhathuoclongchau.com.vn/trang-thiet-bi-y-te/gel-dat-giu-am-am-dao-regelle-hop-6-tuyp-17976.html,trang-thiet-bi-y-te,400
484,00017016,DUNG DỊCH LÀM MỀM VẾT THƯƠNGPRONTOSAN WOUND-GEL BRAUN 30ML,Dung dịch làm mềm vết thương Prontosan Wound Gel B.Braun (30ml),trang-thiet-bi-y-te/prontosan-wound-gel-bottle-west-gel-dd-lam-mem-vet-thuong-braun-30ml-18333.html,430000.0,Chai,đ,https://cdn.nhathuoclongchau.com.vn/unsafe/https://cms-prod.s3-sgn09.fptcloud.com/00017016_prontosan_wound_gel_bottle_west_gel_dd_lam_mem_vet_thuong_braun_30ml_3684_5b05_large_d9750178b9.JPG,"Nước cất , Betadine 0.1%, Polyhexanide 0.1%",Dung dịch,B.Braun,Chai x 30ml,Thiết bị y tế | Dụng cụ sơ cứu | Chăm sóc vết thương,trang-thiet-bi-y-te | trang-thiet-bi-y-te/dung-cu-so-cuu | trang-thiet-bi-y-te/cham-soc-vet-thuong,True,True,50,0,https://nhathuoclongchau.com.vn/trang-thiet-bi-y-te/prontosan-wound-gel-bottle-west-gel-dd-lam-mem-vet-thuong-braun-30ml-18333.html,trang-thiet-bi-y-te,400
485,00017596,"GEL PHỤ KHOA RELACTAGEL LACTATE VAGINAL 7 TUÝP X 5ML  -  HỖ TRỢ ĐIỀU TRỊ VIÊM PHỤ KHOA, PHÒNG NGỪA TÁI PHÁT VIÊM ÂM ĐẠO",Kem bôi dạng gel Relactagel Kora điều trị và phòng ngừa viêm âm đạo (7 tuýp),trang-thiet-bi-y-te/relactagel-hop-7-tuyp-x-5ml-lactate-vaginal-gel-18945.html,449000.0,Hộp,đ,https://cdn.nhathuoclongchau.com.vn/unsafe/https://cms-prod.s3-sgn09.fptcloud.com/00017596_relactagel_hop_7_tuyp_x_5ml_lactate_vaginal_gel_2736_62ba_large_edbad7eb71.jpg,"propylen glycol  , glycogen  , Acid lactic  , Nước tinh khiết  ",,Kora Healthcare,Hộp 7 Tuýp,Thiết bị y tế | Dụng cụ y tế | Các dụng cụ và sản phẩm khác,trang-thiet-bi-y-te | trang-thiet-bi-y-te/dung-cu-y-te | trang-thiet-bi-y-te/dung-cu-khac,True,True,50,0,https://nhathuoclongchau.com.vn/trang-thiet-bi-y-te/relactagel-hop-7-tuyp-x-5ml-lactate-vaginal-gel-18945.html,trang-thiet-bi-y-te,400
486,00017715,"BÔNG Y TẾ BẢO THẠCH 6CMX6CM 500GR - LÀM SẠCH VẾT THƯƠNG, THẤM MÁU VÀ DỊCH TIẾT","Bông y tế 6cm x 6cm (500g) Bảo Thạch làm sạch vết thương, thấm máu và dịch tiết",trang-thiet-bi-y-te/bong-y-te-bao-thach-6cmx6cm-500gr-19077.html,99000.0,Gói,đ,https://cdn.nhathuoclongchau.com.vn/unsafe/https://cms-prod.s3-sgn09.fptcloud.com/00017715_bong_y_te_bao_thach_6cmx6cm_500gr_9811_60c8_large_b58b5abca5.jpg,Bông tự nhiên 100%,,Bảo Thạch,Gói x 500g,Thiết bị y tế | Dụng cụ sơ cứu | Bông y tế,trang-thiet-bi-y-te | trang-thiet-bi-y-te/dung-cu-so-cuu | trang-thiet-bi-y-te/bong-y-te,True,True,50,0,https://nhathuoclongchau.com.vn/trang-thiet-bi-y-te/bong-y-te-bao-thach-6cmx6cm-500gr-19077.html,trang-thiet-bi-y-te,400
487,00017878,GẠC Y TẾ BẢO THẠCH 10CM X 10CM X 6 LỚP 100 MIẾNG,"Gạc y tế 10cm x 10cm x 6 lớp Bảo Thạch làm sạch các vết thương nhỏ, thấm máu và dịch tiết (100 miếng)",trang-thiet-bi-y-te/gac-y-te-bao-thach-10cm-x-10cm-x-6-lop-100-mieng-19231.html,78000.0,Gói,đ,https://cdn.nhathuoclongchau.com.vn/unsafe/https://cms-prod.s3-sgn09.fptcloud.com/00017878_gac_y_te_bao_thach_10cm_x_10cm_x_6_lop_100_mieng_8498_636e_large_38a53aeeae.jpg,Cotton 100%,,Bảo Thạch,Gói,Thiết bị y tế | Dụng cụ sơ cứu | Băng y tế,trang-thiet-bi-y-te | trang-thiet-bi-y-te/dung-cu-so-cuu | trang-thiet-bi-y-te/bang-y-te,True,True,50,1.6900909,https://nhathuoclongchau.com.vn/trang-thiet-bi-y-te/gac-y-te-bao-thach-10cm-x-10cm-x-6-lop-100-mieng-19231.html,trang-thiet-bi-y-te,400
488,00017987,GĂNG TAY PHẪU THUẬT VGLOVE KHÔNG BỘT SIZE S 100 CHIẾC - MÀU XANH 4G,Găng tay phẫu thuật VGlove size S màu xanh không bột (100 chiếc),trang-thiet-bi-y-te/gang-tay-phau-thuat-vglove-khong-bot-size-s-100-chiec-mau-xanh-35g-19328.html,100000.0,Hộp,đ,https://cdn.nhathuoclongchau.com.vn/unsafe/https://cms-prod.s3-sgn09.fptcloud.com/DSC_09943_445c17b241.jpg,"Mủ kem (latex) ly tâm tự nhiên , Cao su nhân tạo ",,VGLOVE,Hộp x 4g,Thiết bị y tế | Dụng cụ y tế | Găng tay,trang-thiet-bi-y-te | trang-thiet-bi-y-te/dung-cu-y-te | trang-thiet-bi-y-te/gang-tay,True,True,50,1.5288473,https://nhathuoclongchau.com.vn/trang-thiet-bi-y-te/gang-tay-phau-thuat-vglove-khong-bot-size-s-100-chiec-mau-xanh-35g-19328.html,trang-thiet-bi-y-te,400
489,00018087,MẶT NẠ XÔNG KHÍ DUNG GREETMED MASK SIZE L,Mặt nạ xông khí dung Greetmed Aerosol Mask size L (1 cái),trang-thiet-bi-y-te/aerrosol-mask-size-l-mat-na-xong-khi-dung-19423.html,21000.0,Cái,đ,https://cdn.nhathuoclongchau.com.vn/unsafe/https://cms-prod.s3-sgn09.fptcloud.com/00018087_aerrosol_mask_size_l_mat_na_xong_khi_dung_5730_6123_large_9429a1bc22.jpg,Nhựa PVC không mùi ,,GREETMED,Cái,Thiết bị y tế | Dụng cụ y tế | Các dụng cụ và sản phẩm khác,trang-thiet-bi-y-te | trang-thiet-bi-y-te/dung-cu-y-te | trang-thiet-bi-y-te/dung-cu-khac,True,True,50,0,https://nhathuoclongchau.com.vn/trang-thiet-bi-y-te/aerrosol-mask-size-l-mat-na-xong-khi-dung-19423.html,trang-thiet-bi-y-te,400
490,00018680,"PROXIMA DRAINABLE B.BRAUN 30 TÚI - TÚI HẬU MÔN 1 MẢNH, LOẠI XẢ",Túi hậu môn Proxima Drainable B. Braun dùng đựng chất thải trong điều trị ung thư trực tràng (30 gói),trang-thiet-bi-y-te/proxima-drainable-bbraun-30-tui-tui-hau-mon-1-manh-loai-xa-19984.html,45900.0,Gói,đ,https://cdn.nhathuoclongchau.com.vn/unsafe/https://cms-prod.s3-sgn09.fptcloud.com/00018680_proxima_drainable_bbraun_30_tui_tui_hau_mon_1_manh_loai_xa_7747_60c8_large_f4a6be26ed.jpg,Túi đựng ,,B.Braun,Hộp 30 Gói,Thiết bị y tế | Dụng cụ y tế | Các dụng cụ và sản phẩm khác,trang-thiet-bi-y-te | trang-thiet-bi-y-te/dung-cu-y-te | trang-thiet-bi-y-te/dung-cu-khac,True,True,50,0,https://nhathuoclongchau.com.vn/trang-thiet-bi-y-te/proxima-drainable-bbraun-30-tui-tui-hau-mon-1-manh-loai-xa-19984.html,trang-thiet-bi-y-te,400
491,00018905,OMRON HEM 6161 - MÁY ĐO HUYẾT ÁP CỔ TAY TỰ ĐỘNG,Máy đo huyết áp cổ tay tự động Omron HEM-6161 ,trang-thiet-bi-y-te/omron-hem-6161-may-do-huyet-ap-co-tay-tu-dong.html,920000.0,Hộp,đ,https://cdn.nhathuoclongchau.com.vn/unsafe/https://cms-prod.s3-sgn09.fptcloud.com/00018905_omron_6161_3023_5f59_large_6166c375ae.JPG,Nhựa ,,OMRON,Hộp,Thiết bị y tế | Dụng cụ theo dõi | Máy đo huyết áp,trang-thiet-bi-y-te | trang-thiet-bi-y-te/dung-cu-theo-doi | trang-thiet-bi-y-te/may-do-huyet-ap,True,True,50,1.6205511000000001,https://nhathuoclongchau.com.vn/trang-thiet-bi-y-te/omron-hem-6161-may-do-huyet-ap-co-tay-tu-dong.html,trang-thiet-bi-y-te,400
492,00021082,"GARO CHỈNH HÌNH 6X100X0.05CM - DÙNG ĐỂ THẮT MẠCH, HỖ TRỢ VIỆC TÌM MẠCH MÁU","Garo Chỉnh Hình được dùng để thắt mạch, hỗ trợ việc tìm mạch máu",trang-thiet-bi-y-te/garot-chinh-hinh-6x100x005cm-21429.html,25000.0,Cuộn,đ,https://cdn.nhathuoclongchau.com.vn/unsafe/https://cms-prod.s3-sgn09.fptcloud.com/DSC_09680_e76c3b36f8.jpg,cao su silicon ,,RUBBER&PLASTIC,Cuộn,Thiết bị y tế | Dụng cụ sơ cứu | Băng y tế,trang-thiet-bi-y-te | trang-thiet-bi-y-te/dung-cu-so-cuu | trang-thiet-bi-y-te/bang-y-te,True,True,50,0,https://nhathuoclongchau.com.vn/trang-thiet-bi-y-te/garot-chinh-hinh-6x100x005cm-21429.html,trang-thiet-bi-y-te,400
493,00021269,KIM BƯỚM 25 VINAHANKOOK 50 CÂY,Kim bướm 25 Vinahankook truyền tĩnh mạch (50 Cây),trang-thiet-bi-y-te/kim-buom-25-vinahankook-50-cay-21608.html,65000.0,Hộp,đ,https://cdn.nhathuoclongchau.com.vn/unsafe/https://cms-prod.s3-sgn09.fptcloud.com/7_5ef227b531.png,Thép không gỉ ,,VINAHANKOOK,Hộp 50 Cây,Thiết bị y tế | Dụng cụ y tế | Kim các loại,trang-thiet-bi-y-te | trang-thiet-bi-y-te/dung-cu-y-te | trang-thiet-bi-y-te/kim-cac-loai,True,True,50,0,https://nhathuoclongchau.com.vn/trang-thiet-bi-y-te/kim-buom-25-vinahankook-50-cay-21608.html,trang-thiet-bi-y-te,400
494,00021640,BĂNG DÁN VẾT THƯƠNG DUODERM CGF 10X10CM 5 MIẾNG,"Băng dán vết thương Duoderm CGF Convatec chăm sóc vết thương, hỗ trợ quá trình lành vết thương (5 miếng)",trang-thiet-bi-y-te/bang-dan-vet-thuong-duoderm-cgf-10-x10-cm-5-mieng.html,395000.0,Hộp,đ,https://cdn.nhathuoclongchau.com.vn/unsafe/https://cms-prod.s3-sgn09.fptcloud.com/00021640_duoderm_cgf_10cmx10cm_5_mieng_bang_dan_vet_thuong_1569_614b_large_5dff008ea6.jpg,"Hydrocolloid , Polyurethane , Polymer ",Gel,Convatec,Hộp 5 Miếng,Thiết bị y tế | Dụng cụ sơ cứu | Băng y tế,trang-thiet-bi-y-te | trang-thiet-bi-y-te/dung-cu-so-cuu | trang-thiet-bi-y-te/bang-y-te,True,True,50,0,https://nhathuoclongchau.com.vn/trang-thiet-bi-y-te/bang-dan-vet-thuong-duoderm-cgf-10-x10-cm-5-mieng.html,trang-thiet-bi-y-te,400
495,00022144,"KHẨU TRANG MAYAN 3D MASK MEDI 4 LỚP (MÀU TRẮNG) -  5 CÁI - NGĂN BỤI MỊN PM 2.5, NGĂN NGỪA 99% VI KHUẨN","Khẩu trang Mayan 3D Mask Màu Trắng lọc không khí ô nhiễm, ngăn 99% vi khuẩn (5 cái)",trang-thiet-bi-y-te/khau-trang-3d-mask-medi-mayan-vpc-5-cai-22486.html,28000.0,Gói,đ,https://cdn.nhathuoclongchau.com.vn/unsafe/https://cms-prod.s3-sgn09.fptcloud.com/00022144_khau_trang_3d_mask_medi_mayan_vpc_5_cai_9330_60dc_large_0b3e7acfda.jpg,"Vải không dệt PP , màng lọc thô vải không dệt , màng lọc Micro Filter, N95 ",,VPC,Gói 5 Cái,Thiết bị y tế | Khẩu trang | Khẩu trang y tế,trang-thiet-bi-y-te | trang-thiet-bi-y-te/khau-trang | trang-thiet-bi-y-te/khau-trang-y-te,True,True,50,0,https://nhathuoclongchau.com.vn/trang-thiet-bi-y-te/khau-trang-3d-mask-medi-mayan-vpc-5-cai-22486.html,trang-thiet-bi-y-te,400
496,00022557,TÚI CHƯỜM ĐA NĂNG MEDIONE,"Túi chườm đa năng Medione chườm nóng, sưởi ấm, chườm lạnh",trang-thiet-bi-y-te/tui-chuom-da-nang-22882.html,130000.0,Hộp,đ,https://cdn.nhathuoclongchau.com.vn/unsafe/https://cms-prod.s3-sgn09.fptcloud.com/TUI_CHUOM_DA_NANG_MEDIONE_1_85ee40be54.jpg,,,Medione,Hộp,Thiết bị y tế | Dụng cụ y tế | Túi chườm,trang-thiet-bi-y-te | trang-thiet-bi-y-te/dung-cu-y-te | trang-thiet-bi-y-te/tui-chuom,True,True,50,0,https://nhathuoclongchau.com.vn/trang-thiet-bi-y-te/tui-chuom-da-nang-22882.html,trang-thiet-bi-y-te,400
497,00022595,"PEN GẮP CONG KHÔNG MẤU SIZE 16CM - KẸP BÔNG BĂNG, BĂNG GẠC RỬA VẾT THƯƠNG","Pen gắp cong không mấu Electro Bismed dùng kẹp bông băng, băng gạc rửa vết thương (1 cái x 16cm)",trang-thiet-bi-y-te/pen-gap-cong-khong-mau-size-16-cm.html,23000.0,Cái,đ,https://cdn.nhathuoclongchau.com.vn/unsafe/https://cms-prod.s3-sgn09.fptcloud.com/00022595_pen_gap_vet_thuong_cong_2925_62d4_large_d75b0f4bd4.jpg,Kim loại ,,Electro Bismed,Cái,Thiết bị y tế | Dụng cụ y tế | Các dụng cụ và sản phẩm khác,trang-thiet-bi-y-te | trang-thiet-bi-y-te/dung-cu-y-te | trang-thiet-bi-y-te/dung-cu-khac,True,True,50,0,https://nhathuoclongchau.com.vn/trang-thiet-bi-y-te/pen-gap-cong-khong-mau-size-16-cm.html,trang-thiet-bi-y-te,400
498,00022645,VIÊN ĐẶT PHỤ KHOA ZENELLA MED NATUR 14 VIÊN - HỖ TRỢ ĐIỀU TRỊ VÀ NGĂN NGỪA VIÊM ÂM ĐẠO,Viên đặt Zenella Med ngăn ngừa vi khuẩn gây viêm âm đạo (14 Viên),trang-thiet-bi-y-te/zenella-med-natur-14v-22970.html,229000.0,Hộp,đ,https://cdn.nhathuoclongchau.com.vn/unsafe/https://cms-prod.s3-sgn09.fptcloud.com/00022645_zenella_med_natur_14v_3335_60c1_large_80b24435e8.jpg,"Inulin 50mg, Vitamin C 40mg, Vitamin E 10mg, Sodium hyaluronate 5mg",,Natur Produkt Pharma,Hộp 14 Viên,Thiết bị y tế | Dụng cụ y tế | Các dụng cụ và sản phẩm khác,trang-thiet-bi-y-te | trang-thiet-bi-y-te/dung-cu-y-te | trang-thiet-bi-y-te/dung-cu-khac,True,True,50,0,https://nhathuoclongchau.com.vn/trang-thiet-bi-y-te/zenella-med-natur-14v-22970.html,trang-thiet-bi-y-te,400
499,00022721,"KEM BÔI ATOPSHIELD CRAB SINERGY 40ML - BẢO VỆ DA KHỎI DỊ ỨNG, VIÊM DA CƠ ĐỊA","Kem bôi Atopshield Forte bảo vệ da khỏi dị ứng, viêm da cơ địa và làm giảm ngứa, kích ứng da (40ml) ",trang-thiet-bi-y-te/atopshield-crab-sinergy-40ml-23043.html,380000.0,Hộp,đ,https://cdn.nhathuoclongchau.com.vn/unsafe/https://cms-prod.s3-sgn09.fptcloud.com/00022721_atopshield_crab_sinergy_40ml_8565_60b0_large_fda5a147f5.jpg,"Alcohol , Cetearyl Alcohol , Water , C12-15 Alkyl Benzoate , Sodium benzoate , Chlorphenesin , Sodium Laurenth Sulphate ",Kem bôi da,CRAB SINERGY,Hộp x 40ml,Thiết bị y tế | Dụng cụ y tế | Các dụng cụ và sản phẩm khác,trang-thiet-bi-y-te | trang-thiet-bi-y-te/dung-cu-y-te | trang-thiet-bi-y-te/dung-cu-khac,True,True,50,0,https://nhathuoclongchau.com.vn/trang-thiet-bi-y-te/atopshield-crab-sinergy-40ml-23043.html,trang-thiet-bi-y-te,400
500,00022723,TÚI ĐỰNG NƯỚC TIỂU GREETMED 10 CÁI,"Túi đựng nước tiểu Urine Bag Greetmed tiện dụng, sạch sẽ, dễ sử dụng (10 cái)",trang-thiet-bi-y-te/tui-dung-nuoc-tieu-greetmed-10-cai-23045.html,6100.0,Cái,đ,https://cdn.nhathuoclongchau.com.vn/unsafe/https://cms-prod.s3-sgn09.fptcloud.com/00022723_tui_dung_nuoc_tieu_greetmed_10_cai_1696_60c8_large_de73cdfaa7.jpg,Nhựa tổng hợp ,,GREETMED,Gói 10 cái,Thiết bị y tế | Dụng cụ y tế | Các dụng cụ và sản phẩm khác,trang-thiet-bi-y-te | trang-thiet-bi-y-te/dung-cu-y-te | trang-thiet-bi-y-te/dung-cu-khac,True,True,50,1.551216,https://nhathuoclongchau.com.vn/trang-thiet-bi-y-te/tui-dung-nuoc-tieu-greetmed-10-cai-23045.html,trang-thiet-bi-y-te,400
501,00028656,"KHẨU TRANG TRẺ EM THIÊN THỦY 3 LỚP (MÀU HỒNG) 8 CÁI - NGĂN KHÓI BỤI, VI KHUẨN","Khẩu trang trẻ em Thiên Thủy hỗ trợ ngăn khói, bụi, kháng khuẩn (8 cái)",trang-thiet-bi-y-te/khau-trang-tre-em-thien-thuy-goi-8-cai-28959.html,24000.0,Gói,đ,https://cdn.nhathuoclongchau.com.vn/unsafe/https://cms-prod.s3-sgn09.fptcloud.com/00028656_khau_trang_tre_em_thien_thuy_goi_8_cai_9024_62ff_large_605c6cdf0e.jpg,"Vải không dệt PP , Dây đeo có tính đàn hồi ",,Thiên Thủy,Gói 8 Cái,Thiết bị y tế | Khẩu trang | Khẩu trang y tế,trang-thiet-bi-y-te | trang-thiet-bi-y-te/khau-trang | trang-thiet-bi-y-te/khau-trang-y-te,True,True,50,0,https://nhathuoclongchau.com.vn/trang-thiet-bi-y-te/khau-trang-tre-em-thien-thuy-goi-8-cai-28959.html,trang-thiet-bi-y-te,500
502,00028870,BƠM TIÊM SỬ DỤNG MỘT LẦN VINAHANKOOK 5ML/CC 23G HỘP 100 CÁI,Bơm tiêm sử dụng 1 lần 5ml/cc Vinahankook vô trùng (100 Cái),trang-thiet-bi-y-te/bom-tiem-5-23g-vinahankook-100-cai-29164.html,75000.0,Hộp,đ,https://cdn.nhathuoclongchau.com.vn/unsafe/https://cms-prod.s3-sgn09.fptcloud.com/00028870_bom_tiem_5_23g_vinahankook_100_cai_8142_6128_large_2f18c0d6fe.jpg,Thép không gỉ ,,VINAHANKOOK,Hộp 100 Cái,Thiết bị y tế | Dụng cụ y tế | Kim các loại,trang-thiet-bi-y-te | trang-thiet-bi-y-te/dung-cu-y-te | trang-thiet-bi-y-te/kim-cac-loai,True,True,50,0,https://nhathuoclongchau.com.vn/trang-thiet-bi-y-te/bom-tiem-5-23g-vinahankook-100-cai-29164.html,trang-thiet-bi-y-te,500
503,00028875,"QUE THỬ RỤNG TRỨNG LH-TANA TANAPHAR OVULATION TEST STRIP HỘP 12 QUE - HỖ TRỢ PHÁT HIỆN NGÀY RỤNG TRỨNG NHANH CHÓNG, ĐƠN GIẢN","Que thử rụng trứng LH-Tana hỗ trợ phát hiện ngày rụng trứng nhanh chóng, đơn giản (12 que)",trang-thiet-bi-y-te/lh-tana-tanaphar-ovulation-test-strip-que-thu-rung-trung-hop-12-que-29169.html,7000.0,Cái,đ,https://cdn.nhathuoclongchau.com.vn/unsafe/https://cms-prod.s3-sgn09.fptcloud.com/00028875_lh_tana_tanaphar_12_que_que_thu_rung_trung_7078_62b9_large_ad750a2994.jpg,,,Tanaphar,Hộp 12 Cái,Thiết bị y tế | Dụng cụ theo dõi | Thử thai,trang-thiet-bi-y-te | trang-thiet-bi-y-te/dung-cu-theo-doi | trang-thiet-bi-y-te/thu-thai,True,True,50,0,https://nhathuoclongchau.com.vn/trang-thiet-bi-y-te/lh-tana-tanaphar-ovulation-test-strip-que-thu-rung-trung-hop-12-que-29169.html,trang-thiet-bi-y-te,500
504,00028924,CHAI LĂN LÀM NÓNG CƠ STARBALM 75ML,"Chai lăn làm nóng Starbalm giúp cơ, khớp thư giãn, tăng tuần hoàn máu (75ml)",trang-thiet-bi-y-te/chai-lan-lam-nong-starbalm-75ml-29218.html,175000.0,Chai,đ,https://cdn.nhathuoclongchau.com.vn/unsafe/https://cms-prod.s3-sgn09.fptcloud.com/00028924_chai_lan_lam_nong_starbalm_75ml_5053_62af_large_dcaab0c7e3.jpg,"Menthol , Eucalyptus oil , Eugenol , Ginger oil , Purified water ",,Starbalm,Chai,Thiết bị y tế | Dụng cụ y tế | Các dụng cụ và sản phẩm khác,trang-thiet-bi-y-te | trang-thiet-bi-y-te/dung-cu-y-te | trang-thiet-bi-y-te/dung-cu-khac,True,True,50,1.7364967999999998,https://nhathuoclongchau.com.vn/trang-thiet-bi-y-te/chai-lan-lam-nong-starbalm-75ml-29218.html,trang-thiet-bi-y-te,500
505,00028997,"KHẨU TRANG UNICHARM 3D MASK SUPER FIT ĐA LỚP (MÀU TRẮNG) 100 CÁI - ÔM VỪA VẶN, KHÔNG BÍ THỞ","Khẩu trang Unicharm 3D Mask Superfit size M hỗ trợ ngăn khói, bụi, kháng khuẩn (100 cái)",trang-thiet-bi-y-te/khau-trang-3d-mask-superfit-unicharm-100-cai-29289.html,320000.0,Hộp,đ,https://cdn.nhathuoclongchau.com.vn/unsafe/https://cms-prod.s3-sgn09.fptcloud.com/00028997_khau_trang_3d_mask_superfit_unicharm_100_cai_3899_628d_large_53304a6010.jpg,"Polyester , Polyolefin , Lớp lọc ",,Unicharm,Hộp,Thiết bị y tế | Khẩu trang | Khẩu trang y tế,trang-thiet-bi-y-te | trang-thiet-bi-y-te/khau-trang | trang-thiet-bi-y-te/khau-trang-y-te,True,True,50,0,https://nhathuoclongchau.com.vn/trang-thiet-bi-y-te/khau-trang-3d-mask-superfit-unicharm-100-cai-29289.html,trang-thiet-bi-y-te,500
506,00029207,"TÚI CHƯỜM ĐA NĂNG THIÊN THANH NHỎ - CHƯỜM NÓNG, CHƯỜM LẠNH, GIỮ ẤM 4 - 6 TIẾNG","Túi chườm đa năng Thiên Thanh chườm nóng, sưởi ẩm, chườm lạnh, giữ ấm 4 - 6 tiếng ",trang-thiet-bi-y-te/tui-chuom-da-nang-thien-thanh-loai-nho-29473.html,120000.0,Cái,đ,https://cdn.nhathuoclongchau.com.vn/unsafe/https://cms-prod.s3-sgn09.fptcloud.com/tui_chuom_da_nang_588d7456a2.jpg,Vải ,,Thiên Thanh,Cái,Thiết bị y tế | Dụng cụ y tế | Túi chườm,trang-thiet-bi-y-te | trang-thiet-bi-y-te/dung-cu-y-te | trang-thiet-bi-y-te/tui-chuom,True,True,50,0,https://nhathuoclongchau.com.vn/trang-thiet-bi-y-te/tui-chuom-da-nang-thien-thanh-loai-nho-29473.html,trang-thiet-bi-y-te,500
507,00029302,"MIẾNG DÁN GIỮ NHIỆT THIÊN THANH - DÙNG ĐỂ CHƯỜM NÓNG, SƯỞI ẤM TRONG MÙA LẠNH 10 MIẾNG","Miếng dán chườm nóng, sưởi ấm Thiên Thanh dùng để giữ ấm trong mùa lạnh (10 miếng)",trang-thiet-bi-y-te/mieng-dan-suoi-am-thien-thanh-29567.html,90000.0,Hộp,đ,https://cdn.nhathuoclongchau.com.vn/unsafe/https://cms-prod.s3-sgn09.fptcloud.com/mieng_dan_chuom_nhiet_63f30766d8.jpg,"Nước (aqua) , Kiềm , Vermiculite , Muối , Than hoạt tính , Sắt ",,Thiên Thanh,Hộp 10 Miếng,"Thiết bị y tế | Dụng cụ sơ cứu | Miếng dán giảm đau, hạ sốt",trang-thiet-bi-y-te | trang-thiet-bi-y-te/dung-cu-so-cuu | trang-thiet-bi-y-te/mieng-dan-giam-dau,True,True,50,0,https://nhathuoclongchau.com.vn/trang-thiet-bi-y-te/mieng-dan-suoi-am-thien-thanh-29567.html,trang-thiet-bi-y-te,500
508,00029584,GĂNG TAY CAO SU Y TẾ CÓ BỘT LATEX ASAP MALAYSIA - SIZE S HỘP 100 CÁI,Găng tay cao su y tế có bột Latex ASAP Malaysia Size S (100 cái),trang-thiet-bi-y-te/gang-tay-cao-su-y-te-co-bot-latex-asap-malaysia-size-s-hop-100-cai-29848.html,85000.0,Hộp,đ,https://cdn.nhathuoclongchau.com.vn/unsafe/https://cms-prod.s3-sgn09.fptcloud.com/00029584_gang_tay_cao_su_y_te_co_bot_latex_asap_malaysia_size_s_hop_100_cai_1305_600a_large_531aa0d1a1.JPG,Cao su thiên nhiên ,,Asap,Hộp 100 Cái,Thiết bị y tế | Dụng cụ y tế | Găng tay,trang-thiet-bi-y-te | trang-thiet-bi-y-te/dung-cu-y-te | trang-thiet-bi-y-te/gang-tay,True,True,50,0,https://nhathuoclongchau.com.vn/trang-thiet-bi-y-te/gang-tay-cao-su-y-te-co-bot-latex-asap-malaysia-size-s-hop-100-cai-29848.html,trang-thiet-bi-y-te,500
509,00029585,GĂNG TAY CAO SU Y TẾ CÓ BỘT LATEX ASAP MALAYSIA - SIZE M HỘP 100 CÁI,Găng tay cao su y tế có bột Latex ASAP Malaysia Size M (100 cái),trang-thiet-bi-y-te/gang-tay-cao-su-y-te-co-bot-latex-asap-malaysia-size-m-hop-100-cai-29849.html,85000.0,Hộp,đ,https://cdn.nhathuoclongchau.com.vn/unsafe/https://cms-prod.s3-sgn09.fptcloud.com/00029585_gang_tay_cao_su_y_te_co_bot_latex_asap_malaysia_size_m_hop_100_cai_6809_62ad_large_79d46733f7.jpg,Cao su thiên nhiên ,,Asap,Hộp 100 Cái,Thiết bị y tế | Dụng cụ y tế | Găng tay,trang-thiet-bi-y-te | trang-thiet-bi-y-te/dung-cu-y-te | trang-thiet-bi-y-te/gang-tay,True,True,50,0,https://nhathuoclongchau.com.vn/trang-thiet-bi-y-te/gang-tay-cao-su-y-te-co-bot-latex-asap-malaysia-size-m-hop-100-cai-29849.html,trang-thiet-bi-y-te,500
510,00029648,DUNG DỊCH XỊT MŨI HUMER NASAL HYGIENE CHILDREN 150ML - DÙNG CHO TRẺ EM DƯỚI 15 TUỔI,Dung dịch xịt mũi Humer 150 Nasal Hygiene vệ sinh khoang mũi hàng ngày (150ml),trang-thiet-bi-y-te/humer-nasal-hygiene-children-150ml-29914.html,160000.0,Hộp,đ,https://cdn.nhathuoclongchau.com.vn/unsafe/https://cms-prod.s3-sgn09.fptcloud.com/00029648_humer_nasal_hygiene_children_150ml_5320_601a_large_9e2ec56263.JPG,"Nước biển sâu , Đồng , Mangan , Magie , Lưu huỳnh , Selen , Dung dịch đẳng trương ",,Urgo,Hộp x 150ml,Thiết bị y tế | Dụng cụ y tế | Dụng cụ vệ sinh mũi,trang-thiet-bi-y-te | trang-thiet-bi-y-te/dung-cu-y-te | trang-thiet-bi-y-te/dung-cu-ve-sinh-mui,True,True,50,0,https://nhathuoclongchau.com.vn/trang-thiet-bi-y-te/humer-nasal-hygiene-children-150ml-29914.html,trang-thiet-bi-y-te,500
511,00029797,ĐẦU KIM BÚT BD ULTRA-FINE PRO 4MMX32G 100 CÁI - SỬ DỤNG CHO BÚT TIÊM INSULIN,"Kim bút BD Ultra - Fine Pro (4mm x 32g) xuyên qua da dễ dàng, không gây đau đớn khi tiêm (100 cây)",trang-thiet-bi-y-te/bd-ultra-fine-pro-4mmx32g-100-cai-kim-but-30062.html,2750.0,Cây,đ,https://cdn.nhathuoclongchau.com.vn/unsafe/https://cms-prod.s3-sgn09.fptcloud.com/00029797_bd_ultra_fine_pro_4mmx32g_100_cai_kim_but_7089_62ad_large_9eb06ce5d3.jpg,Vật liệu thép phẫu thuật công nghệ mạ Micro - bonded ,,Becton,Hộp 100 cây,Thiết bị y tế | Dụng cụ y tế | Kim các loại,trang-thiet-bi-y-te | trang-thiet-bi-y-te/dung-cu-y-te | trang-thiet-bi-y-te/kim-cac-loai,True,True,50,0,https://nhathuoclongchau.com.vn/trang-thiet-bi-y-te/bd-ultra-fine-pro-4mmx32g-100-cai-kim-but-30062.html,trang-thiet-bi-y-te,500
512,00030070,BĂNG KEO CUỘN CO GIÃN FIX ROLL 10CMX10M,"Băng keo cuộn co giãn Non-Woven Fix Roll Plaster 10cm x 10m Young Chemical cố định ống truyền dẫn, truyền dịch (1 cuộn)",trang-thiet-bi-y-te/bang-keo-cuon-co-gian-fix-roll-10cmx10m-30271.html,155000.0,Hộp,đ,https://cdn.nhathuoclongchau.com.vn/unsafe/https://cms-prod.s3-sgn09.fptcloud.com/00030070_bang_keo_cuon_co_gian_fix_roll_10cmx10m_1958_6055_large_6be31cd633.JPG,"Acrylic , Vải không dệt PET ",,YOUNG CHEMICAL,Hộp,Thiết bị y tế | Dụng cụ sơ cứu | Băng y tế,trang-thiet-bi-y-te | trang-thiet-bi-y-te/dung-cu-so-cuu | trang-thiet-bi-y-te/bang-y-te,True,True,50,0,https://nhathuoclongchau.com.vn/trang-thiet-bi-y-te/bang-keo-cuon-co-gian-fix-roll-10cmx10m-30271.html,trang-thiet-bi-y-te,500
513,00030079,BĂNG GẠC VÔ TRÙNG YOUNG WOUND DRESSING 9X10CM HỘP 50 MIẾNG - HỖ TRỢ BẢO VỆ VẾT THƯƠNG,Băng gạc vô trùng Non-Woven Wound Dressing 9cm x 10cm Young Chemical hỗ trợ bảo vệ vết thương (50 miếng),trang-thiet-bi-y-te/bang-gac-vo-trung-young-wound-dressing-9x10cm-30280.html,6500.0,Miếng,đ,https://cdn.nhathuoclongchau.com.vn/unsafe/https://cms-prod.s3-sgn09.fptcloud.com/00030079_bang_gac_vo_trung_young_wound_dressing_9x10cm_7505_6054_large_01c95cb47f.JPG,"Rayon , Acrylic , Vải không dệt PET , Polyethylene , Ethylene oxide (E.O Gas) , PET 20% , vải không dệt Non-woven fabric ",,YOUNG CHEMICAL,Hộp 50 Miếng,Thiết bị y tế | Dụng cụ sơ cứu | Băng y tế,trang-thiet-bi-y-te | trang-thiet-bi-y-te/dung-cu-so-cuu | trang-thiet-bi-y-te/bang-y-te,True,True,50,0,https://nhathuoclongchau.com.vn/trang-thiet-bi-y-te/bang-gac-vo-trung-young-wound-dressing-9x10cm-30280.html,trang-thiet-bi-y-te,500
514,00030080,BĂNG GẠC VÔ TRÙNG YOUNG WOUND DRESSING 9X15CM HỘP 50 MIẾNG - HỖ TRỢ BẢO VỆ VẾT THƯƠNG,Băng gạc vô trùng Non-Woven Wound Dressing 9cm x 15cm Young Chemical hỗ trợ bảo vệ vết thương (50 miếng) ,trang-thiet-bi-y-te/bang-gac-vo-trung-young-wound-dressing-9x15cm-30281.html,8500.0,Miếng,đ,https://cdn.nhathuoclongchau.com.vn/unsafe/https://cms-prod.s3-sgn09.fptcloud.com/00030080_bang_gac_vo_trung_young_wound_dressing_9x15cm_2886_6055_large_f335b87ef6.JPG,"Rayon , Acrylic , Vải không dệt PET , Polyethylene , Ethylene oxide (E.O Gas) , PET 20% , vải không dệt Non-woven fabric ",,YOUNG CHEMICAL,Hộp 50 Miếng,Thiết bị y tế | Dụng cụ sơ cứu | Băng y tế,trang-thiet-bi-y-te | trang-thiet-bi-y-te/dung-cu-so-cuu | trang-thiet-bi-y-te/bang-y-te,True,True,50,0,https://nhathuoclongchau.com.vn/trang-thiet-bi-y-te/bang-gac-vo-trung-young-wound-dressing-9x15cm-30281.html,trang-thiet-bi-y-te,500
515,00030082,BĂNG GẠC VÔ TRÙNG YOUNG WOUND DRESSING 9X25CM,Băng gạc vô trùng Non-Woven Wound Dressing 9cm x 25cm Young Chemical hỗ trợ bảo vệ vết thương (50 miếng),trang-thiet-bi-y-te/bang-gac-vo-trung-young-wound-dressing-9x25cm-30283.html,11000.0,Miếng,đ,https://cdn.nhathuoclongchau.com.vn/unsafe/https://cms-prod.s3-sgn09.fptcloud.com/00030082_bang_gac_vo_trung_young_wound_dressing_9x25cm_4338_6055_large_775cd10b21.JPG,"Rayon , Acrylic , Vải không dệt PET , Polyethylene , Ethylene oxide (E.O Gas) , PET 20% , vải không dệt Non-woven fabric ",,YOUNG CHEMICAL,Hộp 50 Miếng,Thiết bị y tế | Dụng cụ sơ cứu | Băng y tế,trang-thiet-bi-y-te | trang-thiet-bi-y-te/dung-cu-so-cuu | trang-thiet-bi-y-te/bang-y-te,True,True,50,0,https://nhathuoclongchau.com.vn/trang-thiet-bi-y-te/bang-gac-vo-trung-young-wound-dressing-9x25cm-30283.html,trang-thiet-bi-y-te,500
516,00030292,MÁY ĐO ĐƯỜNG HUYẾT ACCU CHEK GUIDE,Máy đo đường huyết Accu-Chek Guide đo nhanh chóng chỉ với một nút bấm và an toàn,trang-thiet-bi-y-te/may-do-duong-huyet-accu-chek-guide-mgdl-30441.html,1300000.0,Hộp,đ,https://cdn.nhathuoclongchau.com.vn/unsafe/https://cms-prod.s3-sgn09.fptcloud.com/DSC_02394_8a3333b63b.jpg,Nhựa tổng hợp ,,Accu-Chek,Hộp,"Thiết bị y tế | Dụng cụ theo dõi | Máy, que thử đường huyết",trang-thiet-bi-y-te | trang-thiet-bi-y-te/dung-cu-theo-doi | trang-thiet-bi-y-te/may-que-thu-duong-huyet,True,True,50,0,https://nhathuoclongchau.com.vn/trang-thiet-bi-y-te/may-do-duong-huyet-accu-chek-guide-mgdl-30441.html,trang-thiet-bi-y-te,500
517,00030295,QUE THỬ ĐƯỜNG HUYẾT ACCU CHEK GUIDE HỘP 25 QUE,Que thử đường huyết Accu-Chek Guide theo dõi đường huyết (25 que),trang-thiet-bi-y-te/que-thu-duong-huyet-accu-chek-guide-25-que-30454.html,347000.0,Hộp,đ,https://cdn.nhathuoclongchau.com.vn/unsafe/https://cms-prod.s3-sgn09.fptcloud.com/00030295_que_thu_duong_huyet_accu_chek_guide_25_que_4962_62b9_large_ee376bad8d.JPG,"Nhựa PP 100%, Silicon 100%",,Accu-Chek,Hộp,"Thiết bị y tế | Dụng cụ theo dõi | Máy, que thử đường huyết",trang-thiet-bi-y-te | trang-thiet-bi-y-te/dung-cu-theo-doi | trang-thiet-bi-y-te/may-que-thu-duong-huyet,True,True,50,0,https://nhathuoclongchau.com.vn/trang-thiet-bi-y-te/que-thu-duong-huyet-accu-chek-guide-25-que-30454.html,trang-thiet-bi-y-te,500
518,00030692,"ĐAI THẮT LƯNG BONBONE - PRO HARD SLIM, MÀU ĐEN SIZE M (68-85CM) - HỖ TRỢ ĐIỀU TRỊ ĐAU THẮT LƯNG,  HỖ TRỢ CỘT SỐNG",Đai lưng hỗ trợ cột sống size M (68-85cm) Bonbone Pro Hard Slim màu đen hỗ trợ điều trị đau thắt lưng,trang-thiet-bi-y-te/dai-lung-ho-tro-cot-song-bonbone-pro-hard-slim-mau-den-size-m-68-85cm-30845.html,1200000.0,Hộp,đ,https://cdn.nhathuoclongchau.com.vn/unsafe/https://cms-prod.s3-sgn09.fptcloud.com/00030692_dai_lung_ho_tro_cot_song_bonbone_pro_hard_slim_mau_den_size_m_68_85cm_4922_6093_large_8c4fdfc8fb.jpg,"Thanh nẹp nhựa tổng hợp , Lưới siêu nhẹ và thoáng khí ",,BonBone,Hộp,Thiết bị y tế | Dụng cụ y tế | Đai lưng,trang-thiet-bi-y-te | trang-thiet-bi-y-te/dung-cu-y-te | trang-thiet-bi-y-te/dai-lung,True,True,50,0,https://nhathuoclongchau.com.vn/trang-thiet-bi-y-te/dai-lung-ho-tro-cot-song-bonbone-pro-hard-slim-mau-den-size-m-68-85cm-30845.html,trang-thiet-bi-y-te,500
519,00030693,"ĐAI THẮT LƯNG BONBONE - PRO HARD SLIM, MÀU ĐEN SIZE L (80-100CM) - HỖ TRỢ ĐIỀU TRỊ ĐAU THẮT LƯNG, HỖ TRỢ CỘT SỐNG",Đai lưng hỗ trợ cột sống size L Bonbone Pro Hard Slim màu đen hỗ trợ điều trị đau thắt lưng (80-100cm),trang-thiet-bi-y-te/dai-lung-ho-tro-cot-song-bonbone-pro-hard-slim-mau-den-size-l-80-100cm-30846.html,1200000.0,Hộp,đ,https://cdn.nhathuoclongchau.com.vn/unsafe/https://cms-prod.s3-sgn09.fptcloud.com/00030693_dai_lung_ho_tro_cot_song_bonbone_pro_hard_slim_mau_den_size_l_80_100cm_2123_6093_large_86b88b45e9.jpg,"Thanh nẹp nhựa tổng hợp , Lưới siêu nhẹ và thoáng khí ",,BonBone,Hộp,Thiết bị y tế | Dụng cụ y tế | Đai lưng,trang-thiet-bi-y-te | trang-thiet-bi-y-te/dung-cu-y-te | trang-thiet-bi-y-te/dai-lung,True,True,50,0,https://nhathuoclongchau.com.vn/trang-thiet-bi-y-te/dai-lung-ho-tro-cot-song-bonbone-pro-hard-slim-mau-den-size-l-80-100cm-30846.html,trang-thiet-bi-y-te,500
520,00030697,ĐAI CỐ ĐỊNH ĐẦU GỐI BONBONE - THIN PF CROSS BELTS FREE SIZE,Đai cố định đầu gối free size Bonbone Thin PF Cross Belts hỗ trợ điều trị bệnh xương khớp,trang-thiet-bi-y-te/dai-co-dinh-dau-goi-bonbone-thin-pf-cross-belts-free-size-30850.html,800000.0,Hộp,đ,https://cdn.nhathuoclongchau.com.vn/unsafe/https://cms-prod.s3-sgn09.fptcloud.com/00030697_dai_co_dinh_dau_goi_bonbone_thin_pf_cross_belts_free_size_4839_6093_large_70f2f99fe9.jpg,,,BonBone,Hộp,Thiết bị y tế | Dụng cụ y tế | Đai nẹp,trang-thiet-bi-y-te | trang-thiet-bi-y-te/dung-cu-y-te | trang-thiet-bi-y-te/dai-nep,True,True,50,0,https://nhathuoclongchau.com.vn/trang-thiet-bi-y-te/dai-co-dinh-dau-goi-bonbone-thin-pf-cross-belts-free-size-30850.html,trang-thiet-bi-y-te,500
521,00030714,BƠM TIÊM SỬ DỤNG MỘT LẦN VINAHANKOOK 10ML/CC 23G HỘP 100 CÁI,Bơm tiêm 10ml/cc Vinahankook (100 cái),trang-thiet-bi-y-te/bom-tiem-10-23g-vinahankook-100-cai-30862.html,1050.0,Cái,đ,https://cdn.nhathuoclongchau.com.vn/unsafe/https://cms-prod.s3-sgn09.fptcloud.com/00030714_bom_tiem_10_23g_vinahankook_100_cai_3084_6123_large_f10f15375c.jpg,,,VINAHANKOOK,Hộp 100 Cái,Thiết bị y tế | Dụng cụ y tế | Kim các loại,trang-thiet-bi-y-te | trang-thiet-bi-y-te/dung-cu-y-te | trang-thiet-bi-y-te/kim-cac-loai,True,True,50,0,https://nhathuoclongchau.com.vn/trang-thiet-bi-y-te/bom-tiem-10-23g-vinahankook-100-cai-30862.html,trang-thiet-bi-y-te,500
522,00030785,OMRON NE-C28 - MÁY XÔNG KHÍ DUNG,"Máy xông khí dung Omron NE-C28 kiểm soát hen suyễn, viêm phế quản mãn tính",trang-thiet-bi-y-te/omron-ne-c28-may-xong-khi-dung-30937.html,1480000.0,Hộp,đ,https://cdn.nhathuoclongchau.com.vn/unsafe/https://cms-prod.s3-sgn09.fptcloud.com/compair_0ba018c74c.jpg,Nhựa ,,OMRON,Hộp,Thiết bị y tế | Dụng cụ y tế | Máy xông khí dung,trang-thiet-bi-y-te | trang-thiet-bi-y-te/dung-cu-y-te | trang-thiet-bi-y-te/may-xong-khi-dung,True,True,50,0,https://nhathuoclongchau.com.vn/trang-thiet-bi-y-te/omron-ne-c28-may-xong-khi-dung-30937.html,trang-thiet-bi-y-te,500
523,00031012,"DUNG DỊCH NHỎ MẮT VISILOTON FARMAK 10ML - GIẢM KÍCH ỨNG, KHÔ MẮT",Dung dịch nhỏ mắt Visiloton Farmak kích thích tái tạo màng nhầy của mắt (10ml),thuoc/visiloton-farmak-10ml-31145.html,140000.0,Hộp,đ,https://cdn.nhathuoclongchau.com.vn/unsafe/https://cms-prod.s3-sgn09.fptcloud.com/00031012_visiloton_farmak_10ml_6171_6123_large_008eeae9d7.jpg,,,,Hộp,Thiết bị y tế | Dụng cụ y tế,trang-thiet-bi-y-te | trang-thiet-bi-y-te/dung-cu-y-te,True,True,50,0,https://nhathuoclongchau.com.vn/thuoc/visiloton-farmak-10ml-31145.html,trang-thiet-bi-y-te,500
524,00031104,ONETOUCH DELICA PLUS 30G 25 CÂY - KIM LẤY MÁU CHO ONETOUCH FLEX/SELECT PLUS SIMPLE,"Kim lấy máu Onetouch Delica Plus trích máu nhanh, không gây đau (25 cái)",trang-thiet-bi-y-te/onetouch-delica-plus-30g-25-cay-kim-lay-mau-31251.html,60000.0,Hộp,đ,https://cdn.nhathuoclongchau.com.vn/unsafe/https://cms-prod.s3-sgn09.fptcloud.com/00031104_onetouch_delica_plus_30g_25_cay_kim_lay_mau_4462_6123_large_774af325de.jpg,Kim loại ,,Onetouch,Hộp 25 Cái,Thiết bị y tế | Dụng cụ y tế | Kim các loại,trang-thiet-bi-y-te | trang-thiet-bi-y-te/dung-cu-y-te | trang-thiet-bi-y-te/kim-cac-loai,True,True,50,0,https://nhathuoclongchau.com.vn/trang-thiet-bi-y-te/onetouch-delica-plus-30g-25-cay-kim-lay-mau-31251.html,trang-thiet-bi-y-te,500
525,00031103,ON CALL VIVID 25 CÁI - QUE THỬ ĐƯỜNG HUYẾT,"Que thử đường huyết On Call Vivid phản ứng với đường glucose trong máu, kết quả chính xác cao (25 cái)",trang-thiet-bi-y-te/on-call-vivid-25-cai-que-thu-duong-huyet-31256.html,270000.0,Hộp,đ,https://cdn.nhathuoclongchau.com.vn/unsafe/https://cms-prod.s3-sgn09.fptcloud.com/00031103_0276af1162.jpg,Que thử đường huyết ,,ACON,Hộp 25 Cái,"Thiết bị y tế | Dụng cụ theo dõi | Máy, que thử đường huyết",trang-thiet-bi-y-te | trang-thiet-bi-y-te/dung-cu-theo-doi | trang-thiet-bi-y-te/may-que-thu-duong-huyet,True,True,50,0,https://nhathuoclongchau.com.vn/trang-thiet-bi-y-te/on-call-vivid-25-cai-que-thu-duong-huyet-31256.html,trang-thiet-bi-y-te,500
526,00031230,"NƯỚC MẮT NHÂN TẠO CLINITAS 0.2% HỘP 30 ỐNG X 0.5ML - DƯỠNG ẨM SÂU, GIẢM KHÔ MỎI MẮT HIỆU QUẢ",Dung dịch nhỏ mắt Clinitas 0.2% Farmigea giữ ẩm và ổn định màng nước mắt (30 ống x 0.5ml),trang-thiet-bi-y-te/dung-dich-nho-mat-clinitas-02-31292.html,451000.0,Hộp,đ,https://cdn.nhathuoclongchau.com.vn/unsafe/https://cms-prod.s3-sgn09.fptcloud.com/8_779134320e.png,Sodium hyaluronate 0.2%,Dung dịch nhỏ mắt,Farmigea,Hộp 30 Ống,Thiết bị y tế | Dụng cụ y tế,trang-thiet-bi-y-te | trang-thiet-bi-y-te/dung-cu-y-te,True,True,50,0,https://nhathuoclongchau.com.vn/trang-thiet-bi-y-te/dung-dich-nho-mat-clinitas-02-31292.html,trang-thiet-bi-y-te,500
527,00031202,"VIÊN ĐẶT PHỤ KHOA CERVIRON NGỪA VIÊM NHIỄM, KHÍ HƯ 2X5 - HỖ TRỢ ĐIỀU TRỊ VIÊM ÂM ĐẠO, NHIỄM KHUẨN, NGỨA ÂM HỘ","Viên đặt phụ khoa Cerviron Innate điều trị các bệnh lý âm đạo, viêm cổ tử cung (10 viên)",trang-thiet-bi-y-te/vien-dat-phu-khoa-cerviron-31326.html,480000.0,Hộp,đ,https://cdn.nhathuoclongchau.com.vn/unsafe/https://cms-prod.s3-sgn09.fptcloud.com/25_f58b9668b9.png,"Muối Natri của acid hyaluronic 10mg, Epigallocatechin-3- gallate 20mg, Dịch chiết đặc của lá và hoa cỏ xạ hương Thymus Vulgaris 20mg, Dịch chiết đặc của lá cây phỉ Hamamelis Virginiana 20mg, Chiết xuất glycolic hoa cúc Calendula Officinalis 20mg, Cà rốt được tẩm dầu 27mg, Nhựa Peru 10mg, Hexylresorcinol 2.5mg",Viên đặt,Innate,Hộp 1 Vỉ x 10 Viên,Thiết bị y tế | Dụng cụ y tế,trang-thiet-bi-y-te | trang-thiet-bi-y-te/dung-cu-y-te,True,True,50,0,https://nhathuoclongchau.com.vn/trang-thiet-bi-y-te/vien-dat-phu-khoa-cerviron-31326.html,trang-thiet-bi-y-te,500
528,00031335,"DUNG DỊCH UỐNG NHỎ GIỌT COMIL PJ PHARMA 20ML - GIẢM RỐI LOẠN TIÊU HÓA, CHƯỚNG BỤNG, ĐẦY HƠI, NÔN TRỚ Ở TRẺ EM","Dung dịch nhỏ giọt Comil PJ Pharma giảm rối loạn tiêu hóa, chướng bụng, đầy hơi, nôn trớ ở trẻ (20ml)",trang-thiet-bi-y-te/comil-pj-pharma-20-ml-giam-roi-loan-tieu-hoa-non-tro-o-tre.html,385000.0,Chai,đ,https://cdn.nhathuoclongchau.com.vn/unsafe/https://cms-prod.s3-sgn09.fptcloud.com/DSC_09455_0392a61df5.jpg,Simethicone ,Dung dịch,PJ Pharma,Chai x 20ml,Thiết bị y tế,trang-thiet-bi-y-te,True,True,50,0,https://nhathuoclongchau.com.vn/trang-thiet-bi-y-te/comil-pj-pharma-20-ml-giam-roi-loan-tieu-hoa-non-tro-o-tre.html,trang-thiet-bi-y-te,500
529,00031612,GĂNG TAY Y TẾ CÓ BỘT SUPER CARE LATEX POWDERED EXAMINATION GLOVES SIZE M - HỘP 100 CÁI,Găng tay thăm khám dùng trong y tế Super Care Latex Powdered Examination Gloves Size M (100 cái),trang-thiet-bi-y-te/gang-tay-y-te-co-bot-super-care-latex-powdered-examination-gloves-size-m-hop-100-cai-31749.html,100000.0,Hộp,đ,https://cdn.nhathuoclongchau.com.vn/unsafe/https://cms-prod.s3-sgn09.fptcloud.com/00031612_gang_tay_y_te_co_bot_super_care_latex_powdered_examination_gloves_size_m_hop_100_cai_5067_6102_large_7b011dd5cd.jpg,,,Super Care,Thùng 10 Hộp x 100 Cái,Thiết bị y tế | Dụng cụ y tế | Găng tay,trang-thiet-bi-y-te | trang-thiet-bi-y-te/dung-cu-y-te | trang-thiet-bi-y-te/gang-tay,True,True,50,0,https://nhathuoclongchau.com.vn/trang-thiet-bi-y-te/gang-tay-y-te-co-bot-super-care-latex-powdered-examination-gloves-size-m-hop-100-cai-31749.html,trang-thiet-bi-y-te,500
530,00031677,"DUNG DỊCH XỊT MŨI DR.MUỐI 100ML - NGĂN NGỪA VIRUS, VIÊM MŨI, VIÊM XOANG, HỖ TRỢ ĐIỀU TRỊ VIÊM TAI MŨI HỌNG","Dung dịch xịt mũi Dr.Muối ngăn ngừa vi khuẩn, vi rút, viêm mũi, viêm xoang (100ml)",trang-thiet-bi-y-te/dung-dich-xit-mui-drmuoi-100ml-31828.html,30000.0,Hộp,đ,https://cdn.nhathuoclongchau.com.vn/unsafe/https://cms-prod.s3-sgn09.fptcloud.com/00031677_dung_dich_xit_mui_drmuoi_100ml_4895_6110_large_a13017c7f0.jpg,"Pure Sodium Chloride , Nano Silver , Tinh dầu khuynh diệp , Tinh dầu bạc hà , Hệ đệm nguyên tố vi lượng , Nước tinh khiết ",,Vesta,Hộp,Thiết bị y tế | Dụng cụ y tế | Dụng cụ vệ sinh mũi,trang-thiet-bi-y-te | trang-thiet-bi-y-te/dung-cu-y-te | trang-thiet-bi-y-te/dung-cu-ve-sinh-mui,True,True,50,0,https://nhathuoclongchau.com.vn/trang-thiet-bi-y-te/dung-dich-xit-mui-drmuoi-100ml-31828.html,trang-thiet-bi-y-te,500
531,00031805,MÁY ĐO NHỊP TIM VÀ NỒNG ĐỘ OXY TRONG MÁU (SPO2) FINGERTIP PULSE OXIMETER OROMI A4,Máy đo nồng độ oxy trong máu (SPO2) Pulse Fingertip Oximeter A4 Oromi hỗ trợ đo nhanh chóng và chính xác,trang-thiet-bi-y-te/may-do-nhip-tim-va-nong-do-oxy-trong-mau-spo2-fingertip-pulse-oximeter-oromi-a4-31939.html,690000.0,Hộp,đ,https://cdn.nhathuoclongchau.com.vn/unsafe/https://cms-prod.s3-sgn09.fptcloud.com/00031805_may_do_nhip_tim_va_nong_do_oxy_trong_mau_spo2_fingertip_pulse_oximeter_oromi_a4_7833_6113_large_6f8c860d4a.jpg,Nhựa ,,Pulse,Hộp,Thiết bị y tế | Dụng cụ theo dõi | Máy đo SpO2,trang-thiet-bi-y-te | trang-thiet-bi-y-te/dung-cu-theo-doi | trang-thiet-bi-y-te/may-do-sp-o2,True,True,50,6.6333814,https://nhathuoclongchau.com.vn/trang-thiet-bi-y-te/may-do-nhip-tim-va-nong-do-oxy-trong-mau-spo2-fingertip-pulse-oximeter-oromi-a4-31939.html,trang-thiet-bi-y-te,500
532,00032233,"MUỐI SÚC MIỆNG HỌNG BBM PLUS CÁT LINH 30 GÓI - GIÚP LÀM SẠCH, KHÁNG KHUẨN, KHÁNG VIRUS, KHỬ MÙI, GIẢM ĐAU RÁT MIỆNG HỌNG","Muối Súc Miệng Họng BBM Plus Cát Linh kháng khuẩn, khử mùi, làm dịu (30 gói)",trang-thiet-bi-y-te/muoi-suc-mieng-hong-bbm-plus-cat-linh-30-goi-32322.html,48000.0,Hộp,đ,https://cdn.nhathuoclongchau.com.vn/unsafe/https://cms-prod.s3-sgn09.fptcloud.com/9_613b9367a5.png,"Natri borat 600mg, natri bicarbonate 1200mg, Menthol 50mg, Iota-carrageenan 150mg",,Cát Linh,Hộp 30 Gói,Thiết bị y tế | Dụng cụ y tế,trang-thiet-bi-y-te | trang-thiet-bi-y-te/dung-cu-y-te,True,True,50,0,https://nhathuoclongchau.com.vn/trang-thiet-bi-y-te/muoi-suc-mieng-hong-bbm-plus-cat-linh-30-goi-32322.html,trang-thiet-bi-y-te,500
533,00032361,BƠM TIÊM INSULIN VINAHOOK 1ML/100LU 100 ỐNG,Bơm tiêm sử dụng 1 lần Insulin Vinahankook (100 ống),trang-thiet-bi-y-te/bom-tiem-insulin-vinahook-1ml100lu-100-ong-32486.html,240000.0,Hộp,đ,https://cdn.nhathuoclongchau.com.vn/unsafe/https://cms-prod.s3-sgn09.fptcloud.com/00032361_4d33e4d0ba.jpg,Nhựa ,,VINAHANKOOK,Hộp 100 Chiếc,Thiết bị y tế | Dụng cụ y tế,trang-thiet-bi-y-te | trang-thiet-bi-y-te/dung-cu-y-te,True,True,50,0,https://nhathuoclongchau.com.vn/trang-thiet-bi-y-te/bom-tiem-insulin-vinahook-1ml100lu-100-ong-32486.html,trang-thiet-bi-y-te,500
534,00049581,"MÁY ĐO ĐƯỜNG HUYẾT ACCU-CHEK INSTANT - HỖ TRỢ THEO DÕI, KIỂM SOÁT LƯỢNG ĐƯỜNG TRONG MÁU","Máy đo đường huyết Accu-Chek Instant hỗ trợ theo dõi, kiểm soát lượng đường trong máu",trang-thiet-bi-y-te/may-do-duong-huyet-accu-chek-instant-ho-tro-theo-doi-kiem-soat-luong-duong-trong-mau.html,1000000.0,Hộp,đ,https://cdn.nhathuoclongchau.com.vn/unsafe/https://cms-prod.s3-sgn09.fptcloud.com/DSC_01235_e69eb6b1c7.jpg,Máy đo đường huyết ,,Accu-Check,Hộp,"Thiết bị y tế | Dụng cụ theo dõi | Máy, que thử đường huyết",trang-thiet-bi-y-te | trang-thiet-bi-y-te/dung-cu-theo-doi | trang-thiet-bi-y-te/may-que-thu-duong-huyet,True,True,40,0,https://nhathuoclongchau.com.vn/trang-thiet-bi-y-te/may-do-duong-huyet-accu-chek-instant-ho-tro-theo-doi-kiem-soat-luong-duong-trong-mau.html,trang-thiet-bi-y-te,500
535,00047829,URGOCLEAN AG 10CM X 10CM 10 MIẾNG GẠC THẤM HÚT KHÁNG KHUẨN CHỐNG DÍNH,Gạc kháng khuẩn chống dính UrgoClean Ag 10cm x 10cm Urgo làm sạch vết thương mạn tính (10 miếng),trang-thiet-bi-y-te/urgoclean-ag-10-cm-x-10-cm-10-mieng-gac-tham-hut-khang-khuan-chong-dinh.html,180000.0,Miếng,đ,https://cdn.nhathuoclongchau.com.vn/unsafe/https://cms-prod.s3-sgn09.fptcloud.com/DSC_04987_ef889d91eb.jpg,Băng gạc ,,Urgo,Hộp 10 Miếng,Thiết bị y tế | Dụng cụ sơ cứu | Băng y tế,trang-thiet-bi-y-te | trang-thiet-bi-y-te/dung-cu-so-cuu | trang-thiet-bi-y-te/bang-y-te,True,True,40,0,https://nhathuoclongchau.com.vn/trang-thiet-bi-y-te/urgoclean-ag-10-cm-x-10-cm-10-mieng-gac-tham-hut-khang-khuan-chong-dinh.html,trang-thiet-bi-y-te,500
536,00046057,DÂY HÚT NHỚT HOÀNG SƠN SIZE 16 FR - 500 MM,"Dây hút nhớt Hoàng Sơn size 16 fr dùng để hút dịch đờm trong khoang mũi, miệng, họng (500 mm)",trang-thiet-bi-y-te/day-hut-nhot-hoang-son-size-16-fr-500-mm.html,3000.0,Dây,đ,https://cdn.nhathuoclongchau.com.vn/unsafe/https://cms-prod.s3-sgn09.fptcloud.com/IMG_6479_red_77b36861b7.jpg,Nhựa ,,HOÀNG SƠN,Dây,Thiết bị y tế | Dụng cụ y tế | Dụng cụ vệ sinh mũi,trang-thiet-bi-y-te | trang-thiet-bi-y-te/dung-cu-y-te | trang-thiet-bi-y-te/dung-cu-ve-sinh-mui,True,True,40,0,https://nhathuoclongchau.com.vn/trang-thiet-bi-y-te/day-hut-nhot-hoang-son-size-16-fr-500-mm.html,trang-thiet-bi-y-te,500
537,00045070,ÁO VÙNG LƯNG H3 HAMECO,Áo vùng lưng B3 Hameco Orbe giúp nâng đỡ phần trên cơ thể sau chấn thương,trang-thiet-bi-y-te/ao-vung-lung-h3-hameco.html,650000.0,Cái,đ,https://cdn.nhathuoclongchau.com.vn/unsafe/https://cms-prod.s3-sgn09.fptcloud.com/DSC_02705_b40a05bc63.jpg,"Vải cotton , Khóa Velcro , Nẹp hợp kim nhôm ",,ORBE,Cái,Thiết bị y tế | Dụng cụ y tế,trang-thiet-bi-y-te | trang-thiet-bi-y-te/dung-cu-y-te,True,True,40,0,https://nhathuoclongchau.com.vn/trang-thiet-bi-y-te/ao-vung-lung-h3-hameco.html,trang-thiet-bi-y-te,500
538,00042840,"DUNG DỊCH XỊT THẢO DƯỢC GOOD NIGHT 20ML - GIÚP NGỦ NGON, GIẢM CĂNG THẲNG","Dung dịch xịt Good Night hỗ trợ giảm tình trạng mất ngủ, khó ngủ (20ml)",trang-thiet-bi-y-te/dung-dich-xit-thao-duoc-good-night-20-ml-giup-ngu-ngon-giam-cang-thang.html,95000.0,Hộp,đ,https://cdn.nhathuoclongchau.com.vn/unsafe/https://cms-prod.s3-sgn09.fptcloud.com/DSC_08039_bdaa7f8ad8.jpg,"Nữ lang , Hoa cúc , Bạc hà , Hoa bia , Bình vôi , Toan Táo Nhân , Kali sorbat , Nước tinh khiết ",Dung dịch xịt,GOOD NIGHT,Hộp,Thiết bị y tế | Dụng cụ y tế | Các dụng cụ và sản phẩm khác,trang-thiet-bi-y-te | trang-thiet-bi-y-te/dung-cu-y-te | trang-thiet-bi-y-te/dung-cu-khac,True,True,40,0,https://nhathuoclongchau.com.vn/trang-thiet-bi-y-te/dung-dich-xit-thao-duoc-good-night-20-ml-giup-ngu-ngon-giam-cang-thang.html,trang-thiet-bi-y-te,500
539,00042069,BƠM TIÊM INSULIN OMNICAN N40 B.BRAUN 100 CÁI,Bơm tiêm Insulin Omnican N40 B.Braun dùng tiêm insulin dưới da (100 cái),trang-thiet-bi-y-te/bom-tiem-insulin-omnican-n40-b-braun-100-cai.html,250000.0,Hộp,đ,https://cdn.nhathuoclongchau.com.vn/unsafe/https://cms-prod.s3-sgn09.fptcloud.com/DSC_03037_aa5e10414b.jpg,"Nhựa , Thép không gỉ ",,B.Braun,Hộp 100 Cái,Thiết bị y tế | Dụng cụ y tế | Kim các loại,trang-thiet-bi-y-te | trang-thiet-bi-y-te/dung-cu-y-te | trang-thiet-bi-y-te/kim-cac-loai,True,True,40,0,https://nhathuoclongchau.com.vn/trang-thiet-bi-y-te/bom-tiem-insulin-omnican-n40-b-braun-100-cai.html,trang-thiet-bi-y-te,500
540,00040699,KIM TIÊM SEROFINE NEEDLES 30G MERCK 1X100,Kim tiêm Serofine Needles 30g Merck điều trị bệnh tiểu đường bằng insulin (100 cái),trang-thiet-bi-y-te/kim-tiem-serofine-needles-30-g-merck-1-x100.html,5000.0,Cái,đ,https://cdn.nhathuoclongchau.com.vn/unsafe/https://cms-prod.s3-sgn09.fptcloud.com/DSC_09969_30754c080e.jpg,Kim loại ,,Merck,Hộp 100 Cái x 30g,Thiết bị y tế | Dụng cụ y tế | Kim các loại,trang-thiet-bi-y-te | trang-thiet-bi-y-te/dung-cu-y-te | trang-thiet-bi-y-te/kim-cac-loai,True,True,40,0,https://nhathuoclongchau.com.vn/trang-thiet-bi-y-te/kim-tiem-serofine-needles-30-g-merck-1-x100.html,trang-thiet-bi-y-te,500
541,00040698,KIM TIÊM SEROFINE NEEDLES 29G MERCK 1X100,Kim tiêm Serofine Needles 29g Merck dùng cùng bút tiêm tiểu đường trong điều trị tiểu đường (100 cái),trang-thiet-bi-y-te/kim-tiem-serofine-needles-29-g-merck-1-x100.html,5000.0,Cái,đ,https://cdn.nhathuoclongchau.com.vn/unsafe/https://cms-prod.s3-sgn09.fptcloud.com/DSC_09958_7991e1ca8e.jpg,Kim loại ,,Merck,Hộp 100 Cái x 29g,Thiết bị y tế | Dụng cụ y tế | Kim các loại,trang-thiet-bi-y-te | trang-thiet-bi-y-te/dung-cu-y-te | trang-thiet-bi-y-te/kim-cac-loai,True,True,40,0,https://nhathuoclongchau.com.vn/trang-thiet-bi-y-te/kim-tiem-serofine-needles-29-g-merck-1-x100.html,trang-thiet-bi-y-te,500
542,00038640,VỚ Y KHOA MEDIVEN THROMBEXIN 18 SIZE L,"Vớ y khoa Mediven Thrombexin 18 size L làm tăng tốc độ tuần hoàn máu, phòng ngừa huyết khối cho bệnh nhân nằm bất động lâu",trang-thiet-bi-y-te/vo-y-khoa-mediven-thrombexin-18-size-l.html,380000.0,Hộp,đ,https://cdn.nhathuoclongchau.com.vn/unsafe/https://cms-prod.s3-sgn09.fptcloud.com/868_f4067183d1.jpg,Vải ,,Mediven,Hộp,Thiết bị y tế | Dụng cụ y tế | Vớ ngăn tĩnh mạch,trang-thiet-bi-y-te | trang-thiet-bi-y-te/dung-cu-y-te | trang-thiet-bi-y-te/vo-ngan-tinh-mach,True,True,40,0,https://nhathuoclongchau.com.vn/trang-thiet-bi-y-te/vo-y-khoa-mediven-thrombexin-18-size-l.html,trang-thiet-bi-y-te,500
543,00038541,GĂNG TAY TIỆT TRÙNG SỐ 8 PA 50 GÓI,Găng tay tiệt trùng số 8 PA bảo vệ bàn tay khỏi các tác nhân độc hại (50 gói),trang-thiet-bi-y-te/gang-tay-tiet-trung-so-8-pa-50-goi.html,420000.0,Hộp,đ,https://cdn.nhathuoclongchau.com.vn/unsafe/https://cms-prod.s3-sgn09.fptcloud.com/00038541_13fb2faafa.jpg,Vải ,,PA MEDICAL,Hộp 50 Gói,Thiết bị y tế | Dụng cụ y tế | Găng tay,trang-thiet-bi-y-te | trang-thiet-bi-y-te/dung-cu-y-te | trang-thiet-bi-y-te/gang-tay,True,True,40,0,https://nhathuoclongchau.com.vn/trang-thiet-bi-y-te/gang-tay-tiet-trung-so-8-pa-50-goi.html,trang-thiet-bi-y-te,500
544,00038530,NẸP NGÓN TAY 3 CHÂN GIA HƯNG,Nẹp ngón tay ngắn 3 chân Gia Hưng,trang-thiet-bi-y-te/nep-ngon-tay-ngan-3-chan-gia-hung.html,30000.0,Cái,đ,https://cdn.nhathuoclongchau.com.vn/unsafe/https://cms-prod.s3-sgn09.fptcloud.com/00038530_a832051dfb.jpg,Vải ,,Gia Hưng,Cái,Thiết bị y tế | Dụng cụ y tế | Đai nẹp,trang-thiet-bi-y-te | trang-thiet-bi-y-te/dung-cu-y-te | trang-thiet-bi-y-te/dai-nep,True,True,40,0,https://nhathuoclongchau.com.vn/trang-thiet-bi-y-te/nep-ngon-tay-ngan-3-chan-gia-hung.html,trang-thiet-bi-y-te,500
545,00038526,NẸP ĐÙI DÀI GIA HƯNG SIZE 8,"Nẹp đùi dài Gia Hưng Size 8 cố định vùng quanh khớp gối, đùi và cẳng chân",trang-thiet-bi-y-te/nep-dui-dai-gia-hung-size-8.html,133000.0,Cái,đ,https://cdn.nhathuoclongchau.com.vn/unsafe/https://cms-prod.s3-sgn09.fptcloud.com/00038526_d5b8f9ee48.jpg,Vải ,,Gia Hưng,Cái,Thiết bị y tế | Dụng cụ y tế | Đai nẹp,trang-thiet-bi-y-te | trang-thiet-bi-y-te/dung-cu-y-te | trang-thiet-bi-y-te/dai-nep,True,True,40,0,https://nhathuoclongchau.com.vn/trang-thiet-bi-y-te/nep-dui-dai-gia-hung-size-8.html,trang-thiet-bi-y-te,500
546,00038524,NẸP CỔ MỀM GIA HƯNG SIZE 5,Nẹp cổ mềm Gia Hưng Size 5 dùng trong chấn thương cổ,trang-thiet-bi-y-te/nep-co-mem-gia-hung.html,55000.0,Cái,đ,https://cdn.nhathuoclongchau.com.vn/unsafe/https://cms-prod.s3-sgn09.fptcloud.com/00038524_3819e5f1a1.jpg,Vải ,,Gia Hưng,Cái,Thiết bị y tế | Dụng cụ y tế | Đai nẹp,trang-thiet-bi-y-te | trang-thiet-bi-y-te/dung-cu-y-te | trang-thiet-bi-y-te/dai-nep,True,True,40,0,https://nhathuoclongchau.com.vn/trang-thiet-bi-y-te/nep-co-mem-gia-hung.html,trang-thiet-bi-y-te,500
547,00038489,NẸP CẲNG TAY DÀI GIA HƯNG SIZE 8 (TRÁI),"Nẹp cẳng tay dài Gia Hưng Size 8 - Bên trái - cố định chấn thương gãy xương, bong gân",trang-thiet-bi-y-te/nep-cang-tay-gia-hung-size-8-trai.html,55000.0,Cái,đ,https://cdn.nhathuoclongchau.com.vn/unsafe/https://cms-prod.s3-sgn09.fptcloud.com/00038489_0e91ad5bab.jpg,Vải ,,Gia Hưng,Cái,Thiết bị y tế | Dụng cụ y tế | Đai nẹp,trang-thiet-bi-y-te | trang-thiet-bi-y-te/dung-cu-y-te | trang-thiet-bi-y-te/dai-nep,True,True,40,0,https://nhathuoclongchau.com.vn/trang-thiet-bi-y-te/nep-cang-tay-gia-hung-size-8-trai.html,trang-thiet-bi-y-te,500
548,00038488,NẸP CẲNG TAY DÀI GIA HƯNG SIZE 8 ( PHẢI ),"Nẹp cẳng tay dài Gia Hưng Size 8 - Bên phải - cố định chấn thương gãy xương, bong gân",trang-thiet-bi-y-te/nep-cang-tay-gia-hung-size-8-phai.html,55000.0,Cái,đ,https://cdn.nhathuoclongchau.com.vn/unsafe/https://cms-prod.s3-sgn09.fptcloud.com/00038488_becf973a9a.jpg,Vải ,,Gia Hưng,Cái,Thiết bị y tế | Dụng cụ y tế | Đai nẹp,trang-thiet-bi-y-te | trang-thiet-bi-y-te/dung-cu-y-te | trang-thiet-bi-y-te/dai-nep,True,True,40,0,https://nhathuoclongchau.com.vn/trang-thiet-bi-y-te/nep-cang-tay-gia-hung-size-8-phai.html,trang-thiet-bi-y-te,500
549,00038482,NẸP CẲNG TAY DÀI GIA HƯNG SIZE 5 ( PHẢI ),"Nẹp cẳng tay dài Gia Hưng Size 5 - Bên phải - cố định chấn thương gãy xương, bong gân cẳng tay, cổ tay và bàn tay",trang-thiet-bi-y-te/nep-cang-tay-gia-hung-size-5-phai.html,55000.0,Cái,đ,https://cdn.nhathuoclongchau.com.vn/unsafe/https://cms-prod.s3-sgn09.fptcloud.com/00038482_c3a5c5d9eb.jpg,Vải ,,Gia Hưng,Cái,Thiết bị y tế | Dụng cụ y tế | Đai nẹp,trang-thiet-bi-y-te | trang-thiet-bi-y-te/dung-cu-y-te | trang-thiet-bi-y-te/dai-nep,True,True,40,0,https://nhathuoclongchau.com.vn/trang-thiet-bi-y-te/nep-cang-tay-gia-hung-size-5-phai.html,trang-thiet-bi-y-te,500
550,00038481,NẸP CẲNG TAY DÀI GIA HƯNG SIZE 4 (TRÁI),"Nẹp cẳng tay dài Gia Hưng Size 4 - Bên trái - cố định chấn thương gãy xương, bong gân cẳng tay, cổ tay và bàn tay",trang-thiet-bi-y-te/nep-cang-tay-gia-hung-size-4-trai.html,55000.0,Cái,đ,https://cdn.nhathuoclongchau.com.vn/unsafe/https://cms-prod.s3-sgn09.fptcloud.com/00038481_4fd4967375.jpg,Vải ,,Gia Hưng,Cái,Thiết bị y tế | Dụng cụ y tế | Đai nẹp,trang-thiet-bi-y-te | trang-thiet-bi-y-te/dung-cu-y-te | trang-thiet-bi-y-te/dai-nep,True,True,40,0,https://nhathuoclongchau.com.vn/trang-thiet-bi-y-te/nep-cang-tay-gia-hung-size-4-trai.html,trang-thiet-bi-y-te,500
551,00038478,NẸP CẲNG TAY DÀI GIA HƯNG SIZE 3 ( PHẢI ),"Nẹp cẳng tay dài Gia Hưng Size 3 - Bên phải - cố định chấn thương gãy xương, bong gân cẳng tay, cổ tay và bàn tay",trang-thiet-bi-y-te/nep-cang-tay-gia-hung-size-3-phai.html,55000.0,Cái,đ,https://cdn.nhathuoclongchau.com.vn/unsafe/https://cms-prod.s3-sgn09.fptcloud.com/00038478_2800b9790e.jpg,Vải ,,Gia Hưng,Cái,Thiết bị y tế | Dụng cụ y tế | Đai nẹp,trang-thiet-bi-y-te | trang-thiet-bi-y-te/dung-cu-y-te | trang-thiet-bi-y-te/dai-nep,True,True,40,0,https://nhathuoclongchau.com.vn/trang-thiet-bi-y-te/nep-cang-tay-gia-hung-size-3-phai.html,trang-thiet-bi-y-te,500
552,00038476,NẸP CẲNG CHÂN NGẮN GIA HƯNG SIZE 3,"Nẹp cẳng chân ngắn Gia Hưng Size 3 cố định, ổn định khớp cổ chân sau chấn thương, sau mổ",trang-thiet-bi-y-te/nep-cang-chan-ngan-gia-hung-size-3.html,180000.0,Cái,đ,https://cdn.nhathuoclongchau.com.vn/unsafe/https://cms-prod.s3-sgn09.fptcloud.com/00038476_e9fcc9f86c.jpg,Vải ,,Gia Hưng,Cái,Thiết bị y tế | Dụng cụ y tế | Đai nẹp,trang-thiet-bi-y-te | trang-thiet-bi-y-te/dung-cu-y-te | trang-thiet-bi-y-te/dai-nep,True,True,40,0,https://nhathuoclongchau.com.vn/trang-thiet-bi-y-te/nep-cang-chan-ngan-gia-hung-size-3.html,trang-thiet-bi-y-te,500
553,00038475,NẸP CẲNG CHÂN NGẮN GIA HƯNG SIZE 2,"Nẹp cẳng chân ngắn Gia Hưng size 2 cố định, ổn định khớp cổ chân sau chấn thương, sau mổ",trang-thiet-bi-y-te/nep-cang-chan-ngan-gia-hung-size-2.html,180000.0,Cái,đ,https://cdn.nhathuoclongchau.com.vn/unsafe/https://cms-prod.s3-sgn09.fptcloud.com/00038475_06a3b2e0be.jpg,Vải ,,Gia Hưng,Cái,Thiết bị y tế | Dụng cụ y tế | Đai nẹp,trang-thiet-bi-y-te | trang-thiet-bi-y-te/dung-cu-y-te | trang-thiet-bi-y-te/dai-nep,True,True,40,0,https://nhathuoclongchau.com.vn/trang-thiet-bi-y-te/nep-cang-chan-ngan-gia-hung-size-2.html,trang-thiet-bi-y-te,500
554,00038468,MASK OXY CÓ TÚI GREETMED SIZE M,Mask Oxy Có Túi Greetmed Size M kết nối giữa hệ thống cung cấp khí oxy với bệnh nhân,trang-thiet-bi-y-te/mask-oxy-co-tui-greetmed-size-m.html,25000.0,Cái,đ,https://cdn.nhathuoclongchau.com.vn/unsafe/https://cms-prod.s3-sgn09.fptcloud.com/00038468_b8166fa3df.jpg,Nhựa ,,GREETMED,Cái,Thiết bị y tế | Dụng cụ y tế,trang-thiet-bi-y-te | trang-thiet-bi-y-te/dung-cu-y-te,True,True,40,0,https://nhathuoclongchau.com.vn/trang-thiet-bi-y-te/mask-oxy-co-tui-greetmed-size-m.html,trang-thiet-bi-y-te,500
555,00038467,MASK OXY CÓ TÚI GREETMED SIZE L,Mask Oxy Có Túi Greetmed Size L kết nối giữa hệ thống cung cấp khí oxy với bệnh nhân,trang-thiet-bi-y-te/mask-oxy-co-tui-greetmed-size-l-1.html,25000.0,Cái,đ,https://cdn.nhathuoclongchau.com.vn/unsafe/https://cms-prod.s3-sgn09.fptcloud.com/00038467_bf9b6a6f5f.jpg,Nhựa ,,GREETMED,Cái,Thiết bị y tế | Dụng cụ y tế,trang-thiet-bi-y-te | trang-thiet-bi-y-te/dung-cu-y-te,True,True,40,0,https://nhathuoclongchau.com.vn/trang-thiet-bi-y-te/mask-oxy-co-tui-greetmed-size-l-1.html,trang-thiet-bi-y-te,500
556,00038466,MASK OXY CÓ TÚI GREETMED SIZE S,Mask Oxy Có Túi Greetmed Size S kết nối giữa hệ thống cung cấp khí oxy với bệnh nhân,trang-thiet-bi-y-te/mask-oxy-co-tui-greetmed-size-s.html,25000.0,Cái,đ,https://cdn.nhathuoclongchau.com.vn/unsafe/https://cms-prod.s3-sgn09.fptcloud.com/00038466_b503b1a056.jpg,Nhựa ,,GREETMED,Cái,Thiết bị y tế | Dụng cụ y tế,trang-thiet-bi-y-te | trang-thiet-bi-y-te/dung-cu-y-te,True,True,40,0,https://nhathuoclongchau.com.vn/trang-thiet-bi-y-te/mask-oxy-co-tui-greetmed-size-s.html,trang-thiet-bi-y-te,500
557,00038462,TÚI TREO TAY GIA HƯNG SIZE 5,"Dây Treo Tay Vải Gia Hưng Size 5 hỗ trợ tay sau chấn thương, gãy xương ",trang-thiet-bi-y-te/day-treo-tay-vai-gia-hung-size-5.html,35000.0,Cái,đ,https://cdn.nhathuoclongchau.com.vn/unsafe/https://cms-prod.s3-sgn09.fptcloud.com/15476719428f86a944fa3465e26cbcb9109d955048b58d5599e737d85e051cad_8d6d1308a5.png,Vải ,,Gia Hưng,Cái,Thiết bị y tế | Dụng cụ y tế,trang-thiet-bi-y-te | trang-thiet-bi-y-te/dung-cu-y-te,True,True,40,0,https://nhathuoclongchau.com.vn/trang-thiet-bi-y-te/day-treo-tay-vai-gia-hung-size-5.html,trang-thiet-bi-y-te,500
558,00038461,TÚI TREO TAY L1 GIA HƯNG SIZE 9,"Túi treo tay Gia Hưng Size 9 hỗ trợ sau chấn thương, gãy xương ở cẳng tay, khớp vai, cánh tay",trang-thiet-bi-y-te/tui-treo-tay-l1-gia-hung-size-9.html,35000.0,Cái,đ,https://cdn.nhathuoclongchau.com.vn/unsafe/https://cms-prod.s3-sgn09.fptcloud.com/DSC_04889_6ed3ae62fd.jpg,Vải ,,Gia Hưng,Cái,Thiết bị y tế | Dụng cụ y tế,trang-thiet-bi-y-te | trang-thiet-bi-y-te/dung-cu-y-te,True,True,40,0,https://nhathuoclongchau.com.vn/trang-thiet-bi-y-te/tui-treo-tay-l1-gia-hung-size-9.html,trang-thiet-bi-y-te,500
559,00038460,TÚI TREO TAY L1 GIA HƯNG SIZE 8,"Dây treo tay Gia Hưng size 8 hỗ trợ tay ở trạng thái nghỉ, sau chấn thương, gãy xương ở cẳng tay,  khớp vai",trang-thiet-bi-y-te/tui-treo-tay-l1-gia-hung-size-8-1.html,35000.0,Cái,đ,https://cdn.nhathuoclongchau.com.vn/unsafe/https://cms-prod.s3-sgn09.fptcloud.com/vn_11134207_7r98o_lvmlffogp4i9e7_03fb43a5a6.webp,Vải ,,Gia Hưng,Cái,Thiết bị y tế | Dụng cụ y tế,trang-thiet-bi-y-te | trang-thiet-bi-y-te/dung-cu-y-te,True,True,40,0,https://nhathuoclongchau.com.vn/trang-thiet-bi-y-te/tui-treo-tay-l1-gia-hung-size-8-1.html,trang-thiet-bi-y-te,500
560,00038459,TÚI TREO TAY L1 GIA HƯNG SIZE 7,"Túi treo tay L1 Gia Hưng Size 7 hỗ trợ sau chấn thương, gãy xương ",trang-thiet-bi-y-te/tui-treo-tay-l1-gia-hung-size-7.html,35000.0,Cái,đ,https://cdn.nhathuoclongchau.com.vn/unsafe/https://cms-prod.s3-sgn09.fptcloud.com/DSC_04893_c3bdc4371d_16c412c3ed.webp,Vải ,,Gia Hưng,Cái,Thiết bị y tế | Dụng cụ y tế,trang-thiet-bi-y-te | trang-thiet-bi-y-te/dung-cu-y-te,True,True,40,0,https://nhathuoclongchau.com.vn/trang-thiet-bi-y-te/tui-treo-tay-l1-gia-hung-size-7.html,trang-thiet-bi-y-te,500
561,00038455,ĐAI XƯƠNG ĐÒN GIA HƯNG SIZE 9,Đai Xương Đòn Gia Hưng Size 9 hỗ trợ cố định xương đòn,trang-thiet-bi-y-te/dai-xuong-don-gia-hung-size-9-1.html,42000.0,Cái,đ,https://cdn.nhathuoclongchau.com.vn/unsafe/https://cms-prod.s3-sgn09.fptcloud.com/00038455_72b41c4645.jpg,Vải ,,Gia Hưng,Cái,Thiết bị y tế | Dụng cụ y tế | Đai nẹp,trang-thiet-bi-y-te | trang-thiet-bi-y-te/dung-cu-y-te | trang-thiet-bi-y-te/dai-nep,True,True,40,0,https://nhathuoclongchau.com.vn/trang-thiet-bi-y-te/dai-xuong-don-gia-hung-size-9-1.html,trang-thiet-bi-y-te,500
562,00038454,ĐAI XƯƠNG ĐÒN GIA HƯNG SIZE 8,Đai Xương Đòn Gia Hưng Size 8 hỗ trợ cố định xương đòn,trang-thiet-bi-y-te/dai-xuong-don-gia-hung-size-8.html,42000.0,Cái,đ,https://cdn.nhathuoclongchau.com.vn/unsafe/https://cms-prod.s3-sgn09.fptcloud.com/00038454_a5ca48aae3.jpg,Vải ,,Gia Hưng,Cái,Thiết bị y tế | Dụng cụ y tế | Đai nẹp,trang-thiet-bi-y-te | trang-thiet-bi-y-te/dung-cu-y-te | trang-thiet-bi-y-te/dai-nep,True,True,40,0,https://nhathuoclongchau.com.vn/trang-thiet-bi-y-te/dai-xuong-don-gia-hung-size-8.html,trang-thiet-bi-y-te,500
563,00038453,ĐAI XƯƠNG ĐÒN GIA HƯNG SIZE 7,Đai Xương Đòn Gia Hưng Size 7 hỗ trợ cố định xương đòn,trang-thiet-bi-y-te/dai-xuong-don-gia-hung-size-7.html,42000.0,Cái,đ,https://cdn.nhathuoclongchau.com.vn/unsafe/https://cms-prod.s3-sgn09.fptcloud.com/00038453_28bf011863.jpg,Vải ,,Gia Hưng,Cái,Thiết bị y tế | Dụng cụ y tế | Đai nẹp,trang-thiet-bi-y-te | trang-thiet-bi-y-te/dung-cu-y-te | trang-thiet-bi-y-te/dai-nep,True,True,40,0,https://nhathuoclongchau.com.vn/trang-thiet-bi-y-te/dai-xuong-don-gia-hung-size-7.html,trang-thiet-bi-y-te,500
564,00038446,ĐAI DESAUTL GIA HƯNG SIZE 9 (TRÁI),"Đai thắt lưng Desautl Size 9 (Trái) Gia Hưng dùng để cố định, ổn định khớp vai",trang-thiet-bi-y-te/dai-desautl-gia-hung-size-9-trai.html,95000.0,Cái,đ,https://cdn.nhathuoclongchau.com.vn/unsafe/https://cms-prod.s3-sgn09.fptcloud.com/DSC_02714_876545043c.jpg,Vải ,,Gia Hưng,Cái,Thiết bị y tế | Dụng cụ y tế | Đai lưng,trang-thiet-bi-y-te | trang-thiet-bi-y-te/dung-cu-y-te | trang-thiet-bi-y-te/dai-lung,True,True,40,0,https://nhathuoclongchau.com.vn/trang-thiet-bi-y-te/dai-desautl-gia-hung-size-9-trai.html,trang-thiet-bi-y-te,500
565,00038440,ĐAI THẮT LƯNG CAO CẤP OLUMBA SIZE S,Đai Thắt Lưng Cao Cấp Olumba Size S dùng dự phòng tổn thương cột sống thắt lưng,trang-thiet-bi-y-te/dai-that-lung-cao-cap-olumba-size-s.html,300000.0,Cái,đ,https://cdn.nhathuoclongchau.com.vn/unsafe/https://cms-prod.s3-sgn09.fptcloud.com/00038440_61c76edb81.jpg,Vải ,,Olumba,,Thiết bị y tế | Dụng cụ y tế | Đai nẹp,trang-thiet-bi-y-te | trang-thiet-bi-y-te/dung-cu-y-te | trang-thiet-bi-y-te/dai-nep,True,True,40,0,https://nhathuoclongchau.com.vn/trang-thiet-bi-y-te/dai-that-lung-cao-cap-olumba-size-s.html,trang-thiet-bi-y-te,500
566,00038438,ĐAI CỘT SỐNG L1 GIA HƯNG SIZE 6,Đai Cột Sống L1 Gia Hưng Size 6 giảm chịu lực cột sống,trang-thiet-bi-y-te/dai-lung-dai-cot-song-so-6-gia-hung-1.html,138000.0,Cái,đ,https://cdn.nhathuoclongchau.com.vn/unsafe/https://cms-prod.s3-sgn09.fptcloud.com/00038438_335cf6ba6c.jpg,Vải ,,Gia Hưng,Cái,Thiết bị y tế | Dụng cụ y tế | Đai nẹp,trang-thiet-bi-y-te | trang-thiet-bi-y-te/dung-cu-y-te | trang-thiet-bi-y-te/dai-nep,True,True,40,0,https://nhathuoclongchau.com.vn/trang-thiet-bi-y-te/dai-lung-dai-cot-song-so-6-gia-hung-1.html,trang-thiet-bi-y-te,500
567,00038437,ĐAI DESAUTL GIA HƯNG SIZE 8 (PHẢI),"Đai Desautl Gia Hưng Size 8 (phải) cố định, ổn định khớp vai",trang-thiet-bi-y-te/dai-desautl-gia-hung-size-8-phai.html,95000.0,Cái,đ,https://cdn.nhathuoclongchau.com.vn/unsafe/https://cms-prod.s3-sgn09.fptcloud.com/00038437_314a3720dd.jpg,Vải ,,Gia Hưng,Cái,Thiết bị y tế | Dụng cụ y tế | Đai nẹp,trang-thiet-bi-y-te | trang-thiet-bi-y-te/dung-cu-y-te | trang-thiet-bi-y-te/dai-nep,True,True,40,0,https://nhathuoclongchau.com.vn/trang-thiet-bi-y-te/dai-desautl-gia-hung-size-8-phai.html,trang-thiet-bi-y-te,500
568,00038434,ĐAI DESAUTL GIA HƯNG SIZE 8 (TRÁI),"Đai Desautl Gia Hưng Size 8 (Áo Desautl Trái) cố định, ổn định khớp vai",trang-thiet-bi-y-te/dai-desai-so-8-ao-desai-trai-gia-hung.html,95000.0,Cái,đ,https://cdn.nhathuoclongchau.com.vn/unsafe/https://cms-prod.s3-sgn09.fptcloud.com/00038434_ed94fee471.jpg,Vải ,,Gia Hưng,Cái,Thiết bị y tế | Dụng cụ y tế | Đai nẹp,trang-thiet-bi-y-te | trang-thiet-bi-y-te/dung-cu-y-te | trang-thiet-bi-y-te/dai-nep,True,True,40,0,https://nhathuoclongchau.com.vn/trang-thiet-bi-y-te/dai-desai-so-8-ao-desai-trai-gia-hung.html,trang-thiet-bi-y-te,500
569,00038429,ĐAI CỘT SỐNG L1 GIA HƯNG SIZE 9,Đai Cột Sống L1 Gia Hưng Size 9 giảm chịu lực cột sống ,trang-thiet-bi-y-te/dai-cot-song-l1-gia-hung-size-9.html,140000.0,Cái,đ,https://cdn.nhathuoclongchau.com.vn/unsafe/https://cms-prod.s3-sgn09.fptcloud.com/00038429_2fa7313a18.jpg,Vải ,,Gia Hưng,Cái,Thiết bị y tế | Dụng cụ y tế | Đai lưng,trang-thiet-bi-y-te | trang-thiet-bi-y-te/dung-cu-y-te | trang-thiet-bi-y-te/dai-lung,True,True,40,0,https://nhathuoclongchau.com.vn/trang-thiet-bi-y-te/dai-cot-song-l1-gia-hung-size-9.html,trang-thiet-bi-y-te,500
570,00038428,ĐAI CỘT SỐNG L1 GIA HƯNG SIZE 8,Đai Cột Sống L1 Gia Hưng Size 8 giảm chịu lực cột sống,trang-thiet-bi-y-te/dai-cot-song-l1-gia-hung-size-8.html,140000.0,Cái,đ,https://cdn.nhathuoclongchau.com.vn/unsafe/https://cms-prod.s3-sgn09.fptcloud.com/00038428_365ddee5a1.jpg,Vải ,,Gia Hưng,Cái,Thiết bị y tế | Dụng cụ y tế | Đai lưng,trang-thiet-bi-y-te | trang-thiet-bi-y-te/dung-cu-y-te | trang-thiet-bi-y-te/dai-lung,True,True,40,0,https://nhathuoclongchau.com.vn/trang-thiet-bi-y-te/dai-cot-song-l1-gia-hung-size-8.html,trang-thiet-bi-y-te,500
571,00038427,ĐAI CỘT SỐNG L1 GIA HƯNG SIZE 7,Đai Cột Sống L1 Gia Hưng Size 7 giảm chịu lực cột sống,trang-thiet-bi-y-te/dai-cot-song-l1-gia-hung-size-7.html,140000.0,Cái,đ,https://cdn.nhathuoclongchau.com.vn/unsafe/https://cms-prod.s3-sgn09.fptcloud.com/00038427_c15aba5c37.jpg,Vải ,,Gia Hưng,Cái,Thiết bị y tế | Dụng cụ y tế | Đai lưng,trang-thiet-bi-y-te | trang-thiet-bi-y-te/dung-cu-y-te | trang-thiet-bi-y-te/dai-lung,True,True,40,0,https://nhathuoclongchau.com.vn/trang-thiet-bi-y-te/dai-cot-song-l1-gia-hung-size-7.html,trang-thiet-bi-y-te,500
572,00038426,ĐAI CỘT SỐNG L3 GIA HƯNG SIZE 7,Đai Cột Sống Gia Hưng Size 7 giảm chịu lực cột sống,trang-thiet-bi-y-te/dai-cot-song-gia-hung-size-7.html,120000.0,Cái,đ,https://cdn.nhathuoclongchau.com.vn/unsafe/https://cms-prod.s3-sgn09.fptcloud.com/00038426_1be1b7aea2.jpg,Vải ,,Gia Hưng,Cái,Thiết bị y tế | Dụng cụ y tế | Đai lưng,trang-thiet-bi-y-te | trang-thiet-bi-y-te/dung-cu-y-te | trang-thiet-bi-y-te/dai-lung,True,True,40,0,https://nhathuoclongchau.com.vn/trang-thiet-bi-y-te/dai-cot-song-gia-hung-size-7.html,trang-thiet-bi-y-te,500
573,00038425,ĐAI CỘT SỐNG L3 GIA HƯNG SIZE 6,Đai Cột Sống Gia Hưng Size 6 giảm chịu lực cột sống,trang-thiet-bi-y-te/dai-cot-song-gia-hung-size-6.html,120000.0,Cái,đ,https://cdn.nhathuoclongchau.com.vn/unsafe/https://cms-prod.s3-sgn09.fptcloud.com/00038425_fff2015080.jpg,Vải ,,Gia Hưng,Cái,Thiết bị y tế | Dụng cụ y tế | Đai lưng,trang-thiet-bi-y-te | trang-thiet-bi-y-te/dung-cu-y-te | trang-thiet-bi-y-te/dai-lung,True,True,40,0,https://nhathuoclongchau.com.vn/trang-thiet-bi-y-te/dai-cot-song-gia-hung-size-6.html,trang-thiet-bi-y-te,500
574,00038422,DÂY HÚT NHỚT CÓ KIỂM SOÁT CONTROL SUCTION CATHETER GREETMED SIZE 16,"Dây hút nhớt có kiểm soát Control Suction Catheter Greetmed Size 16 hút dịch đờm trong khoang mũi, miệng, họng",trang-thiet-bi-y-te/day-hut-nhot-co-kiem-soat-control-suction-catheter-greetmed-size-16.html,2500.0,Dây,đ,https://cdn.nhathuoclongchau.com.vn/unsafe/https://cms-prod.s3-sgn09.fptcloud.com/IMG_6493_1210adaa3c.jpg,Nhựa ,,GREETMED,Dây,Thiết bị y tế | Dụng cụ y tế,trang-thiet-bi-y-te | trang-thiet-bi-y-te/dung-cu-y-te,True,True,40,0,https://nhathuoclongchau.com.vn/trang-thiet-bi-y-te/day-hut-nhot-co-kiem-soat-control-suction-catheter-greetmed-size-16.html,trang-thiet-bi-y-te,500
575,00038421,BĂNG THUN KHUỶU TAY GIA HƯNG,"Băng Thun Khuỷu Tay Gia Hưng có độ co giãn tốt, cùng với hệ thống khóa Velcro",trang-thiet-bi-y-te/bang-thun-khuyu-tay-gia-hung.html,57000.0,Cái,đ,https://cdn.nhathuoclongchau.com.vn/unsafe/https://cms-prod.s3-sgn09.fptcloud.com/00038421_e648b84bc4.jpg,Băng gạc ,,Gia Hưng,Cái,Thiết bị y tế | Dụng cụ y tế,trang-thiet-bi-y-te | trang-thiet-bi-y-te/dung-cu-y-te,True,True,40,0,https://nhathuoclongchau.com.vn/trang-thiet-bi-y-te/bang-thun-khuyu-tay-gia-hung.html,trang-thiet-bi-y-te,500
576,00038418,BĂNG THUN CỔ CHÂN GIA HƯNG,Băng Thun Cổ Chân Gia Hưng Size 3 độ co giãn tốt cùng với hệ thống khóa Velcro ,trang-thiet-bi-y-te/bang-thun-co-chan-gia-hung-size-3.html,57000.0,Cái,đ,https://cdn.nhathuoclongchau.com.vn/unsafe/https://cms-prod.s3-sgn09.fptcloud.com/00038418_34e1a76622.jpg,Băng gạc ,,Gia Hưng,Cái,Thiết bị y tế | Dụng cụ y tế,trang-thiet-bi-y-te | trang-thiet-bi-y-te/dung-cu-y-te,True,True,40,0,https://nhathuoclongchau.com.vn/trang-thiet-bi-y-te/bang-thun-co-chan-gia-hung-size-3.html,trang-thiet-bi-y-te,500
577,00503886,DÂY NỐI TRUYỀN DỊCH BBRAUN 75CM 50 CÁI,Dây nối truyền dịch B.Braun 75cm dùng để nối dài khi truyền dịch thông thường (50 cái),trang-thiet-bi-y-te/day-noi-truyen-dich-bbraun-75-cm-50-cai.html,1000000.0,Hộp,đ,https://cdn.nhathuoclongchau.com.vn/unsafe/https://cms-prod.s3-sgn09.fptcloud.com/minimumvolumeextentionline9500049_761595a532.jpeg,Nhựa ,,B.Braun,Hộp 50 Cái,Thiết bị y tế | Dụng cụ y tế,trang-thiet-bi-y-te | trang-thiet-bi-y-te/dung-cu-y-te,True,True,40,0,https://nhathuoclongchau.com.vn/trang-thiet-bi-y-te/day-noi-truyen-dich-bbraun-75-cm-50-cai.html,trang-thiet-bi-y-te,500
578,00503258,ỐNG NUÔI ĂN ARGYLE FEEDING TUBE 50CM 6FR FD6050,Ống nuôi ăn Argyle Feeding Tube 50cm 6Fr Fd6050 Cardinal Health qua đường thông mũi/dạ dày,trang-thiet-bi-y-te/ong-nuoi-an-argyle-feeding-tube-50-cm-6-fr-fd-6050.html,20000.0,Túi,đ,https://cdn.nhathuoclongchau.com.vn/unsafe/https://cms-prod.s3-sgn09.fptcloud.com/DSC_02645_252dfb3997.jpg,Ống ,,Cardinal Health,Hộp 25 Túi,Thiết bị y tế | Dụng cụ y tế,trang-thiet-bi-y-te | trang-thiet-bi-y-te/dung-cu-y-te,True,True,40,0,https://nhathuoclongchau.com.vn/trang-thiet-bi-y-te/ong-nuoi-an-argyle-feeding-tube-50-cm-6-fr-fd-6050.html,trang-thiet-bi-y-te,500
579,00503099,URGOSTERILE 10CM X 10CM 50 MIẾNG - BĂNG GẠC,"Băng gạc tiệt trùng Urgosterile 10cm x 10cm bảo vệ vết trầy xước, vết cắt, vết thương (50 miếng)",trang-thiet-bi-y-te/urgosterile-10cm-x-10cm-50-mieng-bang-gac-37391.html,325000.0,Hộp,đ,https://cdn.nhathuoclongchau.com.vn/unsafe/https://cms-prod.s3-sgn09.fptcloud.com/00503099_urgosterile_10cm_x_10cm_50_mieng_bang_gac_7254_63b6_large_145553812b.jpg,Băng gạc ,,Urgo,Hộp 50 Miếng,Thiết bị y tế | Dụng cụ sơ cứu | Băng y tế,trang-thiet-bi-y-te | trang-thiet-bi-y-te/dung-cu-so-cuu | trang-thiet-bi-y-te/bang-y-te,True,True,40,0,https://nhathuoclongchau.com.vn/trang-thiet-bi-y-te/urgosterile-10cm-x-10cm-50-mieng-bang-gac-37391.html,trang-thiet-bi-y-te,500
580,00502905,ỐNG NUÔI ĂN ARGYLE FEEDING 8FR FD8050 25 TÚI,Ống nuôi ăn Argyle Feeding Tube 8FR FD8050 Cardinal Health (25 sợi),trang-thiet-bi-y-te/ong-nuoi-an-argyle-feeding-8-fr-fd-8050-25-tui.html,500000.0,Hộp,đ,https://cdn.nhathuoclongchau.com.vn/unsafe/https://cms-prod.s3-sgn09.fptcloud.com/00502905_88756eaaac.jpg,Nhựa ,,Cardinal Health,Hộp 25 Túi,Thiết bị y tế | Dụng cụ y tế,trang-thiet-bi-y-te | trang-thiet-bi-y-te/dung-cu-y-te,True,True,40,0,https://nhathuoclongchau.com.vn/trang-thiet-bi-y-te/ong-nuoi-an-argyle-feeding-8-fr-fd-8050-25-tui.html,trang-thiet-bi-y-te,500
581,00502869,BƠM TIÊM INSULIN PROMISEMED 0.5ML U - 100 31G TÂN HIẾU 100 CÁI,Bơm tiêm Insulin Promisemed 31g Tân Hiếu dùng để tiêm insulin dưới da cho bệnh tiểu đường (100 cái),trang-thiet-bi-y-te/bom-tiem-insulin-promisemed-0-5-ml-u-100-31-g-tan-hieu-100-cai.html,250000.0,Hộp,đ,https://cdn.nhathuoclongchau.com.vn/unsafe/https://cms-prod.s3-sgn09.fptcloud.com/00502869_BOM_TIEM_INSULIN_PROMISEMED_0_5_ML_U_100_31_G_TAN_HIEU_100_CAI_7df130c1b2.png,"Nhựa , Thép không gỉ ",,TÂN HIẾU,Hộp 100 Cái,Thiết bị y tế | Dụng cụ y tế | Kim các loại,trang-thiet-bi-y-te | trang-thiet-bi-y-te/dung-cu-y-te | trang-thiet-bi-y-te/kim-cac-loai,True,True,40,0,https://nhathuoclongchau.com.vn/trang-thiet-bi-y-te/bom-tiem-insulin-promisemed-0-5-ml-u-100-31-g-tan-hieu-100-cai.html,trang-thiet-bi-y-te,500
582,00502232,SUCTION CATHETER - DÂY HÚT NHỚT HOÀNG SƠN 8FR- 500MM,"Dây hút nhớt Hoàng Sơn size 8 FR - 500mm dùng để hút dịch đờm trong khoang mũi, miệng, họng",trang-thiet-bi-y-te/suction-catheter-day-hut-nhot-hoang-son-8-fr-500-mm.html,5000.0,Dây,đ,https://cdn.nhathuoclongchau.com.vn/unsafe/https://cms-prod.s3-sgn09.fptcloud.com/IMG_6479_11a4ec139c.jpg,Nhựa ,,HOÀNG SƠN,Dây,Thiết bị y tế | Dụng cụ y tế,trang-thiet-bi-y-te | trang-thiet-bi-y-te/dung-cu-y-te,True,True,40,0,https://nhathuoclongchau.com.vn/trang-thiet-bi-y-te/suction-catheter-day-hut-nhot-hoang-son-8-fr-500-mm.html,trang-thiet-bi-y-te,500
583,00501788,QUE THỬ CHOLESTEROLS FACARE (MODEL: FCM168) - HỘP 10 QUE,Que thử Cholesterol FaCare FC-M168 kiểm tra nồng độ cholesterol (10 cái),trang-thiet-bi-y-te/que-thu-cholesterols-facare-model-fcm-168-hop-10-que.html,390000.0,Hộp,đ,https://cdn.nhathuoclongchau.com.vn/unsafe/https://cms-prod.s3-sgn09.fptcloud.com/00501788_que_thu_cholesterols_facare_model_fcm168_hop_10_que_4553_630e_large_69c459131d.jpg,Kim loại ,,URIGHT & FACARE,Hộp 10 Cái,Thiết bị y tế | Dụng cụ theo dõi,trang-thiet-bi-y-te | trang-thiet-bi-y-te/dung-cu-theo-doi,True,True,40,0,https://nhathuoclongchau.com.vn/trang-thiet-bi-y-te/que-thu-cholesterols-facare-model-fcm-168-hop-10-que.html,trang-thiet-bi-y-te,500
584,00501552,KIM LUỒN TĨNH MẠCH BRAUN 24G - HỘP 50 CÁI,Kim luồn tĩnh mạch Introcan Safety® 24g B.Braun (50 cái),trang-thiet-bi-y-te/kim-luon-tinh-mach-braun-24g-hop-50-cai-35689.html,1000000.0,Hộp,đ,https://cdn.nhathuoclongchau.com.vn/unsafe/https://cms-prod.s3-sgn09.fptcloud.com/DSC_03177_e7942eced4.jpg,Kim loại ,,B.Braun,Hộp 50 Cái,Thiết bị y tế | Dụng cụ y tế | Kim các loại,trang-thiet-bi-y-te | trang-thiet-bi-y-te/dung-cu-y-te | trang-thiet-bi-y-te/kim-cac-loai,True,True,40,0,https://nhathuoclongchau.com.vn/trang-thiet-bi-y-te/kim-luon-tinh-mach-braun-24g-hop-50-cai-35689.html,trang-thiet-bi-y-te,500
585,00501347,KIM CÁNH BƯỚM HAMICO SCALP VEIN SET 23G 100 CHIẾC,Kim truyền tĩnh mạch cánh bướm Scalp Vein Set 23g Tanaphar (100 chiếc),trang-thiet-bi-y-te/kim-canh-buom-hamico-scalp-vein-set-23-g-100-chiec.html,300000.0,Hộp,đ,https://cdn.nhathuoclongchau.com.vn/unsafe/https://cms-prod.s3-sgn09.fptcloud.com/kim_truyen_tinh_mach_23g_kim_buom_1_d65ed913aa.jpg,Kim loại ,,Tanaphar,Hộp 100 Chiếc,Thiết bị y tế | Dụng cụ y tế | Kim các loại,trang-thiet-bi-y-te | trang-thiet-bi-y-te/dung-cu-y-te | trang-thiet-bi-y-te/kim-cac-loai,True,True,40,0,https://nhathuoclongchau.com.vn/trang-thiet-bi-y-te/kim-canh-buom-hamico-scalp-vein-set-23-g-100-chiec.html,trang-thiet-bi-y-te,500
586,00501346,KIM TIÊM MPV 18G 100 CHIẾC,"Kim tiêm MPV 18g sử dụng 1 lần, được khử trùng bằng khí E.O (100 chiếc)",trang-thiet-bi-y-te/kim-tiem-mpv-18-g-100-chiec.html,40000.0,Hộp,đ,https://cdn.nhathuoclongchau.com.vn/unsafe/https://cms-prod.s3-sgn09.fptcloud.com/00501346_317aaac02a.png,Kim loại ,,MPV,Hộp 100 Chiếc,Thiết bị y tế | Dụng cụ y tế | Kim các loại,trang-thiet-bi-y-te | trang-thiet-bi-y-te/dung-cu-y-te | trang-thiet-bi-y-te/kim-cac-loai,True,True,40,0,https://nhathuoclongchau.com.vn/trang-thiet-bi-y-te/kim-tiem-mpv-18-g-100-chiec.html,trang-thiet-bi-y-te,500
587,00501032,KIM CÁNH BƯỚM OMIGA 25G 100 CÁI,"Kim cánh bướm Omiga 25g Hamico sử dụng lấy máu, truyền dịch hoặc tiêm thuốc vào tĩnh mạch (100 cái)",trang-thiet-bi-y-te/kim-canh-buom-omiga-25-g-100-cai.html,300000.0,Hộp,đ,https://cdn.nhathuoclongchau.com.vn/unsafe/https://cms-prod.s3-sgn09.fptcloud.com/DSC_02703_a1988793b4.jpg,Kim loại ,,Hamico,Hộp 100 Cái,Thiết bị y tế | Dụng cụ y tế | Kim các loại,trang-thiet-bi-y-te | trang-thiet-bi-y-te/dung-cu-y-te | trang-thiet-bi-y-te/kim-cac-loai,True,True,40,0,https://nhathuoclongchau.com.vn/trang-thiet-bi-y-te/kim-canh-buom-omiga-25-g-100-cai.html,trang-thiet-bi-y-te,500
588,00500442,BỘ PHỤ KIỆN MÁY XÔNG NEBPRO BIOHEALTH,"Bộ phụ kiện máy xông Nebpro BioHealth dùng cho máy xông model NEB PRO hỗ trợ viêm mũi, viêm xoang",trang-thiet-bi-y-te/bo-phu-kien-may-xong-nebpro-biohealth-34570.html,90000.0,Bộ,đ,https://cdn.nhathuoclongchau.com.vn/unsafe/https://cms-prod.s3-sgn09.fptcloud.com/00500442_bo_phu_kien_may_xong_nebpro_biohealth_5146_62a1_large_2f028e0f8e.jpg,Nhựa ,,Biohealth,Bộ,Thiết bị y tế | Dụng cụ y tế | Máy xông khí dung,trang-thiet-bi-y-te | trang-thiet-bi-y-te/dung-cu-y-te | trang-thiet-bi-y-te/may-xong-khi-dung,True,True,40,0,https://nhathuoclongchau.com.vn/trang-thiet-bi-y-te/bo-phu-kien-may-xong-nebpro-biohealth-34570.html,trang-thiet-bi-y-te,500
589,00500043,KHẨU TRANG UNICHARM 3D MASK MAX BLOCK - NẸP MŨI SIÊU BẢO VỆ SIZE M GÓI 5 CÁI,"Khẩu trang y tế 3D Mask Max Block Unicharm size M hỗ trợ ngăn khói, bụi, kháng khuẩn (5 cái)",trang-thiet-bi-y-te/khau-trang-unicharm-3d-mask-max-block-nep-mui-sieu-bao-ve-size-m-goi-5-cai-34124.html,29000.0,Gói,đ,https://cdn.nhathuoclongchau.com.vn/unsafe/https://cms-prod.s3-sgn09.fptcloud.com/00500043_khau_trang_unicharm_3d_mask_max_block_nep_mui_sieu_bao_ve_size_m_goi_5_cai_1248_627f_large_d6d4885356.jpg,Vải ,,Unicharm,Gói 5 Cái,Thiết bị y tế | Khẩu trang | Khẩu trang y tế,trang-thiet-bi-y-te | trang-thiet-bi-y-te/khau-trang | trang-thiet-bi-y-te/khau-trang-y-te,True,True,40,0,https://nhathuoclongchau.com.vn/trang-thiet-bi-y-te/khau-trang-unicharm-3d-mask-max-block-nep-mui-sieu-bao-ve-size-m-goi-5-cai-34124.html,trang-thiet-bi-y-te,500
590,00032979,KIM CÁNH BƯỚM TANAKO TANAPHAR 100 BỘ,Bộ Kim Cánh Bướm Tanako Tanaphar truyền tĩnh mạch có cánh định vị (100 bộ),trang-thiet-bi-y-te/bo-kim-canh-buom-tanako-tanaphar-100-bo-33095.html,150000.0,Hộp,đ,https://cdn.nhathuoclongchau.com.vn/unsafe/https://cms-prod.s3-sgn09.fptcloud.com/00032979_bo_kim_canh_buom_tanako_tanaphar_100_bo_8628_6336_large_0eb7680823.jpg,Thép không gỉ ,,Tanaphar,Hộp 100 Bộ,Thiết bị y tế | Dụng cụ y tế | Kim các loại,trang-thiet-bi-y-te | trang-thiet-bi-y-te/dung-cu-y-te | trang-thiet-bi-y-te/kim-cac-loai,True,True,40,0,https://nhathuoclongchau.com.vn/trang-thiet-bi-y-te/bo-kim-canh-buom-tanako-tanaphar-100-bo-33095.html,trang-thiet-bi-y-te,500
591,00001631,"NƯỚC MẮT NHÂN TẠO CATIONORM EXCELVISION 30 ỐNG X 0.4ML - DƯỠNG ẨM, BÔI TRƠN, BẢO VỆ BỀ MẶT MẮT","Nhũ tương nhỏ mắt Cationorm Santen dưỡng ẩm, bôi trơn, bảo vệ bề mặt mắt (30 ống x 0,4ml) ",trang-thiet-bi-y-te/cationorm-4371.html,245000.0,Hộp,đ,https://cdn.nhathuoclongchau.com.vn/unsafe/https://cms-prod.s3-sgn09.fptcloud.com/00001631_cationorm_8171_62b5_large_7c8198d85c.jpg,"Glycerol 1.6%, Dầu khoáng 1%, Tyloxapol 0.3%, Poloxamer 0.1%, Tris hydroclorid 0.071%",,Santen,Hộp,Thiết bị y tế | Dụng cụ y tế | Các dụng cụ và sản phẩm khác,trang-thiet-bi-y-te | trang-thiet-bi-y-te/dung-cu-y-te | trang-thiet-bi-y-te/dung-cu-khac,True,True,40,0,https://nhathuoclongchau.com.vn/trang-thiet-bi-y-te/cationorm-4371.html,trang-thiet-bi-y-te,500
592,00015982,NẸP CỔ MỀM SIZE 8 LINHHIEU,Nẹp cổ mềm Size 8 Linh Hiếu cố định vùng cổ,trang-thiet-bi-y-te/nep-co-mem-size-8-linhhieu-14711.html,48000.0,Cái,đ,https://cdn.nhathuoclongchau.com.vn/unsafe/https://cms-prod.s3-sgn09.fptcloud.com/ytesonhuong_dai_co_mem_1_of_5_d2e60abcc84a4cb7b772bfc8e576845c_d6e06e46b6.jpg,Vải ,,LINH HIẾU,Cái,Thiết bị y tế | Dụng cụ y tế | Đai nẹp,trang-thiet-bi-y-te | trang-thiet-bi-y-te/dung-cu-y-te | trang-thiet-bi-y-te/dai-nep,True,True,40,0,https://nhathuoclongchau.com.vn/trang-thiet-bi-y-te/nep-co-mem-size-8-linhhieu-14711.html,trang-thiet-bi-y-te,500
593,00015057,NẸP ĐÙI SIZE 9 LINHHIEU,"Nẹp đùi Linh Hiếu Size 9 hỗ trợ cố định và giữ thẳng chân do bong gân, rách cơ",trang-thiet-bi-y-te/nep-dui-size-9-linhhieu-15133.html,133000.0,Cái,đ,https://cdn.nhathuoclongchau.com.vn/unsafe/https://cms-prod.s3-sgn09.fptcloud.com/DSC_00013_6e4dc70bb0.jpg,Vải ,,LINH HIẾU,Cái,Thiết bị y tế | Dụng cụ y tế | Đai nẹp,trang-thiet-bi-y-te | trang-thiet-bi-y-te/dung-cu-y-te | trang-thiet-bi-y-te/dai-nep,True,True,40,0,https://nhathuoclongchau.com.vn/trang-thiet-bi-y-te/nep-dui-size-9-linhhieu-15133.html,trang-thiet-bi-y-te,500
594,00014766,ĐAI CỘT SỐNG SIZE 8 LINHHIEU,"Đai cột sống Linh Hiếu Size 8 dự phòng tổn thương cột sống thắt lưng, hỗ trợ đau thắt lưng cột sống",trang-thiet-bi-y-te/dai-cot-song-size-8-linhhieu-15408.html,120000.0,Cái,đ,https://cdn.nhathuoclongchau.com.vn/unsafe/https://cms-prod.s3-sgn09.fptcloud.com/DSC_00005_6c8618ed06.jpg,Vải ,,LINH HIẾU,Gói 1 Cái,Thiết bị y tế | Dụng cụ y tế | Đai nẹp,trang-thiet-bi-y-te | trang-thiet-bi-y-te/dung-cu-y-te | trang-thiet-bi-y-te/dai-nep,True,True,40,0,https://nhathuoclongchau.com.vn/trang-thiet-bi-y-te/dai-cot-song-size-8-linhhieu-15408.html,trang-thiet-bi-y-te,500
595,00010488,OMRON NE C801 - MÁY XÔNG,"Máy xông khí dung Omron NE-C801 kiểm soát hen suyễn, viêm phế quản mãn tính (1 cái)",trang-thiet-bi-y-te/may-xong-omron-ne-c801-16430.html,1160000.0,Hộp,đ,https://cdn.nhathuoclongchau.com.vn/unsafe/https://cms-prod.s3-sgn09.fptcloud.com/00010488_may_xong_omron_ne_c801_7496_62ae_large_6fcfbccc5f.jpg,Nhựa ,,OMRON,Hộp,Thiết bị y tế | Dụng cụ y tế | Máy xông khí dung,trang-thiet-bi-y-te | trang-thiet-bi-y-te/dung-cu-y-te | trang-thiet-bi-y-te/may-xong-khi-dung,True,True,40,0,https://nhathuoclongchau.com.vn/trang-thiet-bi-y-te/may-xong-omron-ne-c801-16430.html,trang-thiet-bi-y-te,500
596,00009589,NHIỆT KẾ OMRON MC720,Nhiệt kế đo ở trán Omron Forehead Thermometer MC-720 cho kết quả tức thì,trang-thiet-bi-y-te/nhiet-ke-omron-mc720-16639.html,945000.0,Hộp,đ,https://cdn.nhathuoclongchau.com.vn/unsafe/https://cms-prod.s3-sgn09.fptcloud.com/00009589_nhiet_ke_omron_mc720_3209_62b9_large_ad771af6a8.JPG,Nhựa ,,OMRON,Hộp 1 Cái,Thiết bị y tế | Dụng cụ theo dõi | Nhiệt kế,trang-thiet-bi-y-te | trang-thiet-bi-y-te/dung-cu-theo-doi | trang-thiet-bi-y-te/nhiet-ke,True,True,40,0,https://nhathuoclongchau.com.vn/trang-thiet-bi-y-te/nhiet-ke-omron-mc720-16639.html,trang-thiet-bi-y-te,500
597,00004166,KIM LUỒN 22G/25MM PRIMAFLON LAMED 100 CÁI,Kim tiêm tĩnh mạch 22g/25mm Primaflon Lamed hạn chế lệch vỡ vein khi dẫn truyền dịch (100 cây),trang-thiet-bi-y-te/kim-luon-22-17176.html,3000.0,Cây,đ,https://cdn.nhathuoclongchau.com.vn/unsafe/https://cms-prod.s3-sgn09.fptcloud.com/00004166_kim_luon_22_truyen_dich_nuoc_hoac_thuoc_vao_tinh_mach_9779_6319_large_85fddd0313.jpg,Thép không gỉ ,,Lamed,Hộp 100 cây,Thiết bị y tế | Dụng cụ y tế | Kim các loại,trang-thiet-bi-y-te | trang-thiet-bi-y-te/dung-cu-y-te | trang-thiet-bi-y-te/kim-cac-loai,True,True,40,0,https://nhathuoclongchau.com.vn/trang-thiet-bi-y-te/kim-luon-22-17176.html,trang-thiet-bi-y-te,500
598,00017645,ĐÈ LƯỠI GỖ TIỆT TRÙNG LẠC VIỆT 100S XANH LÁ BALAC WOOD STICKS,Que đè lưỡi gỗ tiệt trùng Lạc Việt Balac Wood Sticks xanh lá dùng để khám khoang miệng và cổ họng (100 cây),trang-thiet-bi-y-te/de-luoi-go-tiet-trung-lac-viet-100s-xanh-la-balac-wood-sticks-19018.html,35700.0,Hộp,đ,https://cdn.nhathuoclongchau.com.vn/unsafe/https://cms-prod.s3-sgn09.fptcloud.com/00017645_de_luoi_go_tiet_trung_lac_viet_100s_xanh_la_balac_wood_sticks_2821_6123_large_6699f0ad1e.jpg,Gỗ 100%,,Lạc Việt,Hộp 100 Cây,Thiết bị y tế | Dụng cụ y tế | Các dụng cụ và sản phẩm khác,trang-thiet-bi-y-te | trang-thiet-bi-y-te/dung-cu-y-te | trang-thiet-bi-y-te/dung-cu-khac,True,True,40,0,https://nhathuoclongchau.com.vn/trang-thiet-bi-y-te/de-luoi-go-tiet-trung-lac-viet-100s-xanh-la-balac-wood-sticks-19018.html,trang-thiet-bi-y-te,500
599,00018805,ĐAI LƯNG LUMBAMED BASIC MEN SIZE IV,Đai lưng Lumbamed Basic Men Size IV dùng cho các bệnh lý cột sống lưng vùng thắt lưng,trang-thiet-bi-y-te/dai-lung-lumbamed-basic-men-size-iv-20106.html,1732000.0,Hộp,đ,https://cdn.nhathuoclongchau.com.vn/unsafe/https://cms-prod.s3-sgn09.fptcloud.com/00018805_fcabf91134.jpg,Vải ,,Medi,Hộp,Thiết bị y tế | Dụng cụ y tế | Đai lưng,trang-thiet-bi-y-te | trang-thiet-bi-y-te/dung-cu-y-te | trang-thiet-bi-y-te/dai-lung,True,True,40,0,https://nhathuoclongchau.com.vn/trang-thiet-bi-y-te/dai-lung-lumbamed-basic-men-size-iv-20106.html,trang-thiet-bi-y-te,500
600,00027915,ĐAI CỘT SỐNG SIZE 9 LINHHIEU,Đai cột sống Size 9 Linh Hiếu hỗ trợ và cố định vùng cột sống thắt lưng,trang-thiet-bi-y-te/dai-cot-song-size-9-linhhieu-28420.html,120000.0,Cái,đ,https://cdn.nhathuoclongchau.com.vn/unsafe/https://cms-prod.s3-sgn09.fptcloud.com/DSC_00008_c75e25c9cc_7c9493d1e6.webp,Vải ,,LINH HIẾU,Gói 1 Cái,Thiết bị y tế | Dụng cụ y tế | Đai nẹp,trang-thiet-bi-y-te | trang-thiet-bi-y-te/dung-cu-y-te | trang-thiet-bi-y-te/dai-nep,True,True,40,0,https://nhathuoclongchau.com.vn/trang-thiet-bi-y-te/dai-cot-song-size-9-linhhieu-28420.html,trang-thiet-bi-y-te,500
601,00027916,ĐAI DESAULT TRÁI SIZE 7 LINHHIEU,"Đai Desault trái Size 7 Linh Hiếu dùng để cố định, ổn định khớp vai",trang-thiet-bi-y-te/dai-desault-trai-size-7-linhhieu-28421.html,95000.0,Cái,đ,https://cdn.nhathuoclongchau.com.vn/unsafe/https://cms-prod.s3-sgn09.fptcloud.com/DSC_09868_e43a31de1c.jpg,Cotton ,,LINH HIẾU,Gói 1 Cái,Thiết bị y tế | Dụng cụ y tế | Đai nẹp,trang-thiet-bi-y-te | trang-thiet-bi-y-te/dung-cu-y-te | trang-thiet-bi-y-te/dai-nep,True,True,40,0,https://nhathuoclongchau.com.vn/trang-thiet-bi-y-te/dai-desault-trai-size-7-linhhieu-28421.html,trang-thiet-bi-y-te,600
602,00027920,ĐAI DESAULT TRÁI SIZE 9 LINHHIEU,"Đai Desault trái Linh Hiếu size 9 dùng để cố định, ổn định khớp vai",trang-thiet-bi-y-te/dai-desault-trai-size-9-linhhieu-28425.html,95000.0,Cái,đ,https://cdn.nhathuoclongchau.com.vn/unsafe/https://cms-prod.s3-sgn09.fptcloud.com/DSC_00021_be8677974f.jpg,Vải ,,LINH HIẾU,Gói 1 Cái,Thiết bị y tế | Dụng cụ y tế | Đai nẹp,trang-thiet-bi-y-te | trang-thiet-bi-y-te/dung-cu-y-te | trang-thiet-bi-y-te/dai-nep,True,True,40,0,https://nhathuoclongchau.com.vn/trang-thiet-bi-y-te/dai-desault-trai-size-9-linhhieu-28425.html,trang-thiet-bi-y-te,600
603,00028218,NẸP ĐÙI SIZE 8 LINHHIEU,"Nẹp đùi Size 8 Linh Hiếu dùng để hỗ trợ cố định và giữ thẳng chân do bị bong gân, rách cơ ",trang-thiet-bi-y-te/nep-dui-size-8-linhhieu-28529.html,133000.0,Cái,đ,https://cdn.nhathuoclongchau.com.vn/unsafe/https://cms-prod.s3-sgn09.fptcloud.com/DSC_00013_6e4dc70bb0_3e1cf4e4c3.webp,Cotton ,,LINH HIẾU,Cái,Thiết bị y tế | Dụng cụ y tế | Đai nẹp,trang-thiet-bi-y-te | trang-thiet-bi-y-te/dung-cu-y-te | trang-thiet-bi-y-te/dai-nep,True,True,40,0,https://nhathuoclongchau.com.vn/trang-thiet-bi-y-te/nep-dui-size-8-linhhieu-28529.html,trang-thiet-bi-y-te,600
604,00028426,ĐAI DESAULT TRÁI SIZE 8 LINHHIEU,"Đai Desault trái Size 8 Linh Hiếu dùng để cố định, ổn định khớp vai",trang-thiet-bi-y-te/dai-desault-trai-size-8-linhhieu-28730.html,95000.0,Cái,đ,https://cdn.nhathuoclongchau.com.vn/unsafe/https://cms-prod.s3-sgn09.fptcloud.com/DSC_04898_7e1a059819.jpg,Cotton ,,LINH HIẾU,Cái,Thiết bị y tế | Dụng cụ y tế | Đai nẹp,trang-thiet-bi-y-te | trang-thiet-bi-y-te/dung-cu-y-te | trang-thiet-bi-y-te/dai-nep,True,True,40,0,https://nhathuoclongchau.com.vn/trang-thiet-bi-y-te/dai-desault-trai-size-8-linhhieu-28730.html,trang-thiet-bi-y-te,600
605,00028427,ĐAI DESAULT PHẢI SIZE 8 LINHHIEU,"Đai Desault Phải Size 8 Linh Hiếu dùng để cố định, ổn định khớp vai",trang-thiet-bi-y-te/dai-desault-phai-size-8-linhhieu-28731.html,95000.0,Cái,đ,https://cdn.nhathuoclongchau.com.vn/unsafe/https://cms-prod.s3-sgn09.fptcloud.com/DSC_04901_24d9fbe35d.jpg,Cotton ,,LINH HIẾU,Cái,Thiết bị y tế | Dụng cụ y tế | Đai nẹp,trang-thiet-bi-y-te | trang-thiet-bi-y-te/dung-cu-y-te | trang-thiet-bi-y-te/dai-nep,True,True,40,0,https://nhathuoclongchau.com.vn/trang-thiet-bi-y-te/dai-desault-phai-size-8-linhhieu-28731.html,trang-thiet-bi-y-te,600
606,00028428,ĐAI DESAULT PHẢI SIZE 7 LINHHIEU,"Đai Desault Phải Linh Hiếu Size 7 cố định, ổn định khớp vai",trang-thiet-bi-y-te/dai-desault-phai-size-7-linhhieu-28732.html,95000.0,Cái,đ,https://cdn.nhathuoclongchau.com.vn/unsafe/https://cms-prod.s3-sgn09.fptcloud.com/DSC_09668_910c7152e6.jpg,Vải ,,LINH HIẾU,Cái,Thiết bị y tế | Dụng cụ y tế | Đai nẹp,trang-thiet-bi-y-te | trang-thiet-bi-y-te/dung-cu-y-te | trang-thiet-bi-y-te/dai-nep,True,True,40,0,https://nhathuoclongchau.com.vn/trang-thiet-bi-y-te/dai-desault-phai-size-7-linhhieu-28732.html,trang-thiet-bi-y-te,600
607,00029593,CAO DÁN GIẢM ĐAU FUJISIP - HỘP 20 GÓI,"Cao dán giảm đau Fujisip 5cm x 7,5cm Thiên Ân giảm đau vai, đau lưng, đau khớp (10 miếng )",trang-thiet-bi-y-te/cao-dan-giam-dau-fujisip-hop-20-goi-29857.html,10000.0,Gói,đ,https://cdn.nhathuoclongchau.com.vn/unsafe/https://cms-prod.s3-sgn09.fptcloud.com/00029593_cao_dan_giam_dau_fujisip_hop_20_goi_7801_600a_large_bb036eec0a.JPG,"Menthol  , Camphor  , Tinh dầu bạc hà  , Tinh dầu khuynh diệp  , Tinh dầu quế  , Kẽm oxyd  , Keo nhạy dính  ",Miếng dán,Thiên Ân,Hộp 20 gói,"Thiết bị y tế | Dụng cụ sơ cứu | Miếng dán giảm đau, hạ sốt",trang-thiet-bi-y-te | trang-thiet-bi-y-te/dung-cu-so-cuu | trang-thiet-bi-y-te/mieng-dan-giam-dau,True,True,40,0,https://nhathuoclongchau.com.vn/trang-thiet-bi-y-te/cao-dan-giam-dau-fujisip-hop-20-goi-29857.html,trang-thiet-bi-y-te,600
608,00030076,BĂNG GẠC VÔ TRÙNG KHÔNG THẤM NƯỚC STERILE ADFLEX(WITH-PAD) 10X12CM,Băng gạc vô trùng không thấm nước Sterile Adflex (With-Pad) (10cm x 12cm) Young Chemical hỗ trợ bảo vệ vết thương (50 miếng),trang-thiet-bi-y-te/bang-gac-vo-trung-khong-tham-nuoc-sterile-adflexwith-pad-10x12cm-30277.html,13000.0,Miếng,đ,https://cdn.nhathuoclongchau.com.vn/unsafe/https://cms-prod.s3-sgn09.fptcloud.com/00030076_bang_gac_vo_trung_khong_tham_nuoc_sterile_adflexwith_pad_10x12cm_5785_6055_large_6d91467c7d.JPG,"Polyurethane , Acrylic , Ethylene oxide (E.O Gas) ",,YOUNG CHEMICAL,Hộp 50 Miếng,Thiết bị y tế | Dụng cụ sơ cứu | Băng y tế,trang-thiet-bi-y-te | trang-thiet-bi-y-te/dung-cu-so-cuu | trang-thiet-bi-y-te/bang-y-te,True,True,40,0,https://nhathuoclongchau.com.vn/trang-thiet-bi-y-te/bang-gac-vo-trung-khong-tham-nuoc-sterile-adflexwith-pad-10x12cm-30277.html,trang-thiet-bi-y-te,600
609,00030081,BĂNG GẠC VÔ TRÙNG YOUNG WOUND DRESSING 9X20CM,Băng gạc vô trùng Non-Woven Wound Dressing 9cm x 20cm Young Chemical Vina hỗ trợ bảo vệ vết thương (50 miếng),trang-thiet-bi-y-te/bang-gac-vo-trung-young-wound-dressing-9x20cm-30282.html,10000.0,Miếng,đ,https://cdn.nhathuoclongchau.com.vn/unsafe/https://cms-prod.s3-sgn09.fptcloud.com/00030081_bang_gac_vo_trung_young_wound_dressing_9x20cm_9031_6055_large_e61ddde112.JPG,"Rayon , Acrylic , Vải không dệt PET , Polyethylene , Ethylene oxide (E.O Gas) , PET 20% , vải không dệt Non-woven fabric ",,YOUNG CHEMICAL,Hộp 50 Miếng,Thiết bị y tế | Dụng cụ sơ cứu | Băng y tế,trang-thiet-bi-y-te | trang-thiet-bi-y-te/dung-cu-so-cuu | trang-thiet-bi-y-te/bang-y-te,True,True,40,0,https://nhathuoclongchau.com.vn/trang-thiet-bi-y-te/bang-gac-vo-trung-young-wound-dressing-9x20cm-30282.html,trang-thiet-bi-y-te,600
610,00030689,ĐAI NẸP CỔ THOÁNG KHÍ BONBONE - BREATHABLE NECK SUPPORTER SIZE M,Đai nẹp cổ thoáng khí size M Bonbone Breathable Neck Supporter hỗ trợ cố định cổ,trang-thiet-bi-y-te/dai-nep-co-thoang-khi-bonbone-breathable-neck-supporter-size-m-30842.html,600000.0,Hộp,đ,https://cdn.nhathuoclongchau.com.vn/unsafe/https://cms-prod.s3-sgn09.fptcloud.com/00030689_dai_nep_co_thoang_khi_bonbone_breathable_neck_supporter_size_m_5102_6093_large_165797b9ab.jpg,Sợi carbon cao cấp  ,,BonBone,Hộp,Thiết bị y tế | Dụng cụ y tế | Đai nẹp,trang-thiet-bi-y-te | trang-thiet-bi-y-te/dung-cu-y-te | trang-thiet-bi-y-te/dai-nep,True,True,40,0,https://nhathuoclongchau.com.vn/trang-thiet-bi-y-te/dai-nep-co-thoang-khi-bonbone-breathable-neck-supporter-size-m-30842.html,trang-thiet-bi-y-te,600
611,00030691,"ĐAI LƯNG HỖ TRỢ CỘT SỐNG BONBONE - PRO HARD SLIM , MÀU ĐEN SIZE S (58-73CM)",Đai lưng hỗ trợ cột sống size S (58-73cm) Bonbone Pro Hard Slim màu đen hỗ trợ điều trị đau thắt lưng,trang-thiet-bi-y-te/dai-lung-ho-tro-cot-song-bonbone-pro-hard-slim-mau-den-size-s-58-73cm-30844.html,1200000.0,Hộp,đ,https://cdn.nhathuoclongchau.com.vn/unsafe/https://cms-prod.s3-sgn09.fptcloud.com/00030691_dai_lung_ho_tro_cot_song_bonbone_pro_hard_slim_mau_den_size_s_58_73cm_4374_6093_large_6d597eafb5.jpg,"Thanh nẹp nhựa tổng hợp , Lưới siêu nhẹ và thoáng khí ",,BonBone,Hộp,Thiết bị y tế | Dụng cụ y tế | Đai lưng,trang-thiet-bi-y-te | trang-thiet-bi-y-te/dung-cu-y-te | trang-thiet-bi-y-te/dai-lung,True,True,40,0,https://nhathuoclongchau.com.vn/trang-thiet-bi-y-te/dai-lung-ho-tro-cot-song-bonbone-pro-hard-slim-mau-den-size-s-58-73cm-30844.html,trang-thiet-bi-y-te,600
612,00030694,ĐAI NẸP KHUỶU TAY BONBONE - ELBOW SUPPORT FREE SIZE,Đai nẹp khuỷu tay Bonbone Elbow Support Free trợ lực cho khuỷu tay khi bị chấn thương,trang-thiet-bi-y-te/dai-nep-khuyu-tay-bonbone-elbow-support-free-size-30847.html,550000.0,Hộp,đ,https://cdn.nhathuoclongchau.com.vn/unsafe/https://cms-prod.s3-sgn09.fptcloud.com/00030694_dai_nep_khuyu_tay_bonbone_elbow_support_free_size_4311_6093_large_d3ff1300c0.jpg,,,BonBone,Hộp,Thiết bị y tế | Dụng cụ y tế | Đai nẹp,trang-thiet-bi-y-te | trang-thiet-bi-y-te/dung-cu-y-te | trang-thiet-bi-y-te/dai-nep,True,True,40,0,https://nhathuoclongchau.com.vn/trang-thiet-bi-y-te/dai-nep-khuyu-tay-bonbone-elbow-support-free-size-30847.html,trang-thiet-bi-y-te,600
613,00030695,ĐAI NẸP CỔ TAY BONBONE - WRIST SUPPORTER FREE SIZE,Đai nẹp cổ tay free size Bonbone Wrist Supporter hỗ trợ cố định cổ tay,trang-thiet-bi-y-te/dai-nep-co-tay-bonbone-wrist-supporter-free-size-30848.html,380000.0,Hộp,đ,https://cdn.nhathuoclongchau.com.vn/unsafe/https://cms-prod.s3-sgn09.fptcloud.com/00030695_dai_nep_co_tay_bonbone_wrist_supporter_free_size_7939_6093_large_5d2d3dd52e.jpg,"Polyester , Nylon , Polypropylene , Polyurethane ",,BonBone,Hộp,Thiết bị y tế | Dụng cụ y tế | Đai nẹp,trang-thiet-bi-y-te | trang-thiet-bi-y-te/dung-cu-y-te | trang-thiet-bi-y-te/dai-nep,True,True,40,0,https://nhathuoclongchau.com.vn/trang-thiet-bi-y-te/dai-nep-co-tay-bonbone-wrist-supporter-free-size-30848.html,trang-thiet-bi-y-te,600
614,00030699,"ĐAI NẸP MẮT CÁ CHÂN BONBONE - DRAGON FLY ANKLE BARCE, CHÂN PHẢI SIZE M",Đai nẹp mắt cá chân phải Bonbone Dragon Fly Ankle Brace size M giảm rung và chấn động khi hoạt động liên tục,trang-thiet-bi-y-te/dai-nep-mat-ca-chan-bonbone-dragon-fly-ankle-barce-chan-phai-size-m-30852.html,530000.0,Hộp,đ,https://cdn.nhathuoclongchau.com.vn/unsafe/https://cms-prod.s3-sgn09.fptcloud.com/00030699_dai_nep_mat_ca_chan_bonbone_dragon_fly_ankle_barce_chan_phai_size_m_8574_6093_large_bf3f17461b.jpg,Carbon  ,,BonBone,Hộp,Thiết bị y tế | Dụng cụ y tế | Đai nẹp,trang-thiet-bi-y-te | trang-thiet-bi-y-te/dung-cu-y-te | trang-thiet-bi-y-te/dai-nep,True,True,40,1.5066136,https://nhathuoclongchau.com.vn/trang-thiet-bi-y-te/dai-nep-mat-ca-chan-bonbone-dragon-fly-ankle-barce-chan-phai-size-m-30852.html,trang-thiet-bi-y-te,600
615,00030700,"ĐAI NẸP MẮT CÁ CHÂN BONBONE - DRAGON FLY ANKLE BARCE, CHÂN TRÁI SIZE S",Đai nẹp mắt cá chân Bonbone Dragon Fly Ankle Brace size S giảm rung và chấn động khi hoạt động liên tục,trang-thiet-bi-y-te/dai-nep-mat-ca-chan-bonbone-dragon-fly-ankle-barce-chan-trai-size-s-30853.html,530000.0,Hộp,đ,https://cdn.nhathuoclongchau.com.vn/unsafe/https://cms-prod.s3-sgn09.fptcloud.com/00030700_dai_nep_mat_ca_chan_bonbone_dragon_fly_ankle_barce_chan_trai_size_s_8031_6093_large_f1ad550e8f.jpg,Carbon ,,BonBone,Hộp,Thiết bị y tế | Dụng cụ y tế | Đai nẹp,trang-thiet-bi-y-te | trang-thiet-bi-y-te/dung-cu-y-te | trang-thiet-bi-y-te/dai-nep,True,True,40,0,https://nhathuoclongchau.com.vn/trang-thiet-bi-y-te/dai-nep-mat-ca-chan-bonbone-dragon-fly-ankle-barce-chan-trai-size-s-30853.html,trang-thiet-bi-y-te,600
616,00030701,"ĐAI NẸP MẮT CÁ CHÂN BONBONE - DRAGON FLY ANKLE BARCE, CHÂN TRÁI SIZE M",Đai nẹp mắt cá chân trái Bonbone Dragon Fly Ankle Brace size M giảm rung và chấn động khi hoạt động liên tục,trang-thiet-bi-y-te/dai-nep-mat-ca-chan-bonbone-dragon-fly-ankle-barce-chan-trai-size-m-30854.html,530000.0,Hộp,đ,https://cdn.nhathuoclongchau.com.vn/unsafe/https://cms-prod.s3-sgn09.fptcloud.com/00030701_dai_nep_mat_ca_chan_bonbone_dragon_fly_ankle_barce_chan_trai_size_m_2274_6093_large_ae96d9951a.jpg,Carbon ,,BonBone,Hộp,Thiết bị y tế | Dụng cụ y tế | Đai nẹp,trang-thiet-bi-y-te | trang-thiet-bi-y-te/dung-cu-y-te | trang-thiet-bi-y-te/dai-nep,True,True,40,6.3443886,https://nhathuoclongchau.com.vn/trang-thiet-bi-y-te/dai-nep-mat-ca-chan-bonbone-dragon-fly-ankle-barce-chan-trai-size-m-30854.html,trang-thiet-bi-y-te,600
617,00030862,MÁY ĐO NỒNG ĐỘ OXY TRONG MÁU SPO2 - MICROLIFE OXY 200,Máy đo nồng độ oxy trong máu Microlife Oxy 200 hỗ trợ đo nhanh chóng và chính xác,trang-thiet-bi-y-te/microlife-oxy-200-may-do-nong-do-oxy-trong-mau-30996.html,690000.0,Hộp,đ,https://cdn.nhathuoclongchau.com.vn/unsafe/https://cms-prod.s3-sgn09.fptcloud.com/00030862_microlife_oxy_200_may_do_nong_do_oxy_trong_mau_9891_60f8_large_7fa7493d77.jpg,Nhựa ,,Microlife,Hộp 1 Chiếc,Thiết bị y tế | Dụng cụ theo dõi | Máy đo SpO2,trang-thiet-bi-y-te | trang-thiet-bi-y-te/dung-cu-theo-doi | trang-thiet-bi-y-te/may-do-sp-o2,True,True,40,0,https://nhathuoclongchau.com.vn/trang-thiet-bi-y-te/microlife-oxy-200-may-do-nong-do-oxy-trong-mau-30996.html,trang-thiet-bi-y-te,600
618,00030952,NHIỆT KẾ ĐIỆN TỬ BEURER FT65,"Nhiệt kế điện tử Beurer Medical FT65 hỗ trợ đo ở các vị trí tai, trán, cơ thể (1 chiếc)",trang-thiet-bi-y-te/beurer-ft65-may-nhiet-ke-dien-tu-do-tai-tran-31084.html,990000.0,Hộp,đ,https://cdn.nhathuoclongchau.com.vn/unsafe/https://cms-prod.s3-sgn09.fptcloud.com/00030952_beurer_ft65_may_nhiet_ke_dien_tu_do_tai_tran_2767_62ad_large_5eb9587136.jpg,Nhựa ,,Beurer,Hộp 1 Chiếc,Thiết bị y tế | Dụng cụ theo dõi | Nhiệt kế,trang-thiet-bi-y-te | trang-thiet-bi-y-te/dung-cu-theo-doi | trang-thiet-bi-y-te/nhiet-ke,True,True,40,0,https://nhathuoclongchau.com.vn/trang-thiet-bi-y-te/beurer-ft65-may-nhiet-ke-dien-tu-do-tai-tran-31084.html,trang-thiet-bi-y-te,600
619,00032411,BƠM TIÊM ECO MPV 5ML/CC 100 CÁI,Bơm tiêm MPV 5ml/cc sử dụng 1 lần (100 cái),trang-thiet-bi-y-te/bom-tiem-mpv-5mlcc-100-cai-32530.html,660.0,Cái,đ,https://cdn.nhathuoclongchau.com.vn/unsafe/https://cms-prod.s3-sgn09.fptcloud.com/00032411_60f8fcc13a.png,Nhựa ,,MPV,Hộp 100 Cái,Thiết bị y tế | Dụng cụ y tế | Kim các loại,trang-thiet-bi-y-te | trang-thiet-bi-y-te/dung-cu-y-te | trang-thiet-bi-y-te/kim-cac-loai,True,True,40,0,https://nhathuoclongchau.com.vn/trang-thiet-bi-y-te/bom-tiem-mpv-5mlcc-100-cai-32530.html,trang-thiet-bi-y-te,600
620,00502911,"DUNG DỊCH RỬA MŨI FYSOLINE SEPTINASAL 5 ỐNG X 5ML - CẢI THIỆN TRIỆU CHỨNG CẢM LẠNH, VIÊM MŨI, CẢM CÚM","Dung dịch rửa mũi Fysoline Gifrer 5ml cải thiện triệu chứng cảm lạnh, viêm mũi, cảm cúm (5 ống)",trang-thiet-bi-y-te/fysoline-gifrer-5-ong-x-5-ml.html,52000.0,Hộp,đ,https://cdn.nhathuoclongchau.com.vn/unsafe/https://cms-prod.s3-sgn09.fptcloud.com/6b17e03218354a599dd5688ce121e580_52ddb7c33e.jpg,NaCl ,,Gifrer Barbezat,Hộp 5 Ống,Thiết bị y tế | Dụng cụ y tế | Dụng cụ vệ sinh mũi,trang-thiet-bi-y-te | trang-thiet-bi-y-te/dung-cu-y-te | trang-thiet-bi-y-te/dung-cu-ve-sinh-mui,True,True,30,0,https://nhathuoclongchau.com.vn/trang-thiet-bi-y-te/fysoline-gifrer-5-ong-x-5-ml.html,trang-thiet-bi-y-te,600
621,00500165,GĂNG TAY CAO SU Y TẾ NHÁM KHÔNG BỘT VGLOVE SIZE M HỘP 100 CÁI,Găng tay cao su y tế nhám không bột VGlove Size M (100 cái),trang-thiet-bi-y-te/gang-tay-cao-su-y-te-nham-khong-bot-vglove-size-m-hop-100-cai-1.html,80000.0,Hộp,đ,https://cdn.nhathuoclongchau.com.vn/unsafe/https://cms-prod.s3-sgn09.fptcloud.com/00500165_0b7883aa5d.jpg,Cao su thiên nhiên ,,VGLOVE,Hộp 100 Cái,Thiết bị y tế | Dụng cụ y tế | Găng tay,trang-thiet-bi-y-te | trang-thiet-bi-y-te/dung-cu-y-te | trang-thiet-bi-y-te/gang-tay,True,True,30,0,https://nhathuoclongchau.com.vn/trang-thiet-bi-y-te/gang-tay-cao-su-y-te-nham-khong-bot-vglove-size-m-hop-100-cai-1.html,trang-thiet-bi-y-te,600
622,00028637,COMBO TEST ĐƯỜNG HUYẾT MEDI USA,Combo đo đường huyết MediUSA cho kết quả nồng độ glucose trong máu,trang-thiet-bi-y-te/combo-do-duong-huyet-mediusa-28940.html,9000.0,DVT,đ,https://cdn.nhathuoclongchau.com.vn/unsafe/https://cms-prod.s3-sgn09.fptcloud.com/00028637_combo_do_duong_huyet_mediusa_6914_60be_large_5f48dc15dd.jpg,,,MediUSA,Dvt,"Thiết bị y tế | Dụng cụ theo dõi | Máy, que thử đường huyết",trang-thiet-bi-y-te | trang-thiet-bi-y-te/dung-cu-theo-doi | trang-thiet-bi-y-te/may-que-thu-duong-huyet,True,True,30,0,https://nhathuoclongchau.com.vn/trang-thiet-bi-y-te/combo-do-duong-huyet-mediusa-28940.html,trang-thiet-bi-y-te,600
623,00048471,"GEL TRA MẮT FAVISGEL VISION PHARMA HỘP 10G - DƯỠNG MẮT, LÀM DỊU MẮT, GIẢM KHÔ",Gel Favisgel Farmigea giúp bảo vệ bề mặt nhãn cầu ở những bệnh nhân bị thay đổi màng phim nước mắt (10g),trang-thiet-bi-y-te/gel-favisgel-vision-pharma-hop-10-g-duong-mat-lam-diu-mat-giam-kho.html,154000.0,Hộp,đ,https://cdn.nhathuoclongchau.com.vn/unsafe/https://cms-prod.s3-sgn09.fptcloud.com/DSC_00208_0eeedb151a.jpg,"Dexpanthenol 5%, Natri hydroxide 20%, Carbomer , Dinatri Edetate , Cetrimid ",Gel,Farmigea,Hộp,Thiết bị y tế | Dụng cụ sơ cứu,trang-thiet-bi-y-te | trang-thiet-bi-y-te/dung-cu-so-cuu,True,True,20,0,https://nhathuoclongchau.com.vn/trang-thiet-bi-y-te/gel-favisgel-vision-pharma-hop-10-g-duong-mat-lam-diu-mat-giam-kho.html,trang-thiet-bi-y-te,600
624,00041090,BÔNG Y TẾ BẢO THẠCH CHÂU NGỌC THẠCH 3CM X 3CM GÓI 500G,"Bông y tế Bảo Thạch Châu Ngọc Thạch làm sạch các vết thương, thấm máu và dịch tiết (3cm x 3cm gói 500g)",trang-thiet-bi-y-te/bong-y-te-bao-thach-chau-ngoc-thach-3-cm-x-3-cm-goi-500-g.html,135000.0,Gói,đ,https://cdn.nhathuoclongchau.com.vn/unsafe/https://cms-prod.s3-sgn09.fptcloud.com/00041090_674b6af595.jpg,BÔNG GÒN ,,CHÂU NGỌC THẠCH,Gói x 500g,Thiết bị y tế | Dụng cụ sơ cứu | Bông y tế,trang-thiet-bi-y-te | trang-thiet-bi-y-te/dung-cu-so-cuu | trang-thiet-bi-y-te/bong-y-te,True,True,20,0,https://nhathuoclongchau.com.vn/trang-thiet-bi-y-te/bong-y-te-bao-thach-chau-ngoc-thach-3-cm-x-3-cm-goi-500-g.html,trang-thiet-bi-y-te,600
625,00040701,BÚT TIÊM ALUETTA MERCK 1X1,Bút tiêm aluetta Merck điều trị bệnh tiểu đường bằng insulin,trang-thiet-bi-y-te/but-tiem-aluetta-merck-1-x1.html,2000000.0,Hộp,đ,https://cdn.nhathuoclongchau.com.vn/unsafe/https://cms-prod.s3-sgn09.fptcloud.com/DSC_00055_5fb7608a7d.jpg,Bút tiêm ,,Merck,Hộp 1 Cây,Thiết bị y tế | Dụng cụ y tế,trang-thiet-bi-y-te | trang-thiet-bi-y-te/dung-cu-y-te,True,True,20,0,https://nhathuoclongchau.com.vn/trang-thiet-bi-y-te/but-tiem-aluetta-merck-1-x1.html,trang-thiet-bi-y-te,600
626,00038576,GĂNG TAY CAO SU Y TẾ NHÁM KHÔNG BỘT VGLOVE SIZE L HỘP 100 CÁI,Găng tay cao su y tế nhám không bột VGlove Size L (100 cái),trang-thiet-bi-y-te/gang-tay-cao-su-y-te-nham-khong-bot-vglove-size-l-hop-100-cai.html,74000.0,Hộp,đ,https://cdn.nhathuoclongchau.com.vn/unsafe/https://cms-prod.s3-sgn09.fptcloud.com/DSC_02752_715032ca8d.jpg,Cao su thiên nhiên ,,VGLOVE,Hộp 100 Cái,Thiết bị y tế | Dụng cụ y tế | Găng tay,trang-thiet-bi-y-te | trang-thiet-bi-y-te/dung-cu-y-te | trang-thiet-bi-y-te/gang-tay,True,True,20,0,https://nhathuoclongchau.com.vn/trang-thiet-bi-y-te/gang-tay-cao-su-y-te-nham-khong-bot-vglove-size-l-hop-100-cai.html,trang-thiet-bi-y-te,600
627,00038527,NẸP ĐÙI NGẮN GIA HƯNG SIZE 7,"Nẹp đùi ngắn Gia Hưng Size 7 hỗ trợ cho các trường hợp bị gãy chân, bong gân, xoắn cơ, rách cơ",trang-thiet-bi-y-te/nep-dui-ngan-gia-hung-size-7.html,121000.0,Cái,đ,https://cdn.nhathuoclongchau.com.vn/unsafe/https://cms-prod.s3-sgn09.fptcloud.com/00038527_798a748d64.jpg,Vải ,,Gia Hưng,Cái,Thiết bị y tế | Dụng cụ y tế | Đai nẹp,trang-thiet-bi-y-te | trang-thiet-bi-y-te/dung-cu-y-te | trang-thiet-bi-y-te/dai-nep,True,True,20,0,https://nhathuoclongchau.com.vn/trang-thiet-bi-y-te/nep-dui-ngan-gia-hung-size-7.html,trang-thiet-bi-y-te,600
628,00038523,NẸP CỔ CỨNG GIA HƯNG SIZE 3,"Nẹp cổ cứng người lớn Gia Hưng Size 3 hỗ trợ cơ cổ, trẹo nhẹ hoặc căng cổ quá mức",trang-thiet-bi-y-te/nep-co-cung-nguoi-lon-gia-hung-size-3.html,128000.0,Cái,đ,https://cdn.nhathuoclongchau.com.vn/unsafe/https://cms-prod.s3-sgn09.fptcloud.com/00038523_024ebcd74d.jpg,Vải ,,Gia Hưng,Cái,Thiết bị y tế | Dụng cụ y tế | Đai nẹp,trang-thiet-bi-y-te | trang-thiet-bi-y-te/dung-cu-y-te | trang-thiet-bi-y-te/dai-nep,True,True,20,0,https://nhathuoclongchau.com.vn/trang-thiet-bi-y-te/nep-co-cung-nguoi-lon-gia-hung-size-3.html,trang-thiet-bi-y-te,600
629,00038487,NẸP CẲNG TAY DÀI GIA HƯNG SIZE 7 (TRÁI),"Nẹp cẳng tay dài Gia Hưng Size 7 - Bên trái - cố định chấn thương gãy xương, bong gân",trang-thiet-bi-y-te/nep-cang-tay-gia-hung-size-7-trai.html,55000.0,Cái,đ,https://cdn.nhathuoclongchau.com.vn/unsafe/https://cms-prod.s3-sgn09.fptcloud.com/00038487_eb76fcdf76.jpg,Vải ,,Gia Hưng,Cái,Thiết bị y tế | Dụng cụ y tế | Đai nẹp,trang-thiet-bi-y-te | trang-thiet-bi-y-te/dung-cu-y-te | trang-thiet-bi-y-te/dai-nep,True,True,20,0,https://nhathuoclongchau.com.vn/trang-thiet-bi-y-te/nep-cang-tay-gia-hung-size-7-trai.html,trang-thiet-bi-y-te,600
630,00038485,NẸP CẲNG TAY DÀI GIA HƯNG SIZE 6 (TRÁI),"Nẹp cẳng tay dài Gia Hưng Size 6 - Bên Trái - cố định chấn thương gãy xương, bong gân",trang-thiet-bi-y-te/nep-cang-tay-gia-hung-size-6-trai.html,55000.0,Cái,đ,https://cdn.nhathuoclongchau.com.vn/unsafe/https://cms-prod.s3-sgn09.fptcloud.com/00038485_a3762f1897.jpg,Vải ,,Gia Hưng,Cái,Thiết bị y tế | Dụng cụ y tế | Đai nẹp,trang-thiet-bi-y-te | trang-thiet-bi-y-te/dung-cu-y-te | trang-thiet-bi-y-te/dai-nep,True,True,20,0,https://nhathuoclongchau.com.vn/trang-thiet-bi-y-te/nep-cang-tay-gia-hung-size-6-trai.html,trang-thiet-bi-y-te,600
631,00038456,ĐAI XƯƠNG ĐÒN GIA HƯNG SIZE 6,Đai Xương Đòn Gia Hưng Size 6 hỗ trợ cố định xương đòn,trang-thiet-bi-y-te/dai-xuong-don-gia-hung-size-6-1.html,42000.0,Cái,đ,https://cdn.nhathuoclongchau.com.vn/unsafe/https://cms-prod.s3-sgn09.fptcloud.com/00038456_e08c09c558.jpg,Vải ,,Gia Hưng,Cái,Thiết bị y tế | Dụng cụ y tế | Đai nẹp,trang-thiet-bi-y-te | trang-thiet-bi-y-te/dung-cu-y-te | trang-thiet-bi-y-te/dai-nep,True,True,20,0,https://nhathuoclongchau.com.vn/trang-thiet-bi-y-te/dai-xuong-don-gia-hung-size-6-1.html,trang-thiet-bi-y-te,600
632,00038450,ĐAI XƯƠNG ĐÒN GIA HƯNG SIZE 3,Đai Xương Đòn Gia Hưng Size 3 hỗ trợ cố định xương đòn,trang-thiet-bi-y-te/dai-xuong-don-gia-hung-size-3.html,42000.0,Cái,đ,https://cdn.nhathuoclongchau.com.vn/unsafe/https://cms-prod.s3-sgn09.fptcloud.com/00038450_63a82631a9.jpg,Vải ,,Gia Hưng,Cái,Thiết bị y tế | Dụng cụ y tế | Đai nẹp,trang-thiet-bi-y-te | trang-thiet-bi-y-te/dung-cu-y-te | trang-thiet-bi-y-te/dai-nep,True,True,20,0,https://nhathuoclongchau.com.vn/trang-thiet-bi-y-te/dai-xuong-don-gia-hung-size-3.html,trang-thiet-bi-y-te,600
633,00038435,ĐAI DESAUTL GIA HƯNG SIZE 9 ( PHẢI ),"Đai Desautl Gia Hưng Size 9 (Áo Desautl phải) cố định, ổn định khớp vai",trang-thiet-bi-y-te/dai-desai-so-9-ao-desai-phai-gia-hung.html,95000.0,Cái,đ,https://cdn.nhathuoclongchau.com.vn/unsafe/https://cms-prod.s3-sgn09.fptcloud.com/00038435_496f9d602b.jpg,Vải ,,Gia Hưng,Cái,Thiết bị y tế | Dụng cụ y tế | Đai nẹp,trang-thiet-bi-y-te | trang-thiet-bi-y-te/dung-cu-y-te | trang-thiet-bi-y-te/dai-nep,True,True,20,0,https://nhathuoclongchau.com.vn/trang-thiet-bi-y-te/dai-desai-so-9-ao-desai-phai-gia-hung.html,trang-thiet-bi-y-te,600
634,00502783,MÁY ĐO ĐƯỜNG HUYẾT ON CALL EZ II ACON (KHÔNG KÈM QUE),"Máy đo đường huyết On Call Ez II ACON thiết kế gọn nhẹ, thao tác sử dụng đơn giản",trang-thiet-bi-y-te/may-do-duong-huyet-on-call-ez-ii-acon-37094.html,380000.0,Hộp,đ,https://cdn.nhathuoclongchau.com.vn/unsafe/https://cms-prod.s3-sgn09.fptcloud.com/00502783_may_do_duong_huyet_on_call_ez_ii_acon_7321_63ad_large_6d99a6ad91.jpg,"Bút chích máu và 10 kim chích máu , Hộp đựng máy , Máy đo đường huyết ",,ACON,Hộp,"Thiết bị y tế | Dụng cụ theo dõi | Máy, que thử đường huyết",trang-thiet-bi-y-te | trang-thiet-bi-y-te/dung-cu-theo-doi | trang-thiet-bi-y-te/may-que-thu-duong-huyet,True,True,20,0,https://nhathuoclongchau.com.vn/trang-thiet-bi-y-te/may-do-duong-huyet-on-call-ez-ii-acon-37094.html,trang-thiet-bi-y-te,600
635,00000923,"KEM BÔI DA ATOPICLAIR CREAM MENARINI 40ML - GIẢM NGỨA, ĐAU RÁT DO VIÊM DA CƠ ĐỊA, VIÊM DA TIẾP XÚC","Kem Atopiclair Cream Menarini giảm ngứa, rát, đau do viêm da cơ địa, viêm da tiếp xúc (40ml)",trang-thiet-bi-y-te/kem-boi-da-atopiclair-cream-menarini-40-ml-giam-ngua-dau-rat-do-viem-da-co-dia-viem-da-tiep-xuc.html,270000.0,Tuýp,đ,https://cdn.nhathuoclongchau.com.vn/unsafe/https://cms-prod.s3-sgn09.fptcloud.com/00000923_atopiclair_cream_40ml_2551_5c87_large_eeb125c50a.jpg,"Aqua , Butyrospermum Parkii (Shea) Butter , Behenyl alcohol , Glyceryl stearate , Glycyrrhetic Acid , Bisabolol , Tocopheryl acetate , Peg-100 stearate , Carbomer , Ethylhexylglycerin , Butylene glycol , Sodium hydroxide , Vitis vinifera seed , Propyl Gallate , Disodium EDTA, anhydrous ",,Menarini,Tuýp x 40ml,Thiết bị y tế | Dụng cụ sơ cứu | Chăm sóc vết thương,trang-thiet-bi-y-te | trang-thiet-bi-y-te/dung-cu-so-cuu | trang-thiet-bi-y-te/cham-soc-vet-thuong,True,True,20,0,https://nhathuoclongchau.com.vn/trang-thiet-bi-y-te/kem-boi-da-atopiclair-cream-menarini-40-ml-giam-ngua-dau-rat-do-viem-da-co-dia-viem-da-tiep-xuc.html,trang-thiet-bi-y-te,600
636,00002205,AIKIDO CALEB 3 GÓI X 2 MIẾNG - DÁN HẠ SỐT,"Miếng dán hạ sốt Aikido Gel Cool Patch chườm mát khi bị sốt nóng, say nắng, ngừa co giật ở trẻ (3 gói x 2 miếng)",trang-thiet-bi-y-te/mieng-dan-ha-sot-aikido-4100.html,42000.0,Hộp,đ,https://cdn.nhathuoclongchau.com.vn/unsafe/https://cms-prod.s3-sgn09.fptcloud.com/00002205_mieng_dan_ha_sot_aikido_6170_5b5e_large_a1773b4126.JPG,"Hydro gel , Menthol ",,Caleb Pharma,Hộp 3 Gói x 2 Miếng,"Thiết bị y tế | Dụng cụ sơ cứu | Miếng dán giảm đau, hạ sốt",trang-thiet-bi-y-te | trang-thiet-bi-y-te/dung-cu-so-cuu | trang-thiet-bi-y-te/mieng-dan-giam-dau,True,True,20,0,https://nhathuoclongchau.com.vn/trang-thiet-bi-y-te/mieng-dan-ha-sot-aikido-4100.html,trang-thiet-bi-y-te,600
637,00009794,HẠ SỐT SAKURA 3 GÓI X 2 MIẾNG,"Miếng dán hạ sốt Sakura Tanaphar hạ nhiệt, hạ sốt, giảm đau (3 gói)",trang-thiet-bi-y-te/ha-sot-sakura-16591.html,38000.0,Hộp,đ,https://cdn.nhathuoclongchau.com.vn/unsafe/https://cms-prod.s3-sgn09.fptcloud.com/IMG_5351_f1394b5ccb.jpg,"Aluminium glycinate , Glycerin , Menthol , Eucalyptol , Water , Polyacrylate Crosspolymer-6 ",,Tanaphar,Hộp 3 Gói,"Thiết bị y tế | Dụng cụ sơ cứu | Miếng dán giảm đau, hạ sốt",trang-thiet-bi-y-te | trang-thiet-bi-y-te/dung-cu-so-cuu | trang-thiet-bi-y-te/mieng-dan-giam-dau,True,True,20,6.8413301,https://nhathuoclongchau.com.vn/trang-thiet-bi-y-te/ha-sot-sakura-16591.html,trang-thiet-bi-y-te,600
638,00017474,ORALMEDIC MOUTH ULCER GEL HỘP 1 VỈ 0.3ML - GEL BÔI NHIỆT MIỆNG,"Gel bôi nhiệt miệng Oralmedic Mouth Ulcer Gel giảm đau và điều trị viêm loét, nhiệt miệng (0,3ml)",trang-thiet-bi-y-te/oralmedic-mouth-ulcer-gel-hop-1-vi-03ml-18831.html,96000.0,Hộp,đ,https://cdn.nhathuoclongchau.com.vn/unsafe/https://cms-prod.s3-sgn09.fptcloud.com/00017474_oralmedic_mouth_ulcer_gel_hop_1_vi_03ml_6612_5b63_large_90dfb5ecd5.JPG,HybenXTM ,Gel,EPIEN Medical,Hộp x 0.3ml,Thiết bị y tế | Dụng cụ y tế | Các dụng cụ và sản phẩm khác,trang-thiet-bi-y-te | trang-thiet-bi-y-te/dung-cu-y-te | trang-thiet-bi-y-te/dung-cu-khac,True,True,20,0,https://nhathuoclongchau.com.vn/trang-thiet-bi-y-te/oralmedic-mouth-ulcer-gel-hop-1-vi-03ml-18831.html,trang-thiet-bi-y-te,600
639,00018005,DỤNG CỤ ĐO HUYẾT ÁP CƠ MICROLIFE BP AG1-20,Dụng cụ đo huyết áp cơ Microlife BP AG1-20,trang-thiet-bi-y-te/dung-cu-do-huyet-ap-co-bpag1-20-microlife-19352.html,450000.0,Hộp,đ,https://cdn.nhathuoclongchau.com.vn/unsafe/https://cms-prod.s3-sgn09.fptcloud.com/00018005_dung_cu_do_huyet_ap_co_bpag1_20_microlife_5467_6048_large_cc2e169bd6.JPG,Nhựa ,,Microlife,Hộp,Thiết bị y tế | Dụng cụ theo dõi | Máy đo huyết áp,trang-thiet-bi-y-te | trang-thiet-bi-y-te/dung-cu-theo-doi | trang-thiet-bi-y-te/may-do-huyet-ap,True,True,20,0,https://nhathuoclongchau.com.vn/trang-thiet-bi-y-te/dung-cu-do-huyet-ap-co-bpag1-20-microlife-19352.html,trang-thiet-bi-y-te,600
640,00021044,NASAL OXYGEN CANNULA GREETMED SIZE L - ỐNG THỞ OXY,"Ống thở Oxy Nasal Oxygen Cannula Greetmed size L an toàn, mềm mại, dễ sử dụng",trang-thiet-bi-y-te/nasal-oxygen-cannula-greetmed-size-l-ong-tho-oxy-21388.html,5500.0,Cái,đ,https://cdn.nhathuoclongchau.com.vn/unsafe/https://cms-prod.s3-sgn09.fptcloud.com/00021044_nasal_oxygen_cannula_greetmed_size_l_ong_tho_oxy_7306_616f_large_caa7728cfc.jpg,,,GREETMED,Cái,Thiết bị y tế | Dụng cụ y tế | Các dụng cụ và sản phẩm khác,trang-thiet-bi-y-te | trang-thiet-bi-y-te/dung-cu-y-te | trang-thiet-bi-y-te/dung-cu-khac,True,True,20,5.8034384,https://nhathuoclongchau.com.vn/trang-thiet-bi-y-te/nasal-oxygen-cannula-greetmed-size-l-ong-tho-oxy-21388.html,trang-thiet-bi-y-te,600
641,00021502,NẸP ĐÙI SIZE 7 LINHHIEU,"Nẹp đùi Size 7 Linh Hiếu dùng để hỗ trợ cố định và giữ thẳng chân do bong gân, rách cơ",trang-thiet-bi-y-te/nep-dui-size-7-linhhieu-21852.html,133000.0,Cái,đ,https://cdn.nhathuoclongchau.com.vn/unsafe/https://cms-prod.s3-sgn09.fptcloud.com/DSC_00016_83d679cf7a_f38e04be9a.webp,Cotton ,,LINH HIẾU,Cái,Thiết bị y tế | Dụng cụ y tế | Đai nẹp,trang-thiet-bi-y-te | trang-thiet-bi-y-te/dung-cu-y-te | trang-thiet-bi-y-te/dai-nep,True,True,20,0,https://nhathuoclongchau.com.vn/trang-thiet-bi-y-te/nep-dui-size-7-linhhieu-21852.html,trang-thiet-bi-y-te,600
642,00022775,ON CALL PLUS ACON - MÁY ĐO ĐƯỜNG HUYẾT (KHÔNG KÈM QUE),Máy đo đường huyết On Call Plus ACON - không kèm que,trang-thiet-bi-y-te/on-call-plus-acon-may-do-duong-huyet-23094.html,649000.0,Hộp,đ,https://cdn.nhathuoclongchau.com.vn/unsafe/https://cms-prod.s3-sgn09.fptcloud.com/00022775_on_call_plus_acon_may_do_duong_huyet_4746_63ad_large_0b8d2eb760.jpg,"Bút chích máu và 10 kim chích máu , Hộp đựng máy , Máy đo đường huyết ",,ACON,Hộp,"Thiết bị y tế | Dụng cụ theo dõi | Máy, que thử đường huyết",trang-thiet-bi-y-te | trang-thiet-bi-y-te/dung-cu-theo-doi | trang-thiet-bi-y-te/may-que-thu-duong-huyet,True,True,20,0,https://nhathuoclongchau.com.vn/trang-thiet-bi-y-te/on-call-plus-acon-may-do-duong-huyet-23094.html,trang-thiet-bi-y-te,600
643,00029529,NƯỚC MUỐI ƯU TRƯƠNG BUONA NEBIAL 3% 20 ỐNG,"Dung dịch muối ưu trương nhỏ mũi Buona Nebial 3% giảm khô mũi, chống sung huyết mũi (20 ống)",trang-thiet-bi-y-te/nebial-3-ong-29793.html,230000.0,Hộp,đ,https://cdn.nhathuoclongchau.com.vn/unsafe/https://cms-prod.s3-sgn09.fptcloud.com/00029529_nebial_3_ong_1813_6374_large_45d2d3ea29.jpg,Flaconcini 3%,,Buona,Hộp 20 Ống,Thiết bị y tế | Dụng cụ y tế | Dụng cụ vệ sinh mũi,trang-thiet-bi-y-te | trang-thiet-bi-y-te/dung-cu-y-te | trang-thiet-bi-y-te/dung-cu-ve-sinh-mui,True,True,20,0,https://nhathuoclongchau.com.vn/trang-thiet-bi-y-te/nebial-3-ong-29793.html,trang-thiet-bi-y-te,600
644,00029594,FUJISIP COOL - HỘP 10 TÚI - CAO DÁN GIẢM ĐAU,"Cao dán Fujisip Cool Thiên Ân giảm đau cơ, đau khớp, đau vai gáy, đau lưng (10 túi)",trang-thiet-bi-y-te/cao-dan-fujisip-cool-hop-10-tui-29858.html,16000.0,Túi,đ,https://cdn.nhathuoclongchau.com.vn/unsafe/https://cms-prod.s3-sgn09.fptcloud.com/00029594_cao_dan_fujisip_cool_hop_10_tui_4270_62be_large_e2175b4406.jpg,"Menthol  , Camphor  , Tinh dầu bạc hà  , Tinh dầu khuynh diệp  , Tinh dầu quế  , Kẽm oxyd  , Gelatin  , Tartaric acid  , Glycerin  , Titan dioxit  , Nước tinh khiết  , Polymer  ",Miếng dán,Thiên Ân,Hộp 10 túi,"Thiết bị y tế | Dụng cụ sơ cứu | Miếng dán giảm đau, hạ sốt",trang-thiet-bi-y-te | trang-thiet-bi-y-te/dung-cu-so-cuu | trang-thiet-bi-y-te/mieng-dan-giam-dau,True,True,20,0,https://nhathuoclongchau.com.vn/trang-thiet-bi-y-te/cao-dan-fujisip-cool-hop-10-tui-29858.html,trang-thiet-bi-y-te,600
645,00030068,BĂNG KEO CUỘN CO GIÃN FIX ROLL 10CMX2.5M,"Băng keo cuộn co giãn Non-Woven Fix Roll Plaster 10cm x 2.5m Young Chemical cố định ống truyền dẫn, truyền dịch (1 cuộn)",trang-thiet-bi-y-te/bang-keo-cuon-co-gian-fix-roll-10cmx25m-30269.html,49000.0,Hộp,đ,https://cdn.nhathuoclongchau.com.vn/unsafe/https://cms-prod.s3-sgn09.fptcloud.com/00030068_bang_keo_cuon_co_gian_fix_roll_10cmx25m_1358_6055_large_803f99295e.JPG,"Acrylic , Vải không dệt PET ",,YOUNG CHEMICAL,Hộp,Thiết bị y tế | Dụng cụ sơ cứu | Băng y tế,trang-thiet-bi-y-te | trang-thiet-bi-y-te/dung-cu-so-cuu | trang-thiet-bi-y-te/bang-y-te,True,True,20,0,https://nhathuoclongchau.com.vn/trang-thiet-bi-y-te/bang-keo-cuon-co-gian-fix-roll-10cmx25m-30269.html,trang-thiet-bi-y-te,600
646,00030075,BĂNG GẠC VÔ TRÙNG KHÔNG THẤM NƯỚC STERILE ADFLEX(WITH-PAD) 6X7CM,Băng gạc vô trùng không thấm nước Sterile Adflex (With-Pad) 6cm x 7cm Young Chemical hỗ trợ bảo vệ vết thương (50 miếng),trang-thiet-bi-y-te/bang-gac-vo-trung-khong-tham-nuoc-sterile-adflexwith-pad-6x7cm-30276.html,7000.0,Miếng,đ,https://cdn.nhathuoclongchau.com.vn/unsafe/https://cms-prod.s3-sgn09.fptcloud.com/00030075_bang_gac_vo_trung_khong_tham_nuoc_sterile_adflexwith_pad_6x7cm_5668_6055_large_184f4aeacd.JPG,"Polyurethane , Acrylic , Ethylene oxide (E.O Gas) ",,YOUNG CHEMICAL,Hộp 50 Miếng,Thiết bị y tế | Dụng cụ sơ cứu | Băng y tế,trang-thiet-bi-y-te | trang-thiet-bi-y-te/dung-cu-so-cuu | trang-thiet-bi-y-te/bang-y-te,True,True,20,0,https://nhathuoclongchau.com.vn/trang-thiet-bi-y-te/bang-gac-vo-trung-khong-tham-nuoc-sterile-adflexwith-pad-6x7cm-30276.html,trang-thiet-bi-y-te,600
647,00030696,ĐAI HỖ TRỢ CỐ ĐỊNH ĐẦU GỐI BONBONE - FREE KNEE SUPPORTER KL FREE SIZE,Đai hỗ trợ cố định đầu gối free size Bonbone Free Knee Supporter KI,trang-thiet-bi-y-te/dai-ho-tro-co-dinh-dau-goi-bonbone-free-knee-supporter-kl-free-size-30849.html,650000.0,Hộp,đ,https://cdn.nhathuoclongchau.com.vn/unsafe/https://cms-prod.s3-sgn09.fptcloud.com/00030696_dai_ho_tro_co_dinh_dau_goi_bonbone_free_knee_supporter_kl_free_size_9435_6093_large_096c2c0863.jpg,"Nylon , Polyester , Polyurethane ",,BonBone,Hộp,Thiết bị y tế | Dụng cụ y tế | Đai nẹp,trang-thiet-bi-y-te | trang-thiet-bi-y-te/dung-cu-y-te | trang-thiet-bi-y-te/dai-nep,True,True,20,5.5693234,https://nhathuoclongchau.com.vn/trang-thiet-bi-y-te/dai-ho-tro-co-dinh-dau-goi-bonbone-free-knee-supporter-kl-free-size-30849.html,trang-thiet-bi-y-te,600
648,00030698,"ĐAI NẸP MẮT CÁ CHÂN BONBONE - DRAGON FLY ANKLE BARCE, CHÂN PHẢI SIZE S",Đai nẹp mắt cá chân phải Bonbone Dragon Fly Ankle Brace size S giảm rung và chấn động khi hoạt động liên tục,trang-thiet-bi-y-te/dai-nep-mat-ca-chan-bonbone-dragon-fly-ankle-barce-chan-phai-size-s-30851.html,530000.0,Hộp,đ,https://cdn.nhathuoclongchau.com.vn/unsafe/https://cms-prod.s3-sgn09.fptcloud.com/00030698_dai_nep_mat_ca_chan_bonbone_dragon_fly_ankle_barce_chan_phai_size_s_8525_6093_large_634ebc8cb4.jpg,Carbon ,,BonBone,Hộp,Thiết bị y tế | Dụng cụ y tế | Đai nẹp,trang-thiet-bi-y-te | trang-thiet-bi-y-te/dung-cu-y-te | trang-thiet-bi-y-te/dai-nep,True,True,20,0,https://nhathuoclongchau.com.vn/trang-thiet-bi-y-te/dai-nep-mat-ca-chan-bonbone-dragon-fly-ankle-barce-chan-phai-size-s-30851.html,trang-thiet-bi-y-te,600
649,00031523,CỒN XỊT SÁT KHUẨN ETHANOL OPC 70 ĐỘ 60ML,Cồn xịt sát khuẩn Ethanol 70 độ OPC chuyên dùng để sát trùng ngoài da (60ml),trang-thiet-bi-y-te/con-xit-sat-khuan-ethanol-opc-70-do-60ml-31661.html,11000.0,Chai,đ,https://cdn.nhathuoclongchau.com.vn/unsafe/https://cms-prod.s3-sgn09.fptcloud.com/00031523_con_xit_sat_khuan_ethanol_opc_70_do_60ml_4099_62b5_large_2ed58935a2.jpg,Ethanol 96%,,Opc,Chai,"Thiết bị y tế | Dụng cụ sơ cứu | Cồn, nước sát trùng, nước muối",trang-thiet-bi-y-te | trang-thiet-bi-y-te/dung-cu-so-cuu | trang-thiet-bi-y-te/con-va-nuoc-sat-trung,True,True,20,6.8237306,https://nhathuoclongchau.com.vn/trang-thiet-bi-y-te/con-xit-sat-khuan-ethanol-opc-70-do-60ml-31661.html,trang-thiet-bi-y-te,600
650,00031629,BEURER - FT90 NHIỆT KẾ HỒNG NGOẠI ĐO KHÔNG CẦN TIẾP XÚC,"Nhiệt kế điện tử Beurer Medical FT90 đo nhiệt độ trán không tiếp xúc, đo nhiệt độ của đồ vật và phòng",trang-thiet-bi-y-te/beurer-ft90-nhiet-ke-hong-ngoai-do-khong-can-tiep-xuc-31771.html,1500000.0,Hộp,đ,https://cdn.nhathuoclongchau.com.vn/unsafe/https://cms-prod.s3-sgn09.fptcloud.com/00031629_beurer_ft90_nhiet_ke_hong_ngoai_do_khong_can_tiep_xuc_3857_62ad_large_8101a46871.jpg,Nhựa ,,Beurer,Hộp,Thiết bị y tế | Dụng cụ theo dõi | Nhiệt kế,trang-thiet-bi-y-te | trang-thiet-bi-y-te/dung-cu-theo-doi | trang-thiet-bi-y-te/nhiet-ke,True,True,20,0,https://nhathuoclongchau.com.vn/trang-thiet-bi-y-te/beurer-ft90-nhiet-ke-hong-ngoai-do-khong-can-tiep-xuc-31771.html,trang-thiet-bi-y-te,600
651,00031819,NHIỆT KẾ ĐẦU MỀM BEURER FT15,Nhiệt kế đầu mềm Beurer FT15 đo nhiệt độ nhanh trong khoảng 10 giây,trang-thiet-bi-y-te/nhiet-ke-dau-mem-beurer-ft15-31959.html,165000.0,Hộp,đ,https://cdn.nhathuoclongchau.com.vn/unsafe/https://cms-prod.s3-sgn09.fptcloud.com/00031819_nhiet_ke_dau_mem_beurer_ft15_1768_6425_large_d42c04611b.jpg,Nhựa ,,Beurer,Hộp,Thiết bị y tế | Dụng cụ theo dõi | Nhiệt kế,trang-thiet-bi-y-te | trang-thiet-bi-y-te/dung-cu-theo-doi | trang-thiet-bi-y-te/nhiet-ke,True,True,20,0,https://nhathuoclongchau.com.vn/trang-thiet-bi-y-te/nhiet-ke-dau-mem-beurer-ft15-31959.html,trang-thiet-bi-y-te,600
652,00032613,BUONA DUNG DỊCH XỊT MŨI NEBIAL 3% 100ML,"Dung dịch xịt mũi Nebial 3% Buona hỗ trợ điều trị cảm lạnh, viêm mũi, viêm xoang (100ml)",trang-thiet-bi-y-te/buona-dung-dich-xit-mui-nebial-3-32735.html,235000.0,Hộp,đ,https://cdn.nhathuoclongchau.com.vn/unsafe/https://cms-prod.s3-sgn09.fptcloud.com/00032613_75d762d3b5.jpg,"Natri clorid , Sodium hyaluronate , Dipotassium hydrogen phosphate , Potassium dihydrogen phosphate , Nước cất ",Dạng xịt,Buona,Hộp,Thiết bị y tế | Dụng cụ y tế | Dụng cụ vệ sinh mũi,trang-thiet-bi-y-te | trang-thiet-bi-y-te/dung-cu-y-te | trang-thiet-bi-y-te/dung-cu-ve-sinh-mui,True,True,20,0,https://nhathuoclongchau.com.vn/trang-thiet-bi-y-te/buona-dung-dich-xit-mui-nebial-3-32735.html,trang-thiet-bi-y-te,600
653,00014424,"URGO BURNS & GRAZES 50 MIẾNG 10CM X 7CM - BĂNG DÁN VÙNG BỎNG, VẾT THƯƠNG TRẦY XƯỚC",Băng gạc vô trùng Urgo Burns And Grazes size 10cm x 7cm dùng cho các vết bỏng và vết thương bề mặt (50 miếng) ,trang-thiet-bi-y-te/urgo-burns-grazes-10x7cm-15642.html,,Miếng,đ,https://cdn.nhathuoclongchau.com.vn/unsafe/https://cms-prod.s3-sgn09.fptcloud.com/00014424_urgo_burns_grazes_10x7cm_3920_5c98_large_c93a1f42b2.JPG,Miếng dán ,Miếng dán,Urgo,Hộp 50 Miếng,Thiết bị y tế | Dụng cụ sơ cứu | Băng y tế,trang-thiet-bi-y-te | trang-thiet-bi-y-te/dung-cu-so-cuu | trang-thiet-bi-y-te/bang-y-te,True,True,40,0,https://nhathuoclongchau.com.vn/trang-thiet-bi-y-te/urgo-burns-grazes-10x7cm-15642.html,trang-thiet-bi-y-te,600
654,00044499,QUICK THỬ XÉT NGHIỆM ĐỊNH TÍNH FASTEP MULTI 4 DRUG (MET THC MDMA - MOP) 25 CÁI,Bộ kit thử xét nghiệm định tính FaStep Multi 4 Drug (25 cái),trang-thiet-bi-y-te/quick-thu-xet-nghiem-dinh-tinh-fastep-multi-4-drug-met-thc-mdma-mop-25-cai.html,,Cái,đ,https://cdn.nhathuoclongchau.com.vn/unsafe/https://cms-prod.s3-sgn09.fptcloud.com/unnamed_ed5f121a6a.png,Nhựa ,,FASTEP,Hộp 25 Cái,"Thiết bị y tế | Dụng cụ theo dõi | Máy, que thử đường huyết",trang-thiet-bi-y-te | trang-thiet-bi-y-te/dung-cu-theo-doi | trang-thiet-bi-y-te/may-que-thu-duong-huyet,True,True,20,0,https://nhathuoclongchau.com.vn/trang-thiet-bi-y-te/quick-thu-xet-nghiem-dinh-tinh-fastep-multi-4-drug-met-thc-mdma-mop-25-cai.html,trang-thiet-bi-y-te,600
655,00038859,MIẾNG DÁN HẠ SỐT LICOKID HƯƠNG BẠC HÀ 3 GÓI X 2 MIẾNG,"Miếng dán hạ sốt Licokid hương bạc hà hỗ trợ hạ nhiệt, hạ sốt, giảm đau (3 gói x 2 miếng)",trang-thiet-bi-y-te/mieng-dan-ha-sot-licokid-huong-bac-ha-3-goi-x-2-mieng.html,,Hộp,đ,https://cdn.nhathuoclongchau.com.vn/unsafe/https://cms-prod.s3-sgn09.fptcloud.com/1_1a45adfff1.jpg,"Aluminium glycinate , Glycerin , Sodium Polyacrylate , Menthol , Eucalyptol , Nước tinh khiết ",Miếng dán,Liworldco,Hộp 3 Gói x 2 Miếng,"Thiết bị y tế | Dụng cụ sơ cứu | Miếng dán giảm đau, hạ sốt",trang-thiet-bi-y-te | trang-thiet-bi-y-te/dung-cu-so-cuu | trang-thiet-bi-y-te/mieng-dan-giam-dau,True,True,20,0,https://nhathuoclongchau.com.vn/trang-thiet-bi-y-te/mieng-dan-ha-sot-licokid-huong-bac-ha-3-goi-x-2-mieng.html,trang-thiet-bi-y-te,600
656,00004937,DỊCH LỎNG THỤT TRỰC TRÀNG MICROCLISMI  ZETA FAMACEUTICI 6 ỐNG X 9G - TRỊ TÁO BÓN CHO NGƯỜI LỚN,Dung dịch thụt trực tràng Microclismi Nova Argentia điều trị táo bón (6 túi x 1 tuýp x 9g),trang-thiet-bi-y-te/microclismi-9-g-6-ong.html,,Ống,đ,https://cdn.nhathuoclongchau.com.vn/unsafe/https://cms-prod.s3-sgn09.fptcloud.com/00004937_microlismi_9g_5127_6126_large_29a6f34655.jpg,"Cúc la mã 0.3g, Cẩm quỳ 0.3g, Glycerol 6.75g",Dung dịch,Nova Argentia,Hộp 6 ống,Thiết bị y tế | Dụng cụ y tế,trang-thiet-bi-y-te | trang-thiet-bi-y-te/dung-cu-y-te,True,True,20,0,https://nhathuoclongchau.com.vn/trang-thiet-bi-y-te/microclismi-9-g-6-ong.html,trang-thiet-bi-y-te,600
657,00031581,KHẨU TRANG Y TẾ CAO CẤP VĨNH TIẾN KN95 3HMASK,"Khẩu trang y tế cao cấp 3Hmask KN95 Vĩnh Tiến màu trắng hỗ trợ ngăn khói, bụi, kháng khuẩn (10 cái)",trang-thiet-bi-y-te/khau-trang-y-te-cao-cap-vinh-tien-kn95-3hmask-31715.html,,Hộp,đ,https://cdn.nhathuoclongchau.com.vn/unsafe/https://cms-prod.s3-sgn09.fptcloud.com/00031581_khau_trang_y_te_cao_cap_vinh_tien_kn95_3hmask_hop_10_cai_5311_61ef_large_0096da26e6.jpg,"Màng lọc kháng khuẩn , Vải không dệt ",,Vĩnh Tiến,Hộp 10 Cái,Thiết bị y tế | Khẩu trang | Khẩu trang y tế,trang-thiet-bi-y-te | trang-thiet-bi-y-te/khau-trang | trang-thiet-bi-y-te/khau-trang-y-te,True,True,20,0,https://nhathuoclongchau.com.vn/trang-thiet-bi-y-te/khau-trang-y-te-cao-cap-vinh-tien-kn95-3hmask-31715.html,trang-thiet-bi-y-te,600
658,00031636,MÁY TẠO OXY 5 LÍT CARER MEDICAL OXYGEN CONCENTRATOR CR-P5W,Máy tạo oxy CR-P5W tăng cường lượng oxy trong môi trường sống (5 lít),trang-thiet-bi-y-te/may-tao-oxy-5-lit-carer-medical-oxygen-concentrator-cr-p5w-31769.html,,Cái,đ,https://cdn.nhathuoclongchau.com.vn/unsafe/https://cms-prod.s3-sgn09.fptcloud.com/00031636_may_tao_oxy_5_lit_carer_medical_oxygen_concentrator_cr_p5w_7682_6103_large_ecc1c19642.jpg,Nhựa ,,CARER,Cái,Thiết bị y tế | Dụng cụ theo dõi,trang-thiet-bi-y-te | trang-thiet-bi-y-te/dung-cu-theo-doi,True,True,20,0,https://nhathuoclongchau.com.vn/trang-thiet-bi-y-te/may-tao-oxy-5-lit-carer-medical-oxygen-concentrator-cr-p5w-31769.html,trang-thiet-bi-y-te,600
659,00031794,KHẨU TRANG Y TẾ NIVA CUP AC95,"Khẩu trang y tế Niva Cup Ac95 Healthcare hỗ trợ ngăn khói, bụi, kháng khuẩn (20 cái)",trang-thiet-bi-y-te/khau-trang-y-te-niva-cup-ac95-hop-20-cai-31937.html,,Cái,đ,https://cdn.nhathuoclongchau.com.vn/unsafe/https://cms-prod.s3-sgn09.fptcloud.com/00031794_khau_trang_y_te_niva_cup_ac95_hop_20_cai_6585_61ef_large_da13b73ad9.jpg,Vải ,,Niva,Hộp 20 Cái,Thiết bị y tế | Khẩu trang | Khẩu trang y tế,trang-thiet-bi-y-te | trang-thiet-bi-y-te/khau-trang | trang-thiet-bi-y-te/khau-trang-y-te,True,True,20,0.9080393,https://nhathuoclongchau.com.vn/trang-thiet-bi-y-te/khau-trang-y-te-niva-cup-ac95-hop-20-cai-31937.html,trang-thiet-bi-y-te,600
660,00001127,BĂNG THUN 4 MÓC QUANG MẬU 6 CUỘN,Băng thun 4 móc Quang Mậu (6 cuộn),trang-thiet-bi-y-te/bang-thun-4-moc-17518.html,,Cuộn,đ,https://cdn.nhathuoclongchau.com.vn/unsafe/https://cms-prod.s3-sgn09.fptcloud.com/00001127_bang_thun_4_moc_8278_6128_large_8047b7bbdf.jpg,"Cotton , Cao su thiên nhiên , Polyester ",,QUANG MẬU,Lốc 6 Cuộn,Thiết bị y tế | Dụng cụ sơ cứu | Băng y tế,trang-thiet-bi-y-te | trang-thiet-bi-y-te/dung-cu-so-cuu | trang-thiet-bi-y-te/bang-y-te,True,True,10,0,https://nhathuoclongchau.com.vn/trang-thiet-bi-y-te/bang-thun-4-moc-17518.html,trang-thiet-bi-y-te,600
661,00048005,MẶT NẠ MASK THANH QUẢN SỐ 3 GREETMED,Mặt nạ thanh quản Số 3 Greetmed giúp duy trì sự thông thoáng của đường thở trong quá trình phẫu thuật,trang-thiet-bi-y-te/mat-na-mask-thanh-quan-so-3-greetmed.html,,Cái,đ,https://cdn.nhathuoclongchau.com.vn/unsafe/https://cms-prod.s3-sgn09.fptcloud.com/DSC_09800_b686e6f2dc.jpg,Nhựa ,,GREETMED,Cái,Thiết bị y tế | Dụng cụ y tế,trang-thiet-bi-y-te | trang-thiet-bi-y-te/dung-cu-y-te,True,True,1,0,https://nhathuoclongchau.com.vn/trang-thiet-bi-y-te/mat-na-mask-thanh-quan-so-3-greetmed.html,trang-thiet-bi-y-te,600
662,00047096,JUVEDERM VOLUX 2 ỐNG X 1ML,Gel Juvedem Volux Allergan khôi phục và tạo hình thể tích khuôn mặt (2 ống x 1ml),trang-thiet-bi-y-te/juvedem-volux-2-ong-x-1-ml.html,,Hộp,đ,https://cdn.nhathuoclongchau.com.vn/unsafe/https://cms-prod.s3-sgn09.fptcloud.com/Juvederm_Volux_252333564e.jpg,"Hyaluronic acid 25mg, Lidocain HCl 3mg",,Allergan,Hộp 2 Ống,Thiết bị y tế | Dụng cụ y tế,trang-thiet-bi-y-te | trang-thiet-bi-y-te/dung-cu-y-te,True,True,1,0,https://nhathuoclongchau.com.vn/trang-thiet-bi-y-te/juvedem-volux-2-ong-x-1-ml.html,trang-thiet-bi-y-te,600
663,00047095,JUVEDERM VOLBELLA 2 ỐNG X 1ML,Gel Juvedem Volbella Allergan làm đầy và giảm các nếp nhăn nhỏ và trung bình trên khuôn mặt (2 ống x 1ml),trang-thiet-bi-y-te/juvedem-volbella-2-ong-x-1-ml.html,,Hộp,đ,https://cdn.nhathuoclongchau.com.vn/unsafe/https://cms-prod.s3-sgn09.fptcloud.com/Juvederm_Volbella_e12b51f7b9.jpg,"Hyaluronic acid 15mg, Lidocain HCl 3mg",,Allergan,Hộp 2 Ống,Thiết bị y tế | Dụng cụ y tế,trang-thiet-bi-y-te | trang-thiet-bi-y-te/dung-cu-y-te,True,True,1,0,https://nhathuoclongchau.com.vn/trang-thiet-bi-y-te/juvedem-volbella-2-ong-x-1-ml.html,trang-thiet-bi-y-te,600
664,00046831,JUVEDERM VOLITE 2 ỐNG X 1ML,Gel Juvederm Volite Allergan giảm đau trong quá trình tiêm (2 ống),trang-thiet-bi-y-te/juvederm-volite-2-ong-x-1-ml.html,,Hộp,đ,https://cdn.nhathuoclongchau.com.vn/unsafe/https://cms-prod.s3-sgn09.fptcloud.com/juvederm_volite_1500x1000_6122c79359.jpg,"Hyaluronic acid 12mg, Lidocain HCl 3mg",,Allergan,Hộp 2 Ống,Thiết bị y tế | Dụng cụ y tế,trang-thiet-bi-y-te | trang-thiet-bi-y-te/dung-cu-y-te,True,True,1,0,https://nhathuoclongchau.com.vn/trang-thiet-bi-y-te/juvederm-volite-2-ong-x-1-ml.html,trang-thiet-bi-y-te,600
665,00046830,JUVEDERM ULTRA XC ALLERGAN 2 ỐNG X 1ML,Gel Juvéderm Ultra XC Allergan giảm đau trong quá trình tiêm (2 ống),trang-thiet-bi-y-te/juvederm-ultra-xc-allergan-2-ong-x-1-ml.html,,Hộp,đ,https://cdn.nhathuoclongchau.com.vn/unsafe/https://cms-prod.s3-sgn09.fptcloud.com/Juvederm_Ultra_3_7d74b7c25c.jpg,"Hyaluronic acid 24mg, Lidocain HCl 3mg",,Allergan,Hộp 2 Ống,Thiết bị y tế | Dụng cụ y tế,trang-thiet-bi-y-te | trang-thiet-bi-y-te/dung-cu-y-te,True,True,1,0,https://nhathuoclongchau.com.vn/trang-thiet-bi-y-te/juvederm-ultra-xc-allergan-2-ong-x-1-ml.html,trang-thiet-bi-y-te,600
666,00046829,JUVEDERM ULTRA PLUS XC ALLERGAN 2 ỐNG X 1ML,Gel Juvéderm Ultra Plus XC Allergan giảm đau trong quá trình tiêm (2 ống),trang-thiet-bi-y-te/juvederm-ultra-plus-xc-allergan-2-ong-x-1-ml.html,,Hộp,đ,https://cdn.nhathuoclongchau.com.vn/unsafe/https://cms-prod.s3-sgn09.fptcloud.com/rejuvenate_juvederm_ultraxc_3_797cae16fc.jpg,"Hyaluronic acid 24mg, Lidocain HCl 3mg",,Allergan,Hộp 2 Ống,Thiết bị y tế | Dụng cụ y tế,trang-thiet-bi-y-te | trang-thiet-bi-y-te/dung-cu-y-te,True,True,1,0,https://nhathuoclongchau.com.vn/trang-thiet-bi-y-te/juvederm-ultra-plus-xc-allergan-2-ong-x-1-ml.html,trang-thiet-bi-y-te,600
667,00046828,JUVEDERM VOLIFT WITH LIDOCAINE 2 ỐNG X 1ML,Gel Juvederm Volift With Lidocaine Allergan giảm đau trong quá trình tiêm (2 ống),trang-thiet-bi-y-te/juvederm-volift-with-lidocaine-2-ong-x-1-ml.html,,Hộp,đ,https://cdn.nhathuoclongchau.com.vn/unsafe/https://cms-prod.s3-sgn09.fptcloud.com/Juvederm_Volbella_8b7100a516.jpg,"Hyaluronic acid 17.5mg, Lidocain HCl 3mg",,Allergan,Hộp 2 Ống,Thiết bị y tế | Dụng cụ y tế,trang-thiet-bi-y-te | trang-thiet-bi-y-te/dung-cu-y-te,True,True,1,0,https://nhathuoclongchau.com.vn/trang-thiet-bi-y-te/juvederm-volift-with-lidocaine-2-ong-x-1-ml.html,trang-thiet-bi-y-te,600
668,00046827,JUVEDERM VOLUMA 2 ỐNG X 1ML,Gel Juvederm Voluma Allergan giảm đau trong quá trình tiêm (2 ống),trang-thiet-bi-y-te/juvederm-voluma-2-ong-x-1-ml.html,,Hộp,đ,https://cdn.nhathuoclongchau.com.vn/unsafe/https://cms-prod.s3-sgn09.fptcloud.com/juvedermvolumaperspjpg_3b815dc7b9.webp,"Acid hydrochloric 20mg, Lidocain HCl 3mg",,Allergan,Hộp 2 Ống,Thiết bị y tế | Dụng cụ y tế,trang-thiet-bi-y-te | trang-thiet-bi-y-te/dung-cu-y-te,True,True,1,0,https://nhathuoclongchau.com.vn/trang-thiet-bi-y-te/juvederm-voluma-2-ong-x-1-ml.html,trang-thiet-bi-y-te,600
669,00044501,KÉO CẮT BĂNG 16CM,Kéo cắt băng Merryland 16cm ,trang-thiet-bi-y-te/keo-cat-bang-16-cm.html,,Cái,đ,https://cdn.nhathuoclongchau.com.vn/unsafe/https://cms-prod.s3-sgn09.fptcloud.com/DSC_03391_02da8d74a4.jpg,Thép không gỉ ,,Merryland,Cái,Thiết bị y tế | Dụng cụ y tế,trang-thiet-bi-y-te | trang-thiet-bi-y-te/dung-cu-y-te,True,True,1,0,https://nhathuoclongchau.com.vn/trang-thiet-bi-y-te/keo-cat-bang-16-cm.html,trang-thiet-bi-y-te,600
670,00039475,VỚ Y KHOA MEDIVEN THROMBEXIN 18 SIZE S,Vớ y khoa Mediven Thrombexin 18 size S phòng ngừa huyết khối cho bệnh nhân nằm bất động lâu,trang-thiet-bi-y-te/vo-y-khoa-mediven-thrombexin-18-size-s.html,,Hộp,đ,https://cdn.nhathuoclongchau.com.vn/unsafe/https://cms-prod.s3-sgn09.fptcloud.com/bo_goi_mediven_thrombexin_18_1_05b49adbd5.jpg,Vải ,,Mediven,Hộp,Thiết bị y tế | Dụng cụ y tế | Vớ ngăn tĩnh mạch,trang-thiet-bi-y-te | trang-thiet-bi-y-te/dung-cu-y-te | trang-thiet-bi-y-te/vo-ngan-tinh-mach,True,True,1,1.0693234,https://nhathuoclongchau.com.vn/trang-thiet-bi-y-te/vo-y-khoa-mediven-thrombexin-18-size-s.html,trang-thiet-bi-y-te,600
671,00503646,QUICK TEST DOA MULTI 5 DRUG AMVI (MOP – MDMA – KET - MET – THC) 15 CÁI,Que test Quick Test DOA Multi 5 Drug Amvi (MOP – MDMA – KET – MET – THC) phát hiện chất gây nghiện có trong nước tiểu (15 cái),trang-thiet-bi-y-te/quick-test-doa-multi-5-drug-amvi-mop-mdma-ket-met-thc-15-cai-1.html,,Hộp,đ,https://cdn.nhathuoclongchau.com.vn/unsafe/https://cms-prod.s3-sgn09.fptcloud.com/1_1aa124179e.jpg,Thành phần khác ,,Amvi,Hộp 15 Cái,Thiết bị y tế | Dụng cụ theo dõi,trang-thiet-bi-y-te | trang-thiet-bi-y-te/dung-cu-theo-doi,True,True,1,0,https://nhathuoclongchau.com.vn/trang-thiet-bi-y-te/quick-test-doa-multi-5-drug-amvi-mop-mdma-ket-met-thc-15-cai-1.html,trang-thiet-bi-y-te,600
672,00033281,KHẨU TRANG Y TẾ CAO CẤP VĨNH TIẾN KN95 3HMASK 12C,"Khẩu trang y tế cao cấp KN95 3Hmask Vĩnh Tiến màu trắng hỗ trợ ngăn khói, bụi, kháng khuẩn (12 cái)",trang-thiet-bi-y-te/khau-trang-y-te-cao-cap-vinh-tien-kn95-3hmask-12c-33402.html,,Hộp,đ,https://cdn.nhathuoclongchau.com.vn/unsafe/https://cms-prod.s3-sgn09.fptcloud.com/00033281_khau_trang_y_te_cao_cap_vinh_tien_kn95_3hmask_12c_7784_61e9_large_ad93c8e3dc.jpg,Vải ,,Vĩnh Tiến,Hộp 12 Cái,Thiết bị y tế | Khẩu trang | Khẩu trang y tế,trang-thiet-bi-y-te | trang-thiet-bi-y-te/khau-trang | trang-thiet-bi-y-te/khau-trang-y-te,True,True,1,0,https://nhathuoclongchau.com.vn/trang-thiet-bi-y-te/khau-trang-y-te-cao-cap-vinh-tien-kn95-3hmask-12c-33402.html,trang-thiet-bi-y-te,600
673,00015326,URGO WATERPROOF 10 MIẾNG - BCN KHÔNG THẤM NƯỚC,"Băng cá nhân không thấm nước Urgo Waterproof bảo vệ vết thương nhỏ, vết trầy xước, rách da (10 miếng)",trang-thiet-bi-y-te/urgo-waterproof-10s-14873.html,,Hộp,đ,https://cdn.nhathuoclongchau.com.vn/unsafe/https://cms-prod.s3-sgn09.fptcloud.com/00015326_urgo_waterproof_10s_4168_5b05_large_3e68d08687.JPG,"Acrylic , Polyethylene glycol ",,Urgo,Hộp 10 Miếng,Thiết bị y tế | Dụng cụ sơ cứu | Băng y tế,trang-thiet-bi-y-te | trang-thiet-bi-y-te/dung-cu-so-cuu | trang-thiet-bi-y-te/bang-y-te,True,True,1,0,https://nhathuoclongchau.com.vn/trang-thiet-bi-y-te/urgo-waterproof-10s-14873.html,trang-thiet-bi-y-te,600
674,00015269,ONETOUCH ULTRA 2 - MÁY ĐO ĐƯỜNG HUYẾT,Máy đo đường huyết OneTouch Ultra 2,trang-thiet-bi-y-te/may-onetouch-ultra-2-14929.html,,Hộp,đ,https://cdn.nhathuoclongchau.com.vn/unsafe/https://cms-prod.s3-sgn09.fptcloud.com/00015269_may_onetouch_ultra_2_8150_6123_large_6013d6091d.jpg,Máy đo đường huyết ,,Onetouch,Hộp,"Thiết bị y tế | Dụng cụ theo dõi | Máy, que thử đường huyết",trang-thiet-bi-y-te | trang-thiet-bi-y-te/dung-cu-theo-doi | trang-thiet-bi-y-te/may-que-thu-duong-huyet,True,True,1,0,https://nhathuoclongchau.com.vn/trang-thiet-bi-y-te/may-onetouch-ultra-2-14929.html,trang-thiet-bi-y-te,600
675,00015265,DUOMED VỚ ĐÙI SIZE XS,"Vớ đùi y khoa Medi Duomed size XS hỗ trợ điều trị giãn tĩnh mạch, phù chân, đau nhức chân (1 đôi)",trang-thiet-bi-y-te/duomed-vo-dui-xs-14933.html,,Hộp,đ,https://cdn.nhathuoclongchau.com.vn/unsafe/https://cms-prod.s3-sgn09.fptcloud.com/00015265_duomed_vo_dui_xs_4436_6123_large_149904f2d2.jpg,Vải ,,Duomed,Hộp,Thiết bị y tế | Dụng cụ y tế | Vớ ngăn tĩnh mạch,trang-thiet-bi-y-te | trang-thiet-bi-y-te/dung-cu-y-te | trang-thiet-bi-y-te/vo-ngan-tinh-mach,True,True,1,0,https://nhathuoclongchau.com.vn/trang-thiet-bi-y-te/duomed-vo-dui-xs-14933.html,trang-thiet-bi-y-te,600
676,00015177,DUOMED VỚ ĐÙI SIZE XXL,"Vớ đùi y khoa Medi Duomed size XXL hỗ trợ điều trị giãn tĩnh mạch, phù chân, đau nhức chân (1 đôi)",trang-thiet-bi-y-te/duomed-vo-dui-xxl-15018.html,,Hộp,đ,https://cdn.nhathuoclongchau.com.vn/unsafe/https://cms-prod.s3-sgn09.fptcloud.com/00015177_duomed_vo_dui_xxl_3251_6123_large_63dcfda31f.jpg,Vải ,,Duomed,Hộp,Thiết bị y tế | Dụng cụ y tế | Vớ ngăn tĩnh mạch,trang-thiet-bi-y-te | trang-thiet-bi-y-te/dung-cu-y-te | trang-thiet-bi-y-te/vo-ngan-tinh-mach,True,True,1,0,https://nhathuoclongchau.com.vn/trang-thiet-bi-y-te/duomed-vo-dui-xxl-15018.html,trang-thiet-bi-y-te,600
677,00015153,DUOMED VỚ GỐI SIZE XXL,"Vớ gối y khoa Duomed size XXL hỗ trợ điều trị suy tĩnh mạch, phù chân, đau nhức chân",trang-thiet-bi-y-te/duomed-vo-goi-xxl-15038.html,,Hộp,đ,https://cdn.nhathuoclongchau.com.vn/unsafe/https://cms-prod.s3-sgn09.fptcloud.com/00015153_duomed_vo_goi_xxl_8495_62be_large_9c222311c3.jpg,Vải ,,Duomed,Hộp,Thiết bị y tế | Dụng cụ y tế | Vớ ngăn tĩnh mạch,trang-thiet-bi-y-te | trang-thiet-bi-y-te/dung-cu-y-te | trang-thiet-bi-y-te/vo-ngan-tinh-mach,True,True,1,0,https://nhathuoclongchau.com.vn/trang-thiet-bi-y-te/duomed-vo-goi-xxl-15038.html,trang-thiet-bi-y-te,600
678,00014682,DUOMED ĐAI LƯNG LUMBAMED WOMEN SIZE II,"Đai lưng Lumbamed Basic Women size II Medi chuyên dùng cho bệnh lý thoát vị đĩa đệm, thoái hóa đốt sống",trang-thiet-bi-y-te/duomed-dai-lung-lumbamed-women-size-ii-15479.html,,Hộp,đ,https://cdn.nhathuoclongchau.com.vn/unsafe/https://cms-prod.s3-sgn09.fptcloud.com/00014682_duomed_dai_lung_lumbamed_women_size_ii_5131_5cb5_large_5eff4c6f58.JPG,Vải ,,Duomed,Hộp,Thiết bị y tế | Dụng cụ y tế | Đai lưng,trang-thiet-bi-y-te | trang-thiet-bi-y-te/dung-cu-y-te | trang-thiet-bi-y-te/dai-lung,True,True,1,0,https://nhathuoclongchau.com.vn/trang-thiet-bi-y-te/duomed-dai-lung-lumbamed-women-size-ii-15479.html,trang-thiet-bi-y-te,600
679,00010642,DUOMED VỚ GỐI SIZE XL,"Vớ gối y khoa Duomed size XL hỗ trợ điều trị suy tĩnh mạch, phù chân, đau nhức chân",trang-thiet-bi-y-te/vo-goi-duomed-xl-16381.html,,Hộp,đ,https://cdn.nhathuoclongchau.com.vn/unsafe/https://cms-prod.s3-sgn09.fptcloud.com/00010642_vo_goi_duomed_xl_9700_5c90_large_5b32ecbe8a.JPG,Vải ,,Duomed,Hộp,Thiết bị y tế | Dụng cụ y tế | Vớ ngăn tĩnh mạch,trang-thiet-bi-y-te | trang-thiet-bi-y-te/dung-cu-y-te | trang-thiet-bi-y-te/vo-ngan-tinh-mach,True,True,1,0,https://nhathuoclongchau.com.vn/trang-thiet-bi-y-te/vo-goi-duomed-xl-16381.html,trang-thiet-bi-y-te,600
680,00020131,DUOMED VỚ GỐI SIZE XS,"Vớ gối y khoa Duomed size XS hỗ trợ điều trị suy tĩnh mạch, phù chân, đau nhức chân",trang-thiet-bi-y-te/duomed-vo-goi-size-xs-20426.html,,Hộp,đ,https://cdn.nhathuoclongchau.com.vn/unsafe/https://cms-prod.s3-sgn09.fptcloud.com/00020131_duomed_vo_goi_size_xs_4992_5c70_large_c321d7b9f5.jpg,,,Duomed,Hộp,Thiết bị y tế | Dụng cụ y tế | Vớ ngăn tĩnh mạch,trang-thiet-bi-y-te | trang-thiet-bi-y-te/dung-cu-y-te | trang-thiet-bi-y-te/vo-ngan-tinh-mach,True,True,1,0,https://nhathuoclongchau.com.vn/trang-thiet-bi-y-te/duomed-vo-goi-size-xs-20426.html,trang-thiet-bi-y-te,600
681,00020264,ỐNG THÔNG TIỂU 18 GREETMED 10 CÁI,Ống thông tiểu 18 Greetmed (10 dây),trang-thiet-bi-y-te/ong-thong-tieu-18-greetmed-10-cai-20544.html,,Hộp,đ,https://cdn.nhathuoclongchau.com.vn/unsafe/https://cms-prod.s3-sgn09.fptcloud.com/00020264_ong_thong_tieu_18_greetmed_10_cai_6690_62d4_large_1270e04193.jpg,Cao su thiên nhiên ,,GREETMED,Hộp 10 Dây,Thiết bị y tế | Dụng cụ y tế | Các dụng cụ và sản phẩm khác,trang-thiet-bi-y-te | trang-thiet-bi-y-te/dung-cu-y-te | trang-thiet-bi-y-te/dung-cu-khac,True,True,1,0,https://nhathuoclongchau.com.vn/trang-thiet-bi-y-te/ong-thong-tieu-18-greetmed-10-cai-20544.html,trang-thiet-bi-y-te,600
682,00021534,"ĐAI CỐ ĐỊNH CỔ CHÂN BONBONE - FREE ANKLE SUPPORTER AM, SIZE M - L",Đai cố định cổ chân size M - L Bonbone Free Ankle Supporter AM,trang-thiet-bi-y-te/dai-co-dinh-co-chan-bonbone-free-ankle-supporter-am-size-m-l-21891.html,,Hộp,đ,https://cdn.nhathuoclongchau.com.vn/unsafe/https://cms-prod.s3-sgn09.fptcloud.com/00021534_bonbone_free_ankle_supporter_am_size_m_l_dai_co_dinh_co_chan_1487_6093_large_10f4ee061c.jpg,"Nylon , Polyester , Polyurethane ",,BonBone,Hộp,Thiết bị y tế | Dụng cụ y tế | Đai nẹp,trang-thiet-bi-y-te | trang-thiet-bi-y-te/dung-cu-y-te | trang-thiet-bi-y-te/dai-nep,True,True,1,0,https://nhathuoclongchau.com.vn/trang-thiet-bi-y-te/dai-co-dinh-co-chan-bonbone-free-ankle-supporter-am-size-m-l-21891.html,trang-thiet-bi-y-te,600
683,00030709,ĐẦU ĐỌC CẦM TAY FREESTYLE LIBRE FLASH GLUCOSE MONITORING READER - HỆ THỐNG ĐO VÀ THEO DÕI ĐƯỜNG HUYẾT,Đầu đọc cầm tay FreeStyle Libre Abbott kiểm tra nồng độ đường huyết,trang-thiet-bi-y-te/dau-doc-cam-tay-freestyle-libre-flash-glucose-monitoring-reader-he-thong-do-va-theo-doi-duong-huyet-30838.html,,Hộp,đ,https://cdn.nhathuoclongchau.com.vn/unsafe/https://cms-prod.s3-sgn09.fptcloud.com/00030709_dau_doc_cam_tay_freestyle_libre_flash_glucose_monitoring_reader_he_thong_do_va_theo_doi_duong_huye_9770_6093_large_a4d7030651.jpg,Máy đo đường huyết ,,Abbott,Hộp,"Thiết bị y tế | Dụng cụ theo dõi | Máy, que thử đường huyết",trang-thiet-bi-y-te | trang-thiet-bi-y-te/dung-cu-theo-doi | trang-thiet-bi-y-te/may-que-thu-duong-huyet,True,True,1,0,https://nhathuoclongchau.com.vn/trang-thiet-bi-y-te/dau-doc-cam-tay-freestyle-libre-flash-glucose-monitoring-reader-he-thong-do-va-theo-doi-duong-huyet-30838.html,trang-thiet-bi-y-te,600
684,00030710,BỘ CẢM BIẾN FREESTYLE LIBRE FLASH GLUCOSE MONITORING SENSOR - HỆ THỐNG ĐO VÀ THEO DÕI ĐƯỜNG HUYẾT,Bộ cảm biến Freestyle Libre Flash Glucose Monitoring Sensor Abbott kiểm tra đường huyết trong một giây,trang-thiet-bi-y-te/bo-cam-bien-freestyle-libre-flash-glucose-monitoring-sensor-he-thong-do-va-theo-doi-duong-huyet-30839.html,,Hộp,đ,https://cdn.nhathuoclongchau.com.vn/unsafe/https://cms-prod.s3-sgn09.fptcloud.com/00030710_bo_cam_bien_freestyle_libre_flash_glucose_monitoring_sensor_he_thong_do_va_theo_doi_duong_huyet_9231_6093_large_2db61cda05.jpg,Máy đo đường huyết ,,Abbott,Hộp,"Thiết bị y tế | Dụng cụ theo dõi | Máy, que thử đường huyết",trang-thiet-bi-y-te | trang-thiet-bi-y-te/dung-cu-theo-doi | trang-thiet-bi-y-te/may-que-thu-duong-huyet,True,True,1,0,https://nhathuoclongchau.com.vn/trang-thiet-bi-y-te/bo-cam-bien-freestyle-libre-flash-glucose-monitoring-sensor-he-thong-do-va-theo-doi-duong-huyet-30839.html,trang-thiet-bi-y-te,600
685,00030690,ĐAI NẸP CỔ THOÁNG KHÍ BONBONE - BREATHABLE NECK SUPPORTER SIZE L,Đai nẹp cổ thoáng khí size L Bonbone Breathable Neck Supporter hỗ trợ cố định cổ,trang-thiet-bi-y-te/dai-nep-co-thoang-khi-bonbone-breathable-neck-supporter-size-l-30843.html,,Hộp,đ,https://cdn.nhathuoclongchau.com.vn/unsafe/https://cms-prod.s3-sgn09.fptcloud.com/00030690_dai_nep_co_thoang_khi_bonbone_breathable_neck_supporter_size_l_5322_6093_large_90e1e1e9cc.jpg,Sợi carbon cao cấp  ,,BonBone,Hộp,Thiết bị y tế | Dụng cụ y tế | Đai nẹp,trang-thiet-bi-y-te | trang-thiet-bi-y-te/dung-cu-y-te | trang-thiet-bi-y-te/dai-nep,True,True,1,0,https://nhathuoclongchau.com.vn/trang-thiet-bi-y-te/dai-nep-co-thoang-khi-bonbone-breathable-neck-supporter-size-l-30843.html,trang-thiet-bi-y-te,600
686,00031017,HAMITA BỘ PHÒNG DỊCH AN TOÀN PROTECTIVE COVERALL,"Bộ quần áo phòng, chống dịch Protective Coverall bảo vệ cơ thể khỏi các tác nhân độc hại",trang-thiet-bi-y-te/hamita-bo-phong-dich-an-toan-protective-coverall-31151.html,,Kít,đ,https://cdn.nhathuoclongchau.com.vn/unsafe/https://cms-prod.s3-sgn09.fptcloud.com/00031017_hamita_bo_phong_dich_an_toan_protective_coverall_8212_6183_large_35f316d755.JPG,Thành phần khác ,,Hamita,Kít,Thiết bị y tế | Dụng cụ y tế | Các dụng cụ và sản phẩm khác,trang-thiet-bi-y-te | trang-thiet-bi-y-te/dung-cu-y-te | trang-thiet-bi-y-te/dung-cu-khac,True,True,1,1.2229885999999999,https://nhathuoclongchau.com.vn/trang-thiet-bi-y-te/hamita-bo-phong-dich-an-toan-protective-coverall-31151.html,trang-thiet-bi-y-te,600
687,00032359,XỊT HỌNG SINH HỌC BDFERM BIO SPRAY 30ML,Men vi sinh kháng khuẩn dạng xịt BDFerm Bio - Spray 30ml ngăn ngừa các bệnh hô hấp,trang-thiet-bi-y-te/xit-hong-sinh-hoc-bdferm-bio-spray-30ml-32485.html,,Chai,đ,https://cdn.nhathuoclongchau.com.vn/unsafe/https://cms-prod.s3-sgn09.fptcloud.com/00032359_xit_hong_sinh_hoc_bdferm_bio_spray_30ml_8392_62b5_large_98edc5f6a8.jpg,Synbiotic lactobacillus  ,,BD ferm,Chai,Thiết bị y tế | Dụng cụ y tế | Các dụng cụ và sản phẩm khác,trang-thiet-bi-y-te | trang-thiet-bi-y-te/dung-cu-y-te | trang-thiet-bi-y-te/dung-cu-khac,True,True,70,0,https://nhathuoclongchau.com.vn/trang-thiet-bi-y-te/xit-hong-sinh-hoc-bdferm-bio-spray-30ml-32485.html,trang-thiet-bi-y-te,600
688,00047556,DUNG DỊCH XỊT VỆ SINH TAI MŨI HỌNG LIVESPO NAVAX 20ML - GIẢM NGUY CƠ VIÊM ĐƯỜNG HÔ HẤP,Dung dịch vệ sinh tai mũi họng LiveSpo Navax 20ml ,trang-thiet-bi-y-te/dung-dich-ve-sinh-tai-mui-hong-livespo-navax-20-ml.html,,Hộp,đ,https://cdn.nhathuoclongchau.com.vn/unsafe/https://cms-prod.s3-sgn09.fptcloud.com/DSC_00025_5c3443a908.jpg,"Bacillus subtilis , Bacillus clausii , NaCl ",,Livespo,Hộp,Thiết bị y tế | Dụng cụ y tế,trang-thiet-bi-y-te | trang-thiet-bi-y-te/dung-cu-y-te,True,True,50,0,https://nhathuoclongchau.com.vn/trang-thiet-bi-y-te/dung-dich-ve-sinh-tai-mui-hong-livespo-navax-20-ml.html,trang-thiet-bi-y-te,600
689,00045040,"DUNG DỊCH SÁT KHUẨN XANH METHYLEN PHƯƠNG NAM 1% 20ML - DÙNG SÁT TRÙNG NGOÀI DA, ĐIỀU TRỊ CHỐC LỞ, VIÊM DA","Dung dịch sát khuẩn xanh Methylen 1% Phương Nam dùng sát trùng ngoài da, điều trị chốc lở, viêm da (20ml)",trang-thiet-bi-y-te/dung-dich-sat-khuan-xanh-methylen-phuong-nam-1-20-ml.html,,Chai,đ,https://cdn.nhathuoclongchau.com.vn/unsafe/https://cms-prod.s3-sgn09.fptcloud.com/DSC_00965_db332ba571.jpg,Xanh Methylen 1%,Dung dịch,Phương Nam,Chai,Thiết bị y tế | Dụng cụ y tế | Các dụng cụ và sản phẩm khác,trang-thiet-bi-y-te | trang-thiet-bi-y-te/dung-cu-y-te | trang-thiet-bi-y-te/dung-cu-khac,True,True,50,0,https://nhathuoclongchau.com.vn/trang-thiet-bi-y-te/dung-dich-sat-khuan-xanh-methylen-phuong-nam-1-20-ml.html,trang-thiet-bi-y-te,600
690,00502011,KHẨU TRANG Y TẾ ILT 4 LỚP TRẮNG LIWORLDCO,"Khẩu trang y tế ILT Liworldco màu trắng 4 lớp hỗ trợ ngăn khói, bụi, kháng khuẩn (50 cái)",trang-thiet-bi-y-te/khau-trang-y-te-ilt-4-lop-trang-liworldco-36228.html,,Hộp,đ,https://cdn.nhathuoclongchau.com.vn/unsafe/https://cms-prod.s3-sgn09.fptcloud.com/00502011_khau_trang_y_te_ilt_4_lop_trang_liworldco_1156_6323_large_f628763e55.jpg,"Thanh nẹp mũi bằng nhựa , Màng lọc kháng khuẩn , Vải không dệt PP , Thun đeo tai ",,Liworldco,Hộp 5 Gói x 10 Cái,Thiết bị y tế | Khẩu trang,trang-thiet-bi-y-te | trang-thiet-bi-y-te/khau-trang,True,True,50,0,https://nhathuoclongchau.com.vn/trang-thiet-bi-y-te/khau-trang-y-te-ilt-4-lop-trang-liworldco-36228.html,trang-thiet-bi-y-te,600
691,00032797,"XỊT HỌNG AFREE THÁI MINH PHARMA 30ML - GIẢM HO, SƯNG VIÊM, RÁT HỌNG","Dung dịch xịt họng Afree 30ml Thái Minh giảm ho, sưng viêm, đau rát họng",trang-thiet-bi-y-te/xit-hong-afree-thai-minh-pharma-30ml-32913.html,,Lọ,đ,https://cdn.nhathuoclongchau.com.vn/unsafe/https://cms-prod.s3-sgn09.fptcloud.com/00032797_xit_hong_afree_thai_minh_pharma_30ml_5716_6228_large_d54d1049b8.jpg,"Keo Ong , Zinc ion , Tinh dầu gừng , Tinh dầu khuynh diệp , Xylitol , Glycerin , Sucralose , Dimethyl sulphoxide , Hương nhân tạo , Nước tinh khiết ",,Thái Minh,Lọ x 30ml,Thiết bị y tế | Dụng cụ y tế | Các dụng cụ và sản phẩm khác,trang-thiet-bi-y-te | trang-thiet-bi-y-te/dung-cu-y-te | trang-thiet-bi-y-te/dung-cu-khac,True,True,50,0,https://nhathuoclongchau.com.vn/trang-thiet-bi-y-te/xit-hong-afree-thai-minh-pharma-30ml-32913.html,trang-thiet-bi-y-te,600
692,00016009,BYE BYE FEVER BABIES HISAMITSU GÓI 6 MIẾNG - DÁN HẠ SỐT (0-2 TUỔI),Miếng dán hạ sốt Bye Bye-FEVER babies Hisamitsu cho trẻ 0–2 tuổi giúp giảm nhiệt tạm thời đến 8 giờ (6 miếng),trang-thiet-bi-y-te/bye-bye-fever-em-be-6-mieng-14684.html,,Hộp,đ,https://cdn.nhathuoclongchau.com.vn/unsafe/https://cms-prod.s3-sgn09.fptcloud.com/00016009_bye_bye_fever_em_be_6_mieng_7957_609c_large_b4059e0fbc.jpg,"Polymer , Glycerin , Nước (aqua) ",Miếng dán,Hisamitsu,Hộp 6 Miếng,"Thiết bị y tế | Dụng cụ sơ cứu | Miếng dán giảm đau, hạ sốt",trang-thiet-bi-y-te | trang-thiet-bi-y-te/dung-cu-so-cuu | trang-thiet-bi-y-te/mieng-dan-giam-dau,True,True,50,0,https://nhathuoclongchau.com.vn/trang-thiet-bi-y-te/bye-bye-fever-em-be-6-mieng-14684.html,trang-thiet-bi-y-te,600
693,00503319,MIẾNG DÁN MỤN BAN ĐÊM DERMA ANGEL HỘP 12 MIẾNG,"Miếng dán mụn ban đêm DermaAngel hút mụn, làm lành vết thương sau mụn (12 miếng x 15g)",trang-thiet-bi-y-te/mieng-dan-mun-ban-dem-derma-angel-hop-12-mieng.html,,Hộp,đ,https://cdn.nhathuoclongchau.com.vn/unsafe/https://cms-prod.s3-sgn09.fptcloud.com/DSC_09331_5966e0f3b0.jpg,Hydrocolloid ,Miếng dán,Derma Angel,Hộp 12 Miếng x 15g,Thiết bị y tế,trang-thiet-bi-y-te,True,True,40,0,https://nhathuoclongchau.com.vn/trang-thiet-bi-y-te/mieng-dan-mun-ban-dem-derma-angel-hop-12-mieng.html,trang-thiet-bi-y-te,600
694,00502307,"GEL ĐẶC TRỊ BỎNG, VẾT THƯƠNG HỞ, LOÉT TÌ ĐÈ HYALO4 SKIN GEL 30G",Gel Hyalo4 Skin hỗ trợ điều trị vết thương trên da (30g),trang-thiet-bi-y-te/gel-dac-tri-bong-vet-thuong-ho-loet-ti-de-hyalo4-skin-gel-30g-36529.html,,Hộp,đ,https://cdn.nhathuoclongchau.com.vn/unsafe/https://cms-prod.s3-sgn09.fptcloud.com/00502307_gel_dac_tri_bong_vet_thuong_ho_loet_ti_de_hyalo4_skin_gel_30g_7219_633e_large_8ee42ec795.jpg,Hyaluronic acid sodium salt 0.2%,Nhũ tương (Gel),Fidia,Hộp x 30g,Thiết bị y tế | Dụng cụ y tế,trang-thiet-bi-y-te | trang-thiet-bi-y-te/dung-cu-y-te,True,True,40,0,https://nhathuoclongchau.com.vn/trang-thiet-bi-y-te/gel-dac-tri-bong-vet-thuong-ho-loet-ti-de-hyalo4-skin-gel-30g-36529.html,trang-thiet-bi-y-te,600
695,00501453,GEL BÔI TRỊ SẸO BEPANTHEN ANTI-SCAR 20G,Gel trị sẹo Bepanthen Anti-Scar ngăn ngừa hình thành sẹo đỏ và sẹo lồi (20g),trang-thiet-bi-y-te/gel-boi-tri-seo-bepanthen-anti-scar-20g-35614.html,,Hộp,đ,https://cdn.nhathuoclongchau.com.vn/unsafe/https://cms-prod.s3-sgn09.fptcloud.com/00501453_gel_boi_tri_seo_bepanthen_anti_scar_20g_9631_62ec_large_a2ced65260.jpg,"Silicone hỗn hợp DC 7-0992 , Nước tinh khiết , Acid Citric khan , Pentylene Glycol , Tetrasodium glutamate diacetate , Panthenol ",Nhũ tương (Gel),Bayer,Hộp x 20g,Thiết bị y tế | Dụng cụ y tế,trang-thiet-bi-y-te | trang-thiet-bi-y-te/dung-cu-y-te,True,True,40,0,https://nhathuoclongchau.com.vn/trang-thiet-bi-y-te/gel-boi-tri-seo-bepanthen-anti-scar-20g-35614.html,trang-thiet-bi-y-te,600
696,00032537,NƯỚC SÁT KHUẨN STERIPLANT DẠNG XỊT 60ML,Nước xịt khuẩn Steriplant 60ml làm sạch vết thương ngoài da và ngăn ngừa viêm loét,trang-thiet-bi-y-te/nuoc-sat-khuan-steriplant-dang-xit-60ml-32665.html,,Chai,đ,https://cdn.nhathuoclongchau.com.vn/unsafe/https://cms-prod.s3-sgn09.fptcloud.com/00032537_nuoc_sat_khuan_steriplant_dang_xit_60ml_8288_62ae_large_675b665b9a.jpg,Sodium Chloride ,,Steriplant,Chai,"Thiết bị y tế | Dụng cụ sơ cứu | Cồn, nước sát trùng, nước muối",trang-thiet-bi-y-te | trang-thiet-bi-y-te/dung-cu-so-cuu | trang-thiet-bi-y-te/con-va-nuoc-sat-trung,True,True,40,0,https://nhathuoclongchau.com.vn/trang-thiet-bi-y-te/nuoc-sat-khuan-steriplant-dang-xit-60ml-32665.html,trang-thiet-bi-y-te,600
697,00032538,NƯỚC SÁT KHUẨN STERIPLANT DẠNG XỊT 200ML,Nước xịt khuẩn Steriplant 200ml làm sạch vết thương ngoài da và ngăn ngừa viêm loét,trang-thiet-bi-y-te/nuoc-sat-khuan-steriplant-dang-xit-200ml-32666.html,,Chai,đ,https://cdn.nhathuoclongchau.com.vn/unsafe/https://cms-prod.s3-sgn09.fptcloud.com/00032538_nuoc_sat_khuan_steriplant_dang_xit_200ml_9317_6172_large_ad05e4e62e.jpg,Sodium Chloride ,,Steriplant,Chai,"Thiết bị y tế | Dụng cụ sơ cứu | Cồn, nước sát trùng, nước muối",trang-thiet-bi-y-te | trang-thiet-bi-y-te/dung-cu-so-cuu | trang-thiet-bi-y-te/con-va-nuoc-sat-trung,True,True,40,3.4649728,https://nhathuoclongchau.com.vn/trang-thiet-bi-y-te/nuoc-sat-khuan-steriplant-dang-xit-200ml-32666.html,trang-thiet-bi-y-te,600
698,00040896,"DUNG DỊCH NHỎ MẮT DR.OPHTIC 22 HD PHARMA 15ML - GIẢM MỎI MẮT, NGỨA MẮT, KHÔ RÁT MẮT","Dung dịch nhỏ mắt Dr.Ophtic 22 HD Pharma 15ml dùng trong mỏi mắt, ngứa mắt, khô rát mắt",trang-thiet-bi-y-te/dung-dich-nho-mat-dr-ophtic-22-hd-pharma-15-ml.html,,Hộp,đ,https://cdn.nhathuoclongchau.com.vn/unsafe/https://cms-prod.s3-sgn09.fptcloud.com/DSC_02912_97a0996d34.jpg,"Natri clorid , Tá dược dung dịch Benzalkonium chlorid 50% , Acid Boric , Borax , Borneol , propylen glycol , Polyethylene glycol 400 ",,Hdpharma,Hộp,Thiết bị y tế | Dụng cụ sơ cứu,trang-thiet-bi-y-te | trang-thiet-bi-y-te/dung-cu-so-cuu,True,True,30,0,https://nhathuoclongchau.com.vn/trang-thiet-bi-y-te/dung-dich-nho-mat-dr-ophtic-22-hd-pharma-15-ml.html,trang-thiet-bi-y-te,600
699,00502368,"DUNG DỊCH XỊT MŨI INFLUPROP SPRAY NASAL ERBOZETA 30ML - THÔNG XOANG, HỖ TRỢ ĐIỀU TRỊ VIÊM XOANG CẤP VÀ MẠN TÍNH","Dung dịch xịt mũi Influprop Spray Nasal 30ml Erbozeta thông xoang, hỗ trợ điều trị viêm xoang cấp và mạn tính",trang-thiet-bi-y-te/influprop-nasal-spray-erbozeta-30-ml.html,,Lọ,đ,https://cdn.nhathuoclongchau.com.vn/unsafe/https://cms-prod.s3-sgn09.fptcloud.com/Vimedtec_Erbozeta_Xitj_muix_Influprop_d8d38a59b8.jpg,"Seawater concentrate , Sodium hyaluronate , Pot Marigold Flower , Copper , Echinacea ",Dung dịch xịt mũi,ERBOZETA,Lọ,Thiết bị y tế | Dụng cụ y tế | Dụng cụ vệ sinh mũi,trang-thiet-bi-y-te | trang-thiet-bi-y-te/dung-cu-y-te | trang-thiet-bi-y-te/dung-cu-ve-sinh-mui,True,True,30,0,https://nhathuoclongchau.com.vn/trang-thiet-bi-y-te/influprop-nasal-spray-erbozeta-30-ml.html,trang-thiet-bi-y-te,600
700,00500675,PIN FUJITSU ALKALINE LR03 (4B) FU-W-FI - AAA,Pin Fujitsu Alkaline LR03 (4B) FU-W-FI - AAA (Vỉ 4 cục),trang-thiet-bi-y-te/pin-fujitsu-alkaline-lr-03-4-b-fu-w-fi-aaa.html,,Vỉ,đ,https://cdn.nhathuoclongchau.com.vn/unsafe/https://cms-prod.s3-sgn09.fptcloud.com/00500675_pin_fujitsu_alkaline_lr03_4b_fu_w_fi_aaa_4867_62b2_large_969034737d.jpg,"Chất điện phân , Kiềm , Thành phần khác  ",,FUJITSU,Vỉ 4 Cục,Thiết bị y tế,trang-thiet-bi-y-te,True,True,30,0,https://nhathuoclongchau.com.vn/trang-thiet-bi-y-te/pin-fujitsu-alkaline-lr-03-4-b-fu-w-fi-aaa.html,trang-thiet-bi-y-te,600
701,00015297,KHẨU TRANG THIÊN THỦY 3 LỚP - XANH,"Khẩu trang y tế Thiên Thủy 3 lớp hỗ trợ ngăn khói, bụi, kháng khuẩn (50 cái)",trang-thiet-bi-y-te/khau-trang-xanh-3-lop-thien-thuy-50-cai-14901.html,,Hộp,đ,https://cdn.nhathuoclongchau.com.vn/unsafe/https://cms-prod.s3-sgn09.fptcloud.com/00015297_khau_trang_xanh_3_lop_thien_thuy_50_cai_6101_6082_large_6879745afb.JPG,"Vải không dệt PP , Lớp vi lọc thấu khí PP , Thanh nẹp mũi bằng nhựa , Dây đeo có tính đàn hồi ",,Thiên Thủy,Hộp 50 Cái,Thiết bị y tế | Khẩu trang | Khẩu trang y tế,trang-thiet-bi-y-te | trang-thiet-bi-y-te/khau-trang | trang-thiet-bi-y-te/khau-trang-y-te,True,True,30,0,https://nhathuoclongchau.com.vn/trang-thiet-bi-y-te/khau-trang-xanh-3-lop-thien-thuy-50-cai-14901.html,trang-thiet-bi-y-te,700
702,00003499,GẠC BẢO THẠCH LỚN 8CMX10CMX12 LỚP BỊCH 10 MIẾNG,"Gạc y tế tiệt trùng 8cm x 10cm x 12 lớp Bảo Thạch sơ cứu vết thương, thấm máu và dịch tiết (10 miếng)",trang-thiet-bi-y-te/gac-bao-thach-lon-17245.html,,Gói,đ,https://cdn.nhathuoclongchau.com.vn/unsafe/https://cms-prod.s3-sgn09.fptcloud.com/00003499_gac_bao_thach_lon_1630_62ae_large_e77fc8ff0a.jpg,Cotton 100%,,Bảo Thạch,Thùng 50 Gói,Thiết bị y tế | Dụng cụ sơ cứu | Băng y tế,trang-thiet-bi-y-te | trang-thiet-bi-y-te/dung-cu-so-cuu | trang-thiet-bi-y-te/bang-y-te,True,True,30,0,https://nhathuoclongchau.com.vn/trang-thiet-bi-y-te/gac-bao-thach-lon-17245.html,trang-thiet-bi-y-te,700
703,00030746,ON CALL ADVANCED ACON 25 QUE - QUE THỬ ĐƯỜNG HUYẾT,Que thử đường huyết On Call Advanced (25 que),trang-thiet-bi-y-te/on-call-advanced-acon-25-que-que-thu-duong-huyet-30889.html,,Hộp,đ,https://cdn.nhathuoclongchau.com.vn/unsafe/https://cms-prod.s3-sgn09.fptcloud.com/00030746_on_call_advanced_acon_25_que_que_thu_duong_huyet_7636_6123_large_c9bcff4170.jpg,,,,Hộp 25 Cái,"Thiết bị y tế | Dụng cụ theo dõi | Máy, que thử đường huyết",trang-thiet-bi-y-te | trang-thiet-bi-y-te/dung-cu-theo-doi | trang-thiet-bi-y-te/may-que-thu-duong-huyet,True,True,30,0,https://nhathuoclongchau.com.vn/trang-thiet-bi-y-te/on-call-advanced-acon-25-que-que-thu-duong-huyet-30889.html,trang-thiet-bi-y-te,700
704,00031997,GASTAVIT APIPHARMA VIÊN NHAI CHỐNG TRÀO NGƯỢC DẠ DÀY 24V,Viên nhai Gastavit Apipharma dùng cho trào ngược dạ dày thực quản (24 viên),trang-thiet-bi-y-te/gastavit-apipharma-vien-nhai-chong-trao-nguoc-da-day-24-v-1.html,,Hộp,đ,https://cdn.nhathuoclongchau.com.vn/unsafe/https://cms-prod.s3-sgn09.fptcloud.com/DSC_02837_b7941aef21.jpg,"Sodium Alginate 200mg, Alginic acid 50mg, Sodium bicarbonate 80mg, Calcium carbonat 140mg",Viên nhai,APIPHARMA,Hộp 24 Viên,Thiết bị y tế | Dụng cụ y tế,trang-thiet-bi-y-te | trang-thiet-bi-y-te/dung-cu-y-te,True,True,30,0,https://nhathuoclongchau.com.vn/trang-thiet-bi-y-te/gastavit-apipharma-vien-nhai-chong-trao-nguoc-da-day-24-v-1.html,trang-thiet-bi-y-te,700
705,D042300000330,DÂY HÚT NHỚT HOÀNG SƠN SIZE 12 FR - 500 MM,"Dây hút nhớt Hoàng Sơn size 12 fr dùng để hút dịch đờm trong khoang mũi, miệng, họng (500 mm)",trang-thiet-bi-y-te/day-hut-nhot-hoang-son-size-12-fr-500-mm.html,,Dây,đ,https://cdn.nhathuoclongchau.com.vn/unsafe/https://cms-prod.s3-sgn09.fptcloud.com/DSC_00017_f03da7333e.jpg,Nhựa ,,HOÀNG SƠN,Dây,Thiết bị y tế | Dụng cụ y tế | Dụng cụ vệ sinh mũi,trang-thiet-bi-y-te | trang-thiet-bi-y-te/dung-cu-y-te | trang-thiet-bi-y-te/dung-cu-ve-sinh-mui,True,True,20,0,https://nhathuoclongchau.com.vn/trang-thiet-bi-y-te/day-hut-nhot-hoang-son-size-12-fr-500-mm.html,trang-thiet-bi-y-te,700
706,00502304,NHIỆT KẾ THỦY TINH ĐO THÂN NHIỆT AURORA HMP 6001-A/B,Nhiệt kế thủy tinh Aurora HMP 6001-A/B đo thân nhiệt có vạch chia độ rõ nét (12 Cái),trang-thiet-bi-y-te/nhiet-ke-thuy-tinh-do-than-nhiet-aurora-hmp-6001-ab-36532.html,,Cái,đ,https://cdn.nhathuoclongchau.com.vn/unsafe/https://cms-prod.s3-sgn09.fptcloud.com/00502304_nhiet_ke_thuy_tinh_do_than_nhiet_aurora_hmp_6001_ab_6773_633e_large_16f43b4c0f.jpg,Kim loại ,,Aurora,Hộp 12 Cái,Thiết bị y tế | Dụng cụ theo dõi | Nhiệt kế,trang-thiet-bi-y-te | trang-thiet-bi-y-te/dung-cu-theo-doi | trang-thiet-bi-y-te/nhiet-ke,True,True,20,0,https://nhathuoclongchau.com.vn/trang-thiet-bi-y-te/nhiet-ke-thuy-tinh-do-than-nhiet-aurora-hmp-6001-ab-36532.html,trang-thiet-bi-y-te,700
707,00501806,KHẨU TRANG Y TẾ 4 LỚP TRẮNG LIWORLDCO,"Khẩu trang y tế Liworldco màu trắng 4 lớp hỗ trợ ngăn khói, bụi, kháng khuẩn (5 gói x 10 cái)",trang-thiet-bi-y-te/khau-trang-y-te-4-lop-trang-liworldco-35956.html,,Hộp,đ,https://cdn.nhathuoclongchau.com.vn/unsafe/https://cms-prod.s3-sgn09.fptcloud.com/00501806_khau_trang_y_te_4_lop_trang_liworldco_3419_6322_large_8fc16eee7a.jpg,"Màng lọc kháng khuẩn , Vải không dệt PP , Thun đeo tai , Thanh nẹp mũi bằng nhựa ",,Liworldco,Hộp 5 Gói x 10 Cái,Thiết bị y tế | Khẩu trang | Khẩu trang y tế,trang-thiet-bi-y-te | trang-thiet-bi-y-te/khau-trang | trang-thiet-bi-y-te/khau-trang-y-te,True,True,20,0,https://nhathuoclongchau.com.vn/trang-thiet-bi-y-te/khau-trang-y-te-4-lop-trang-liworldco-35956.html,trang-thiet-bi-y-te,700
708,00500753,MÁY XÔNG KHÍ DUNG MICROLIFE NEB PRO,Máy xông khí dung Microlife NEB Pro hỗ trợ điều trị các bệnh về đường hô hấp,trang-thiet-bi-y-te/may-xong-khi-dung-microlife-neb-pro-34880.html,,Hộp,đ,https://cdn.nhathuoclongchau.com.vn/unsafe/https://cms-prod.s3-sgn09.fptcloud.com/00500753_may_xong_khi_dung_microlife_neb_pro_5845_62ce_large_f583df82bf.jpg,Nhựa ,,Microlife,Hộp,Thiết bị y tế | Dụng cụ y tế | Máy xông khí dung,trang-thiet-bi-y-te | trang-thiet-bi-y-te/dung-cu-y-te | trang-thiet-bi-y-te/may-xong-khi-dung,True,True,20,0.8333333,https://nhathuoclongchau.com.vn/trang-thiet-bi-y-te/may-xong-khi-dung-microlife-neb-pro-34880.html,trang-thiet-bi-y-te,700
709,00500673,PIN FUJITSU ALKALINE LR6 (4B) FU-W-FI - AA,Pin Fujitsu Alkaline LR6 (4B) FU-W-FI - AA (Vỉ 4 cục),trang-thiet-bi-y-te/pin-fujitsu-alkaline-lr-6-4-b-fu-w-fi-aa.html,,Vỉ,đ,https://cdn.nhathuoclongchau.com.vn/unsafe/https://cms-prod.s3-sgn09.fptcloud.com/00500673_pin_fujitsu_alkaline_lr6_4b_fu_w_fi_aa_4619_62b2_large_42367f7d1c.jpg,"Chất điện phân , Kiềm ",,FUJITSU,Vỉ 4 Cục,Thiết bị y tế,trang-thiet-bi-y-te,True,True,20,0,https://nhathuoclongchau.com.vn/trang-thiet-bi-y-te/pin-fujitsu-alkaline-lr-6-4-b-fu-w-fi-aa.html,trang-thiet-bi-y-te,700
710,00500671,PIN FUJITSU ALKALINE LR6 (2B) FU-W-FI - AA,Pin Fujitsu Alkaline LR6 (2B) FU-W-FI - AA (Vỉ 2 cục),trang-thiet-bi-y-te/pin-fujitsu-alkaline-lr-6-2-b-fu-w-fi-aa.html,,Vỉ,đ,https://cdn.nhathuoclongchau.com.vn/unsafe/https://cms-prod.s3-sgn09.fptcloud.com/00500671_pin_fujitsu_alkaline_lr6_2b_fu_w_fi_aa_5516_62b2_large_651be49561.jpg,Thành phần khác  ,,FUJITSU,Vỉ 2 Cục,Thiết bị y tế,trang-thiet-bi-y-te,True,True,20,0,https://nhathuoclongchau.com.vn/trang-thiet-bi-y-te/pin-fujitsu-alkaline-lr-6-2-b-fu-w-fi-aa.html,trang-thiet-bi-y-te,700
711,00033567,KHẨU TRANG CAO CẤP 5 LỚP VG95 KN95 LỌC KHUẨN QUAI ĐEO ĐIỀU CHỈNH LINH HOẠT,"Khẩu trang 5 lớp VG95 ngăn ngừa dị vật, bụi mịn và siêu mịn",trang-thiet-bi-y-te/khau-trang-cao-cap-5-lop-vg95-kn95-loc-khuan-quai-deo-dieu-chinh-linh-hoat-hop-30-cai-33656.html,,Cái,đ,https://cdn.nhathuoclongchau.com.vn/unsafe/https://cms-prod.s3-sgn09.fptcloud.com/00033567_khau_trang_cao_cap_5_lop_vg95_kn95_loc_khuan_quai_deo_dieu_chinh_linh_hoat_hop_30_cai_3110_622e_large_2690c3dc53.jpg,"Vải không dệt , Cotton ",,VGH,Hộp 30 Cái,Thiết bị y tế | Khẩu trang | Khẩu trang y tế,trang-thiet-bi-y-te | trang-thiet-bi-y-te/khau-trang | trang-thiet-bi-y-te/khau-trang-y-te,True,True,20,0,https://nhathuoclongchau.com.vn/trang-thiet-bi-y-te/khau-trang-cao-cap-5-lop-vg95-kn95-loc-khuan-quai-deo-dieu-chinh-linh-hoat-hop-30-cai-33656.html,trang-thiet-bi-y-te,700
712,00033218,MÁY ĐO NỒNG ĐỘ OXY TRONG MÁU SPO2 JUMPER JPD 500D LED,Máy đo nồng độ oxy trong máu Jumper JPD 500D Led thiết kế nhỏ gọn và sử dụng dễ dàng,trang-thiet-bi-y-te/may-do-nong-do-oxy-trong-mau-spo2-jumper-jpd-500d-led-33333.html,,Cái,đ,https://cdn.nhathuoclongchau.com.vn/unsafe/https://cms-prod.s3-sgn09.fptcloud.com/00033218_may_do_nong_do_oxy_trong_mau_spo2_jumper_jpd_500d_led_2943_61df_large_7761096907.jpg,Nhựa ,,Jumper,Cái,Thiết bị y tế | Dụng cụ theo dõi | Máy đo SpO2,trang-thiet-bi-y-te | trang-thiet-bi-y-te/dung-cu-theo-doi | trang-thiet-bi-y-te/may-do-sp-o2,True,True,20,0,https://nhathuoclongchau.com.vn/trang-thiet-bi-y-te/may-do-nong-do-oxy-trong-mau-spo2-jumper-jpd-500d-led-33333.html,trang-thiet-bi-y-te,700
713,00033047,MÁY THỬ ĐƯỜNG HUYẾT EASY MAX MU,Má́y thử đường huyết Easy Max MU hỗ trợ đo lượng đường trong máu,trang-thiet-bi-y-te/may-thu-duong-huyet-easy-max-mu-33167.html,,Hộp,đ,https://cdn.nhathuoclongchau.com.vn/unsafe/https://cms-prod.s3-sgn09.fptcloud.com/00033047_may_thu_duong_huyet_easy_max_mu_4345_61c0_large_70cfd49f80.jpg,Nhựa ,,Easymax,Hộp,"Thiết bị y tế | Dụng cụ theo dõi | Máy, que thử đường huyết",trang-thiet-bi-y-te | trang-thiet-bi-y-te/dung-cu-theo-doi | trang-thiet-bi-y-te/may-que-thu-duong-huyet,True,True,20,0,https://nhathuoclongchau.com.vn/trang-thiet-bi-y-te/may-thu-duong-huyet-easy-max-mu-33167.html,trang-thiet-bi-y-te,700
714,00015108,CLINCARE OPODIS 500ML - DUNG DỊCH SÁT KHUẨN TAY,"Sát khuẩn tay nhanh Clincare Opodis Pharma tiêu diệt 99,99% vi khuẩn, sát khuẩn tay nhanh (500ml)",trang-thiet-bi-y-te/clincare-opodis-500-ml-dung-dich-sat-khuan-tay.html,,Chai,đ,https://cdn.nhathuoclongchau.com.vn/unsafe/https://cms-prod.s3-sgn09.fptcloud.com/00015108_sat_khuan_tay_clincare_500ml_opodis_8212_62af_large_af1a996bcf.JPG,"Ethanol , Alpha Terpineol 0.5%, Chlorhexidine digluconate 0.5%, Tá dược vừa đủ ",,Opodis Pharma,Chai,"Thiết bị y tế | Dụng cụ sơ cứu | Cồn, nước sát trùng, nước muối",trang-thiet-bi-y-te | trang-thiet-bi-y-te/dung-cu-so-cuu | trang-thiet-bi-y-te/con-va-nuoc-sat-trung,True,True,20,0,https://nhathuoclongchau.com.vn/trang-thiet-bi-y-te/clincare-opodis-500-ml-dung-dich-sat-khuan-tay.html,trang-thiet-bi-y-te,700
715,00013692,KHẨU TRANG KISSY FORKIDS SIZE S,"Khẩu trang sợi hoạt tính Kissy For Kids size S cho bé giúp lọc sạch không khí, ngăn bụi, khí ô nhiễm",trang-thiet-bi-y-te/khau-trang-kissy-forkids-s-15895.html,,Hộp,đ,https://cdn.nhathuoclongchau.com.vn/unsafe/https://cms-prod.s3-sgn09.fptcloud.com/00013692_khau_trang_kissy_forkids_s_5990_6332_large_4f427030f8.jpg,"sợi hoạt tính , Vải cotton ",,Kissy,Hộp,Thiết bị y tế | Khẩu trang | Khẩu trang vải,trang-thiet-bi-y-te | trang-thiet-bi-y-te/khau-trang | trang-thiet-bi-y-te/khau-trang-vai,True,True,20,0,https://nhathuoclongchau.com.vn/trang-thiet-bi-y-te/khau-trang-kissy-forkids-s-15895.html,trang-thiet-bi-y-te,700
716,00010052,"URGOSTERILE 53MM X 70MM, 50'S (NEW)-BĂNG GẠC","Băng dán có gạc Urgosterile size 5.3cm x 7cm băng các vết thương do phẫu thuật, khâu, chấn thương (50 miếng)",trang-thiet-bi-y-te/urgosterile-53cmx7cm50s-16536.html,,Cái,đ,https://cdn.nhathuoclongchau.com.vn/unsafe/https://cms-prod.s3-sgn09.fptcloud.com/00010052_urgosterile_53cmx7cm50s_9294_5ca6_large_031bc6dac2.JPG,"Polygurethane , Acrylic ",,Urgo,Hộp 50 Cái,Thiết bị y tế | Dụng cụ sơ cứu | Băng y tế,trang-thiet-bi-y-te | trang-thiet-bi-y-te/dung-cu-so-cuu | trang-thiet-bi-y-te/bang-y-te,True,True,20,0,https://nhathuoclongchau.com.vn/trang-thiet-bi-y-te/urgosterile-53cmx7cm50s-16536.html,trang-thiet-bi-y-te,700
717,00010051,URGOSTERILE 10CMX9CM 50 MIẾNG - BĂNG GẠC,"Băng gạc y tế vô trùng Urgosterile 10cm x 9cm băng các vết thương khâu, vết trầy xước, vết cắt (50 miếng)",trang-thiet-bi-y-te/urgosterile-10cm-x-9cm-50s-16537.html,,Miếng,đ,https://cdn.nhathuoclongchau.com.vn/unsafe/https://cms-prod.s3-sgn09.fptcloud.com/00010051_urgosterile_10cm_x_9cm_50s_8451_5c91_large_7965b341fd.JPG,"Polyester , Polyethylene , Acrylic , Ethylene oxide (E.O Gas) ",,Urgo,Hộp 50 Miếng,Thiết bị y tế | Dụng cụ sơ cứu | Băng y tế,trang-thiet-bi-y-te | trang-thiet-bi-y-te/dung-cu-so-cuu | trang-thiet-bi-y-te/bang-y-te,True,True,20,0,https://nhathuoclongchau.com.vn/trang-thiet-bi-y-te/urgosterile-10cm-x-9cm-50s-16537.html,trang-thiet-bi-y-te,700
718,00009992,ĐẦU KIM VINAHANKOOK 20G 100 CÁI,"Đầu kim 20g Vinahankook sử dụng một lần dùng để tiêm chích, lấy máu, pha thuốc (100 cái)",trang-thiet-bi-y-te/dau-kim-20-16549.html,,Hộp,đ,https://cdn.nhathuoclongchau.com.vn/unsafe/https://cms-prod.s3-sgn09.fptcloud.com/00009992_dau_kim_20_6515_63c7_large_1bade75d2c.jpg,Kim loại ,,VINAHANKOOK,Hộp 100 Cây,Thiết bị y tế | Dụng cụ y tế | Kim các loại,trang-thiet-bi-y-te | trang-thiet-bi-y-te/dung-cu-y-te | trang-thiet-bi-y-te/kim-cac-loai,True,True,20,0.7723298,https://nhathuoclongchau.com.vn/trang-thiet-bi-y-te/dau-kim-20-16549.html,trang-thiet-bi-y-te,700
719,00007682,URGO ALGOPLAQUE 10CM X 10CM 16 MIẾNG - BĂNG VÔ TRÙNG,Băng dán có gạc vô trùng Algoplaque Urgo size 10cm x 10cm dùng để băng các vết thương (16 cái),trang-thiet-bi-y-te/urgo-algoplaque-10cm-16788.html,,Cái,đ,https://cdn.nhathuoclongchau.com.vn/unsafe/https://cms-prod.s3-sgn09.fptcloud.com/00007682_urgo_algoplaque_10cm_2951_5c90_large_130455c85f.JPG,"Acrylic , Polygurethane ",,Urgo,Hộp 16 Cái,Thiết bị y tế | Dụng cụ sơ cứu | Băng y tế,trang-thiet-bi-y-te | trang-thiet-bi-y-te/dung-cu-so-cuu | trang-thiet-bi-y-te/bang-y-te,True,True,20,0,https://nhathuoclongchau.com.vn/trang-thiet-bi-y-te/urgo-algoplaque-10cm-16788.html,trang-thiet-bi-y-te,700
720,00020240,DÂY CHO ĂN STOMACH TUBE 49INCH GREETMED,Dây cho ăn All Silicone Stomach Tube 49 inch Greetmed đưa thức ăn hoặc thuốc trực tiếp vào dạ dày,trang-thiet-bi-y-te/day-cho-an-stomach-tube-49-inch-greetmed.html,,Dây,đ,https://cdn.nhathuoclongchau.com.vn/unsafe/https://cms-prod.s3-sgn09.fptcloud.com/gt019_100_10_5_358b3aea24984bb7b4ed4713344b1388_master_5a36e17015.webp,Nhựa ,,GREETMED,Dây,Thiết bị y tế | Dụng cụ y tế,trang-thiet-bi-y-te | trang-thiet-bi-y-te/dung-cu-y-te,True,True,20,0,https://nhathuoclongchau.com.vn/trang-thiet-bi-y-te/day-cho-an-stomach-tube-49-inch-greetmed.html,trang-thiet-bi-y-te,700
721,00028100,SOFTOMY COLOSTOMY BAG TANAPHAR 100PCS SIZE 60 - TÚI HẬU MÔN NHÂN TẠO,Túi hậu môn nhân tạo Softomy Tanaphar hỗ trợ cho việc bài tiết ở những người bệnh về hệ bài tiết (100 cái),trang-thiet-bi-y-te/softomy-colostomy-bag-tanaphar-100pcs-size-60-tui-hau-mon-nhan-tao-28241.html,,Cái,đ,https://cdn.nhathuoclongchau.com.vn/unsafe/https://cms-prod.s3-sgn09.fptcloud.com/00028100_softomy_colostomy_bag_tanaphar_100pcs_size_60_tui_hau_mon_nhan_tao_9276_62ec_large_7b963b2705.jpg,Nhựa ,,Tanaphar,Hộp 100 Cái,Thiết bị y tế | Dụng cụ y tế,trang-thiet-bi-y-te | trang-thiet-bi-y-te/dung-cu-y-te,True,True,20,1.6860336,https://nhathuoclongchau.com.vn/trang-thiet-bi-y-te/softomy-colostomy-bag-tanaphar-100pcs-size-60-tui-hau-mon-nhan-tao-28241.html,trang-thiet-bi-y-te,700
722,00031611,GĂNG TAY Y TẾ CÓ BỘT SUPER CARE LATEX POWDERED EXAMINATION GLOVES SIZE S - HỘP 100 CÁI,Găng tay thăm khám dùng trong y tế Super Care Latex Powdered Examination Gloves Size S (100 cái),trang-thiet-bi-y-te/gang-tay-y-te-co-bot-super-care-latex-powdered-examination-gloves-size-s-hop-100-cai-31750.html,,Hộp,đ,https://cdn.nhathuoclongchau.com.vn/unsafe/https://cms-prod.s3-sgn09.fptcloud.com/00031611_gang_tay_y_te_co_bot_super_care_latex_powdered_examination_gloves_size_s_hop_100_cai_9732_6102_large_3e4cb7eed7.jpg,,,Super Care,Thùng 10 Hộp x 100 Cái,Thiết bị y tế | Dụng cụ y tế | Găng tay,trang-thiet-bi-y-te | trang-thiet-bi-y-te/dung-cu-y-te | trang-thiet-bi-y-te/gang-tay,True,True,20,0,https://nhathuoclongchau.com.vn/trang-thiet-bi-y-te/gang-tay-y-te-co-bot-super-care-latex-powdered-examination-gloves-size-s-hop-100-cai-31750.html,trang-thiet-bi-y-te,700
723,00031818,NHIỆT KẾ HỒNG NGOẠI ĐO TAI TRÁN AND UT-801,"Nhiệt kế hồng ngoại đo tai, trán AND A&D Medical UT-801 đo nhanh, chính xác chỉ sau 1 giây",trang-thiet-bi-y-te/nhiet-ke-hong-ngoai-do-tai-tran-and-ut-801-31958.html,,Hộp,đ,https://cdn.nhathuoclongchau.com.vn/unsafe/https://cms-prod.s3-sgn09.fptcloud.com/00031818_nhiet_ke_hong_ngoai_do_tai_tran_and_ut_801_3749_6114_large_6c8de88d7b.jpg,Thành phần khác ,,AND,Hộp,Thiết bị y tế | Dụng cụ theo dõi | Nhiệt kế,trang-thiet-bi-y-te | trang-thiet-bi-y-te/dung-cu-theo-doi | trang-thiet-bi-y-te/nhiet-ke,True,True,20,0,https://nhathuoclongchau.com.vn/trang-thiet-bi-y-te/nhiet-ke-hong-ngoai-do-tai-tran-and-ut-801-31958.html,trang-thiet-bi-y-te,700
724,00031829,MÁY ĐO NỒNG ĐỘ OXY SPO2 KẸP NGÓN TAY FINGERTIP PULSE OXIMETER A2,Máy đo nồng độ oxy trong máu (SPO2) kẹp ngón tay Fingertip Pulse Oximeter A2 hỗ trợ đo nhanh chóng và chính xác,trang-thiet-bi-y-te/may-do-nong-do-oxy-spo2-kep-ngon-tay-fingertip-pulse-oximeter-a2-31976.html,,Hộp,đ,https://cdn.nhathuoclongchau.com.vn/unsafe/https://cms-prod.s3-sgn09.fptcloud.com/00031829_may_do_nong_do_oxy_spo2_kep_ngon_tay_fingertip_pulse_oximeter_a2_4489_6119_large_c00ee3fa47.jpg,Nhựa ,,Pulse,Hộp,Thiết bị y tế | Dụng cụ theo dõi | Máy đo SpO2,trang-thiet-bi-y-te | trang-thiet-bi-y-te/dung-cu-theo-doi | trang-thiet-bi-y-te/may-do-sp-o2,True,True,20,0.8841165,https://nhathuoclongchau.com.vn/trang-thiet-bi-y-te/may-do-nong-do-oxy-spo2-kep-ngon-tay-fingertip-pulse-oximeter-a2-31976.html,trang-thiet-bi-y-te,700
725,00046967,VỚ Y KHOA MEDIVEN THROMBEXIN 18 SIZE XL,Vớ y khoa Mediven Thrombexin 18 Size XL hỗ trợ tuần hoàn máu và ngăn ngừa huyết khối tĩnh mạch sâu,trang-thiet-bi-y-te/vo-y-khoa-mediven-thrombexin-18-size-xl-1.html,,Hộp,đ,https://cdn.nhathuoclongchau.com.vn/unsafe/https://cms-prod.s3-sgn09.fptcloud.com/mediven_28571e3427.jpg,Vải ,,Mediven,Hộp,Thiết bị y tế | Dụng cụ y tế | Vớ ngăn tĩnh mạch,trang-thiet-bi-y-te | trang-thiet-bi-y-te/dung-cu-y-te | trang-thiet-bi-y-te/vo-ngan-tinh-mach,True,True,1,0,https://nhathuoclongchau.com.vn/trang-thiet-bi-y-te/vo-y-khoa-mediven-thrombexin-18-size-xl-1.html,trang-thiet-bi-y-te,700
726,00040319,DUNG DỊCH SÁT KHUẨN XANH METHYLEN 1% HDPHARMA 20ML,"Dung dịch sát khuẩn Xanh Methylen 1% HDpharma sát khuẩn, điều trị nhiễm virus ngoài da (20ml)",trang-thiet-bi-y-te/dung-dich-sat-khuan-xanh-methylen-1-hdpharma-20-ml.html,,Chai,đ,https://cdn.nhathuoclongchau.com.vn/unsafe/https://cms-prod.s3-sgn09.fptcloud.com/DSC_09847_9c8971535d.jpg,Xanh Methylen 1%,,Hdpharma,Chai,"Thiết bị y tế | Dụng cụ sơ cứu | Cồn, nước sát trùng, nước muối",trang-thiet-bi-y-te | trang-thiet-bi-y-te/dung-cu-so-cuu | trang-thiet-bi-y-te/con-va-nuoc-sat-trung,True,True,1,0,https://nhathuoclongchau.com.vn/trang-thiet-bi-y-te/dung-dich-sat-khuan-xanh-methylen-1-hdpharma-20-ml.html,trang-thiet-bi-y-te,700
727,00039939,LIVESPO NAVAX LIVESPO 5 ỐNG X 5ML VÀ 1 BÌNH NHỎ GIỌT,"Dung dịch vệ sinh tai, mũi, họng Livespo Navax 5ml giảm sổ mũi, viêm tai, viêm xoang (5 ống và 1 bình nhỏ giọt)",trang-thiet-bi-y-te/livespo-navax-livespo-5-ong-x-5-ml-va-1-binh-nho-giot.html,,Hộp,đ,https://cdn.nhathuoclongchau.com.vn/unsafe/https://cms-prod.s3-sgn09.fptcloud.com/DSC_09970_180e335149.jpg,"Bacillus subtilis , Bacillus clausii , NaCl 0.9% w/v, Nước cất ",Dung dịch,Livespo,Hộp 5 Ống,Thiết bị y tế | Dụng cụ y tế,trang-thiet-bi-y-te | trang-thiet-bi-y-te/dung-cu-y-te,True,True,1,0,https://nhathuoclongchau.com.vn/trang-thiet-bi-y-te/livespo-navax-livespo-5-ong-x-5-ml-va-1-binh-nho-giot.html,trang-thiet-bi-y-te,700
728,00038534,TÚI TREO TAY L1 GIA HƯNG SIZE 8,"Túi treo tay Gia Hưng size 8 hỗ trợ điều trị gãy xương, chấn thương ở cẳng tay, khớp vai",trang-thiet-bi-y-te/tui-treo-tay-l1-gia-hung-size-8.html,,Cái,đ,https://cdn.nhathuoclongchau.com.vn/unsafe/https://cms-prod.s3-sgn09.fptcloud.com/thumbs/thumbnail_00022465_process_2500mg_greater_30_goi_6350_6298_large_0ef4b7c6c0_cdce509b7e.jpg,Vải ,,Gia Hưng,Cái,Thiết bị y tế | Dụng cụ y tế,trang-thiet-bi-y-te | trang-thiet-bi-y-te/dung-cu-y-te,True,True,1,0,https://nhathuoclongchau.com.vn/trang-thiet-bi-y-te/tui-treo-tay-l1-gia-hung-size-8.html,trang-thiet-bi-y-te,700
729,00038532,NẸP NHÔM NGÓN TAY NGẮN GIA HƯNG,Nẹp nhôm ngón tay ngắn Gia Hưng dùng trong cố định khớp ngón tay khi bị chấn thương,trang-thiet-bi-y-te/nep-nhom-ngon-tay-ngan-gia-hung.html,,Cái,đ,https://cdn.nhathuoclongchau.com.vn/unsafe/https://cms-prod.s3-sgn09.fptcloud.com/smalls/00038530_a832051dfb_3f48aff2b1.webp,Vải ,,Gia Hưng,Cái,Thiết bị y tế | Dụng cụ y tế | Đai nẹp,trang-thiet-bi-y-te | trang-thiet-bi-y-te/dung-cu-y-te | trang-thiet-bi-y-te/dai-nep,True,True,1,0,https://nhathuoclongchau.com.vn/trang-thiet-bi-y-te/nep-nhom-ngon-tay-ngan-gia-hung.html,trang-thiet-bi-y-te,700
730,00038529,NẸP NGÓN TAY GIA HƯNG,"Nẹp ngón tay Gia Hưng cố định khớp ngón tay, gãy xương đốt ngón tay",trang-thiet-bi-y-te/nep-ngon-tay-gia-hung.html,,Cái,đ,https://cdn.nhathuoclongchau.com.vn/unsafe/https://cms-prod.s3-sgn09.fptcloud.com/00038529_e01d0b2ac3.jpg,Vải ,,Gia Hưng,Cái,Thiết bị y tế | Dụng cụ y tế | Đai nẹp,trang-thiet-bi-y-te | trang-thiet-bi-y-te/dung-cu-y-te | trang-thiet-bi-y-te/dai-nep,True,True,1,0,https://nhathuoclongchau.com.vn/trang-thiet-bi-y-te/nep-ngon-tay-gia-hung.html,trang-thiet-bi-y-te,700
731,00038505,NẸP CẲNG TAY NGẮN GIA HƯNG SIZE 9 (TRÁI),"Nẹp cẳng tay ngắn Gia Hưng Size 9 Bên trái cố định vùng cẳng tay, cổ tay và bàn tay khi chấn thương",trang-thiet-bi-y-te/nep-cang-tay-ngan-gia-hung-size-9-trai.html,,Cái,đ,https://cdn.nhathuoclongchau.com.vn/unsafe/https://cms-prod.s3-sgn09.fptcloud.com/Ban_sao_vn_11134207_7r98o_lvtr7bebhtjt71_4cce0dbb62.jpeg,Vải ,,Gia Hưng,Cái,Thiết bị y tế | Dụng cụ y tế | Đai nẹp,trang-thiet-bi-y-te | trang-thiet-bi-y-te/dung-cu-y-te | trang-thiet-bi-y-te/dai-nep,True,True,1,0,https://nhathuoclongchau.com.vn/trang-thiet-bi-y-te/nep-cang-tay-ngan-gia-hung-size-9-trai.html,trang-thiet-bi-y-te,700
732,00038503,NẸP CẲNG TAY NGẮN GIA HƯNG SIZE 7 (TRÁI),"Nẹp cẳng tay ngắn Gia Hưng Size 7 Bên Trái cố định vùng cẳng tay, cổ tay và bàn tay",trang-thiet-bi-y-te/nep-cang-tay-ngan-gia-hung-size-7-trai.html,,Cái,đ,https://cdn.nhathuoclongchau.com.vn/unsafe/https://cms-prod.s3-sgn09.fptcloud.com/vn_11134207_7r98o_lvtr7bebhtjt71_829382120b.jpeg,Vải ,,Gia Hưng,Cái,Thiết bị y tế | Dụng cụ y tế | Đai nẹp,trang-thiet-bi-y-te | trang-thiet-bi-y-te/dung-cu-y-te | trang-thiet-bi-y-te/dai-nep,True,True,1,0,https://nhathuoclongchau.com.vn/trang-thiet-bi-y-te/nep-cang-tay-ngan-gia-hung-size-7-trai.html,trang-thiet-bi-y-te,700
733,00038502,NẸP CẲNG TAY NGẮN GIA HƯNG SIZE 6 (TRÁI),"Nẹp cẳng tay ngắn Gia Hưng Size 6 Bên trái giúp cố định chấn thương gãy xương, bong gân cẳng tay, cổ tay",trang-thiet-bi-y-te/nep-cang-tay-ngan-gia-hung-size-6-trai.html,,Cái,đ,https://cdn.nhathuoclongchau.com.vn/unsafe/https://cms-prod.s3-sgn09.fptcloud.com/vn_11134207_7r98o_lvtr7bebhtjt71_4ce84bf007.jpeg,Vải ,,Gia Hưng,Cái,Thiết bị y tế | Dụng cụ y tế | Đai nẹp,trang-thiet-bi-y-te | trang-thiet-bi-y-te/dung-cu-y-te | trang-thiet-bi-y-te/dai-nep,True,True,1,0,https://nhathuoclongchau.com.vn/trang-thiet-bi-y-te/nep-cang-tay-ngan-gia-hung-size-6-trai.html,trang-thiet-bi-y-te,700
734,00038500,NẸP CẲNG TAY DÀI GIA HƯNG SIZE 9 (TRÁI),"Nẹp cẳng tay dài Gia Hưng Size 9 Bên trái giúp cố định chấn thương gãy xương, bong gân cẳng tay, cổ tay",trang-thiet-bi-y-te/nep-cang-tay-dai-gia-hung-size-9-trai.html,,Cái,đ,https://cdn.nhathuoclongchau.com.vn/unsafe/https://cms-prod.s3-sgn09.fptcloud.com/00038497_26e94883eb_a7ee057d7c.webp,Vải ,,Gia Hưng,Cái,Thiết bị y tế | Dụng cụ y tế | Đai nẹp,trang-thiet-bi-y-te | trang-thiet-bi-y-te/dung-cu-y-te | trang-thiet-bi-y-te/dai-nep,True,True,1,0,https://nhathuoclongchau.com.vn/trang-thiet-bi-y-te/nep-cang-tay-dai-gia-hung-size-9-trai.html,trang-thiet-bi-y-te,700
735,00038499,NẸP CẲNG TAY DÀI GIA HƯNG SIZE 9 (PHẢI),"Nẹp cẳng tay dài Gia Hưng Size 9 Bên phải giúp cố định chấn thương gãy xương, bong gân cẳng tay, cổ tay",trang-thiet-bi-y-te/nep-cang-tay-dai-gia-hung-size-9-phai-1.html,,Cái,đ,https://cdn.nhathuoclongchau.com.vn/unsafe/https://cms-prod.s3-sgn09.fptcloud.com/00038497_26e94883eb_1abeeb7621.webp,Vải ,,Gia Hưng,Cái,Thiết bị y tế | Dụng cụ y tế | Đai nẹp,trang-thiet-bi-y-te | trang-thiet-bi-y-te/dung-cu-y-te | trang-thiet-bi-y-te/dai-nep,True,True,1,0,https://nhathuoclongchau.com.vn/trang-thiet-bi-y-te/nep-cang-tay-dai-gia-hung-size-9-phai-1.html,trang-thiet-bi-y-te,700
736,00038498,NẸP CẲNG TAY DÀI GIA HƯNG SIZE 8 (TRÁI),"Nẹp cẳng tay dài Gia Hưng Size 8 Bên trái giúp cố định chấn thương gãy xương, bong gân cẳng tay, cổ tay",trang-thiet-bi-y-te/nep-cang-tay-dai-gia-hung-size-8-trai.html,,Cái,đ,https://cdn.nhathuoclongchau.com.vn/unsafe/https://cms-prod.s3-sgn09.fptcloud.com/Ban_sao_00038497_26e94883eb_b032fa7bea.webp,Vải ,,Gia Hưng,Cái,Thiết bị y tế | Dụng cụ y tế | Đai nẹp,trang-thiet-bi-y-te | trang-thiet-bi-y-te/dung-cu-y-te | trang-thiet-bi-y-te/dai-nep,True,True,1,0,https://nhathuoclongchau.com.vn/trang-thiet-bi-y-te/nep-cang-tay-dai-gia-hung-size-8-trai.html,trang-thiet-bi-y-te,700
737,00038497,NẸP CẲNG TAY DÀI GIA HƯNG SIZE 8 (PHẢI),"Nẹp cẳng tay dài Gia Hưng Size 8 - Bên phải - cố định chấn thương gãy xương, bong gân",trang-thiet-bi-y-te/nep-cang-tay-dai-gia-hung-size-8-phai.html,,Cái,đ,https://cdn.nhathuoclongchau.com.vn/unsafe/https://cms-prod.s3-sgn09.fptcloud.com/00038497_26e94883eb.jpg,Vải ,,Gia Hưng,Cái,Thiết bị y tế | Dụng cụ y tế | Đai nẹp,trang-thiet-bi-y-te | trang-thiet-bi-y-te/dung-cu-y-te | trang-thiet-bi-y-te/dai-nep,True,True,1,0,https://nhathuoclongchau.com.vn/trang-thiet-bi-y-te/nep-cang-tay-dai-gia-hung-size-8-phai.html,trang-thiet-bi-y-te,700
738,00038496,NẸP CẲNG TAY DÀI GIA HƯNG SIZE 7 (TRÁI),"Nẹp cẳng tay dài Gia Hưng Size 7 Bên trái giúp cố định chấn thương gãy xương, bong gân cẳng tay, cổ tay",trang-thiet-bi-y-te/nep-cang-tay-dai-gia-hung-size-7-trai.html,,Cái,đ,https://cdn.nhathuoclongchau.com.vn/unsafe/https://cms-prod.s3-sgn09.fptcloud.com/Ban_sao_00038497_26e94883eb_646500d4eb.webp,Vải ,,Gia Hưng,Cái,Thiết bị y tế | Dụng cụ y tế | Đai nẹp,trang-thiet-bi-y-te | trang-thiet-bi-y-te/dung-cu-y-te | trang-thiet-bi-y-te/dai-nep,True,True,1,0,https://nhathuoclongchau.com.vn/trang-thiet-bi-y-te/nep-cang-tay-dai-gia-hung-size-7-trai.html,trang-thiet-bi-y-te,700
739,00038495,NẸP CẲNG TAY DÀI GIA HƯNG SIZE 7 (PHẢI),"Nẹp cẳng tay dài Gia Hưng Size 7 Bên phải giúp cố định chấn thương gãy xương, bong gân cẳng tay, cổ tay",trang-thiet-bi-y-te/nep-cang-tay-dai-gia-hung-size-7-phai.html,,Cái,đ,https://cdn.nhathuoclongchau.com.vn/unsafe/https://cms-prod.s3-sgn09.fptcloud.com/Ban_sao_00038497_26e94883eb_5526d1b3b0.webp,Vải ,,Gia Hưng,Cái,Thiết bị y tế | Dụng cụ y tế | Đai nẹp,trang-thiet-bi-y-te | trang-thiet-bi-y-te/dung-cu-y-te | trang-thiet-bi-y-te/dai-nep,True,True,1,0,https://nhathuoclongchau.com.vn/trang-thiet-bi-y-te/nep-cang-tay-dai-gia-hung-size-7-phai.html,trang-thiet-bi-y-te,700
740,00038494,NẸP CẲNG TAY DÀI GIA HƯNG SIZE 6 (TRÁI),"Nẹp cẳng tay dài Gia Hưng Size 6 Bên trái giúp cố định chấn thương gãy xương, bong gân cẳng tay, cổ tay",trang-thiet-bi-y-te/nep-cang-tay-dai-gia-hung-size-6-trai.html,,Cái,đ,https://cdn.nhathuoclongchau.com.vn/unsafe/https://cms-prod.s3-sgn09.fptcloud.com/Ban_sao_00038497_26e94883eb_37495d396a.webp,Vải ,,Gia Hưng,Cái,Thiết bị y tế | Dụng cụ y tế | Đai nẹp,trang-thiet-bi-y-te | trang-thiet-bi-y-te/dung-cu-y-te | trang-thiet-bi-y-te/dai-nep,True,True,1,0,https://nhathuoclongchau.com.vn/trang-thiet-bi-y-te/nep-cang-tay-dai-gia-hung-size-6-trai.html,trang-thiet-bi-y-te,700
741,00038493,NẸP CẲNG TAY DÀI GIA HƯNG SIZE 6 (PHẢI),"Nẹp cẳng tay dài Gia Hưng Size 6 Bên phải giúp cố định chấn thương gãy xương, bong gân cẳng tay, cổ tay",trang-thiet-bi-y-te/nep-cang-tay-dai-gia-hung-size-6-phai.html,,Cái,đ,https://cdn.nhathuoclongchau.com.vn/unsafe/https://cms-prod.s3-sgn09.fptcloud.com/00038497_26e94883eb_a9d8333c0b.jpg,Vải ,,Gia Hưng,Cái,Thiết bị y tế | Dụng cụ y tế | Đai nẹp,trang-thiet-bi-y-te | trang-thiet-bi-y-te/dung-cu-y-te | trang-thiet-bi-y-te/dai-nep,True,True,1,0,https://nhathuoclongchau.com.vn/trang-thiet-bi-y-te/nep-cang-tay-dai-gia-hung-size-6-phai.html,trang-thiet-bi-y-te,700
742,00038492,NẸP CẲNG TAY DÀI GIA HƯNG SIZE 5 (TRÁI),"Nẹp cẳng tay dài Gia Hưng Size 5 Bên trái giúp cố định chấn thương gãy xương, bong gân cẳng tay, cổ tay",trang-thiet-bi-y-te/nep-cang-tay-dai-gia-hung-size-5-trai.html,,Cái,đ,https://cdn.nhathuoclongchau.com.vn/unsafe/https://cms-prod.s3-sgn09.fptcloud.com/00038497_26e94883eb_cd38696033.jpg,Vải ,,Gia Hưng,Cái,Thiết bị y tế | Dụng cụ y tế | Đai nẹp,trang-thiet-bi-y-te | trang-thiet-bi-y-te/dung-cu-y-te | trang-thiet-bi-y-te/dai-nep,True,True,1,0,https://nhathuoclongchau.com.vn/trang-thiet-bi-y-te/nep-cang-tay-dai-gia-hung-size-5-trai.html,trang-thiet-bi-y-te,700
743,00038490,NẸP CẲNG TAY DÀI GIA HƯNG SIZE 9 ( PHẢI ),"Nẹp cẳng tay dài Gia Hưng Size 9 Bên phải giúp cố định chấn thương gãy xương, bong gân cẳng tay, cổ tay",trang-thiet-bi-y-te/nep-cang-tay-dai-gia-hung-size-9-phai.html,,Cái,đ,https://cdn.nhathuoclongchau.com.vn/unsafe/https://cms-prod.s3-sgn09.fptcloud.com/00038497_26e94883eb_1a21af31be.webp,Vải ,,Gia Hưng,Cái,Thiết bị y tế | Dụng cụ y tế | Đai nẹp,trang-thiet-bi-y-te | trang-thiet-bi-y-te/dung-cu-y-te | trang-thiet-bi-y-te/dai-nep,True,True,1,0,https://nhathuoclongchau.com.vn/trang-thiet-bi-y-te/nep-cang-tay-dai-gia-hung-size-9-phai.html,trang-thiet-bi-y-te,700
744,00038477,NẸP CẲNG CHÂN NGẮN GIA HƯNG SIZE 4,"Nẹp cẳng chân ngắn Gia Hưng Size 4 giúp cố định, ổn định khớp cổ chân sau chấn thương, sau mổ",trang-thiet-bi-y-te/nep-cang-chan-ngan-gia-hung-size-4.html,,Cái,đ,https://cdn.nhathuoclongchau.com.vn/unsafe/https://cms-prod.s3-sgn09.fptcloud.com/00038475_06a3b2e0be_a44acb4c8d.webp,Vải ,,Gia Hưng,Cái,Thiết bị y tế | Dụng cụ y tế | Đai nẹp,trang-thiet-bi-y-te | trang-thiet-bi-y-te/dung-cu-y-te | trang-thiet-bi-y-te/dai-nep,True,True,1,0,https://nhathuoclongchau.com.vn/trang-thiet-bi-y-te/nep-cang-chan-ngan-gia-hung-size-4.html,trang-thiet-bi-y-te,700
745,00038420,BĂNG THUN GỐI GIA HƯNG,Băng thun gối Gia Hưng hỗ trợ cố định và bảo vệ khớp gối khi vận động hoặc điều trị chấn thương,trang-thiet-bi-y-te/bang-thun-goi-gia-hung.html,,Cái,đ,https://cdn.nhathuoclongchau.com.vn/unsafe/https://cms-prod.s3-sgn09.fptcloud.com/upload_5f6e4613ec7a4abaacde5617ff40649a_master_2367a155fa.webp,Băng gạc ,,Gia Hưng,Cái,Thiết bị y tế | Dụng cụ y tế | Đai nẹp,trang-thiet-bi-y-te | trang-thiet-bi-y-te/dung-cu-y-te | trang-thiet-bi-y-te/dai-nep,True,True,1,0,https://nhathuoclongchau.com.vn/trang-thiet-bi-y-te/bang-thun-goi-gia-hung.html,trang-thiet-bi-y-te,700
746,D052300000410,VỚ Y KHOA MEDIVEN THROMBEXIN 18 SIZE M,"Vớ y khoa Mediven Thrombexin 18 size M làm tăng tốc độ tuần hoàn máu, phòng ngừa huyết khối cho bệnh nhân nằm bất động lâu",trang-thiet-bi-y-te/vo-y-khoa-mediven-thrombexin-18-size-m-1.html,,Hộp,đ,https://cdn.nhathuoclongchau.com.vn/unsafe/https://cms-prod.s3-sgn09.fptcloud.com/865_fe597a0eb8.jpg,Vải ,,Mediven,,Thiết bị y tế | Dụng cụ y tế | Vớ ngăn tĩnh mạch,trang-thiet-bi-y-te | trang-thiet-bi-y-te/dung-cu-y-te | trang-thiet-bi-y-te/vo-ngan-tinh-mach,True,True,1,0,https://nhathuoclongchau.com.vn/trang-thiet-bi-y-te/vo-y-khoa-mediven-thrombexin-18-size-m-1.html,trang-thiet-bi-y-te,700
747,D052300000408,VỚ Y KHOA MEDIVEN THROMBEXIN 18 SIZE XL,"Vớ y khoa Mediven Thrombexin 18 size XL làm tăng tốc độ tuần hoàn máu, phòng ngừa huyết khối cho bệnh nhân nằm bất động lâu",trang-thiet-bi-y-te/vo-y-khoa-mediven-thrombexin-18-size-xl.html,,Hộp,đ,https://cdn.nhathuoclongchau.com.vn/unsafe/https://cms-prod.s3-sgn09.fptcloud.com/866_72032edb14.jpg,Vải ,,Mediven,Hộp,Thiết bị y tế | Dụng cụ y tế | Vớ ngăn tĩnh mạch,trang-thiet-bi-y-te | trang-thiet-bi-y-te/dung-cu-y-te | trang-thiet-bi-y-te/vo-ngan-tinh-mach,True,True,1,0,https://nhathuoclongchau.com.vn/trang-thiet-bi-y-te/vo-y-khoa-mediven-thrombexin-18-size-xl.html,trang-thiet-bi-y-te,700
748,00503592,"DUNG DỊCH NHỎ MẮT HYE MONO GOMED 20 ỐNG X 0.5ML - LÀM ẨM VÀ BÔI TRƠN MẮT,GIẢM KHÔ MẮT","Dung dịch nhỏ mắt Hye Mono Gomed Farmigea làm ẩm và bôi trơn mắt, giúp giảm khô mắt (20 ống x 0.5ml)",trang-thiet-bi-y-te/hye-mono-gomed-20-ong-x-0-5-ml.html,,Hộp,đ,https://cdn.nhathuoclongchau.com.vn/unsafe/https://cms-prod.s3-sgn09.fptcloud.com/Hye_Mono_1_9dd7e895a6.jpg,"Citric Acid , Natri Citrate , NaCl , Natri hyaluronat 0.4%",Dung dịch,Farmigea,Hộp 20 Ống,Thiết bị y tế | Dụng cụ y tế,trang-thiet-bi-y-te | trang-thiet-bi-y-te/dung-cu-y-te,True,True,1,0,https://nhathuoclongchau.com.vn/trang-thiet-bi-y-te/hye-mono-gomed-20-ong-x-0-5-ml.html,trang-thiet-bi-y-te,700
749,00503515,TAUSTIN 4% SOLOPHARM 20 ỐNG X 1ML,"Dung dịch nhỏ mắt Taustin 4% Solopharm cải thiện khô mắt, mỏi mắt (20 ống x 1ml)",trang-thiet-bi-y-te/taustin-4-solopharm-20-ong-x-1-ml.html,,Hộp,đ,https://cdn.nhathuoclongchau.com.vn/unsafe/https://cms-prod.s3-sgn09.fptcloud.com/00503515_6a40743607.png,Taurine 4%,Dung dịch,Solopharm,Hộp 20 Ống x 1ml,Thiết bị y tế | Dụng cụ y tế,trang-thiet-bi-y-te | trang-thiet-bi-y-te/dung-cu-y-te,True,True,1,0,https://nhathuoclongchau.com.vn/trang-thiet-bi-y-te/taustin-4-solopharm-20-ong-x-1-ml.html,trang-thiet-bi-y-te,700
750,00503333,DUNG DỊCH NHỎ MẮT KIỂM SOÁT CẬN THỊ TROPINE INDIA 10ML,Dung dịch nhãn khoa Tropine SION kiểm soát và làm chậm sự tiến triển của bệnh cận thị ở trẻ em (10ml),trang-thiet-bi-y-te/dung-dich-nho-mat-kiem-soat-can-thi-tropine-india-10ml-37616.html,,Hộp,đ,https://cdn.nhathuoclongchau.com.vn/unsafe/https://cms-prod.s3-sgn09.fptcloud.com/00503333_dung_dich_nho_mat_kiem_soat_can_thi_tropine_india_10ml_7525_63ef_large_fc35718cc4.jpg,"Aqueous buffered vehicle , Stabilized oxycholoro complex 0.05mg, Atropine Sulfate USP 0.1mg",Dung dịch,SION,Hộp x 10ml,Thiết bị y tế | Dụng cụ y tế | Các dụng cụ và sản phẩm khác,trang-thiet-bi-y-te | trang-thiet-bi-y-te/dung-cu-y-te | trang-thiet-bi-y-te/dung-cu-khac,True,True,1,0,https://nhathuoclongchau.com.vn/trang-thiet-bi-y-te/dung-dich-nho-mat-kiem-soat-can-thi-tropine-india-10ml-37616.html,trang-thiet-bi-y-te,700
751,00503190,"DUNG DỊCH BÔI TRƠN MẮT HYE 10ML - LÀM ẨM VÀ BÔI TRƠN MẮT, LÀM DỊU KHÔ MẮT VÀ BẢO VỆ MẮT KÉO DÀI","Dung dịch bôi trơn mắt Hye 10ml Farmigea giúp làm ẩm và bôi trơn mắt, giảm khô mắt",trang-thiet-bi-y-te/dung-dich-boi-tron-mat-hye-10-ml-1.html,,Hộp,đ,https://cdn.nhathuoclongchau.com.vn/unsafe/https://cms-prod.s3-sgn09.fptcloud.com/Hye_b49c2afc74.jpg,Natri hyaluronat 0.4%,Dung dịch,Farmigea,Hộp x 10ml,Thiết bị y tế | Dụng cụ y tế,trang-thiet-bi-y-te | trang-thiet-bi-y-te/dung-cu-y-te,True,True,1,0,https://nhathuoclongchau.com.vn/trang-thiet-bi-y-te/dung-dich-boi-tron-mat-hye-10-ml-1.html,trang-thiet-bi-y-te,700
752,00502262,QUE THỬ ĐƯỜNG HUYẾT EASY MAX - HỘP 50 CÁI (FOIL PACK),Que thử đường huyết Easy Max dạng vỉ cho kết quả trong 5 giây (50 cái),trang-thiet-bi-y-te/que-thu-duong-huyet-easy-max-hop-50-cai-foil-pack-1.html,,Hộp,đ,https://cdn.nhathuoclongchau.com.vn/unsafe/https://cms-prod.s3-sgn09.fptcloud.com/easymax_4611615f16.jpg,Kim loại ,,Easymax,Hộp 50 Cái,"Thiết bị y tế | Dụng cụ theo dõi | Máy, que thử đường huyết",trang-thiet-bi-y-te | trang-thiet-bi-y-te/dung-cu-theo-doi | trang-thiet-bi-y-te/may-que-thu-duong-huyet,True,True,1,0,https://nhathuoclongchau.com.vn/trang-thiet-bi-y-te/que-thu-duong-huyet-easy-max-hop-50-cai-foil-pack-1.html,trang-thiet-bi-y-te,700
753,00502189,"VIÊN NÉN NHAI DICOSMIN SIIT SRL 2X14 - GIÚP ĐIỀU TRỊ CHỨNG TRÀO NGƯỢC DẠ DÀY, THỰC QUẢN",Thuốc Dimiscon Vian S.I.I.T. Srl điều trị các triệu chứng trào ngược dạ dày - thực quản (24 viên) ,trang-thiet-bi-y-te/dimiscon-s-i-i-t-24-v.html,,Hộp,đ,https://cdn.nhathuoclongchau.com.vn/unsafe/https://cms-prod.s3-sgn09.fptcloud.com/1709632802370_dcf28bba99.webp,"Natri Alginate 200mg, Acid Alginic 50mg, natri bicarbonate 80mg, Calci carbonat 140mg",,S.I.I.T. Srl,Hộp 24 Viên,Thiết bị y tế | Dụng cụ y tế,trang-thiet-bi-y-te | trang-thiet-bi-y-te/dung-cu-y-te,True,True,1,0,https://nhathuoclongchau.com.vn/trang-thiet-bi-y-te/dimiscon-s-i-i-t-24-v.html,trang-thiet-bi-y-te,700
754,00501906,QUE THỬ ĐƯỜNG HUYẾT ON CALL VIVID ACON 25 QUE,Que thử đường huyết On Call Vivid Acon (25 cây),trang-thiet-bi-y-te/que-thu-duong-huyet-on-call-vivid-acon-25-que.html,,Hộp,đ,https://cdn.nhathuoclongchau.com.vn/unsafe/https://cms-prod.s3-sgn09.fptcloud.com/4_a59b77e1_39e8_4e0c_832b_277f6396d2bf_95c2f82c54.webp,Que thử đường huyết ,,ACON,Hộp 25 Cây,"Thiết bị y tế | Dụng cụ theo dõi | Máy, que thử đường huyết",trang-thiet-bi-y-te | trang-thiet-bi-y-te/dung-cu-theo-doi | trang-thiet-bi-y-te/may-que-thu-duong-huyet,True,True,1,0,https://nhathuoclongchau.com.vn/trang-thiet-bi-y-te/que-thu-duong-huyet-on-call-vivid-acon-25-que.html,trang-thiet-bi-y-te,700
755,00501441,TAURINE SOLOPHARM 4% 20 TUÝP X 0.4ML - DUNG DỊCH NHÃN KHOA,"Dung dịch nhãn khoa Taurine-Solopharm 4% điều trị loạn dưỡng giác mạc, viêm giác mạc (20 tuýp x 0,4ml) ",trang-thiet-bi-y-te/taurine-solopharm-4-20-tuyp-x-04ml-dung-dich-nhan-khoa-35587.html,,Hộp,đ,https://cdn.nhathuoclongchau.com.vn/unsafe/https://cms-prod.s3-sgn09.fptcloud.com/00501441_taurine_solopharm_4_20_tuyp_x_04ml_dung_dich_nhan_khoa_6363_62eb_large_58c1432dc9.jpg,Taurine 4%,Dung dịch nhỏ mắt,Solopharm,Hộp 20 Tuýp,Thiết bị y tế | Dụng cụ y tế | Các dụng cụ và sản phẩm khác,trang-thiet-bi-y-te | trang-thiet-bi-y-te/dung-cu-y-te | trang-thiet-bi-y-te/dung-cu-khac,True,True,1,0,https://nhathuoclongchau.com.vn/trang-thiet-bi-y-te/taurine-solopharm-4-20-tuyp-x-04ml-dung-dich-nhan-khoa-35587.html,trang-thiet-bi-y-te,700
756,00501318,MẶT NẠ XÔNG KHÍ DUNG NEBULIZER MASK,Mặt nạ xông khí dung Nebulizer Mask (1 cái),trang-thiet-bi-y-te/mat-na-xong-khi-dung-nebulizer-mask-35465.html,,Cái,đ,https://cdn.nhathuoclongchau.com.vn/unsafe/https://cms-prod.s3-sgn09.fptcloud.com/00501318_mat_na_xong_khi_dung_nebulizer_mask_9878_62e3_large_0019f26e2c.jpg,Nhựa PVC không mùi ,,DEMO MEDICAL,Cái,Thiết bị y tế | Dụng cụ y tế | Máy xông khí dung,trang-thiet-bi-y-te | trang-thiet-bi-y-te/dung-cu-y-te | trang-thiet-bi-y-te/may-xong-khi-dung,True,True,1,0,https://nhathuoclongchau.com.vn/trang-thiet-bi-y-te/mat-na-xong-khi-dung-nebulizer-mask-35465.html,trang-thiet-bi-y-te,700
757,00501054,MÁY THỬ ĐƯỜNG HUYẾT ONETOUCH ULTRA PLUS FLEX (MMOL/L), Máy thử đường huyết Onetouch Ultra Plus Flex LifeScan (Mmol/l),trang-thiet-bi-y-te/may-thu-duong-huyet-onetouch-ultra-plus-flex-mmoll-35202.html,,Hộp,đ,https://cdn.nhathuoclongchau.com.vn/unsafe/https://cms-prod.s3-sgn09.fptcloud.com/IMG_8843_0228b31930.jpg,Nhựa ,,LifeScan,Hộp,"Thiết bị y tế | Dụng cụ theo dõi | Máy, que thử đường huyết",trang-thiet-bi-y-te | trang-thiet-bi-y-te/dung-cu-theo-doi | trang-thiet-bi-y-te/may-que-thu-duong-huyet,True,True,1,0,https://nhathuoclongchau.com.vn/trang-thiet-bi-y-te/may-thu-duong-huyet-onetouch-ultra-plus-flex-mmoll-35202.html,trang-thiet-bi-y-te,700
758,00501053,MÁY THỬ ĐƯỜNG HUYẾT ONETOUCH ULTRA PLUS FLEX (MG/DL),Máy thử đường huyết Onetouch Ultra Plus Flex LifeScan (MG/DL),trang-thiet-bi-y-te/may-thu-duong-huyet-onetouch-ultra-plus-flex-mgdl-35201.html,,Hộp,đ,https://cdn.nhathuoclongchau.com.vn/unsafe/https://cms-prod.s3-sgn09.fptcloud.com/8_45f6fe1bc5.png,Nhựa ,,LifeScan,Hộp,"Thiết bị y tế | Dụng cụ theo dõi | Máy, que thử đường huyết",trang-thiet-bi-y-te | trang-thiet-bi-y-te/dung-cu-theo-doi | trang-thiet-bi-y-te/may-que-thu-duong-huyet,True,True,1,0,https://nhathuoclongchau.com.vn/trang-thiet-bi-y-te/may-thu-duong-huyet-onetouch-ultra-plus-flex-mgdl-35201.html,trang-thiet-bi-y-te,700
759,00500690,MÁY HÚT MŨI ĐIỆN TỬ TRẺ EM CO-CLEAN BEAR GẤU XANH COBR-100,Máy hút mũi điện tử Co-Clean Bear COBR-100 giúp vệ sinh mũi một cách nhanh chóng và hiệu quả,trang-thiet-bi-y-te/may-hut-mui-dien-tu-tre-em-co-clean-bear-gau-xanh-cobr-100-34826.html,,Hộp,đ,https://cdn.nhathuoclongchau.com.vn/unsafe/https://cms-prod.s3-sgn09.fptcloud.com/00500690_may_hut_mui_dien_tu_tre_em_co_clean_bear_gau_xanh_cobr_100_9392_62b2_large_a187195c3c.jpg,Nhựa  ,,Welbu Tech,Hộp,Thiết bị y tế | Dụng cụ y tế | Dụng cụ vệ sinh mũi,trang-thiet-bi-y-te | trang-thiet-bi-y-te/dung-cu-y-te | trang-thiet-bi-y-te/dung-cu-ve-sinh-mui,True,True,1,0,https://nhathuoclongchau.com.vn/trang-thiet-bi-y-te/may-hut-mui-dien-tu-tre-em-co-clean-bear-gau-xanh-cobr-100-34826.html,trang-thiet-bi-y-te,700
760,00500689,MÁY HÚT MŨI ĐIỆN TỬ TRẺ EM CO-CLEAN DUCK VỊT VÀNG CODK-100,Máy hút mũi điện tử Co-Clean Duck CODK-100 giúp vệ sinh mũi một cách nhanh chóng và hiệu quả,trang-thiet-bi-y-te/may-hut-mui-dien-tu-tre-em-co-clean-duck-vit-vang-codk-100-34827.html,,Hộp,đ,https://cdn.nhathuoclongchau.com.vn/unsafe/https://cms-prod.s3-sgn09.fptcloud.com/00500689_may_hut_mui_dien_tu_tre_em_co_clean_duck_vit_vang_codk_100_4048_62b2_large_4cee053044.jpg,Nhựa ,,Welbu Tech,Hộp,Thiết bị y tế | Dụng cụ y tế | Dụng cụ vệ sinh mũi,trang-thiet-bi-y-te | trang-thiet-bi-y-te/dung-cu-y-te | trang-thiet-bi-y-te/dung-cu-ve-sinh-mui,True,True,1,0,https://nhathuoclongchau.com.vn/trang-thiet-bi-y-te/may-hut-mui-dien-tu-tre-em-co-clean-duck-vit-vang-codk-100-34827.html,trang-thiet-bi-y-te,700
761,00500460,KHẨU TRANG Y TẾ 4 LỚP KJ MASK MÀU TRẮNG,"Khẩu trang y tế KJ Mask màu trắng 4 lớp hỗ trợ ngăn khói, bụi, kháng khuẩn (50 cái)",trang-thiet-bi-y-te/khau-trang-y-te-4-lop-kj-mask-mau-trang-34571.html,,Hộp,đ,https://cdn.nhathuoclongchau.com.vn/unsafe/https://cms-prod.s3-sgn09.fptcloud.com/00500460_khau_trang_y_te_4_lop_kj_mask_mau_trang_7985_629d_large_2e87b91cce.jpg,Vải ,,KJ,Hộp 50 Cái,Thiết bị y tế | Khẩu trang | Khẩu trang y tế,trang-thiet-bi-y-te | trang-thiet-bi-y-te/khau-trang | trang-thiet-bi-y-te/khau-trang-y-te,True,True,1,1.5449909,https://nhathuoclongchau.com.vn/trang-thiet-bi-y-te/khau-trang-y-te-4-lop-kj-mask-mau-trang-34571.html,trang-thiet-bi-y-te,700
762,00500444,DUNG DỊCH XỊT HỌNG NOVA GOLA JUNIOR GIA VŨ 30ML,"Dung dịch xịt họng Nova Gola Junior 30ml Gia Vũ giảm đau rát, khó nuốt do viêm họng, đau họng",trang-thiet-bi-y-te/dung-dich-xit-hong-nova-gola-junior-gia-vu-30-ml.html,,Chai,đ,https://cdn.nhathuoclongchau.com.vn/unsafe/https://cms-prod.s3-sgn09.fptcloud.com/00500444_3ee5b2d2fd.png,Thành phần khác ,,Junior Pharma,Chai,"Thiết bị y tế | Dụng cụ sơ cứu | Xịt giảm đau, kháng viêm",trang-thiet-bi-y-te | trang-thiet-bi-y-te/dung-cu-so-cuu | trang-thiet-bi-y-te/xit-giam-dau,True,True,1,0,https://nhathuoclongchau.com.vn/trang-thiet-bi-y-te/dung-dich-xit-hong-nova-gola-junior-gia-vu-30-ml.html,trang-thiet-bi-y-te,700
763,00500350,DUNG DỊCH SÁT KHUẨN ĐA NĂNG BNP - CHAI XỊT 100ML,Dung dịch sát khuẩn đa năng BNP tiêu diệt 99.9% các loại vi khuẩn và nấm mốc gây hại (100ml),trang-thiet-bi-y-te/dung-dich-sat-khuan-da-nang-bnp-huong-cam-chai-xit-100ml-34466.html,,Chai,đ,https://cdn.nhathuoclongchau.com.vn/unsafe/https://cms-prod.s3-sgn09.fptcloud.com/00500350_dung_dich_sat_khuan_da_nang_bnp_huong_cam_chai_xit_100ml_7140_6296_large_51f7a95efe.jpg,Ethanol 80%,,BNP,Chai,Thiết bị y tế | Dụng cụ y tế | Các dụng cụ và sản phẩm khác,trang-thiet-bi-y-te | trang-thiet-bi-y-te/dung-cu-y-te | trang-thiet-bi-y-te/dung-cu-khac,True,True,1,0,https://nhathuoclongchau.com.vn/trang-thiet-bi-y-te/dung-dich-sat-khuan-da-nang-bnp-huong-cam-chai-xit-100ml-34466.html,trang-thiet-bi-y-te,700
764,00033796,KHẨU TRANG Y TẾ 4 LỚP KJ MASK MÀU ĐEN,"Khẩu trang y tế KJ Mask màu đen 4 lớp hỗ trợ ngăn khói, bụi, kháng khuẩn (50 cái)",trang-thiet-bi-y-te/khau-trang-y-te-4-lop-kj-mask-mau-den-33888.html,,Hộp,đ,https://cdn.nhathuoclongchau.com.vn/unsafe/https://cms-prod.s3-sgn09.fptcloud.com/00033796_khau_trang_y_te_4_lop_kj_mask_mau_den_1756_624c_large_a3b6343b33.jpg,Vải ,,KJ,Hộp 50 Cái,Thiết bị y tế | Khẩu trang | Khẩu trang y tế,trang-thiet-bi-y-te | trang-thiet-bi-y-te/khau-trang | trang-thiet-bi-y-te/khau-trang-y-te,True,True,1,1.7190755,https://nhathuoclongchau.com.vn/trang-thiet-bi-y-te/khau-trang-y-te-4-lop-kj-mask-mau-den-33888.html,trang-thiet-bi-y-te,700
765,00033455,NƯỚC MUỐI SINH LÝ KINGPHAR 500ML,"Nước muối sinh lý Kingphar vệ sinh răng miệng, họng (500ml)",trang-thiet-bi-y-te/nuoc-muoi-sinh-ly-kingphar-500-ml.html,,Chai,đ,https://cdn.nhathuoclongchau.com.vn/unsafe/https://cms-prod.s3-sgn09.fptcloud.com/00033455_nuoc_muoi_sinh_ly_kingphar_500ml_9743_6216_large_f403b3590a.jpg,Natri clorid 0.9%,,Kingphar,Thùng 20 chai,"Thiết bị y tế | Dụng cụ sơ cứu | Cồn, nước sát trùng, nước muối",trang-thiet-bi-y-te | trang-thiet-bi-y-te/dung-cu-so-cuu | trang-thiet-bi-y-te/con-va-nuoc-sat-trung,True,True,1,0,https://nhathuoclongchau.com.vn/trang-thiet-bi-y-te/nuoc-muoi-sinh-ly-kingphar-500-ml.html,trang-thiet-bi-y-te,700
766,00033445,NATRI CLORID 0.9% BIDUPHAR 500ML - NƯỚC MUỐI SINH LÝ,Nước muối sinh lý Biduphar Natri Clorid 0.9% dùng để súc miệng hằng ngày (20 chai),trang-thiet-bi-y-te/natri-clorid-09-biduphar-500ml-nuoc-muoi-sinh-ly-33555.html,,Chai,đ,https://cdn.nhathuoclongchau.com.vn/unsafe/https://cms-prod.s3-sgn09.fptcloud.com/00033445_natri_clorid_09_biduphar_500ml_nuoc_muoi_sinh_ly_9876_6215_large_c78803dc53.jpg,Natri chloride 0.9%,,Biduphar,Thùng 20 chai,Thiết bị y tế | Dụng cụ y tế | Các dụng cụ và sản phẩm khác,trang-thiet-bi-y-te | trang-thiet-bi-y-te/dung-cu-y-te | trang-thiet-bi-y-te/dung-cu-khac,True,True,1,0.8853356,https://nhathuoclongchau.com.vn/trang-thiet-bi-y-te/natri-clorid-09-biduphar-500ml-nuoc-muoi-sinh-ly-33555.html,trang-thiet-bi-y-te,700
767,00033288,KIM LẤY MÁU DÙNG CHO MÁY TIỂU ĐƯỜNG EASY MAX BLOOD LANCETS GREETMED 30G HỘP 100 CÁI,Kim lấy máu Blood Lancets Greetmed dùng cho máy đo đường huyết (100 cái),trang-thiet-bi-y-te/kim-lay-mau-dung-cho-may-tieu-duong-greetmed-30g-hop-100-cai-33398.html,,Hộp,đ,https://cdn.nhathuoclongchau.com.vn/unsafe/https://cms-prod.s3-sgn09.fptcloud.com/00033288_kim_lay_mau_dung_cho_may_tieu_duong_greetmed_30g_hop_100_cai_3636_61e9_large_60cede8326.jpg,Kim loại ,,GREETMED,Hộp 100 Cái,Thiết bị y tế | Dụng cụ y tế | Kim các loại,trang-thiet-bi-y-te | trang-thiet-bi-y-te/dung-cu-y-te | trang-thiet-bi-y-te/kim-cac-loai,True,True,1,0,https://nhathuoclongchau.com.vn/trang-thiet-bi-y-te/kim-lay-mau-dung-cho-may-tieu-duong-greetmed-30g-hop-100-cai-33398.html,trang-thiet-bi-y-te,700
768,00033294,GẠC RĂNG MIỆNG DR. CARE QUANG XANH 30 GÓI,"Gạc răng miệng Dr. Care Quang Xanh làm sạch lưỡi, nướu, răng, miệng cho trẻ từ sơ sinh trở lên (30 gói)",trang-thiet-bi-y-te/gac-rang-mieng-dr-care-quang-xanh-30-goi-33413.html,,Hộp,đ,https://cdn.nhathuoclongchau.com.vn/unsafe/https://cms-prod.s3-sgn09.fptcloud.com/00033294_gac_rang_mieng_dr_care_quang_xanh_30_goi_9420_61ee_large_7be625eec0.jpg,"NaCl , Chè xanh , Dịch chiết Lá ngót , Dịch chiết lá hẹ ",,Quang Xanh,Hộp 30 Gói,Thiết bị y tế | Dụng cụ y tế | Các dụng cụ và sản phẩm khác,trang-thiet-bi-y-te | trang-thiet-bi-y-te/dung-cu-y-te | trang-thiet-bi-y-te/dung-cu-khac,True,True,1,0,https://nhathuoclongchau.com.vn/trang-thiet-bi-y-te/gac-rang-mieng-dr-care-quang-xanh-30-goi-33413.html,trang-thiet-bi-y-te,700
769,00033048,MÁY THỬ ĐƯỜNG HUYẾT EASY MAX MINI,Má́y thử đường huyết Easy Max Mini hỗ trợ đo lượng đường trong máu,trang-thiet-bi-y-te/may-thu-duong-huyet-easy-max-mini-33166.html,,Hộp,đ,https://cdn.nhathuoclongchau.com.vn/unsafe/https://cms-prod.s3-sgn09.fptcloud.com/00033048_may_thu_duong_huyet_easy_max_mini_4406_61c0_large_a253555b4c.jpg,Nhựa ,,Easymax,Hộp,"Thiết bị y tế | Dụng cụ theo dõi | Máy, que thử đường huyết",trang-thiet-bi-y-te | trang-thiet-bi-y-te/dung-cu-theo-doi | trang-thiet-bi-y-te/may-que-thu-duong-huyet,True,True,1,0,https://nhathuoclongchau.com.vn/trang-thiet-bi-y-te/may-thu-duong-huyet-easy-max-mini-33166.html,trang-thiet-bi-y-te,700
770,00006745,SINOMARIN MINI SPRAY 30ML - NƯỚC BIỂN XỊT MŨI,"Nước biển ưu trương xịt mũi Sinomarin rửa xoang mũi, nghẹt mũi, sung huyết mũi (30ml)",trang-thiet-bi-y-te/sinomarin-ho-tro-dieu-tri-viem-mui-nghet-mui-865.html,,Chai,đ,https://cdn.nhathuoclongchau.com.vn/unsafe/https://cms-prod.s3-sgn09.fptcloud.com/6745_sinomarin_ho_tro_dieu_tri_viem_mui_nghet_mui_3037_59a9_large_b1195d2cee.jpg,"Nước biển sâu 70%, Nước tinh khiết 30%",,sinomarin,Chai x 30ml,Thiết bị y tế | Dụng cụ y tế | Dụng cụ vệ sinh mũi,trang-thiet-bi-y-te | trang-thiet-bi-y-te/dung-cu-y-te | trang-thiet-bi-y-te/dung-cu-ve-sinh-mui,True,True,1,0,https://nhathuoclongchau.com.vn/trang-thiet-bi-y-te/sinomarin-ho-tro-dieu-tri-viem-mui-nghet-mui-865.html,trang-thiet-bi-y-te,700
771,00011275,STERIMAR SULPHUR 50ML,Dung dịch xịt mũi Stérimar Nez Fragilisé 50ml Steriplant vệ sinh mũi và giúp phục hồi niêm mạc mũi,trang-thiet-bi-y-te/sterimar-sulphur-1126.html,,Chai,đ,https://cdn.nhathuoclongchau.com.vn/unsafe/https://cms-prod.s3-sgn09.fptcloud.com/00011275_sterimar_sulphur_5528_60c8_large_3466f75086.jpg,Nước biển sâu ,,STERIMAR,Chai x 50ml,Thiết bị y tế | Dụng cụ y tế | Dụng cụ vệ sinh mũi,trang-thiet-bi-y-te | trang-thiet-bi-y-te/dung-cu-y-te | trang-thiet-bi-y-te/dung-cu-ve-sinh-mui,True,True,1,0,https://nhathuoclongchau.com.vn/trang-thiet-bi-y-te/sterimar-sulphur-1126.html,trang-thiet-bi-y-te,700
772,00004936,DỊCH LỎNG THỤT TRỰC TRÀNG MICROCLISMI  ZETA FAMACEUTICI 6 ỐNG X 3G - TRỊ TÁO BÓN CHO TRẺ EM ,Dung dịch thụt trực tràng Microclismi Nova Argentia điều trị táo bón (6 túi x 1 tuýp x 3g),trang-thiet-bi-y-te/microclismi-3-g-6-ong.html,,Ống,đ,https://cdn.nhathuoclongchau.com.vn/unsafe/https://cms-prod.s3-sgn09.fptcloud.com/00004936_microclismi_3g_6507_5b67_large_0558a4fcfc.JPG,"Glycerol 2.25, Cúc la mã 0.1, Cẩm quỳ 0.1",Dung dịch,Nova Argentia,Hộp 6 Ống,Thiết bị y tế | Dụng cụ y tế,trang-thiet-bi-y-te | trang-thiet-bi-y-te/dung-cu-y-te,True,True,1,0,https://nhathuoclongchau.com.vn/trang-thiet-bi-y-te/microclismi-3-g-6-ong.html,trang-thiet-bi-y-te,700
773,00016467,ROHTO NOSE WASH 400ML - BỘ VỆ SINH MŨI BAO GỒM BÌNH,Bộ vệ sinh mũi gồm bình NoseWash Rohto làm sạch sâu và kháng khuẩn (400ml),trang-thiet-bi-y-te/rohto-nose-wash-400ml-14236.html,,Hộp,đ,https://cdn.nhathuoclongchau.com.vn/unsafe/https://cms-prod.s3-sgn09.fptcloud.com/00016467_rohto_nose_wash_400ml_9324_62ae_large_2e0162aee9.jpg,"Sodium Chloride , Benzalkonium Chloride , Kẽm , Đồng , hương bạc hà tự nhiên ",,Rohto,Hộp,Thiết bị y tế | Dụng cụ y tế | Dụng cụ vệ sinh mũi,trang-thiet-bi-y-te | trang-thiet-bi-y-te/dung-cu-y-te | trang-thiet-bi-y-te/dung-cu-ve-sinh-mui,True,True,1,0,https://nhathuoclongchau.com.vn/trang-thiet-bi-y-te/rohto-nose-wash-400ml-14236.html,trang-thiet-bi-y-te,700
774,00016414,KHẨU TRANG Y TẾ 3 LỚP MERIDAY 10 CÁI,"Khẩu trang y tế Meriday 3 lớp hỗ trợ ngăn khói, bụi, kháng khuẩn (10 cái)",trang-thiet-bi-y-te/khau-trang-y-te-3-lop-10cgoi-meriday-14287.html,,Gói,đ,https://cdn.nhathuoclongchau.com.vn/unsafe/https://cms-prod.s3-sgn09.fptcloud.com/00016414_khau_trang_y_te_3_lop_10cgoi_meriday_5449_5c90_large_35c8c6c702.JPG,Vải không dệt PP ,,Meriday,Gói,Thiết bị y tế | Khẩu trang | Khẩu trang y tế,trang-thiet-bi-y-te | trang-thiet-bi-y-te/khau-trang | trang-thiet-bi-y-te/khau-trang-y-te,True,True,1,0,https://nhathuoclongchau.com.vn/trang-thiet-bi-y-te/khau-trang-y-te-3-lop-10cgoi-meriday-14287.html,trang-thiet-bi-y-te,700
775,00016413,KHẨU TRANG Y TẾ 3 LỚP MERIDAY,"Khẩu trang y tế Meriday 3 lớp hỗ trợ ngăn khói, bụi, kháng khuẩn (50 cái)",trang-thiet-bi-y-te/khau-trang-y-te-3-lop-hop-50c-meriday-14288.html,,Hộp,đ,https://cdn.nhathuoclongchau.com.vn/unsafe/https://cms-prod.s3-sgn09.fptcloud.com/00016413_khau_trang_y_te_3_lop_hop_50c_meriday_8765_5c98_large_94f01f4e4d.JPG,Vải không dệt PP ,,Meriday,Hộp 50 cái,Thiết bị y tế | Khẩu trang | Khẩu trang y tế,trang-thiet-bi-y-te | trang-thiet-bi-y-te/khau-trang | trang-thiet-bi-y-te/khau-trang-y-te,True,True,1,0,https://nhathuoclongchau.com.vn/trang-thiet-bi-y-te/khau-trang-y-te-3-lop-hop-50c-meriday-14288.html,trang-thiet-bi-y-te,700
776,00016411,KHẨU TRANG THAN HOẠT TÍNH 4 LỚP MERIDAY 10 CÁI,"Khẩu trang than hoạt tính Meriday 4 lớp hỗ trợ ngăn khói, bụi, kháng khuẩn (10 cái)",trang-thiet-bi-y-te/khau-trang-than-hoat-tinh-4-lop-10cgoi-meriday-14290.html,,Gói,đ,https://cdn.nhathuoclongchau.com.vn/unsafe/https://cms-prod.s3-sgn09.fptcloud.com/00016411_khau_trang_than_hoat_tinh_4_lop_10cgoi_meriday_9059_5c98_large_f8f859da10.JPG,Vải không dệt PP ,,Meriday,Gói,Thiết bị y tế | Khẩu trang | Khẩu trang y tế,trang-thiet-bi-y-te | trang-thiet-bi-y-te/khau-trang | trang-thiet-bi-y-te/khau-trang-y-te,True,True,1,0,https://nhathuoclongchau.com.vn/trang-thiet-bi-y-te/khau-trang-than-hoat-tinh-4-lop-10cgoi-meriday-14290.html,trang-thiet-bi-y-te,700
777,00016117,NƯỚC MẮT NHÂN TẠO AVIZOR LACRIFRESH 0.10% HỘP 20 ỐNG,"Dung dịch nhỏ mắt Avizor Lacrifresh 0.10% làm dịu tình trạng khô mắt, kích ứng và mỏi mắt (20 ống x 0,40ml)",trang-thiet-bi-y-te/avizor-lacrifresh-010-14579.html,,Hộp,đ,https://cdn.nhathuoclongchau.com.vn/unsafe/https://cms-prod.s3-sgn09.fptcloud.com/00016117_avizor_lacrifresh_010_9190_5c20_large_94be3b2257.JPG,Natri hyaluronat 0.10%,,Avizor,Hộp,Thiết bị y tế | Dụng cụ y tế | Các dụng cụ và sản phẩm khác,trang-thiet-bi-y-te | trang-thiet-bi-y-te/dung-cu-y-te | trang-thiet-bi-y-te/dung-cu-khac,True,True,1,0,https://nhathuoclongchau.com.vn/trang-thiet-bi-y-te/avizor-lacrifresh-010-14579.html,trang-thiet-bi-y-te,700
778,00015062,GĂNG TAY HTC GLOVES LATEX CÓ BỘT SIZE S,Găng tay cao su y tế có bột HTC Gloves Latex Size S (100 chiếc),trang-thiet-bi-y-te/gang-tay-latex-15128.html,,Hộp,đ,https://cdn.nhathuoclongchau.com.vn/unsafe/https://cms-prod.s3-sgn09.fptcloud.com/00015062_gang_tay_latex_5461_60c8_large_0a99cd986b.jpg,Cao su ,,HTC,Hộp 100 Chiếc,Thiết bị y tế | Dụng cụ y tế | Găng tay,trang-thiet-bi-y-te | trang-thiet-bi-y-te/dung-cu-y-te | trang-thiet-bi-y-te/gang-tay,True,True,1,0,https://nhathuoclongchau.com.vn/trang-thiet-bi-y-te/gang-tay-latex-15128.html,trang-thiet-bi-y-te,700
779,00015006,BETADINE KIDS NASAL SPRAY 20ML,Xịt mũi Betadine Kids ngăn ngừa virus niêm mạc mũi (20ml),trang-thiet-bi-y-te/betadine-kids-nasal-spray-20-ml.html,,Chai,đ,https://cdn.nhathuoclongchau.com.vn/unsafe/https://cms-prod.s3-sgn09.fptcloud.com/00015006_betadine_kids_nasal_spray_20ml_1718_5b0f_large_222f40aa5c.JPG,,,Betadine,Chai x 20ml,Thiết bị y tế | Dụng cụ y tế,trang-thiet-bi-y-te | trang-thiet-bi-y-te/dung-cu-y-te,True,True,1,0,https://nhathuoclongchau.com.vn/trang-thiet-bi-y-te/betadine-kids-nasal-spray-20-ml.html,trang-thiet-bi-y-te,700
780,00014983,KHẨU TRANG 3D MASK KIDS UNICHARM GÓI 3 CÁI,Khẩu trang trẻ em 3D Mask Kids Unicharm chăm sóc và bảo vệ tối ưu hệ hô hấp nhạy cảm (3 cái),trang-thiet-bi-y-te/khau-trang-3d-mask-kids-3-mieng-unicharm-15206.html,,Gói,đ,https://cdn.nhathuoclongchau.com.vn/unsafe/https://cms-prod.s3-sgn09.fptcloud.com/00014983_khau_trang_3d_mask_kids_3_mieng_unicharm_4541_62b4_large_40b265676e.jpg,"Polyester , Polyolefin , Lớp lọc ",,Unicharm,Gói 3 Cái,Thiết bị y tế | Khẩu trang | Khẩu trang y tế,trang-thiet-bi-y-te | trang-thiet-bi-y-te/khau-trang | trang-thiet-bi-y-te/khau-trang-y-te,True,True,1,0.8762705,https://nhathuoclongchau.com.vn/trang-thiet-bi-y-te/khau-trang-3d-mask-kids-3-mieng-unicharm-15206.html,trang-thiet-bi-y-te,700
781,00014686,DUOMED ĐAI LƯNG LUBAMED MEN SIZE III,"Đai lưng Lumbamed Men Duomed size III Medi chuyên dùng cho bệnh lý thoát vị đĩa đệm, thoái hóa đốt sống",trang-thiet-bi-y-te/duomed-dai-lung-lubamed-men-size-iii-15475.html,,Hộp,đ,https://cdn.nhathuoclongchau.com.vn/unsafe/https://cms-prod.s3-sgn09.fptcloud.com/00014686_duomed_dai_lung_lubamed_men_size_iii_2432_636d_large_0409e24d62.jpg,Vải ,,Duomed,Hộp,Thiết bị y tế | Dụng cụ y tế | Đai lưng,trang-thiet-bi-y-te | trang-thiet-bi-y-te/dung-cu-y-te | trang-thiet-bi-y-te/dai-lung,True,True,1,0,https://nhathuoclongchau.com.vn/trang-thiet-bi-y-te/duomed-dai-lung-lubamed-men-size-iii-15475.html,trang-thiet-bi-y-te,700
782,00014587,QUICKSTICK ONE - STEP PREGNANCY TEST PHAMATECH  - QUE THỬ THAI,Que thử thai điện tử Quickstick One - Step Prehnancy Test Phamatech cho kết quả lên đến 99%,trang-thiet-bi-y-te/quickstick-one-step-prehnancy-test-phamatech-17k-15556.html,,Hộp,đ,https://cdn.nhathuoclongchau.com.vn/unsafe/https://cms-prod.s3-sgn09.fptcloud.com/00014587_quickstick_one_step_prehnancy_test_phamatech_17k_5590_5c98_large_20c16802b4.JPG,,,QUICKSTICK,Hộp,Thiết bị y tế | Dụng cụ theo dõi | Thử thai,trang-thiet-bi-y-te | trang-thiet-bi-y-te/dung-cu-theo-doi | trang-thiet-bi-y-te/thu-thai,True,True,1,1.6709507,https://nhathuoclongchau.com.vn/trang-thiet-bi-y-te/quickstick-one-step-prehnancy-test-phamatech-17k-15556.html,trang-thiet-bi-y-te,700
783,00014443,HEMOPROPIN APIPHARMA 20G,Kem bôi dạng mỡ chứa keo ong Hemopropin ApiPharma giảm kích ứng niêm mạc trực tràng (20g),cham-soc-ca-nhan/hemopropin-20g-15635.html,,Tuýp,đ,https://cdn.nhathuoclongchau.com.vn/unsafe/https://cms-prod.s3-sgn09.fptcloud.com/00014443_hemopropin_20g_2702_5d00_large_87c5e0006f.jpg,"Mỡ , Lanolin Cera , Alcohol , Anthemis Nobilis , Keo Ong , Nước ",,APIPHARMA,Tuýp x 20g,Thiết bị y tế | Dụng cụ y tế,trang-thiet-bi-y-te | trang-thiet-bi-y-te/dung-cu-y-te,True,True,1,0,https://nhathuoclongchau.com.vn/cham-soc-ca-nhan/hemopropin-20g-15635.html,trang-thiet-bi-y-te,700
784,00013693,KHẨU TRANG KISSY SIZE L,"Khẩu trang sợi hoạt tính Kissy size L 3 lớp giúp lọc sạch không khí, ngăn bụi, khí ô nhiễm",trang-thiet-bi-y-te/khau-trang-kissy-l-15894.html,,Hộp,đ,https://cdn.nhathuoclongchau.com.vn/unsafe/https://cms-prod.s3-sgn09.fptcloud.com/00013693_khau_trang_kissy_l_4688_6332_large_2b1eeb8a80.jpg,"sợi hoạt tính , Vải cotton ",,Kissy,Hộp,Thiết bị y tế | Khẩu trang | Khẩu trang vải,trang-thiet-bi-y-te | trang-thiet-bi-y-te/khau-trang | trang-thiet-bi-y-te/khau-trang-vai,True,True,1,0,https://nhathuoclongchau.com.vn/trang-thiet-bi-y-te/khau-trang-kissy-l-15894.html,trang-thiet-bi-y-te,700
785,00011263,URGOSTERILE 20CM X 9CM 20 MIẾNG - BĂNG GẠC,"Băng gạc y tế vô trùng Urgosterile size 20cm x 9cm băng các vết thương khâu, vết trầy xước, vết cắt (20 miếng)",trang-thiet-bi-y-te/bcn-urgosterile-20x9cm-16090.html,,Miếng,đ,https://cdn.nhathuoclongchau.com.vn/unsafe/https://cms-prod.s3-sgn09.fptcloud.com/00011263_bcn_urgosterile_20x9cm_8568_5c90_large_0744deb9b5.JPG,"Polyester , Polyethylene , Acrylic , Ethylene oxide (E.O Gas) ",,Urgo,Hộp 20 Miếng,Thiết bị y tế | Dụng cụ sơ cứu | Băng y tế,trang-thiet-bi-y-te | trang-thiet-bi-y-te/dung-cu-so-cuu | trang-thiet-bi-y-te/bang-y-te,True,True,1,0,https://nhathuoclongchau.com.vn/trang-thiet-bi-y-te/bcn-urgosterile-20x9cm-16090.html,trang-thiet-bi-y-te,700
786,00011036,KHẨU TRANG PERFETTA ULTRA - XANH,"Khẩu trang y tế Perfetta Ultra màu xanh 3 lớp hỗ trợ ngăn khói, bụi (40 hộp x 35 cái)",trang-thiet-bi-y-te/khau-trang-perfetta-ultra-xanh-16203.html,,Hộp,đ,https://cdn.nhathuoclongchau.com.vn/unsafe/https://cms-prod.s3-sgn09.fptcloud.com/00011036_khau_trang_perfetta_ultra_xanh_3643_5c90_large_7c7604fca0.JPG,Vải không dệt PP ,,Perfetta,Thùng 40 hộp x 35 cái,Thiết bị y tế | Khẩu trang | Khẩu trang y tế,trang-thiet-bi-y-te | trang-thiet-bi-y-te/khau-trang | trang-thiet-bi-y-te/khau-trang-y-te,True,True,1,0.8893337,https://nhathuoclongchau.com.vn/trang-thiet-bi-y-te/khau-trang-perfetta-ultra-xanh-16203.html,trang-thiet-bi-y-te,700
787,00010968,ACCU CHEK PERFORMA 50 CÁI - QUE THỬ ĐƯỜNG HUYẾT,Que thử đường huyết Accu-Chek Performa (50 que),trang-thiet-bi-y-te/accu-check-performa-50s-06454011020-16234.html,,Hộp,đ,https://cdn.nhathuoclongchau.com.vn/unsafe/https://cms-prod.s3-sgn09.fptcloud.com/00010968_accu_check_performa_50s_06454011020_6904_62b9_large_c862639126.JPG,"Nhựa PP , Silicon ",,Accu-Chek,Hộp 50 Cái,"Thiết bị y tế | Dụng cụ theo dõi | Máy, que thử đường huyết",trang-thiet-bi-y-te | trang-thiet-bi-y-te/dung-cu-theo-doi | trang-thiet-bi-y-te/may-que-thu-duong-huyet,True,True,1,0,https://nhathuoclongchau.com.vn/trang-thiet-bi-y-te/accu-check-performa-50s-06454011020-16234.html,trang-thiet-bi-y-te,700
788,00010438,"URGOSTERILE 100MM X 70MM, 50'S (NEW)-BĂNG GẠC","Băng gạc Urgosterile size 10cm x 7cm vô trùng, thoáng khí, khả năng thấm hút cao (50 miếng)",trang-thiet-bi-y-te/urgosterile-10cm-x7cm-50s-16441.html,,Cái,đ,https://cdn.nhathuoclongchau.com.vn/unsafe/https://cms-prod.s3-sgn09.fptcloud.com/00010438_urgosterile_10cm_x7cm_50s_2524_5caa_large_353cba7e9f.JPG,"Polyester , Polyethylene , Acrylic , Ethylene oxide (E.O Gas) ",,Urgo,Hộp 50 Cái,Thiết bị y tế | Dụng cụ sơ cứu | Băng y tế,trang-thiet-bi-y-te | trang-thiet-bi-y-te/dung-cu-so-cuu | trang-thiet-bi-y-te/bang-y-te,True,True,1,0,https://nhathuoclongchau.com.vn/trang-thiet-bi-y-te/urgosterile-10cm-x7cm-50s-16441.html,trang-thiet-bi-y-te,700
789,00009679,ENTCLEAR NASAL WASH BOTTLE - BÌNH RỬA MŨI,Bình rửa mũi Entclear Nasal Wash Bottle Hyphens rửa sạch hốc mũi (1 bình),trang-thiet-bi-y-te/entclear-nasal-wash-16625.html,,Hộp,đ,https://cdn.nhathuoclongchau.com.vn/unsafe/https://cms-prod.s3-sgn09.fptcloud.com/00009679_entclear_nasal_wash_5038_5b7f_large_c217a93e55.JPG,"Nhựa PP , Nhựa PE ",Dạng xịt,Hyphens,Hộp,Thiết bị y tế | Dụng cụ y tế | Dụng cụ vệ sinh mũi,trang-thiet-bi-y-te | trang-thiet-bi-y-te/dung-cu-y-te | trang-thiet-bi-y-te/dung-cu-ve-sinh-mui,True,True,1,0,https://nhathuoclongchau.com.vn/trang-thiet-bi-y-te/entclear-nasal-wash-16625.html,trang-thiet-bi-y-te,700
790,00008332,MUỐI BIỂN ENTCLEARPACKETS 20 GÓI,Gói muối biển Entclear Packets Hyphens hỗ trợ rửa sạch hốc mũi (20 gói),trang-thiet-bi-y-te/entclearpackets-20-goi-16713.html,,Hộp,đ,https://cdn.nhathuoclongchau.com.vn/unsafe/https://cms-prod.s3-sgn09.fptcloud.com/00008332_entclearpackets_20_goi_2114_5b4d_large_3ec0a6a81a.JPG,"Sodium Chloride , Khoáng biển , NaCl ",Dạng bọt,Hyphens,Hộp 20 Gói,Thiết bị y tế | Dụng cụ y tế | Dụng cụ vệ sinh mũi,trang-thiet-bi-y-te | trang-thiet-bi-y-te/dung-cu-y-te | trang-thiet-bi-y-te/dung-cu-ve-sinh-mui,True,True,1,0,https://nhathuoclongchau.com.vn/trang-thiet-bi-y-te/entclearpackets-20-goi-16713.html,trang-thiet-bi-y-te,700
791,00007805,VCF BOTANIA 3 FILMS - MÀNG FILMS TRÁNH THAI,Màng phim tránh thai VCF Botania có khả năng diệt tinh trùng mỗi lần giao hợp (3 miếng),trang-thiet-bi-y-te/vcf-danapha-3-films-mang-films-tranh-thai-16766.html,,Hộp,đ,https://cdn.nhathuoclongchau.com.vn/unsafe/https://cms-prod.s3-sgn09.fptcloud.com/00007805_vcf_6485_62af_large_e0abe86734.JPG,Nonoxynol-9  ,,Botania,Hộp,Thiết bị y tế | Dụng cụ y tế | Các dụng cụ và sản phẩm khác,trang-thiet-bi-y-te | trang-thiet-bi-y-te/dung-cu-y-te | trang-thiet-bi-y-te/dung-cu-khac,True,True,1,0,https://nhathuoclongchau.com.vn/trang-thiet-bi-y-te/vcf-danapha-3-films-mang-films-tranh-thai-16766.html,trang-thiet-bi-y-te,700
792,00006226,QUICKSTICK ONE STEP PREGNANCY TEST (MIDSTREAM) - QUE THỬ THAI ĐIỆN TỬ,Que thử thai điện tử QuickStick One-Step Pregnancy Test Phamatech cho kết quả trong 5 phút (1 cái),trang-thiet-bi-y-te/quickstick-one-step-pregnancy-test-16920.html,,Cái,đ,https://cdn.nhathuoclongchau.com.vn/unsafe/https://cms-prod.s3-sgn09.fptcloud.com/00006226_quickstick_one_step_pregnancy_test_8670_62b9_large_4cff5cc9d0.JPG,,,QUICKSTICK,Cái,Thiết bị y tế | Dụng cụ theo dõi | Thử thai,trang-thiet-bi-y-te | trang-thiet-bi-y-te/dung-cu-theo-doi | trang-thiet-bi-y-te/thu-thai,True,True,1,1.573307,https://nhathuoclongchau.com.vn/trang-thiet-bi-y-te/quickstick-one-step-pregnancy-test-16920.html,trang-thiet-bi-y-te,700
793,00005388,KIM NOVOFINE 31G - ĐẦU KIM TIỂU ĐƯỜNG,Đầu kim tiêm tiểu đường Novofine 31g Novo Nordisk dùng cho bút tiêm (100 cây),trang-thiet-bi-y-te/kim-novofine-31g-17018.html,,Cây,đ,https://cdn.nhathuoclongchau.com.vn/unsafe/https://cms-prod.s3-sgn09.fptcloud.com/00005388_kim_novofine_31g_1685_5c8f_large_103fbfba5f.JPG,Thép không gỉ ,,Novo Nordisk,Hộp 100 Cây x 31g,Thiết bị y tế | Dụng cụ y tế | Kim các loại,trang-thiet-bi-y-te | trang-thiet-bi-y-te/dung-cu-y-te | trang-thiet-bi-y-te/kim-cac-loai,True,True,1,0,https://nhathuoclongchau.com.vn/trang-thiet-bi-y-te/kim-novofine-31g-17018.html,trang-thiet-bi-y-te,700
794,00004126,KHẨU TRANG KISSY SIZE M,"Khẩu trang sợi hoạt tính Kissy size M 3 lớp giúp lọc sạch không khí, ngăn bụi, khí ô nhiễm",trang-thiet-bi-y-te/khau-trang-kissy-m-17184.html,,Hộp,đ,https://cdn.nhathuoclongchau.com.vn/unsafe/https://cms-prod.s3-sgn09.fptcloud.com/00004126_khau_trang_kissy_m_2523_6332_large_451b709fb0.jpg,"sợi hoạt tính , Vải cotton ",,Kissy,Hộp,Thiết bị y tế | Khẩu trang | Khẩu trang vải,trang-thiet-bi-y-te | trang-thiet-bi-y-te/khau-trang | trang-thiet-bi-y-te/khau-trang-vai,True,True,1,0,https://nhathuoclongchau.com.vn/trang-thiet-bi-y-te/khau-trang-kissy-m-17184.html,trang-thiet-bi-y-te,700
795,00003498,BÔNG VIÊN ĐA DỤNG BẠCH TUYẾT KOTTON BEAUTY 80G,"Bông viên đa dụng Kotton Beauty Bạch Tuyết làm sạch da, tẩy trang, vệ sinh móng (80g)",trang-thiet-bi-y-te/gon-vien-bach-tuyet-80g-17246.html,,Gói,đ,https://cdn.nhathuoclongchau.com.vn/unsafe/https://cms-prod.s3-sgn09.fptcloud.com/00003498_gon_vien_bach_tuyet_80g_4348_62ad_large_4517a51f0b.jpg,Bông tự nhiên 100%,,Bạch Tuyết,Gói,Thiết bị y tế | Dụng cụ sơ cứu | Bông y tế,trang-thiet-bi-y-te | trang-thiet-bi-y-te/dung-cu-so-cuu | trang-thiet-bi-y-te/bong-y-te,True,True,1,0,https://nhathuoclongchau.com.vn/trang-thiet-bi-y-te/gon-vien-bach-tuyet-80g-17246.html,trang-thiet-bi-y-te,700
796,00003495,GÒN BẠCH TUYẾT 1KG,Bông y tế thấm nước Bạch Tuyết 1kg dùng trong chăm sóc cá nhân và y tế (12 gói),trang-thiet-bi-y-te/gon-bach-tuyet-1kg-17248.html,,Gói,đ,https://cdn.nhathuoclongchau.com.vn/unsafe/https://cms-prod.s3-sgn09.fptcloud.com/00003495_gon_bach_tuyet_1kg_1289_5c8f_large_e596f86f07.JPG,Bông tự nhiên 100%,,Bạch Tuyết,Thùng 12 Gói x 1kg,Thiết bị y tế | Dụng cụ sơ cứu | Bông y tế,trang-thiet-bi-y-te | trang-thiet-bi-y-te/dung-cu-so-cuu | trang-thiet-bi-y-te/bong-y-te,True,True,1,1.4192903000000001,https://nhathuoclongchau.com.vn/trang-thiet-bi-y-te/gon-bach-tuyet-1kg-17248.html,trang-thiet-bi-y-te,700
797,00003251,GĂNG TAY CAO SU Y TẾ TRƠN CÓ BỘT VGLOVE SIZE S - HỘP 100 CÁI,Găng tay cao su y tế trơn có bột VGlove Size S (10 hộp x 100 chiếc),trang-thiet-bi-y-te/gang-tay-vglove-s-17267.html,,Hộp,đ,https://cdn.nhathuoclongchau.com.vn/unsafe/https://cms-prod.s3-sgn09.fptcloud.com/00003251_gang_tay_vglove_s_9018_6198_large_5b8cf78870.jpg,Cao su thiên nhiên 100%,,VGLOVE,Thùng 10 Hộp x 100 Chiếc,Thiết bị y tế | Dụng cụ y tế | Găng tay,trang-thiet-bi-y-te | trang-thiet-bi-y-te/dung-cu-y-te | trang-thiet-bi-y-te/gang-tay,True,True,1,0,https://nhathuoclongchau.com.vn/trang-thiet-bi-y-te/gang-tay-vglove-s-17267.html,trang-thiet-bi-y-te,700
798,00003228,GẠC VASELINE PETROLATUM GAUZE NHP 10 MIẾNG,Gạc Vaseline MiloVas Nam Hùng Phương hỗ trợ bảo vệ vết thương (10 miếng),trang-thiet-bi-y-te/gac-vaselin-17273.html,,Miếng,đ,https://cdn.nhathuoclongchau.com.vn/unsafe/https://cms-prod.s3-sgn09.fptcloud.com/00003228_gac_vaselin_7537_635a_large_ff1f3d4990.jpg,"Vaselin , Polyester ",,Nam Hùng Phương,Hộp 10 Miếng,Thiết bị y tế | Dụng cụ sơ cứu | Băng y tế,trang-thiet-bi-y-te | trang-thiet-bi-y-te/dung-cu-so-cuu | trang-thiet-bi-y-te/bang-y-te,True,True,1,0,https://nhathuoclongchau.com.vn/trang-thiet-bi-y-te/gac-vaselin-17273.html,trang-thiet-bi-y-te,700
799,00001117,BĂNG CÁ NHÂN BAND AID JOHNSON 50 MIẾNG,"Băng cá nhân Johnson's Band-Aid ngừa nhiễm trùng, giúp vết thương mau lành (50 miếng) ",trang-thiet-bi-y-te/bang-ca-nhan-band-aid-johnson-50-mieng-17523.html,,Miếng,đ,https://cdn.nhathuoclongchau.com.vn/unsafe/https://cms-prod.s3-sgn09.fptcloud.com/00001117_bang_ca_nhan_band_aid_9615_5c90_large_8eab88b402.JPG,"Sợi vải , Keo dán ",,Johnson & Johnson,Hộp 50 Miếng,Thiết bị y tế | Dụng cụ sơ cứu | Băng y tế,trang-thiet-bi-y-te | trang-thiet-bi-y-te/dung-cu-so-cuu | trang-thiet-bi-y-te/bang-y-te,True,True,1,0,https://nhathuoclongchau.com.vn/trang-thiet-bi-y-te/bang-ca-nhan-band-aid-johnson-50-mieng-17523.html,trang-thiet-bi-y-te,700
800,00001087,"BABYHALER - BUỒNG ĐỆM, BUỒNG HÍT HEN SUYỄN CHO TRẺ",Buồng đệm hít Babyhaler Philips giảm thiểu hao hụt thuốc hỗ trợ bệnh nhân hen suyễn (1 cái),trang-thiet-bi-y-te/babyhaler-buong-dem-buong-hit-hen-suyen-cho-tre-17526.html,,Cái,đ,https://cdn.nhathuoclongchau.com.vn/unsafe/https://cms-prod.s3-sgn09.fptcloud.com/00001087_babyhaler_4082_5cb5_large_020562d39e.JPG,"Polypropylene , Silicon , Polycarbonate , cao su silicon ",,PHILIPS,Hộp 1 Cái,Thiết bị y tế | Dụng cụ y tế | Các dụng cụ và sản phẩm khác,trang-thiet-bi-y-te | trang-thiet-bi-y-te/dung-cu-y-te | trang-thiet-bi-y-te/dung-cu-khac,True,True,1,0,https://nhathuoclongchau.com.vn/trang-thiet-bi-y-te/babyhaler-buong-dem-buong-hit-hen-suyen-cho-tre-17526.html,trang-thiet-bi-y-te,700
801,00000584,GẠC TẨM CỒN ALCOHOL PADS GREETMED HỘP 100 MIẾNG,Gạc tẩm cồn Alcohol Pads Greetmed làm sạch da và chống lại vi khuẩn (100 miếng),trang-thiet-bi-y-te/alcohol-pads-17558.html,,Hộp,đ,https://cdn.nhathuoclongchau.com.vn/unsafe/https://cms-prod.s3-sgn09.fptcloud.com/00000584_alcohol_pads_9979_5f80_large_19a5af212c.jpg,Isopropyl Alcohol 70%,,GREETMED,Hộp,"Thiết bị y tế | Dụng cụ sơ cứu | Cồn, nước sát trùng, nước muối",trang-thiet-bi-y-te | trang-thiet-bi-y-te/dung-cu-so-cuu | trang-thiet-bi-y-te/con-va-nuoc-sat-trung,True,True,1,1.6625584,https://nhathuoclongchau.com.vn/trang-thiet-bi-y-te/alcohol-pads-17558.html,trang-thiet-bi-y-te,800
802,00016794,DUOMED ĐAI LƯNG LUBAMED MEN SIZE IV,"Đai lưng Lumbamed Men Duomed size IV Medi chuyên dùng cho bệnh lý thoát vị đĩa đệm, thoái hóa đốt sống",trang-thiet-bi-y-te/duomed-dai-lung-lubamed-men-size-iv-18121.html,,Hộp,đ,https://cdn.nhathuoclongchau.com.vn/unsafe/https://cms-prod.s3-sgn09.fptcloud.com/00016794_duomed_dai_lung_lubamed_men_size_iv_4122_636d_large_1f2d2c5b60.jpg,,,Duomed,Hộp,Thiết bị y tế | Dụng cụ y tế | Đai lưng,trang-thiet-bi-y-te | trang-thiet-bi-y-te/dung-cu-y-te | trang-thiet-bi-y-te/dai-lung,True,True,1,0,https://nhathuoclongchau.com.vn/trang-thiet-bi-y-te/duomed-dai-lung-lubamed-men-size-iv-18121.html,trang-thiet-bi-y-te,800
803,00017561,CHIP CHIPS 1 TEST TANAPHAR - QUE THỬ THAI,Dụng cụ phát hiện thai sớm Chip-Chips Tanaphar sau giao hợp 7 - 10 ngày (12 que),trang-thiet-bi-y-te/chip-chips-1-test-que-thu-thai-tanaphar-18914.html,,Hộp,đ,https://cdn.nhathuoclongchau.com.vn/unsafe/https://cms-prod.s3-sgn09.fptcloud.com/00017561_chip_chips_1_test_que_thu_thai_tanaphar_1174_5b0f_large_e3586da591.JPG,Kháng thể kháng β-hCG ,,Tanaphar,Hộp,Thiết bị y tế | Dụng cụ theo dõi | Thử thai,trang-thiet-bi-y-te | trang-thiet-bi-y-te/dung-cu-theo-doi | trang-thiet-bi-y-te/thu-thai,True,True,1,0,https://nhathuoclongchau.com.vn/trang-thiet-bi-y-te/chip-chips-1-test-que-thu-thai-tanaphar-18914.html,trang-thiet-bi-y-te,800
804,00017773,GĂNG TAY HTC GLOVES LATEX CÓ BỘT SIZE M,Găng tay cao su y tế có bột HTC Gloves Latex Size M (100 chiếc),trang-thiet-bi-y-te/htc-gloves-100-chiec-gang-tay-cao-su-y-te-co-bot-19129.html,,Hộp,đ,https://cdn.nhathuoclongchau.com.vn/unsafe/https://cms-prod.s3-sgn09.fptcloud.com/00017773_htc_gloves_100_chiec_gang_tay_cao_su_y_te_co_bot_1492_60c8_large_6c5d60ffd9.jpg,,,,Hộp 100 Chiếc,Thiết bị y tế | Dụng cụ y tế | Găng tay,trang-thiet-bi-y-te | trang-thiet-bi-y-te/dung-cu-y-te | trang-thiet-bi-y-te/gang-tay,True,True,1,0.8501295,https://nhathuoclongchau.com.vn/trang-thiet-bi-y-te/htc-gloves-100-chiec-gang-tay-cao-su-y-te-co-bot-19129.html,trang-thiet-bi-y-te,800
805,00017803,QUE THỬ ĐƯỜNG HUYẾT MEDIUSA - TS3300 25 CÁI (ĐỎ),Que thử đường huyết MediUSA TS3300 dùng cho máy đo đương huyết GM3300 kiểm tra nồng độ đường trong máu (25 cái),trang-thiet-bi-y-te/blood-glucose-test-strips-ts3300-mediusa-25s-que-thu-duong-huyet-19160.html,,Hộp,đ,https://cdn.nhathuoclongchau.com.vn/unsafe/https://cms-prod.s3-sgn09.fptcloud.com/00017803_blood_glucose_test_strips_ts3300_mediusa_25s_que_thu_duong_huyet_6320_62b9_large_7637f1566b.JPG,Glucose Oxidase 20iu,,MediUSA,Hộp 25 Cái,"Thiết bị y tế | Dụng cụ theo dõi | Máy, que thử đường huyết",trang-thiet-bi-y-te | trang-thiet-bi-y-te/dung-cu-theo-doi | trang-thiet-bi-y-te/may-que-thu-duong-huyet,True,True,1,0,https://nhathuoclongchau.com.vn/trang-thiet-bi-y-te/blood-glucose-test-strips-ts3300-mediusa-25s-que-thu-duong-huyet-19160.html,trang-thiet-bi-y-te,800
806,00017998,GILAN COMFORT SOLOPHARM 30 ỐNG X 0.4ML - NHỎ MẮT,"Dung dịch nhỏ mắt Gilan Comfort Solopharm 0.4ml điều trị khô mắt, hội chứng Stevens Johnson (30 ống)",trang-thiet-bi-y-te/gilan-comfort-solopharm-30-ong-x-04ml-dd-nho-mat-boi-tron-bao-ve-mat-19345.html,,Hộp,đ,https://cdn.nhathuoclongchau.com.vn/unsafe/https://cms-prod.s3-sgn09.fptcloud.com/00017998_gilan_comfort_solopharm_30_ong_x_04ml_dd_nho_mat_boi_tron_bao_ve_mat_8307_62b5_large_b0f760d5e4.jpg,"Natri hyaluronat 1.8mg, Nước cất , Sorbitol , Dibasic Natri Phosphat , Natri hydroxide , Natri clorid , Kali clorid ",,Solopharm,Hộp 30 Ống,Thiết bị y tế | Dụng cụ y tế | Các dụng cụ và sản phẩm khác,trang-thiet-bi-y-te | trang-thiet-bi-y-te/dung-cu-y-te | trang-thiet-bi-y-te/dung-cu-khac,True,True,1,0,https://nhathuoclongchau.com.vn/trang-thiet-bi-y-te/gilan-comfort-solopharm-30-ong-x-04ml-dd-nho-mat-boi-tron-bao-ve-mat-19345.html,trang-thiet-bi-y-te,800
807,00018067,BÓNG BÓP TRỢ THỞ AMPU GREETMED - SIZE NGƯỜI LỚN,Bóp bóng Oxy Manual Resuscitator Greetmed hỗ trợ cấp cứu người bệnh tại chỗ (1 cái),trang-thiet-bi-y-te/manual-resuscitator-greetmed-bop-bong-oxy-19411.html,,Cái,đ,https://cdn.nhathuoclongchau.com.vn/unsafe/https://cms-prod.s3-sgn09.fptcloud.com/00018067_manual_resuscitator_greetmed_bop_bong_oxy_6198_614a_large_77cd2b1c00.jpg,,,GREETMED,Cái,Thiết bị y tế | Dụng cụ y tế | Các dụng cụ và sản phẩm khác,trang-thiet-bi-y-te | trang-thiet-bi-y-te/dung-cu-y-te | trang-thiet-bi-y-te/dung-cu-khac,True,True,1,0.6437928,https://nhathuoclongchau.com.vn/trang-thiet-bi-y-te/manual-resuscitator-greetmed-bop-bong-oxy-19411.html,trang-thiet-bi-y-te,800
808,00018269,XỊT MŨI BETADINE KIDS 1+ NASAL SPRAY 20ML,Xịt mũi Betadine Cold Defense Nasal Spray Kids 1+ 20ml dùng cho cảm cúm trẻ em,trang-thiet-bi-y-te/betadine-kids-1-nasal-spray-20ml-19594.html,,Chai,đ,https://cdn.nhathuoclongchau.com.vn/unsafe/https://cms-prod.s3-sgn09.fptcloud.com/00018269_betadine_kids_1_nasal_spray_20ml_5133_5c16_large_8f73a8bac9.JPG,Muối biển tinh chế ,,Betadine,Chai x 20ml,Thiết bị y tế | Dụng cụ y tế | Dụng cụ vệ sinh mũi,trang-thiet-bi-y-te | trang-thiet-bi-y-te/dung-cu-y-te | trang-thiet-bi-y-te/dung-cu-ve-sinh-mui,True,True,1,0,https://nhathuoclongchau.com.vn/trang-thiet-bi-y-te/betadine-kids-1-nasal-spray-20ml-19594.html,trang-thiet-bi-y-te,800
809,00018633,BÔNG TẨM CỒN TANAPHAR 100 MIẾNG,Bông tẩm cồn Alcohol Swabs Tanaphar làm sạch và khử trùng da trước khi tiêm (100 miếng),trang-thiet-bi-y-te/bong-tam-con-tanaphar-100-mieng-19945.html,,Hộp,đ,https://cdn.nhathuoclongchau.com.vn/unsafe/https://cms-prod.s3-sgn09.fptcloud.com/00018633_bong_tam_con_tanaphar_100_mieng_3941_5bd1_large_1057d3b4a0.JPG,"Bông tự nhiên , Alcohol ",,Tanaphar,Hộp 100 Miếng,"Thiết bị y tế | Dụng cụ sơ cứu | Cồn, nước sát trùng, nước muối",trang-thiet-bi-y-te | trang-thiet-bi-y-te/dung-cu-so-cuu | trang-thiet-bi-y-te/con-va-nuoc-sat-trung,True,True,1,0,https://nhathuoclongchau.com.vn/trang-thiet-bi-y-te/bong-tam-con-tanaphar-100-mieng-19945.html,trang-thiet-bi-y-te,800
810,00018743,VENOFIX A G23 0.65X20MM B.BRAUN 50 CÁI - KIM CÁNH BƯỚM,Kim cánh bướm Venofix A G23 0.65 x 20mm B.Braun (50 cái),trang-thiet-bi-y-te/venofix-a-g23-065x20mm-bbraun-50-cai-kim-canh-buom-20046.html,,Hộp,đ,https://cdn.nhathuoclongchau.com.vn/unsafe/https://cms-prod.s3-sgn09.fptcloud.com/5345c660f9a65ff806b7_496c61cf78.jpg,Thép không gỉ ,,B.Braun,Hộp 50 Cái,Thiết bị y tế | Dụng cụ y tế | Kim các loại,trang-thiet-bi-y-te | trang-thiet-bi-y-te/dung-cu-y-te | trang-thiet-bi-y-te/kim-cac-loai,True,True,1,0,https://nhathuoclongchau.com.vn/trang-thiet-bi-y-te/venofix-a-g23-065x20mm-bbraun-50-cai-kim-canh-buom-20046.html,trang-thiet-bi-y-te,800
811,00020060,ZILGO NEW 1.9X7.2CM NEW BODY CARE 102 MIẾNG,Băng dính cá nhân Zilgo 1.9 x 7.2cm New Body Care (102 miếng),trang-thiet-bi-y-te/zilgo-new-19x72cm-new-body-care-102-mieng-20359.html,,Hộp,đ,https://cdn.nhathuoclongchau.com.vn/unsafe/https://cms-prod.s3-sgn09.fptcloud.com/00020060_zilgo_new_19x72cm_new_body_care_102_mieng_9388_6128_large_4bb33df91a.jpg,bông cellulose ,,New Body Care,Hộp 102 Miếng,Thiết bị y tế | Dụng cụ sơ cứu | Băng y tế,trang-thiet-bi-y-te | trang-thiet-bi-y-te/dung-cu-so-cuu | trang-thiet-bi-y-te/bang-y-te,True,True,1,0,https://nhathuoclongchau.com.vn/trang-thiet-bi-y-te/zilgo-new-19x72cm-new-body-care-102-mieng-20359.html,trang-thiet-bi-y-te,800
812,00020614,3-WAY STOP COCK GREETMED 50S - KHÓA 3 VAN,"Khoá 3 van Greetmed dùng để kết nối, điều chỉnh dịch truyền hoặc thuốc vào đường tĩnh mạch (50 cái)",trang-thiet-bi-y-te/3-way-stop-cock-greetmed-50-s-khoa-3-van.html,,Hộp,đ,https://cdn.nhathuoclongchau.com.vn/unsafe/https://cms-prod.s3-sgn09.fptcloud.com/Disposable_Single_Use_Three_Way_Stopcock_Connector_Valve_for_Singe_Use_Big_L_Size_and_Small_S_Size_with_Luer_Lock_04d2caf7e7.png,,,GREETMED,Hộp 50 cái,Thiết bị y tế | Dụng cụ y tế | Kim các loại,trang-thiet-bi-y-te | trang-thiet-bi-y-te/dung-cu-y-te | trang-thiet-bi-y-te/kim-cac-loai,True,True,1,0,https://nhathuoclongchau.com.vn/trang-thiet-bi-y-te/3-way-stop-cock-greetmed-50-s-khoa-3-van.html,trang-thiet-bi-y-te,800
813,00020856,NƯỚC MẮT NHÂN TẠO AVIZOR LACRIFRESH MOISTURE 0.10% 15ML,"Dung dịch nhỏ mắt Avizor Lacrifresh 0.10% làm dịu các triệu chứng ngứa, khô và mỏi mắt (15ml)",trang-thiet-bi-y-te/lacrifresh-moisture-01-avizor-15ml-21206.html,,Hộp,đ,https://cdn.nhathuoclongchau.com.vn/unsafe/https://cms-prod.s3-sgn09.fptcloud.com/00020856_lacrifresh_moisture_01_avizor_15ml_1320_5f74_large_b3ae3ac800.jpg,"Dung dịch đẳng trương , Nước (aqua) , EDTA 0.1%, Polyhexanide 0.0001%, Hyaluronate 0.1%",,Avizor,Hộp x 15ml,Thiết bị y tế | Dụng cụ y tế | Các dụng cụ và sản phẩm khác,trang-thiet-bi-y-te | trang-thiet-bi-y-te/dung-cu-y-te | trang-thiet-bi-y-te/dung-cu-khac,True,True,1,0,https://nhathuoclongchau.com.vn/trang-thiet-bi-y-te/lacrifresh-moisture-01-avizor-15ml-21206.html,trang-thiet-bi-y-te,800
814,00021274,GEL VENOCONTRACT GEL BENOSTAN 75ML - GEL BÔI SUY GIÃN TĨNH MẠCH,"Gel Venocontract Benostan hỗ trợ điều trị rối loạn tuần hoàn chi dưới, suy giãn tĩnh mạch (75ml)",trang-thiet-bi-y-te/venocontract-gel-benostan-75ml-21618.html,,Tuýp,đ,https://cdn.nhathuoclongchau.com.vn/unsafe/https://cms-prod.s3-sgn09.fptcloud.com/smalls/00021274_venocontract_gel_benostan_75ml_7179_60a7_large_410490fee2.jpg,Chiết xuất lá bạc hà ,Nhũ tương (Gel),Benostan,Tuýp x 75ml,Thiết bị y tế | Dụng cụ y tế | Các dụng cụ và sản phẩm khác,trang-thiet-bi-y-te | trang-thiet-bi-y-te/dung-cu-y-te | trang-thiet-bi-y-te/dung-cu-khac,True,True,1,0,https://nhathuoclongchau.com.vn/trang-thiet-bi-y-te/venocontract-gel-benostan-75ml-21618.html,trang-thiet-bi-y-te,800
815,00021332,CỒN 90 ĐỘ VP 1000ML - XANH,Cồn 90 độ VP màu xanh hỗ trợ tiệt trùng các dụng cụ y tế (1000ml),trang-thiet-bi-y-te/con-90-do-vp-1000ml-xanh-21691.html,,Chai,đ,https://cdn.nhathuoclongchau.com.vn/unsafe/https://cms-prod.s3-sgn09.fptcloud.com/00021332_con_90_do_vp_1000ml_xanh_4746_6128_large_150f77abd5.jpg,,,,Chai x 1000ml,"Thiết bị y tế | Dụng cụ sơ cứu | Cồn, nước sát trùng, nước muối",trang-thiet-bi-y-te | trang-thiet-bi-y-te/dung-cu-so-cuu | trang-thiet-bi-y-te/con-va-nuoc-sat-trung,True,True,1,0,https://nhathuoclongchau.com.vn/trang-thiet-bi-y-te/con-90-do-vp-1000ml-xanh-21691.html,trang-thiet-bi-y-te,800
816,00021434,HEALIT VHPHARMA 15G - GEL TRỊ VẾT THƯƠNG HỞ,Gel Healit VHPharma thúc đẩy nhanh quá trình lành vết thương (15g),trang-thiet-bi-y-te/healit-vhpharma-15g-gel-tri-vet-thuong-ho-21792.html,,Tuýp,đ,https://cdn.nhathuoclongchau.com.vn/unsafe/https://cms-prod.s3-sgn09.fptcloud.com/00021434_healit_vhpharma_15g_gel_tri_vet_thuong_ho_1470_60c8_large_36613eadf6.jpg,"Nước cất 44%, Copolymer 2-hydroxyethyl methacrylate 10%, Macrogol 300 46%",,VH PHARMA,Tuýp,Thiết bị y tế | Dụng cụ sơ cứu | Chăm sóc vết thương,trang-thiet-bi-y-te | trang-thiet-bi-y-te/dung-cu-so-cuu | trang-thiet-bi-y-te/cham-soc-vet-thuong,True,True,1,0,https://nhathuoclongchau.com.vn/trang-thiet-bi-y-te/healit-vhpharma-15g-gel-tri-vet-thuong-ho-21792.html,trang-thiet-bi-y-te,800
817,00021960,NƯỚC BIỂN SÂU NHỎ MŨI XISAT TRẺ EM 15ML,Nước biển sâu Xisat nhỏ sạch thông mũi cho trẻ sơ sinh (15ml),trang-thiet-bi-y-te/nuoc-bien-sau-nho-mui-xisat-tre-em-15ml-22305.html,,Chai,đ,https://cdn.nhathuoclongchau.com.vn/unsafe/https://cms-prod.s3-sgn09.fptcloud.com/00021960_nuoc_bien_sau_nho_mui_xisat_tre_em_15ml_7735_60c8_large_1f7bc9bbab.jpg,Nước biển sâu ,,XISAT,Chai x 15ml,Thiết bị y tế | Dụng cụ y tế | Các dụng cụ và sản phẩm khác,trang-thiet-bi-y-te | trang-thiet-bi-y-te/dung-cu-y-te | trang-thiet-bi-y-te/dung-cu-khac,True,True,1,0.8,https://nhathuoclongchau.com.vn/trang-thiet-bi-y-te/nuoc-bien-sau-nho-mui-xisat-tre-em-15ml-22305.html,trang-thiet-bi-y-te,800
818,00022742,XỊT PHUN SƯƠNG VỆ SINH TAI RAYSTAN 12ML,"Phun sương vệ sinh tai Raystan sạch ráy, hết ngứa (12ml)",trang-thiet-bi-y-te/xit-phun-suong-ve-sinh-tai-raystan-dai-bac-12ml-23065.html,,Hộp,đ,https://cdn.nhathuoclongchau.com.vn/unsafe/https://cms-prod.s3-sgn09.fptcloud.com/00022742_xit_phun_suong_ve_sinh_tai_raystan_dai_bac_12ml_3362_5e8c_large_50b78e52f9.JPG,"natri bicarbonate , Glycerol , Tá dược vừa đủ , Nước cất , Benzalkonium clorid ",Dạng xịt,Đại Bắc,Hộp 1 Chai x 12ml,Thiết bị y tế | Dụng cụ y tế | Dụng cụ vệ sinh tai,trang-thiet-bi-y-te | trang-thiet-bi-y-te/dung-cu-y-te | trang-thiet-bi-y-te/dung-cu-ve-sinh-tai,True,True,1,0,https://nhathuoclongchau.com.vn/trang-thiet-bi-y-te/xit-phun-suong-ve-sinh-tai-raystan-dai-bac-12ml-23065.html,trang-thiet-bi-y-te,800
819,00027476,GẠC Y TẾ BẢO THẠCH 5CMX5CMX8LỚP 10 MIẾNG,"Gạc y tế 5cm x 5cm x 8 lớp Bảo Thạch làm sạch các vết thương nhỏ, thấm máu và dịch tiết (10 miếng)",trang-thiet-bi-y-te/gac-y-te-bao-thach-5cmx5cmx8lop-10-mieng-27796.html,,Gói,đ,https://cdn.nhathuoclongchau.com.vn/unsafe/https://cms-prod.s3-sgn09.fptcloud.com/00027476_gac_y_te_bao_thach_5cmx5cmx8lop_10_mieng_1286_60b9_large_1e877ee135.jpg,,,Bảo Thạch,Gói 10 Miếng,Thiết bị y tế | Dụng cụ sơ cứu | Băng y tế,trang-thiet-bi-y-te | trang-thiet-bi-y-te/dung-cu-so-cuu | trang-thiet-bi-y-te/bang-y-te,True,True,1,0,https://nhathuoclongchau.com.vn/trang-thiet-bi-y-te/gac-y-te-bao-thach-5cmx5cmx8lop-10-mieng-27796.html,trang-thiet-bi-y-te,800
820,00027934,CLINCARE S.H OPODIS 70ML-XỊT SÁT KHUẨN TAY,"Sát khuẩn tay nhanh Clincare Opodis Pharma tiêu diệt 99,99% vi khuẩn, sát khuẩn tay nhanh (70ml)",trang-thiet-bi-y-te/clincare-s-h-opodis-70-ml-xit-sat-khuan-tay.html,,Chai,đ,https://cdn.nhathuoclongchau.com.vn/unsafe/https://cms-prod.s3-sgn09.fptcloud.com/00027934_clincare_sh_opodis_70ml_xit_sat_khuan_tay_2512_5e99_large_6203b919e6.JPG,"Ethanol 76%, Chlorhexidine Gluconate Solution 0.5%, Tá dược vừa đủ ",,Opodis Pharma,Chai,"Thiết bị y tế | Dụng cụ sơ cứu | Cồn, nước sát trùng, nước muối",trang-thiet-bi-y-te | trang-thiet-bi-y-te/dung-cu-so-cuu | trang-thiet-bi-y-te/con-va-nuoc-sat-trung,True,True,1,0,https://nhathuoclongchau.com.vn/trang-thiet-bi-y-te/clincare-s-h-opodis-70-ml-xit-sat-khuan-tay.html,trang-thiet-bi-y-te,800
821,00028410,GĂNG TAY HTC GLOVES LATEX CÓ BỘT SIZE L,Găng tay cao su y tế có bột HTC Gloves Latex Size L (100 chiếc),trang-thiet-bi-y-te/gang-tay-htc-gloves-latex-co-bot-size-l-28715.html,,Hộp,đ,https://cdn.nhathuoclongchau.com.vn/unsafe/https://cms-prod.s3-sgn09.fptcloud.com/00028410_gang_tay_htc_gloves_latex_co_bot_size_l_3951_6123_large_24244ed767.jpg,Cao su thiên nhiên ,,HTC,Hộp 100 Chiếc,Thiết bị y tế | Dụng cụ y tế | Găng tay,trang-thiet-bi-y-te | trang-thiet-bi-y-te/dung-cu-y-te | trang-thiet-bi-y-te/gang-tay,True,True,1,0,https://nhathuoclongchau.com.vn/trang-thiet-bi-y-te/gang-tay-htc-gloves-latex-co-bot-size-l-28715.html,trang-thiet-bi-y-te,800
822,00028598,NHIỆT KẾ ĐO THÂN NHIỆT AURORA HMP 1006,Nhiệt kế đo thân nhiệt Aurora HMP 1006 có vạch chia độ rõ nét,trang-thiet-bi-y-te/aurora-nhiet-ke-do-than-nhiet-28902.html,,Cái,đ,https://cdn.nhathuoclongchau.com.vn/unsafe/https://cms-prod.s3-sgn09.fptcloud.com/00028598_aurora_nhiet_ke_do_than_nhiet_2300_6128_large_35594aa2cd.jpg,Thành phần khác ,,Aurora,Cái,Thiết bị y tế | Dụng cụ theo dõi | Nhiệt kế,trang-thiet-bi-y-te | trang-thiet-bi-y-te/dung-cu-theo-doi | trang-thiet-bi-y-te/nhiet-ke,True,True,1,0.5,https://nhathuoclongchau.com.vn/trang-thiet-bi-y-te/aurora-nhiet-ke-do-than-nhiet-28902.html,trang-thiet-bi-y-te,800
823,00028683,OMRON HEM 7156 - MÁY ĐO HUYẾT ÁP BẮP TAY TỰ ĐỘNG,"Máy đo huyết áp bắp tay tự động Omron HEM-7156 đo ở bắp tay, lưu 60 kết quả đo kèm ngày giờ",trang-thiet-bi-y-te/omron-hem-7156-may-do-huyet-ap-tu-dong-28986.html,,Hộp,đ,https://cdn.nhathuoclongchau.com.vn/unsafe/https://cms-prod.s3-sgn09.fptcloud.com/00028683_omron_hem_7156_may_do_huyet_ap_tu_dong_2788_62e8_large_f8c2cd1e07.jpg,Nhựa tổng hợp  ,,OMRON,Hộp,Thiết bị y tế | Dụng cụ theo dõi | Máy đo huyết áp,trang-thiet-bi-y-te | trang-thiet-bi-y-te/dung-cu-theo-doi | trang-thiet-bi-y-te/may-do-huyet-ap,True,True,1,1.3733347,https://nhathuoclongchau.com.vn/trang-thiet-bi-y-te/omron-hem-7156-may-do-huyet-ap-tu-dong-28986.html,trang-thiet-bi-y-te,800
824,00028720,BỘ TRANG PHỤC PHÒNG DỊCH 7 MÓN BẢO THẠCH - XANH,Bộ trang phục phòng dịch 7 món Bảo Thạch bảo vệ cơ thể khỏi xâm nhập của virus,trang-thiet-bi-y-te/bo-trang-phuc-phong-dich-7-mon-bao-thach-xanh-29017.html,,Bộ,đ,https://cdn.nhathuoclongchau.com.vn/unsafe/https://cms-prod.s3-sgn09.fptcloud.com/00028720_bo_trang_phuc_phong_dich_7_mon_bao_thach_xanh_4599_6128_large_42ead69a3d.jpg,,,Bảo Thạch,Bộ,Thiết bị y tế | Dụng cụ y tế | Các dụng cụ và sản phẩm khác,trang-thiet-bi-y-te | trang-thiet-bi-y-te/dung-cu-y-te | trang-thiet-bi-y-te/dung-cu-khac,True,True,1,0.8705991,https://nhathuoclongchau.com.vn/trang-thiet-bi-y-te/bo-trang-phuc-phong-dich-7-mon-bao-thach-xanh-29017.html,trang-thiet-bi-y-te,800
825,00028861,KHẨU TRANG Y TẾ CAO SU VN 4 LỚP,"Khẩu trang y tế Công Nghệ Cao Su Việt Nam 4 lớp hỗ trợ ngăn khói, bụi, kháng khuẩn (50 cái)",trang-thiet-bi-y-te/khau-trang-y-te-cao-su-vn-4-lop-29155.html,,Hộp,đ,https://cdn.nhathuoclongchau.com.vn/unsafe/https://cms-prod.s3-sgn09.fptcloud.com/00028861_khau_trang_y_te_cncs_4_lop_50_cai_3934_62b9_large_b3b2e21d6f.JPG,"Vải không dệt PP , Vải lọc thấu khí , Thanh nẹp mũi bằng nhựa , Dây đeo có tính đàn hồi ",,Công Nghệ Cao Su Việt Nam,Hộp 50 Cái,Thiết bị y tế | Khẩu trang | Khẩu trang y tế,trang-thiet-bi-y-te | trang-thiet-bi-y-te/khau-trang | trang-thiet-bi-y-te/khau-trang-y-te,True,True,1,0.9156354,https://nhathuoclongchau.com.vn/trang-thiet-bi-y-te/khau-trang-y-te-cao-su-vn-4-lop-29155.html,trang-thiet-bi-y-te,800
826,00028862,KHẨU TRANG Y TẾ CAO SU VN 3 LỚP,"Khẩu trang y tế Cao Su VN 3 lớp hỗ trợ ngăn khói, bụi, kháng khuẩn (50 cái)",trang-thiet-bi-y-te/khau-trang-y-te-cncs-3-lop-50-cai-29156.html,,Hộp,đ,https://cdn.nhathuoclongchau.com.vn/unsafe/https://cms-prod.s3-sgn09.fptcloud.com/00028862_khau_trang_y_te_cncs_3_lop_50_cai_6002_5fc8_large_8f062f606c.JPG,"Vải không dệt PP , Vải lọc thấu khí , Thanh nẹp mũi bằng nhựa , Dây đeo có tính đàn hồi ",,Công Nghệ Cao Su Việt Nam,Hộp 50 cái,Thiết bị y tế | Khẩu trang | Khẩu trang y tế,trang-thiet-bi-y-te | trang-thiet-bi-y-te/khau-trang | trang-thiet-bi-y-te/khau-trang-y-te,True,True,1,0.8616648,https://nhathuoclongchau.com.vn/trang-thiet-bi-y-te/khau-trang-y-te-cncs-3-lop-50-cai-29156.html,trang-thiet-bi-y-te,800
827,00028884,TÚI CHƯỜM FASHY CỔ ĐIỂN,Túi chườm nóng lạnh Fashy GMBH cổ điển dung tích 2 lít (1 cái),trang-thiet-bi-y-te/tui-chuom-fashy-co-dien-xanh-la-29175.html,,Cái,đ,https://cdn.nhathuoclongchau.com.vn/unsafe/https://cms-prod.s3-sgn09.fptcloud.com/00028884_tui_chuom_fashy_co_dien_xanh_la_5942_5fb6_large_d8dd796136.jpg,Nhựa PVC không mùi ,,Fashy GmbH,Cái,Thiết bị y tế | Dụng cụ y tế | Túi chườm,trang-thiet-bi-y-te | trang-thiet-bi-y-te/dung-cu-y-te | trang-thiet-bi-y-te/tui-chuom,True,True,1,0,https://nhathuoclongchau.com.vn/trang-thiet-bi-y-te/tui-chuom-fashy-co-dien-xanh-la-29175.html,trang-thiet-bi-y-te,800
828,00028880,TÚI CHƯỜM FASHY BỌC LÔNG CỪU TRẺ EM,"Túi chườm nóng lạnh bọc lông cừu cho trẻ Fashy GMBH hỗ trợ chườm lạnh, giữ ấm cho trẻ (1 cái)",trang-thiet-bi-y-te/tui-chuom-fashy-boc-long-cuu-tre-em-hong-29184.html,,Cái,đ,https://cdn.nhathuoclongchau.com.vn/unsafe/https://cms-prod.s3-sgn09.fptcloud.com/00028880_tui_chuom_fashy_boc_long_cuu_tre_em_hong_2089_60d2_large_ce4cd1c84c.jpg,"Cotton 80%, Polyester 20%, Nhựa PVC không mùi ",,Fashy GmbH,Cái,Thiết bị y tế | Dụng cụ y tế | Túi chườm,trang-thiet-bi-y-te | trang-thiet-bi-y-te/dung-cu-y-te | trang-thiet-bi-y-te/tui-chuom,True,True,1,0,https://nhathuoclongchau.com.vn/trang-thiet-bi-y-te/tui-chuom-fashy-boc-long-cuu-tre-em-hong-29184.html,trang-thiet-bi-y-te,800
829,00028882,TÚI CHƯỜM FASHY BỌC LÔNG CỪU,"Túi chườm nóng lạnh bọc lông cừu Fashy GMBH dung tích 2 lít hỗ trợ chườm lạnh, giữ ấm (1 cái)",trang-thiet-bi-y-te/tui-chuom-fashy-boc-long-cuu-xam-29186.html,,Cái,đ,https://cdn.nhathuoclongchau.com.vn/unsafe/https://cms-prod.s3-sgn09.fptcloud.com/00028882_tui_chuom_fashy_boc_long_cuu_xam_1391_62ae_large_da1cc7b62f.jpg,"Vải Fleece (vải lông cừu) , Nhựa PVC không mùi ",,Fashy GmbH,Cái,Thiết bị y tế | Dụng cụ y tế | Túi chườm,trang-thiet-bi-y-te | trang-thiet-bi-y-te/dung-cu-y-te | trang-thiet-bi-y-te/tui-chuom,True,True,1,0,https://nhathuoclongchau.com.vn/trang-thiet-bi-y-te/tui-chuom-fashy-boc-long-cuu-xam-29186.html,trang-thiet-bi-y-te,800
830,00029189,KIM TIÊM SỬ DỤNG 1 LẦN 18G VINAHANKOOK X 100 CÁI,Kim tiêm 18G Vinahankook (100 Cái),trang-thiet-bi-y-te/kim-tiem-su-dung-1-lan-18g-vinahankook-x-100-cai-29455.html,,Hộp,đ,https://cdn.nhathuoclongchau.com.vn/unsafe/https://cms-prod.s3-sgn09.fptcloud.com/00029189_kim_tiem_su_dung_1_lan_18g_vinahankook_x_100_cai_8032_6123_large_bd6e50f6da.jpg,Thép không gỉ ,,VINAHANKOOK,Hộp 100 Cái,Thiết bị y tế | Dụng cụ y tế | Kim các loại,trang-thiet-bi-y-te | trang-thiet-bi-y-te/dung-cu-y-te | trang-thiet-bi-y-te/kim-cac-loai,True,True,1,0,https://nhathuoclongchau.com.vn/trang-thiet-bi-y-te/kim-tiem-su-dung-1-lan-18g-vinahankook-x-100-cai-29455.html,trang-thiet-bi-y-te,800
831,00029236,KHẨU TRANG Y TẾ MAY 10 PRO+ 3 LỚP,Khẩu trang y tế May 10 Pro+ 3 lớp dùng để ngăn bụi khói,trang-thiet-bi-y-te/khau-trang-y-te-may-10-pro-3-lop-50-cai-29502.html,,Hộp,đ,https://cdn.nhathuoclongchau.com.vn/unsafe/https://cms-prod.s3-sgn09.fptcloud.com/00029236_khau_trang_y_te_may_10_pro_3_lop_50_cai_6477_6004_large_c2ef621c6e.jpg,Thành phần khác ,,May 10,Hộp 5 Gói x 10 Cái,Thiết bị y tế | Khẩu trang,trang-thiet-bi-y-te | trang-thiet-bi-y-te/khau-trang,True,True,1,1.6599941999999999,https://nhathuoclongchau.com.vn/trang-thiet-bi-y-te/khau-trang-y-te-may-10-pro-3-lop-50-cai-29502.html,trang-thiet-bi-y-te,800
832,00029582,KHẨU TRANG NIVA N90,Khẩu trang Niva N90 3 lớp phòng ngừa bệnh lây nhiễm qua đường hô hấp (10 cái),trang-thiet-bi-y-te/khau-trang-niva-n90-hop-10-cai-29846.html,,Hộp,đ,https://cdn.nhathuoclongchau.com.vn/unsafe/https://cms-prod.s3-sgn09.fptcloud.com/00029582_khau_trang_niva_n90_hop_10_cai_8112_600a_large_10e2efc2b8.JPG,,,,Hộp 10 Cái,Thiết bị y tế | Khẩu trang,trang-thiet-bi-y-te | trang-thiet-bi-y-te/khau-trang,True,True,1,0,https://nhathuoclongchau.com.vn/trang-thiet-bi-y-te/khau-trang-niva-n90-hop-10-cai-29846.html,trang-thiet-bi-y-te,800
833,00029871,SILICOLGEL 200ML ĐIỀU TRỊ RỐI LOẠN TIÊU HÓA,"Gel dùng để uống Silicolgel Colloidal Silicic Acid 200ml dùng cho các rối loạn tiêu hóa, ợ nóng, trào ngược",trang-thiet-bi-y-te/silicolgel-200-ml-dieu-tri-roi-loan-tieu-hoa.html,,Hộp,đ,https://cdn.nhathuoclongchau.com.vn/unsafe/https://cms-prod.s3-sgn09.fptcloud.com/00029871_silicolgel_silicol_gmbh_200ml_3648_6384_large_338ec5a681.jpg,Colloidal Silicic acid ,Nhũ tương (Gel),Silicol,Hộp x 200ml,Thiết bị y tế | Dụng cụ y tế,trang-thiet-bi-y-te | trang-thiet-bi-y-te/dung-cu-y-te,True,True,1,0,https://nhathuoclongchau.com.vn/trang-thiet-bi-y-te/silicolgel-200-ml-dieu-tri-roi-loan-tieu-hoa.html,trang-thiet-bi-y-te,800
834,00030069,BĂNG KEO CUỘN CO GIÃN FIX ROLL 5CMX10M,"Băng keo cuộn co giãn Fix Roll 5cm x 10m Young Chemical cố định ống truyền dẫn, dán lên gạc cố định vết thương (1 cuộn)",trang-thiet-bi-y-te/bang-keo-cuon-co-gian-fix-roll-5cmx10m-30270.html,,Hộp,đ,https://cdn.nhathuoclongchau.com.vn/unsafe/https://cms-prod.s3-sgn09.fptcloud.com/00030069_bang_keo_cuon_co_gian_fix_roll_5cmx10m_3517_6055_large_71049e331f.JPG,"Acrylic , Vải không dệt PET ",,YOUNG CHEMICAL,Hộp,Thiết bị y tế | Dụng cụ sơ cứu | Băng y tế,trang-thiet-bi-y-te | trang-thiet-bi-y-te/dung-cu-so-cuu | trang-thiet-bi-y-te/bang-y-te,True,True,1,0,https://nhathuoclongchau.com.vn/trang-thiet-bi-y-te/bang-keo-cuon-co-gian-fix-roll-5cmx10m-30270.html,trang-thiet-bi-y-te,800
835,00030702,VỚ ĐÙI Y KHOA CHỐNG GIÃN TĨNH MẠCH BIOHEALTH CLASSIS I - MÀU DA SIZE S,Vớ đùi y khoa Medical Compression Stocking Model Classis I size S Biohealth ngăn ngừa phù nề ,trang-thiet-bi-y-te/vo-dui-y-khoa-chong-gian-tinh-mach-biohealth-classis-i-mau-da-size-s-30855.html,,Hộp,đ,https://cdn.nhathuoclongchau.com.vn/unsafe/https://cms-prod.s3-sgn09.fptcloud.com/00030702_vo_dui_y_khoa_chong_gian_tinh_mach_biohealth_classis_i_mau_da_size_s_9771_6093_large_5ff3811c54.jpg,"polyamide 72%, Lycra 28%",,Biohealth,Hộp,Thiết bị y tế | Dụng cụ y tế | Vớ ngăn tĩnh mạch,trang-thiet-bi-y-te | trang-thiet-bi-y-te/dung-cu-y-te | trang-thiet-bi-y-te/vo-ngan-tinh-mach,True,True,1,0,https://nhathuoclongchau.com.vn/trang-thiet-bi-y-te/vo-dui-y-khoa-chong-gian-tinh-mach-biohealth-classis-i-mau-da-size-s-30855.html,trang-thiet-bi-y-te,800
836,00030703,VỚ ĐÙI Y KHOA CHỐNG GIÃN TĨNH MẠCH BIOHEALTH CLASSIS I - MÀU DA SIZE M,Vớ đùi y khoa Medical Compression Stocking Model Classis I size M Biohealth ngăn ngừa phù nề ,trang-thiet-bi-y-te/vo-dui-y-khoa-chong-gian-tinh-mach-biohealth-classis-i-mau-da-size-m-30856.html,,Hộp,đ,https://cdn.nhathuoclongchau.com.vn/unsafe/https://cms-prod.s3-sgn09.fptcloud.com/00030703_vo_dui_y_khoa_chong_gian_tinh_mach_biohealth_classis_i_mau_da_size_m_2683_6093_large_1fb1801ad2.jpg,"polyamide 72%, Lycra 28%",,Biohealth,Hộp,Thiết bị y tế | Dụng cụ y tế | Vớ ngăn tĩnh mạch,trang-thiet-bi-y-te | trang-thiet-bi-y-te/dung-cu-y-te | trang-thiet-bi-y-te/vo-ngan-tinh-mach,True,True,1,0,https://nhathuoclongchau.com.vn/trang-thiet-bi-y-te/vo-dui-y-khoa-chong-gian-tinh-mach-biohealth-classis-i-mau-da-size-m-30856.html,trang-thiet-bi-y-te,800
837,00030704,VỚ ĐÙI Y KHOA CHỐNG GIÃN TĨNH MẠCH BIOHEALTH CLASSIS I - MÀU DA SIZE L,Vớ đùi y khoa Medical Compression Stocking size L BioHealth chống giãn tĩnh mạch - màu da ,trang-thiet-bi-y-te/vo-dui-y-khoa-chong-gian-tinh-mach-biohealth-classis-i-mau-da-size-l-30857.html,,Hộp,đ,https://cdn.nhathuoclongchau.com.vn/unsafe/https://cms-prod.s3-sgn09.fptcloud.com/00030704_vo_dui_y_khoa_chong_gian_tinh_mach_biohealth_classis_i_mau_da_size_l_1681_6093_large_801ed156d5.jpg,"polyamide 72%, Lycra 28%",,Biohealth,Hộp,Thiết bị y tế | Dụng cụ y tế | Vớ ngăn tĩnh mạch,trang-thiet-bi-y-te | trang-thiet-bi-y-te/dung-cu-y-te | trang-thiet-bi-y-te/vo-ngan-tinh-mach,True,True,1,0,https://nhathuoclongchau.com.vn/trang-thiet-bi-y-te/vo-dui-y-khoa-chong-gian-tinh-mach-biohealth-classis-i-mau-da-size-l-30857.html,trang-thiet-bi-y-te,800
838,00030705,VỚ GỐI Y KHOA CHỐNG GIÃN TĨNH MẠCH BIOHEALTH CLASSIS I - MÀU DA SIZE S,Vớ gối y khoa Medical Compression Stocking Model Classic I Biohealth màu da size S điều trị giãn tĩnh mạch chân,trang-thiet-bi-y-te/vo-goi-y-khoa-chong-gian-tinh-mach-biohealth-classis-i-mau-da-size-s-30858.html,,Hộp,đ,https://cdn.nhathuoclongchau.com.vn/unsafe/https://cms-prod.s3-sgn09.fptcloud.com/00030705_vo_goi_y_khoa_chong_gian_tinh_mach_biohealth_classis_i_mau_da_size_s_3835_6093_large_46174e3072.jpg,"polyamide 72%, Lycra 28%",,Biohealth,Hộp,Thiết bị y tế | Dụng cụ y tế | Vớ ngăn tĩnh mạch,trang-thiet-bi-y-te | trang-thiet-bi-y-te/dung-cu-y-te | trang-thiet-bi-y-te/vo-ngan-tinh-mach,True,True,1,0,https://nhathuoclongchau.com.vn/trang-thiet-bi-y-te/vo-goi-y-khoa-chong-gian-tinh-mach-biohealth-classis-i-mau-da-size-s-30858.html,trang-thiet-bi-y-te,800
839,00030706,VỚ GỐI Y KHOA CHỐNG GIÃN TĨNH MẠCH BIOHEALTH CLASSIS I - MÀU DA SIZE M,Vớ gối y khoa Medical Compression Stocking Model Classic I Biohealth màu da size M điều trị giãn tĩnh mạch chân,trang-thiet-bi-y-te/vo-goi-y-khoa-chong-gian-tinh-mach-biohealth-classis-i-mau-da-size-m-30859.html,,Hộp,đ,https://cdn.nhathuoclongchau.com.vn/unsafe/https://cms-prod.s3-sgn09.fptcloud.com/00030706_vo_goi_y_khoa_chong_gian_tinh_mach_biohealth_classis_i_mau_da_size_m_9185_6093_large_ac1b0a0867.jpg,"polyamide 72%, Lycra 28%",,Biohealth,Hộp,Thiết bị y tế | Dụng cụ y tế | Vớ ngăn tĩnh mạch,trang-thiet-bi-y-te | trang-thiet-bi-y-te/dung-cu-y-te | trang-thiet-bi-y-te/vo-ngan-tinh-mach,True,True,1,0,https://nhathuoclongchau.com.vn/trang-thiet-bi-y-te/vo-goi-y-khoa-chong-gian-tinh-mach-biohealth-classis-i-mau-da-size-m-30859.html,trang-thiet-bi-y-te,800
840,00030707,VỚ GỐI Y KHOA CHỐNG GIÃN TĨNH MẠCH BIOHEALTH CLASSIS I - MÀU DA SIZE L,Vớ gối y khoa Medical Compression Stocking Model Classic I Biohealth size L màu da điều trị giãn tĩnh mạch chân,trang-thiet-bi-y-te/vo-goi-y-khoa-chong-gian-tinh-mach-biohealth-classis-i-mau-da-size-l-30860.html,,Hộp,đ,https://cdn.nhathuoclongchau.com.vn/unsafe/https://cms-prod.s3-sgn09.fptcloud.com/00030707_vo_goi_y_khoa_chong_gian_tinh_mach_biohealth_classis_i_mau_da_size_l_1350_6327_large_17c899267f.jpg,"polyamide 72%, Lycra 28%",,Biohealth,Hộp,Thiết bị y tế | Dụng cụ y tế | Vớ ngăn tĩnh mạch,trang-thiet-bi-y-te | trang-thiet-bi-y-te/dung-cu-y-te | trang-thiet-bi-y-te/vo-ngan-tinh-mach,True,True,1,0,https://nhathuoclongchau.com.vn/trang-thiet-bi-y-te/vo-goi-y-khoa-chong-gian-tinh-mach-biohealth-classis-i-mau-da-size-l-30860.html,trang-thiet-bi-y-te,800
841,00031577,KHẨU TRANG Y TẾ 3 LỚP TLR MÀU XANH,"Khẩu trang y tế TLR màu xanh 3 lớp hỗ trợ ngăn khói, bụi, kháng khuẩn (50 cái)",trang-thiet-bi-y-te/khau-trang-y-te-3-lop-tlr-hop-50-cai-31724.html,,Hộp,đ,https://cdn.nhathuoclongchau.com.vn/unsafe/https://cms-prod.s3-sgn09.fptcloud.com/00031577_khau_trang_y_te_3_lop_tlr_hop_50_cai_5324_60f9_large_83c703fa55.jpg,"Thun đeo cấu tạo từ Polyester và Spandex , Polypropylene ",,TLR,Hộp 50 Cái,Thiết bị y tế | Khẩu trang | Khẩu trang y tế,trang-thiet-bi-y-te | trang-thiet-bi-y-te/khau-trang | trang-thiet-bi-y-te/khau-trang-y-te,True,True,1,1.7560132,https://nhathuoclongchau.com.vn/trang-thiet-bi-y-te/khau-trang-y-te-3-lop-tlr-hop-50-cai-31724.html,trang-thiet-bi-y-te,800
842,00031638,MÁY ĐO NHỊP TIM VÀ NỒNG ĐỘ OXY TRONG MÁU (SPO2) FINGERTIP PULSE OXIMETER OROMI A3,Máy đo nồng độ oxy trong máu (SPO2) Fingertip Pulse Oximeter A3 hỗ trợ đo nhanh chóng và chính xác,trang-thiet-bi-y-te/may-do-nhip-tim-va-nong-do-oxy-trong-mau-spo2-fingertip-pulse-oximeter-a3-31780.html,,Hộp,đ,https://cdn.nhathuoclongchau.com.vn/unsafe/https://cms-prod.s3-sgn09.fptcloud.com/00031638_may_do_nhip_tim_va_nong_do_oxy_trong_mau_spo2_fingertip_pulse_oximeter_a3_5610_6103_large_d742c5c420.jpg,Nhựa ,,Pulse,Hộp,Thiết bị y tế | Dụng cụ theo dõi | Máy đo SpO2,trang-thiet-bi-y-te | trang-thiet-bi-y-te/dung-cu-theo-doi | trang-thiet-bi-y-te/may-do-sp-o2,True,True,1,0,https://nhathuoclongchau.com.vn/trang-thiet-bi-y-te/may-do-nhip-tim-va-nong-do-oxy-trong-mau-spo2-fingertip-pulse-oximeter-a3-31780.html,trang-thiet-bi-y-te,800
843,00031974,"HAMITA BỘ TRANG PHỤC PHÒNG, CHỐNG DỊCH CẤP ĐỘ 3","Bộ trang phục phòng, chống dịch cấp độ 3 Hamita bảo vệ cơ thể khỏi các chất độc hại, sự xâm nhập của virus, vi khuẩn",trang-thiet-bi-y-te/hamita-bo-trang-phuc-phong-chong-dich-cap-do-3-32102.html,,Kít,đ,https://cdn.nhathuoclongchau.com.vn/unsafe/https://cms-prod.s3-sgn09.fptcloud.com/00031974_1182377726.png,,,,Kít,Thiết bị y tế | Dụng cụ y tế | Các dụng cụ và sản phẩm khác,trang-thiet-bi-y-te | trang-thiet-bi-y-te/dung-cu-y-te | trang-thiet-bi-y-te/dung-cu-khac,True,True,1,0,https://nhathuoclongchau.com.vn/trang-thiet-bi-y-te/hamita-bo-trang-phuc-phong-chong-dich-cap-do-3-32102.html,trang-thiet-bi-y-te,800
844,00032435,NOCICEPTOL GEL ANTI-DOULEUR POLIDIS GEL BÔI GIẢM ĐAU XƯƠNG KHỚP 60ML,"Gel bôi ngoài da Nociceptol Gel giảm đau, nhức, mỏi cơ, xương, khớp, chấn thương, giảm bầm tím, sưng nề (60ml)",trang-thiet-bi-y-te/nociceptol-gel-anti-douleur-polidis-60-ml.html,,Hộp,đ,https://cdn.nhathuoclongchau.com.vn/unsafe/https://cms-prod.s3-sgn09.fptcloud.com/DSC_00659_ff8f1df6a3.jpg,"Cây vuốt quỷ , Lá húng tây ",,Laboratoire Polidis,Hộp,Thiết bị y tế | Dụng cụ y tế,trang-thiet-bi-y-te | trang-thiet-bi-y-te/dung-cu-y-te,True,True,1,0,https://nhathuoclongchau.com.vn/trang-thiet-bi-y-te/nociceptol-gel-anti-douleur-polidis-60-ml.html,trang-thiet-bi-y-te,800
